"Americas_out_Americas","Europe_out_Americas","Asia_out_Americas","Americas_out_Europe","Europe_out_Europe","Asia_out_Europe","Americas_out_Asia","Europe_out_Asia","Asia_out_Asia"
4.02599165185577,4.11270269367708,2.25369058066259,10.5337324511184,16.5798513893473,6.19627177449354,118.577334049543,161.238017883418,157.738413568382
5.04448669005316,5.23850232543997,3.05501846342449,4.66688545888871,9.5408948927807,4.79880978176754,2.53224311440685,2.80562650159563,4.77870426173865
9.85117614161036,11.0463093450346,6.50348422422084,8.03545077650486,12.443007400445,5.27405588251643,5.16934116482776,5.10995884922669,10.0251589147077
5.10841119000804,5.20910318128808,3.97179742604791,6.23887560616406,9.40810762900444,5.79952677347367,5.86522338703769,6.26903325201465,9.5022482949639
15.4547371269357,17.7323305703137,9.75033088153114,9.56317707075937,13.0523305994315,6.56358370980223,12.2602181011047,15.5041067752104,17.9868073950565
4.46952221335367,4.62605865760701,3.0198239561473,5.45411909312485,10.1673812550258,5.05516483181801,7.84087304637785,8.98937648745628,12.1482333527245
4.81138310361581,5.36597927618445,3.56532199133683,5.26946404658539,9.47503157432337,5.42836060662377,5.97175561835776,7.54570285334894,10.6451268337984
4.40051109876376,5.09448348924754,2.89330935119674,5.8442841281408,9.37617403233385,4.94689292355284,8.73449731044872,8.23015108751754,13.2985644126283
9.47523401787178,9.88987131700975,5.67227789372088,8.76946126110393,14.3888242233766,8.27188414055975,17.0299790735466,19.3457475122104,25.3554676876815
4.23565847137359,4.30929884848794,3.12231700886127,5.24107506184463,10.1749743237708,5.48639055272448,8.03365914978789,8.14151705057736,11.0664446353458
7.79043077587724,7.53815301668006,5.42271160877139,3.16086047383613,6.30030575957629,2.74680874844563,7.40755091275406,8.27905668330182,11.4674392463711
5.25362625038354,5.96778547720562,3.85943117892623,4.80668314792178,7.7189693804815,3.42278037376882,6.36769241424708,6.99872857223867,9.25712781500942
9.33325198282695,9.36675369085351,6.13362995547779,5.19825547462461,9.87647337005177,5.54912583002839,8.52767699542135,9.99143231222785,12.1509929097205
5.37728423031139,5.65015341216193,3.14265069626948,3.58377925569574,5.4097470894746,2.98619795479034,6.4348284122378,7.19785446428452,8.60494926311159
3.73316206134279,4.08963865943296,2.5902802610564,7.36975396063803,11.5165289743617,6.11334351860813,7.44195003509874,8.29020708082954,10.7442664461441
5.45904929596417,8.3288867274448,6.07907968525991,11.5841254778277,19.6746146464474,12.4681450826814,10.3653727075235,11.7623544065253,14.9981210681027
6.85731589348883,8.1994057778099,5.53039676624582,10.1911204921164,19.1705072831868,13.0412015590772,11.1992519056128,12.9335530429869,17.5383438416727
3.77450750782727,4.01672195266094,2.85429082898582,7.36255650837637,11.7744602120581,6.00236627085895,9.41569612464771,10.8400495153585,15.517196203933
5.13543456275116,5.87457487826288,3.66309954358574,5.42592462013334,8.09393327189323,4.9454788609089,6.81101872734457,7.23830574949417,10.3243765392201
4.70257381179809,5.16985035626994,3.72039418784509,7.39831467656235,12.6776108922051,7.23781095397929,9.03457760223734,9.45759054696699,13.6502320311893
5.3280672858436,5.06846396733853,3.44168735962369,3.0954060305979,5.61786826793502,3.44138220275688,7.00767455365709,6.92550790467407,10.5374953737196
3.34357270556615,3.91002137850657,2.91423353085743,5.31681869915086,8.80631214302883,4.06872493678898,7.34177404927537,7.1466850237673,10.9073515378517
7.23950855123906,7.59282625169592,6.33489975543372,5.13491705436625,8.35058358735715,4.14542684914392,6.9859292647299,6.32324252077676,9.13289170355891
5.62215119828717,6.17044579175384,4.40653053221484,7.21236022127765,11.5639054390912,5.11934348111429,7.30772725574517,6.49106843800004,9.92740437477031
4.46422544837147,5.04799833695106,3.63511629042374,3.59061735044356,5.55499614018389,2.31127792134514,11.616764203015,10.7270880960394,18.1379247363865
4.65422428163026,4.89097668689868,3.98643490462336,4.07475517568292,7.46215859133433,3.37191250159883,6.08414071160996,5.40999174861172,8.39280521596989
5.00580198918607,4.90509689801439,4.04906601443508,5.70509575548796,10.1688798918915,4.50322449147897,5.38520542586272,5.03214307638633,7.43542875477273
12.4051588857506,13.707356672609,8.20022498356172,14.9471130882326,24.7362226757043,13.1512441017218,12.8757243889213,11.8305549994781,18.0749805121695
7.84642170671666,8.52801049175851,7.77888032832165,8.32289621914107,13.0154649090774,7.00320377243956,5.90850878964248,5.9431089531478,8.3758012011679
5.1182737511404,5.29206940497275,4.58460879238058,4.19937031033825,6.81636237537515,3.68876960037354,5.21910911736555,4.52030556317504,6.75157732116361
6.44866167707121,6.33671378591894,4.16887446783428,9.35115861099387,13.7714138440884,7.6252736327367,6.97650741452845,6.85100217965673,9.06384921542767
3.53754991447323,3.48391297013329,2.17218324272059,7.12511639994469,9.64261997434119,7.54718909014075,7.3131649140623,7.56982186400464,9.67959720008233
5.77504131157213,5.58039813370657,3.9520543222867,7.46031198332254,9.96248303007438,6.63444545979008,6.79999446241297,7.94547026962724,9.1663016141495
6.71224285939978,6.55501835088181,4.52415018169295,5.21446841090649,6.98201816386664,4.58268425952272,6.20217881888954,6.7628367146937,7.93049520547864
11.2645001650248,12.7801120557245,7.55096373801825,14.5009414617049,19.8728472001323,15.4894951814542,11.9508296139853,15.2642807775978,15.5774698638043
5.07385082603424,5.33535484842697,2.92848910866148,6.85387259877728,8.73756312717016,7.45482643727419,6.02081866941588,7.16045796333044,7.96422811370104
3.89952677401284,3.60843972586507,2.70762249547857,3.41219201401502,4.86943358282465,3.50286233618354,5.86632469614498,6.99572184517997,8.31134763868375
4.49805603011997,4.56069673836933,3.60338420715317,4.10240145829478,6.73807075945157,4.0107920577354,5.56495576831495,6.9437892325031,6.26168344892272
5.23509882513461,5.59108769457383,3.90515272998084,4.3975203942597,6.64888643045956,4.78312453574177,5.84471858792115,6.72974000755617,6.83658066166069
7.55007879498951,5.86544039780715,6.10275118144495,8.34977782516893,10.6649016542991,9.29319793656316,4.74495117785388,5.72510980208112,6.0633188125537
6.11380616784254,5.08083645433602,4.31927474523633,9.13603177017804,12.4067169089043,10.4688981433623,3.61012416489784,4.42661242536587,4.83662785511431
7.91079906190248,7.20732683682904,6.40589538472143,5.01307784321572,6.59069598688072,5.42097868804449,5.19453482769563,5.91059600921259,7.66741665447801
24.5566457382644,25.9222654485622,16.3256378115618,20.5086856795705,38.1514391999151,24.6849636165686,7.84779746006837,9.2648546369023,12.7850527704864
10.0434352482828,11.7035606069042,8.14768445817912,18.7121076978203,32.882398607929,21.1490771230779,8.39929432364948,9.56738936648354,12.1175326215441
3.73006097506117,3.71219055063636,3.5155824980556,6.35672504147317,9.53550424386428,6.53414630576875,5.42721387405785,4.91590385715526,5.95495120964873
7.60383077376606,7.84172424453294,7.05051813757293,5.80276599639429,8.13473880005929,6.14577511958826,7.76273460530565,7.76139222211341,9.11382866914291
5.21617217164292,4.713468737033,5.14273999879574,5.44348523581779,7.30232712376126,4.41961726589016,7.42348165630378,6.27612540393917,8.16847765262832
5.92738155416089,5.18030893788027,4.59874882213833,6.49131485008009,8.79228119270801,6.13812241499433,6.38327042400747,6.03183474590015,8.26147387394947
6.82595805603582,7.64389263336347,6.41678068098824,7.77115955934311,10.8351066000113,6.44487109374619,7.55317824900573,6.90062006970545,8.42030997309647
6.26018221776476,6.58578692650736,5.01763654075903,6.98143737977879,9.52792124880732,6.19154028635513,5.92065042587139,5.63551133970262,8.01783175298062
6.26384406257812,6.13731763044844,4.88308450307586,8.65258191187912,11.1680663576104,7.34667203625086,7.75517702231239,7.12091848485696,8.52965830084757
6.11684774157004,5.45909911578662,5.03330447738392,6.49136387439364,8.92072132776868,5.41175343475009,8.48650474506395,8.26142823537372,10.7908518618794
7.68723175117357,6.25711753042851,6.15870539650789,6.57563145731351,8.28975702036172,5.21825702612684,5.2593543539085,4.84938038693874,7.31586964432199
8.257166987018,7.25444905350754,7.9877256429651,6.85191253162344,9.56923111836819,5.34458534995281,10.7647002559476,8.98482954100644,10.8057402772873
5.19180261329728,5.19707321832234,4.49615614235102,5.82257774761543,8.30238314911066,4.99963114742007,10.8224614182185,8.4669866303427,11.3023013946522
5.31340206727323,4.44392751522582,5.46221313520149,4.65899302839513,7.48283676229908,3.56239654879579,11.8874164131013,9.15592673718638,12.9426432924758
4.46907996815405,3.48162884215899,4.01166905691655,4.90767008827344,7.22400384175925,4.2186238044954,10.5471355093052,8.3716345183353,10.2469908075961
5.17969764664219,3.99090422941998,4.40330274460121,4.82951097137435,7.66020145273101,3.87138060689513,10.3435093860733,8.30390956439697,9.6767725134346
4.89340321668254,3.86820647613147,3.66050690533097,3.76725208490304,5.6585296554182,3.85887799067304,10.2421260819472,8.32280828303087,12.0866382717511
4.69983925227766,3.17538904230252,3.14270237563732,5.88649868195581,9.84329426437595,5.89405345940704,11.0762676196676,8.66965673265025,12.0031378851109
6.73000340448728,5.2582032281199,4.57546739812959,3.32822352350145,4.63901256399398,3.35511406276531,9.51230083380448,7.30562176447845,10.7175019412344
4.399388448315,3.41117728842857,4.61695730492393,3.71937799433646,5.81838932474353,3.48594924515012,10.5305995960284,8.34846349878978,12.6970328147948
4.08434263038929,3.15285555331093,4.68431533325529,5.0408667866594,7.52684398567686,4.52537364454889,9.20902541534906,7.93666599003797,9.76037740503944
3.81201476306091,2.95386455490788,3.51000148919857,5.68085178768235,8.3614913046241,5.11522773947141,8.69030535666397,6.91614411110046,10.4769290342658
24.9511217567268,20.2259209507286,19.3242870804141,7.76611595177453,11.2128812755587,5.69085548276777,11.52467814087,8.75530025902475,15.5213054527547
10.2861474883178,8.99366219835687,9.21168303307193,16.5246138601942,26.75119925528,17.4871556003873,7.1871530309617,6.72796624653848,11.2345347691662
410.084125729294,390.403837751597,414.786749737753,43.7763171460571,50.7137979994512,27.2821630522619,23.769666347021,21.8063278763871,39.8408999952946
10.5614806987611,9.230551468281,8.72663259217071,10.4505330903721,13.3602782728077,7.79491292208409,18.1960222433856,16.3108049290217,29.7952064750949
47.8875657845917,33.7329192865496,34.1607961190603,7.14672183584595,7.91709856778663,5.80068282224269,42.489751120107,43.8353890012127,41.6704869702611
2.44857740744609,2.42520910892011,2.54735831694816,7.55094949403384,9.89257051692115,6.62052396630009,7.15107406017945,5.85209520785873,6.73134737331628
5.52564673451546,4.77240154817007,3.85382011026229,7.71161018586137,10.314983669112,6.34186121446549,12.2804899958306,9.56803740236501,17.8430529950656
2.78390628426369,2.3514573184789,2.90253460083051,6.58457588280806,8.30345670160117,5.67444413328043,6.92785134860254,5.08724440719529,6.95176858556211
6.34644217206385,5.1714641337147,5.48422367261179,4.99225366841936,5.31047234714954,5.2921308050267,8.29173737597983,6.34796097375662,11.5106510361594
3.69649600511082,3.43801237929905,3.59283557008721,6.19262598534409,7.00591937713044,5.63803330208063,9.33616448880012,7.01439488024018,9.04474018088105
8.76546534497301,7.60241629132528,10.1458307999701,10.2542501949991,9.64926485098163,10.6591515775133,24.5647684636761,15.2407870725222,37.7383946373953
4.39843889454953,4.41630632108621,4.23115443500361,14.4116488005996,14.6009425897023,12.5318015275275,8.39295414487058,6.00985532547512,8.66965281438993
8.01261050335381,7.30593126133506,6.14113345863694,9.0345141822632,11.8867612306139,7.11908293072744,9.28628544977332,6.00156447997045,11.2067378325975
7.9011443597616,6.06898790677607,5.16477167626462,8.5705549680584,11.726518931784,7.76885494057084,18.6684922039933,12.9466284409871,26.5018346476706
6.39415771606641,6.05338405453884,5.97352362286066,7.8308284446844,7.47658477507518,7.43516570861399,10.5124056094811,7.2762624020889,13.1630136428994
3.61353915171559,3.73941859805805,4.54191233288136,7.42397050025983,9.51468713241206,6.32000281960623,7.72417139987655,5.81470653989983,8.94122974886028
7.99009253844693,6.35391299315481,5.59535979153711,14.8873117162299,15.220683883926,13.8554432838889,31.3187975705896,22.9188254634715,50.8575563495143
7.99553471120079,6.68488962153848,6.35663594230252,8.90343280978124,10.7029024732735,8.34305538499298,12.882524724463,9.53046796032962,17.270513473462
7.92315936869132,7.12032250819549,6.47939329595626,3.51551465810097,5.1512265829083,5.00769914990413,6.51807096846925,4.91604142271373,7.89106745903741
11.5196097795302,11.0696874242079,9.33878750308742,9.49691657420684,10.9582548231908,6.9412539203436,14.3635204828623,11.9294305633066,18.8454544614505
13.3971962729438,13.0507932109175,12.4020723104699,10.6046366832456,10.5739257883932,8.21797649457407,5.99388988925775,4.54747648266816,7.12123057772761
7.6749600355254,7.68149985753767,6.54782427200459,5.23337217134745,6.40946759355202,3.71883805710467,8.18403543579809,6.85087062418366,11.9895950156687
5.69632827305397,5.01934676928528,4.21777840085803,5.67504823102209,4.78514173731079,5.52268661336274,8.65396404426984,7.93874471488357,10.6729391755717
12.7545150758804,11.9579935339882,9.86653781205538,11.6803936397414,13.2706941041635,8.58656421705529,10.5126389252252,11.0554748581717,13.7689761955906
3.85723161852816,3.40294085902968,3.3252828096748,5.23997639369718,7.30256262916081,3.57591217475821,7.42917923644499,7.33276122718388,8.88852665484709
6.07213099601284,4.19669127536681,4.4804714298182,21.2145367685806,23.0987048289682,17.7578319438574,7.33294519698761,7.52514354641029,9.99271212400968
7.06222818058283,5.99251349930045,5.0742631431362,13.2266072816444,13.9818158969211,10.0067620178166,8.84023337853384,7.02604220815499,10.4284370479143
3.47686730376482,3.28923071839583,3.36713956551821,6.45938655854638,7.88141301968954,4.66090341424332,8.22715154739755,7.67499759269992,10.9247364637907
10.3145897214696,8.9894776782066,8.01484260743575,11.1357589044708,12.7539029000546,8.38730773265459,11.4855053211669,9.0329443743296,15.2496518949891
6.10083169680582,4.61453713685182,3.74330912105489,7.73825804975364,9.00781145538238,7.56685609701511,8.12949328532033,7.46609867678801,11.3451709771088
4.27995667955936,3.53355479312513,3.62585671820816,5.48999549977758,6.81183964382003,4.52210726485112,6.50588875484891,5.25445869935853,7.99805092774314
10.5349319736256,8.46613217859565,8.29509508205501,10.4685377919668,11.2360188049461,8.27387405195836,12.7228844666311,9.07199003952804,15.922347077397
6.05811634712021,4.70433976550345,4.79144309750271,6.70974778138045,7.50668616473621,6.03608802555864,6.79355942308503,5.40098068677088,8.6446414135304
6.72777890710846,5.34487445837523,4.35215820399903,8.79114374270385,10.6089248822727,6.56467910586726,10.9330247663651,10.0917857606612,15.0980164356939
6.70336748879782,5.51403578770262,5.38109909655429,5.68008265413864,7.16618008604231,4.66902251448546,6.92396544533014,5.2945212964161,8.08081176963761
7.74186123717393,5.76535341926564,5.35158552513742,5.98577938388711,8.4863633148897,3.97773375749126,10.8758235991199,9.9330781486248,14.3689488546915
12.9017292203773,10.8038277436941,8.12131090656621,9.34070428342696,10.4757881653017,5.63500841544796,11.1841055245641,6.33456398575838,10.9990317559053
6.68292286868578,5.16102412198165,4.36852521280772,7.53116207157317,9.85941551596024,7.26920305166348,7.66727517289416,5.66637929450959,7.74584154978648
107.554980393445,111.002416259873,48.006610591543,5.99467066301676,8.67800949882313,6.74019401390447,24.0900070966251,29.4483832408085,32.3874173312744
7.92042816619802,7.58941633960716,5.43442059734612,5.61837946764681,8.78349931087715,4.54491544920872,6.55385563092898,5.07470189193005,7.16680488549236
6.54274011702783,6.50286653151333,5.61168403398468,4.48553513395277,7.24654137045174,2.73613944729138,7.89356508861414,6.3549417998945,8.48106741268463
6.07788804479632,5.70101598483145,4.91422295044725,4.97424482390509,7.27200314850672,3.83978997281251,7.14247091033616,9.21558923878738,14.4813617668744
6.33067022653228,5.39594719508415,4.79789778126474,7.04489722016127,9.82808053441278,7.25913228942686,5.76703075962189,6.19675272542276,8.53331012486339
5.42036242022,5.4985181052953,4.24482396211439,6.90524622811367,10.3211825094705,6.69378734502711,6.64077362418813,7.06626989839957,10.5211098483781
6.5184610870747,6.27244951696552,5.00255597769644,4.14690757344504,5.24678619344679,3.45707704609958,7.60216208200188,7.85594558074803,12.2205519731445
11.598708452244,10.296538913742,7.71559120409015,14.0981388495465,21.1046601289487,14.997409620496,7.66054011536603,8.53465316632819,10.3387619580896
5.48024854895567,4.81183610586379,3.25399634792143,3.80372442210304,5.29642088257725,3.89741013072066,3.66120004504373,4.28718054624636,6.03104711995672
8.47696698087574,7.7883759905742,5.50745361421572,7.19777918088623,11.868011974561,7.14702333688592,5.31894892306731,6.03716523476958,8.8910496668264
5.98456333418337,5.87567002588824,4.14201248178181,6.61990345967706,8.96024047064946,8.46336302554345,5.12751754327923,6.68147087951605,7.52461272370954
6.75363553592901,6.07572193266529,4.72787452090591,6.54149696811983,10.000164038028,5.78150867782519,4.3966882839497,5.49690371040315,7.40126786314436
5.46767588974011,6.62272902118424,4.7343209650869,5.75085497373433,7.71544043196498,5.92094986052151,4.39398985061918,5.18738083210648,7.99946477040404
6.99722843573848,7.02588261464104,5.2762583682238,6.1780989306628,9.37672411512776,4.46649554003993,6.04797789498414,5.83126223531541,9.84649465156055
6.39101648363405,5.79709846197533,5.74331828380564,8.52333561064565,11.3663725952894,8.86442990691552,9.01563445525197,9.32909106541265,11.9977819526188
4.49293676722483,5.02199830979979,3.34799244033207,6.60713882878769,9.79962009453803,5.04873268782978,3.84183517181394,4.89149092742801,6.82647039230254
8.56899195744724,7.29725149310544,8.49654868293069,5.04287842357382,8.44755399940946,5.95997638529747,6.70447546790545,7.4724454663831,10.2751621101839
9.63609659316954,9.87666065769053,7.28528057851946,6.87265525729974,10.4841365804767,6.0065629621663,8.00857803502066,9.69947220474521,13.5702310032637
4.64327600074041,3.74472623031504,3.84123686958179,5.04114179963504,7.89138324192437,4.22091585633266,5.51502476824094,6.22392747396591,9.89864395555507
5.78103321650156,6.82779088744876,4.26638379924352,4.54002661448295,6.16607778475422,3.59768551746782,4.25773767384543,4.28877279366496,7.06602125210578
6.04694997775857,7.20858781237977,5.96041057937827,5.57955215467981,7.14907020176548,4.46975692305536,6.54073267960068,7.66614421990474,10.5282427089775
4.4330618132626,4.80225149141495,4.25357015182455,5.84678677522791,7.0946792375241,5.0155100454251,4.73268850359274,5.36726094172916,8.77045067332414
6.48768070677669,6.67945717285286,6.39763066097974,4.38740249908679,6.35008051627627,3.43853246821623,4.27737659875108,5.11679314346848,7.17514133206076
6.66476494386571,7.87944530593377,5.73030307407472,3.79041187661354,5.57784511150152,2.54007119713251,4.64596200280105,5.35809384946251,8.83385624473599
4.34583704114731,4.88882432144249,4.04546290497094,3.49306408471547,5.22851318919777,2.49695141921886,5.01750535165287,5.06816211325242,8.24390209395677
3.80253138359601,3.81280358638545,3.82570722046974,3.99826763802475,5.80008652087782,2.55009275836685,7.16252519058936,7.0565837027393,11.0996891117319
2.76466478323677,3.28415206567867,2.49552406244402,5.71987591542587,8.13165769147092,4.71885087636024,6.51574853660144,6.83348786752024,10.2245203369641
5.52233284138992,6.69622735576599,6.07412173215989,6.90555334102678,9.87120556429418,5.19820155369926,4.32474387633531,4.65108198391291,7.34764260969878
3.04459582621199,3.80608620780672,2.85579322429962,7.08642754429307,10.8093947262803,5.76869080734319,5.59183034163274,5.30793839385863,8.48543377450894
3.59016780660423,4.47274123630523,3.52699376508314,4.20778836947561,6.70704017949831,3.47089936281335,7.34525984629406,6.95602740752839,12.6938940732092
4.22705645180795,4.71726670163318,4.06753194204479,6.76441367762744,10.9827525960885,5.31173663324582,7.83363759064983,5.84289827779355,9.58398416978337
4.6920744197471,5.13629702653864,5.18397719718651,6.55135756940377,10.4587808759546,4.82698329719503,4.42318935413765,3.85689570494051,7.01560667988234
3.89290377977929,4.62556474702993,3.728589753704,4.35786157914336,7.85097093090915,3.72820335121657,5.69348045024615,5.57958415403018,8.80239528048253
3.6718637215477,4.46395250306544,2.4566495965015,6.86722638350229,10.6427063069986,6.81121982455436,10.0169742337765,8.92944085225125,14.257908361587
5.01104779119693,5.37653454108457,4.66435510952318,11.6479762864888,15.9434878274725,12.2041429717184,11.3985412775537,11.7890137510603,17.0327509665111
5.10427097735544,5.47928740795827,5.41784364525366,5.03985756124518,10.1287006277307,4.61240658480478,5.54811976689456,5.68992397279574,8.82883395718408
3.50226550360686,4.08688109969829,3.44537821745001,5.99262852870462,10.6121109587068,4.65832178126798,7.92321307539774,6.11533608635212,9.67662696598551
2.31175127597605,2.74268798403844,2.39587728419363,4.98788092657134,8.52628182808635,4.11244970769675,6.16371312178592,4.60898166345861,7.52214984090062
3.84269489711455,4.42298282572769,3.68902777631138,6.26142691104466,10.4525062253556,4.84001818012038,8.00739594313965,6.58152061183803,8.80402431042204
4.75652490440542,5.2716511771904,5.38329073724729,4.37030687940605,7.72860677006422,3.99964834530763,4.14073373379304,3.68344852747489,6.33484901231841
2.85837850249625,3.40749962404523,2.61282183830139,4.5401951563297,7.31120755746438,3.15964349198247,8.26867604117526,6.80968360962494,9.31780041187807
2.5035398948917,2.79135649001916,2.38099187473753,3.70013135051165,6.00545713497481,2.84383735612505,5.32380574144422,4.87064531575512,7.80698223860305
3.96049431924032,4.39361193529974,3.35492611645424,5.12697069253448,9.60940244708229,4.40531902267147,12.9014857739957,12.5827497971953,15.3378378129003
2.58327321961939,2.95199592769179,2.4008266557779,4.5086038614511,7.54757453277204,4.02866438981053,7.19385362278585,6.40671279471828,9.22105734746973
9.49689710395441,10.759589064924,7.77738084326356,10.6996150096904,15.702432008897,9.71132634594175,12.0616665358755,12.3541373438799,15.59644648176
10.5816561259885,11.3708540820877,8.77741778540361,8.43554231348619,12.9648385254883,7.71636999102509,8.82211914367599,9.92521814687071,10.5963211069117
5.96049403199094,6.31007788047579,4.78565038301437,7.02721182565585,11.0265006332652,6.97082442970719,18.3173597592218,18.415892459984,22.3097372215141
3.89972536963744,4.1552692006413,4.12630850075012,4.79833020326193,7.51055129700669,4.11726496859841,7.09354983623644,5.48447016171811,8.82485550648838
7.29875567187453,7.1280226902239,6.04091385693559,6.22445952313182,9.02004091327453,5.04182188630631,9.41497798609455,9.19512760103009,11.9207444042666
4.34520468422791,4.68345352935163,4.81861833607667,6.05346267565242,9.00006935019087,5.33236705600048,8.13312998014673,6.01439000900099,9.05381805369255
6.40397904378009,5.71676171599128,5.97489202483786,7.91775682592424,11.0521855042563,7.60720150214336,11.8182538964041,11.6356848717319,15.7600184628865
3.59160246393073,3.64762957966749,2.82224663194041,4.12516023687703,5.78132535273458,2.99256683189249,5.35337318853972,4.68151803006591,8.14708361418524
4.98075092442916,5.42160335479489,4.9640103912059,6.56860826954307,9.91864877392729,4.14001807108367,4.52538275863082,4.18106702263229,6.83963567821194
5.74875040729551,6.7404494487278,4.51630318190133,4.83885567066514,7.07320936837009,2.95339411933987,7.20881336594599,6.0680544944054,10.5465396746904
2.89540884192535,3.56340775333608,2.57573101645243,5.93605475639431,8.3515445241704,4.09061895063324,5.04816901450158,5.03104568007456,7.50647641569631
3.75313694744959,4.31313452971043,2.92187232331271,4.0161996474739,5.97368420209209,2.80540111726984,2.76269541104484,2.89491226497541,4.14260208304278
5.02824228360158,5.37423662449987,3.29966586381751,6.1569739894153,9.36345037179008,4.57790763532686,5.57503287096852,5.90704897854443,8.68552575145054
7.91156521893327,8.91049160107745,5.11286830972895,4.84516882616332,6.75330903844831,3.24876160774625,4.94727350678742,5.36910838265947,7.7490849187746
5.93956938923161,6.90727924000847,5.37430652573985,7.82821414146535,9.72976785248986,5.59318347732742,5.67631910652652,6.58522259901548,9.97164014998305
5.80220704957893,6.35952644108678,3.439523530251,7.11033040729566,9.55782400974923,5.12305791618886,6.57423099292248,6.96529498623699,10.0503379182643
9.1886272454815,10.6777702200611,6.18804368472446,9.51778330654852,14.2895573357698,7.23151318068397,17.1450858032346,20.4047248766285,21.5149520931965
5.10550364778761,5.93611294586165,4.3533794541108,4.77104043125712,6.55235987943488,3.85299431057872,9.33413268261246,11.7494168054067,12.7629159938309
3.14260845455565,3.76377302021069,2.82817083963453,4.67401493161928,5.83254197708342,3.92841047430523,3.42878550859259,3.96158921911353,5.65974707555348
4.23679783947065,5.29136495200616,3.669695076912,7.58812459680013,8.20562279525991,5.57894240393997,6.71089070165428,6.91953595497967,9.548392372576
5.18456414801246,7.93143225330264,5.2654046391788,4.3258695376283,5.7439195317257,3.37101842125577,5.27098964184085,5.06148082397439,7.54429557236683
4.06032042107878,5.51968772543548,4.24894346844911,6.09798869143547,7.71098379746261,4.38837801426443,7.95805499650679,9.00404068228088,10.0650471871332
8.74331561474879,10.3323862168922,7.3839031144212,8.60998228617255,12.620959428355,8.02898466563677,5.63481448152589,6.07712222502923,6.82858980689401
4.29796155833185,5.93624797351013,4.3454330182543,8.31776536706878,9.51418354449266,6.34677595608566,8.05376070861418,8.73635676933081,9.3176760616237
3.53349945359715,5.25659132181386,3.68323763763823,4.44716772531412,6.42155045750714,3.08367314208417,6.54974558198754,6.57883858141073,8.04535876958955
4.91389314361598,6.34103477474254,4.73164111071922,4.68930768440283,7.13481653162789,3.96181052769722,8.23761903296776,10.3776645077469,11.9932166514274
5.91441617413474,7.24538877418175,4.65557075595224,4.83993809186383,7.84574137108013,5.2224696662616,4.50813091307507,4.29292372100076,6.17039463405771
5.17753853986284,6.71792112918636,4.08261347454802,4.85652386086758,7.61519458419723,4.08436817669829,6.36582263680938,6.60801886758801,6.55397607797318
6.15445536130963,8.42634841364405,5.31087034090551,3.92933818289374,5.31472299880412,2.81826735651067,4.98176903693381,4.66274059390778,6.56591032304094
7.47180184954775,9.21031237774661,5.78480105178936,4.02154148335548,5.49212609165746,3.08970666933318,4.09551820359846,4.32258175535653,6.34256202364897
5.09101012061957,6.31500972307046,4.57562479314562,4.23237161962263,4.53665364297693,3.05602497158414,4.84062239853087,4.19362438259516,6.19012944301611
8.94299950163403,12.2649840652915,8.07879818341069,3.88126371803858,5.00478723525236,3.12897581126296,5.58736595891903,6.52892545853833,7.0942714298552
8.0078939513409,11.0242778911065,6.65812626233719,4.96504304016946,7.06897120450287,4.11193015376739,2.50886801653798,2.7559910900516,4.04735181385383
5.46675394067653,7.88730461182226,6.0569935306367,4.28674345509752,4.69081023637885,2.82227640108816,4.28205191115806,4.81918223140926,6.09074325692693
7.64512184471743,10.1168299100056,6.73337716175311,4.0716014758771,6.11094753218288,3.67677254030487,4.32430830241923,5.02796625415281,7.00731734961628
2.94481597772829,4.94071394015477,3.15650911703239,4.94570825579604,5.35204759059729,3.76498225018683,3.3623555031935,3.72625146162039,6.4441980467989
3.88441251798399,5.50955768998561,3.75020372733621,6.2079291818838,6.5664287306719,4.18045331073952,3.44341763325863,3.76779369560809,5.67070940269029
3.74360445178475,5.53546915836314,4.33164746761204,3.91563199780562,5.88785098167769,2.85999507148549,1.60269930588634,2.00869860929383,3.00650578089028
2.52108507778444,3.38680860320281,2.61926729375801,7.57612122398749,7.19524375215307,4.59033218634344,3.54582912740401,4.02291993547115,7.04233431029493
2.92235530998671,3.88575550246192,2.39674851356366,6.37560888637,6.57846177846383,4.16288008306878,5.30950983883882,4.70528419612493,7.71590956366532
4.87495376092049,6.62032483747879,4.55059248378175,4.59473804111813,5.63023311857914,4.39212464571237,4.79406500175916,5.00846095178501,8.11530427815594
4.35243376117119,5.97472900587767,3.80407527093999,6.03306927480399,6.45954702503927,4.36769550483543,3.53237276782194,3.7774196110242,5.93156961039397
3.18343050237581,4.1067716815397,2.3555492189736,7.27004877387421,6.97587499495675,4.38814394374234,3.44413260143183,3.94485429235958,6.12177213453386
3.10743471070432,4.27857887923273,2.68559031666192,7.91742779611478,8.17823075493583,5.35944162808761,4.45106065530431,4.41252845193325,6.68826196494041
4.58583774543552,6.18967447842486,4.04068835817314,8.57305782219884,7.94074347261342,6.61460142602071,5.42166952841064,5.44409687737413,7.9018972610991
4.71815805382079,6.73400203237053,4.29325781009241,8.39810089316366,8.66389191030572,7.44441951691969,2.87922511605504,3.0506187763921,6.07959258522992
3.94055109807973,6.17130017831853,3.73396438445694,8.82798981102488,9.3068724685828,8.5054035975223,4.30381526412937,4.59267992638767,6.29985297733002
4.34166842548307,5.89609860151589,4.05475754190924,9.96242226110166,11.7109729581967,9.28276028912668,4.68977320670817,4.39232739014337,7.05812224464192
4.1520323293074,5.32428446543811,3.90720215381956,5.99051636945339,7.14986571329581,6.41471809900918,2.89051330799106,3.14297676679705,5.77302675027533
9.69644482471444,13.5069660055046,9.04376203104249,17.7695547802653,21.6402791270731,13.3207786767646,18.7883296790259,22.2229529832227,15.6386722064296
4.26225258027539,6.235528208064,3.86176318845675,7.35085711699849,8.35511890499613,5.97444801779129,4.22266941352592,3.85443193064221,7.27138629529503
4.95583601564457,7.46241195652877,4.93495027166484,8.02828160402226,9.32075526760268,6.83427977418531,3.34440905005424,4.10298279118329,6.42403168449242
3.11242421275008,4.34762378920143,2.22115018273921,5.12590359634829,6.51850527992679,4.62913540596964,3.12706830204576,3.1901325546886,5.60533939601423
5.3516315119761,8.14283508925398,4.08980835741422,6.63461357429878,8.12753489622167,6.28151509501364,3.43484562126963,4.67772273699673,5.61888711953311
3.29137133562695,4.70442655419903,2.82440352738862,3.78710718448126,4.89893633695918,3.63983281779301,4.5533428140358,4.28529496690171,7.57887208646644
3.88142194615609,5.53207946726859,3.47476493061521,4.70034406953859,6.64374298655287,4.38211172880886,3.24480807585843,3.86057587777738,5.50915076715567
7.06655715268407,11.154760290753,6.28134256351115,6.37054778053176,8.53891529448552,6.10444049746839,5.23360708593365,5.83133714440335,7.35150683131788
3.04068831512164,4.34197415545922,2.55065111599531,8.28388863473164,10.5511112910257,8.27846625234957,3.81813131142906,3.56335883700065,6.44948183127613
2.65777354362077,3.86352523843262,2.23644878691116,8.96237651027587,11.843908653186,8.19144070747196,3.04042583014163,3.07713017684718,6.15935234778845
3.34203160005712,4.0343611028754,2.14584593880011,6.44086832701185,8.31007484254968,7.04981860685401,4.72366819265337,5.27336633321499,7.77062126131752
6.99606076742678,7.30103855310336,5.40155201554869,3.10778587332454,4.72980015769685,2.5502762221603,6.13984567996417,6.2234396560306,8.07090409389055
4.51193203561055,5.86034878656698,5.27081791896198,9.79817902848158,12.1242583238502,8.63697401574028,3.97136262916208,4.53901781029009,6.67844884571465
3.4528041017803,4.30439690322138,2.99792988022395,11.7112164608844,13.3405797898048,8.68016519103786,2.94384570675626,3.11338085123536,4.96407869983778
3.08764481580429,3.35918434306854,2.20994071804123,5.84203410073586,7.97179489392512,5.81503295795129,6.65124985045571,6.77987667283239,9.62409259999471
3.12763035641644,3.95707486516626,2.58131610222704,7.72954152039418,10.8001459716107,7.40609326470311,4.88448255213577,5.10154122779887,7.70893513959575
3.19305894031991,3.92283797401921,2.84860218131506,6.61452869182677,9.34631483523197,4.47879058602649,4.9112583725218,5.79755697852696,8.32246546879369
2.47533221743827,2.85804176046971,2.03025273390974,3.92340754799187,5.79154933694896,2.82058669306939,6.11140262136909,6.63177215869505,9.90568762113585
2.87490725405796,3.19017981328496,1.85010167943468,7.01950715934817,10.2844873034562,5.08368399339804,3.88257199106246,4.43660714712293,8.00324579101552
2.33689504661982,2.93714237080852,1.92057638279994,3.83055947409941,5.22469538128444,3.49324378566259,5.11286837545729,5.14441954973114,9.38539300927927
4.10487362630513,4.60535958366656,2.64957371968565,7.89896567232202,11.3944024177586,6.82091608050162,9.63932169657387,11.4172963716324,23.147669076549
2.06531585942648,2.32574057179828,1.45415164207883,4.03229864483514,6.11198648413731,3.18036437176409,4.83737455841666,6.05166132634248,10.1143766177954
5.01600599748194,6.13029317845463,6.0591651295784,4.75563042527572,6.8791345702169,3.19845057610441,5.88140510239787,5.85341124732933,10.1088837910159
3.37390593793149,4.29883729911198,2.43937085140694,3.91621015666686,5.73422318060325,2.93914200252784,4.39772409307503,5.48288499706696,8.95078204177411
3.8285731829238,5.37118733777617,3.99834185958403,2.45666317288409,3.34797111680335,1.86523245733955,4.33001466779006,5.5827581093956,11.2359771212899
3.5994917832109,4.66046250527981,4.60148564916823,3.38127574856061,4.4923660927255,2.01471837140247,5.46100696530699,5.75462775101354,9.98458798430187
2.3626861242604,2.76341148259806,1.49581435166186,4.8092329719674,6.35112806429176,3.45691118559679,3.33766887916962,4.5983531792338,7.95522497792748
2.94386812634373,3.15227988623978,2.77757768341847,4.86981230160339,7.63130193326218,4.25048951059456,4.65380230220466,6.25448707434056,10.959033391069
5.34435982677616,6.8488016221507,5.46766762832569,3.8720328338005,5.58621717554838,3.13402889887132,4.01232277827644,4.33667755160478,7.34852315711837
4.44482453231261,4.64625261695291,2.60076177035657,8.22315382772738,10.5646925247703,7.19999153812625,4.86945592816999,5.26176999253394,8.22809614805779
5.28854250213384,6.63726388790643,4.69073899613001,5.7689064224399,8.73249076258332,5.2026797812141,2.9863409661404,3.92059179826758,5.94906658228477
3.46740782641175,3.3585851730717,1.85831172517984,1.92908167729723,3.20593743474665,1.48004580895604,2.82665851383285,3.28876975863412,6.21026844737062
4.93083304857193,5.54341650327643,3.83221881569944,3.33879083191559,4.66695475010395,2.82796383052324,3.61519355185524,4.40716915562592,7.02775336640703
4.1142573737674,3.9957764710455,2.24289606123574,9.02052064197455,13.9566408005331,8.06271956860356,2.58530894182379,3.08339633182838,5.88677267000471
4.58698315059771,5.4511981644788,3.9036540198366,3.19955074433044,4.68042707281652,2.37722057243171,3.75332081903263,3.53413496980079,6.50225643708011
5.45172991555524,6.96256176929506,4.74299327413732,16.7479879882313,24.0473068602179,12.5895785529672,14.5497175141764,17.5551844573524,32.7958904489195
7.83174592664848,8.54511170809829,6.90346916476991,4.54966654469901,5.84639447261605,3.71837442773962,6.64781523013736,7.83910577803149,11.8258410687896
3.93920719472776,3.96533200216385,2.53081775050223,4.81877596980741,5.74540211488816,5.88496767283053,5.94697717458935,7.53940031525586,11.8125154439045
3.84299987434561,5.53061206216353,3.9381964946746,7.64953804465759,9.52990122324978,7.29645369057812,3.85799525499691,4.87694791816217,6.74587380237055
5.71705612526283,6.47175647882454,5.63415954913662,3.40449231466691,3.85364387951088,3.62153004051383,4.66027614011833,6.05910380606497,7.52469835698182
5.14032884910276,7.24189305847828,5.67556402118431,4.27941551014798,5.63002635056076,3.83250587602565,4.49366593759053,5.54466559349491,7.32096490129257
5.56673295961756,9.28954982518122,5.96056184361879,3.17568703808775,4.81953764865071,3.04088567511885,5.5986725519782,7.39853419581251,11.4088757394885
6.47012966860561,6.70274053290989,4.9648932348971,5.16794243746146,5.69035241259789,6.20422652605819,5.25279848606683,6.0957081332357,8.44967640693333
5.26872746757136,5.15644269868809,3.61035108766609,5.54574843051332,8.26927068151511,4.61504750530982,6.57500450231756,7.24375358818175,10.3866251164921
4.38292766186455,4.29332409890438,4.32887121827155,4.05799084542833,5.46141590327804,3.14434248009631,5.30063479321587,5.85449169002606,8.13147090759389
7.17648031439632,7.53233164113566,8.28402986350208,6.61685581756456,7.51407256897104,6.19722701194689,7.79914501875005,8.47218894389603,10.1534568196487
5.49858526581914,7.74627690289452,5.80264185336427,3.70915955473123,5.68159532852459,2.97529266184748,6.97002579858256,7.64307547858088,9.78447781171161
6.10954246127964,6.73083291222408,6.85342996829303,9.2626057244359,15.6672613625977,6.3353233826445,6.15567901865541,6.54125516329862,9.45721046019481
6.13875306861184,6.80985623565877,4.61172576042306,10.6291577519084,16.9825258183322,6.49709476638285,6.0868892292426,6.61275543370525,10.6688213502526
6.6246003902966,6.66169379005396,6.33049417767024,6.70282678280256,9.82736273010181,4.95494123630227,6.80395502114581,8.10761594141932,10.2147331503848
7.70637036010853,7.75179766786435,13.1928104412152,7.17092225983796,8.7285364740695,6.5793575472518,4.20565337362649,5.50863880097329,7.59366464403309
4.54797680222761,5.41912368574952,6.59476837752796,5.50264409773728,6.07173578018206,5.93389379663538,4.78347601810632,4.87969266375626,6.3123226588657
5.90234696148421,6.27756145952267,6.20826163447594,5.5759024395041,9.60569447406011,5.01101803732159,3.5257251908618,4.81178276340665,6.04641115500105
6.4535371070738,6.43127734233661,7.24084081271682,6.7179048699355,7.03617268940547,5.85254786221393,3.09585518517389,4.99303707228509,4.17625371706393
3.90235967426219,3.87190488440133,2.13244870484338,7.94808978299221,8.1888784117227,7.66327965588845,6.07351803927599,7.25025475735248,7.79922090405488
6.20239236337951,6.10427035400243,4.55709632231773,5.16767821955452,5.42414602978114,6.40092352695695,2.86487115604671,3.65809996298576,4.83982564488835
4.12205008405964,4.6364761130537,3.67179574032618,9.68493589691855,11.5200530762199,8.86778913500899,4.84726183223305,5.73528098361088,5.74582576481158
6.11897235799883,5.5496419682302,4.66399152703565,8.37736057420012,6.83918926956236,5.61117410148484,4.13876616727273,4.25716288476635,6.9205968425016
5.03585652019272,8.27127867500711,7.43470073556923,9.31098273595409,7.98860522201978,8.59023426747455,3.08117325625062,3.70592432138356,4.92366416392364
11.5983902917611,11.4601496462739,7.20208960263726,18.1231286281665,20.7377850064372,15.0101075566816,4.74882444797336,5.9560497825802,6.41582599003141
4.69642816365296,4.63962277092086,3.52049680767621,11.1356117781611,10.8411208548907,10.8697941078869,2.22018411235306,2.67374952612515,3.87913622159328
4.3505270526263,4.22017106880297,4.09140079350919,5.89210532001679,7.08602228110552,6.06204093326536,6.00922176688902,7.44185400623241,7.54371263782594
5.99239305163909,6.8211774488302,8.03806538324627,6.37331045001496,6.9737481571601,6.96696065226527,2.83454473595315,3.73389626236039,4.3288336262127
7.40834598944925,8.5593358040256,9.33673372078184,4.29406607572491,6.39831811818928,4.24037031894747,3.68903177248253,3.90340078749475,6.30565823104988
5.48313271502776,7.37518792255036,8.41796440248163,3.92558431376462,4.40267543539102,4.42828657957263,3.74411121036373,4.0741355454127,5.54671973614656
3.92142803205744,4.07351925871373,2.5782186483684,9.81706622589715,10.9066964175562,9.42574469180752,4.65427565177075,5.69363635946924,7.44514161267479
4.19043075828865,4.5405003466084,3.44847008305671,7.46910776441122,9.21277730073951,7.4458177870045,4.4864989747176,5.90662929184167,8.45204192514666
3.71609856109698,3.78385153871325,3.08974623087803,9.32032179125224,9.84253587684551,9.20907303549409,4.73554577302002,6.95256293132714,8.36631905505889
5.45412118907171,8.58194118168109,5.15291555055622,6.04529965763117,8.95704139409149,6.20505659021621,3.35655057875806,4.99440732328407,5.98133681670036
5.14940067572562,6.3177963209799,4.22656554239617,4.19313037610676,4.73368892746577,3.89402711452112,2.63543154875914,3.2199203579802,4.06724339272784
7.54311157752954,8.92577102593625,8.3130153616268,9.52548431867824,8.62551552292666,9.43843966910671,4.97903580233544,6.15460097606922,8.94658919321506
7.0444529241565,7.73564222958727,6.6974900190756,3.51934167268837,5.94787614503412,2.50898173207972,3.98100737412194,6.26496907931025,7.2308825850369
4.67453228923077,5.18223364387233,3.63915994616312,8.18233481021556,9.04991149425895,6.62855358637974,3.18451136790031,4.83571093248961,6.51839488681693
3.61163546020874,3.85333313444995,2.4790802441013,7.61395403347837,11.2948531957813,7.41389294285066,4.00166141809404,4.88946025249828,6.78442420228839
7.61524736939265,9.49677398709632,7.26203143182852,3.36829333740531,6.45304745731363,3.44278679188754,6.43704395605649,8.23369033229063,10.5659243168084
5.64311873288111,5.91030453228921,3.65501271831168,2.49239736902899,6.4245330947892,2.62174701278337,4.23270277428223,5.816416127984,8.37122682999428
8.26875993506543,9.29029683483066,4.57972450258967,10.9397720732147,8.73475968575464,8.29563202854695,3.96436753341292,5.68384895133375,7.48860812229128
5.68371857731809,7.02331417306166,3.29397946459042,2.47056601843433,4.63060104188991,2.17547924080782,4.94648844427142,7.04033481075668,10.8500098026692
5.63200761702644,7.52478115508017,3.26920776829501,8.65460487970966,12.887447217073,8.50677458110684,7.56817722841142,9.27468130215773,12.1131408669648
6.10932782842281,6.15705159336212,3.84010291752304,8.66116379004598,7.89171848494877,8.43111749148569,6.48054889416368,9.10201846936655,12.4996110403328
7.20521429344386,8.29642847767766,6.12018039216783,10.0429751722387,12.5529380521393,8.75612675963593,2.87904961691663,4.30471430020562,6.52116316558741
10.2275560935604,11.1182052825004,5.33795131634649,5.6734827981924,9.24161052055412,5.48500558979113,15.5325406937073,22.3669479570297,26.0438402138874
6.3124964353725,7.11887048263427,4.44731729880493,12.6825602822673,12.9600050179907,11.4805788947742,4.31534358754368,6.50105925594975,9.87456521454555
10.1078333322294,11.6024395990017,6.19669473136256,3.30152110579624,4.59592866613135,3.05255533502378,7.75400350794169,10.2261666711044,15.9847037626537
9.36660603081707,9.10513709955191,5.88074186983695,11.241095332064,12.4472901617858,9.7605417885834,4.28883363624127,5.22451472457063,9.80640538575745
11.4098306276996,10.5249712700594,6.35294791470781,9.10938432698403,11.0663360836355,7.32344287548837,10.9168257386088,13.2257284179104,16.3579437478212
6.89268079403287,7.38480219183802,3.80423766051143,4.20266260772979,4.88411710000482,3.75670333873888,5.46800483629189,6.78538846985327,12.0396095029513
5.81972110275642,6.13344884789127,3.92213051121776,11.340884166178,12.4794869794862,7.78615946570088,4.7007891337509,7.23897222918033,9.31156797090655
6.29298422101556,7.01344755783253,4.37660830289019,8.12213864379996,7.90695201120882,6.6116594879062,5.61680585621733,7.10191363625868,10.1516563511913
6.81044984699396,5.42806882756287,3.63022711795351,5.28423457653833,5.9498115979189,5.34544542266862,6.65142009016756,7.61961398479693,11.1844038730747
7.71500438401276,6.29608178448358,4.28783154428364,5.35034312403642,6.23442438835158,4.63292979189849,6.66482227110589,8.22077141052402,10.4552400698357
7.77219376456558,6.49358465440025,4.21618531276272,6.34546970035444,8.63025165852488,5.07289426916631,7.30291118562564,9.4508323269487,16.5703189508932
5.18926564177822,4.4564182852035,2.94042233969241,6.02859398688633,8.05838078411038,4.17939170797476,9.64756041705319,9.90681001611127,15.186042555883
6.56125268962034,6.06151708304548,4.03209808006377,7.06108503052813,8.91582947273396,5.10518927129015,12.5058635536957,16.1238154863869,22.4373221968629
5.00826364113728,4.53152157756906,3.20355126431403,8.71405300805192,11.8882971749983,5.68874934022227,4.31519719349213,5.32344046694455,8.12218662299554
15.9162657441848,14.526258443422,8.89593937838288,4.45750220656828,6.9966562907665,3.32425545815196,7.08729116166098,7.81872065891964,12.0680628598214
8.49935739693209,7.53722259764053,4.79977055570388,7.27453575590078,9.41171941183749,5.08810114171775,7.58082365095775,7.97807280032531,14.9508736627214
6.04121223709298,5.50246491366316,3.31019446893371,6.94592852292662,8.40283646125541,4.61917756738228,5.36716888782915,5.87546642574553,9.05928902849832
8.13104035200561,7.75847213445356,6.41286569001043,7.13713317918929,9.94002473740125,4.86319989065226,4.23967936390062,4.65722301050267,7.60517376785916
8.81946928045651,7.67288983568531,5.26724826426453,5.03691429844099,8.39329303878511,4.05976313980532,8.06438333602646,8.84365167953413,14.7375091418217
7.52940334721666,7.09973107119326,4.30890486202568,8.08785431846642,11.8373959182429,6.13154255169115,11.1801216832422,12.7364591805237,20.8550673164103
52.8462192781491,54.8801897960698,28.0057122573422,8.55856438129302,12.27882121155,6.33016285612185,223.559838739834,353.784970653737,307.831221979356
161.693210994552,138.598506093879,114.747056916686,12.7005075584675,15.7691656142227,8.64380113317941,30.1964977536668,40.4042544721603,46.1925103877214
3.56785510961756,3.56525975735626,2.15378650019558,5.66694658041595,6.72990204703807,3.56440460912745,4.80294252926036,4.92535366098333,8.65955693050469
5.79856912590551,5.32349820324585,4.85896896249391,4.58516565036224,7.5442370005912,3.15772139748883,3.34909374755288,4.03125775738189,8.90217108531537
10.2850655765164,10.6913748624338,5.96508160784101,11.0295908140416,17.7044794255786,8.44088300948028,10.6396501209491,11.0229868837323,18.8883686361629
5.11138816812554,4.24933533461156,3.4063863329633,3.52999351481056,6.03800951938118,2.57994466441503,7.14772932134008,9.16727261052179,15.3913300789531
4.17836284807725,3.68103795594627,2.47644999843873,8.67050064874372,11.4147382012667,4.9247102974965,9.21351831612133,9.0545143691814,16.9544057746223
10.8216419004192,10.2763224658464,7.63870415080812,7.03426463522178,8.06112162503969,3.84473827763752,4.58903492125462,6.03765542294461,10.4071648155012
11.3493445936075,10.5802922982603,8.27227743615784,7.27287894689596,10.6166906920786,4.35392031343175,12.9512865715025,13.1500771583556,20.6793578719629
4.70688794395784,4.24360605800588,2.87390011092597,3.80738994136468,5.99312238992211,2.31336217757253,3.84508940440558,4.02014851399031,7.61978244187267
8.64578406438318,8.54521332926694,7.16689206417086,7.35312319350163,9.58368013310878,3.92670680598195,6.92122667112965,7.36086153667481,13.517060445321
4.57313988045975,4.3512002654687,3.94884632540395,3.42126306384894,5.92572858681516,2.27428102066529,7.09962347589237,6.49489199504548,8.10278828029788
6.67698974450316,7.31109025352719,8.24089412656481,7.24346929527118,8.23541393436097,4.26576947829305,4.85167575839838,5.764948530469,9.75485628841343
7.03447810914304,5.50079113260801,5.80004123898161,5.07330940216028,6.57267772461454,3.1701174664853,7.74350604794341,8.34009161158634,13.0190573861898
4.14258172354746,4.45333343781231,3.96184866146974,6.09133270064857,10.0486848552757,4.46311605765097,4.03649542001761,5.37042251108641,8.77297758641812
4.70482848289985,4.12653474029426,3.08110937687891,6.73889100200309,7.84641904794783,4.23587623897622,7.84152691668131,10.3312354534213,14.8103154104643
7.25193103128982,6.04413164975907,4.68764304338278,4.7530786287714,7.00346972350603,3.10498702319887,8.21469484411501,8.40255971261992,12.2700585479811
6.67141639699669,6.98606093639653,6.25814266535262,9.87557284100964,9.81310432582924,4.59429133675446,8.67248830639891,9.12425253816677,15.3034399600421
6.12025501939034,6.49406275850986,8.73231516419446,5.54300357692585,7.08376032248619,2.84829185679675,5.80596306628929,6.75713875453763,9.47300047537426
8.11087120603852,7.49434775275077,5.56349907738708,6.1188157594822,8.81721965176644,3.64838597126196,4.90095160668836,5.01693842123164,7.83798876291585
5.75581403145967,4.81666666122986,3.12623997239549,2.91217824301674,4.55672362514196,2.01882072477871,9.34194804311893,9.65840246072703,14.8595678420428
8.75249431686662,8.23378718505192,7.0167682468282,7.2928878600772,8.45461358439931,4.92715099599789,9.51195755718179,10.6358532461608,15.1424429011296
4.7276991210654,4.54405823910553,2.87132660695031,5.84322985967449,7.24906577296842,4.06345391836231,5.06624804517559,6.01427172501808,8.89181453510217
6.92804506493214,6.28547147485945,5.42014643059873,8.640666231444,9.73593938819716,5.95456016168941,11.7104084484149,13.7170187311408,15.9611195679724
6.60694110046177,6.15427830381162,4.61429203426517,8.90540682666703,9.41198467549963,6.45350924048497,14.4097822900241,17.3753563508741,21.0115048993039
6.84742917500358,6.14653313477685,4.15512523664739,13.9084554899395,17.2722963674386,10.5238248536224,9.21786976619418,8.91273503488872,10.6554340306963
4.98740955889921,5.05133810870293,2.87502598323831,8.18563597256956,9.6934110765782,6.33741258862027,9.54694785102238,11.2590198659885,12.9289199013991
6.58316418637859,6.76039261808487,4.41455873382943,9.9813183262404,10.3042515370247,7.34241669374743,4.67340632136251,4.74008337781309,6.85679817347071
4.89598207700235,5.79075367665535,3.78116090534665,7.19196520543887,8.14446746626241,5.81802320877218,6.76550644127386,7.85265501903897,10.0886704063072
8.07950046696996,7.95472239722493,5.55966969438642,7.95043826042715,9.41799736533023,6.14800973359439,5.02899398992009,5.66662768047734,7.76125983765913
6.6572585066978,8.74274460707446,5.14576181833072,9.00447580902056,10.6815540894902,8.02648080188978,10.2316164864578,12.4749908152554,13.5755074377541
6.20035132311855,7.78362068111948,5.59872474001562,5.87377544028598,8.39625556172437,5.3578342538089,6.01980666737627,6.55072394638702,9.24054376272524
6.15044603856427,5.41362806772578,5.0718906684846,8.47172981280928,11.8759874300464,8.87141052766346,2.92147466486011,4.02182368662935,5.00147667107839
5.21587815351274,5.61550327834128,3.82756424024374,7.50569913281711,10.4116240437995,5.79500730526232,4.47491910831092,5.42824322120883,6.91738483113183
23.5050671420028,29.1330176728781,19.806507454372,7.40901255765269,9.43166943513799,6.06231369595034,15.6403362482867,17.1316762803601,19.4204978719196
7.12792030592945,8.78611408093943,5.60357486893795,5.60224855190749,6.99218792160369,4.61363273104215,4.87839078480399,6.57913494715007,8.96273157613499
9.06890170786227,8.33263625581012,5.20774401718117,7.44947331585304,9.27289522132598,6.32689531525155,3.85225328078016,4.52233047900907,6.12174419161092
25.4324702020789,23.2999291150523,16.8746871509098,11.8107821056163,13.4152059920027,9.50939336384579,11.596079484722,13.7001056218567,14.0372763950296
8.29194012637714,7.43288409457259,5.54841477119425,7.41736273141745,10.1182554663402,7.43377781624558,3.23086228092026,4.98687140954951,5.53830402351081
5.33353472079812,4.31292857432096,3.60043508903076,4.75390543374818,6.88321129448461,5.40297962939611,6.05352999933388,8.15503898446418,11.1483542101067
9.03287227280422,8.18100242934081,6.35978869778984,4.59853248353457,7.08760927109234,4.31630170959652,3.55031616185805,5.29656680997237,6.72475870404306
4.9519242912417,5.06968617348214,3.89509235585171,3.84798174441292,6.48177564107527,3.62019299032439,3.86859717036635,5.79591509485902,7.73415682787869
7.18587270272386,6.21352720661635,5.58023756473952,5.00251969636333,6.34078647326817,6.19210667447356,3.28264880320206,4.48510929509904,5.43889368973327
28.1061693316746,25.6845239704699,19.1708229436877,60.0068182034745,72.1262457744024,36.6074210263877,41.6743308137634,59.9575181113422,49.6552615842418
7.73749257030499,6.11146392694849,5.80041485336967,9.15426216654699,12.345256158794,9.13789209583998,8.41907674015153,10.6199230385559,13.3941713631988
4.46270221151639,3.90306555414369,3.31529005237464,4.58378750979533,7.54407805047388,5.84563618697851,3.98010827514375,5.46161990980985,7.10394080852114
4.72667747829048,4.03322387368822,3.083054415467,5.00456390659869,8.5344932973505,7.6504081817763,3.73237394084265,5.77969287416554,7.74832980146771
18.2901283607215,16.1741756471505,13.9721612436611,5.40701831454382,7.56557576347258,5.90545928044849,6.60048452058472,9.5874466755041,11.0387127887932
4.68865630932971,3.91141621172427,2.20872422475623,5.11840484499167,6.94880054460342,4.95945553037062,3.51011719075933,5.60297862661309,5.91002609297002
3.71815717932867,2.79149509877344,2.15376304683596,4.95144044587522,8.37612269761539,5.78849700148802,2.61055209228551,3.21160080270412,4.19468592499032
6.28319339973899,4.66211847534489,3.58335492577921,4.82030298604804,8.89212210824401,6.11825788705432,3.37236285601162,5.48464385038267,5.39468828675986
3.91932461116879,3.24968365403022,2.80369529892386,5.00824986984479,9.66892467883777,7.86507904278941,4.07590174515699,5.78672136327181,7.38683767909572
3.3235878095994,2.64402032798523,2.40545054368869,3.45451782193376,5.784078618165,3.84473140700877,6.44466080540392,9.05852181533411,9.45229643440265
6.37774585026787,4.64930742388922,4.2555949979517,6.17703074444553,9.80554338948688,6.92807564503039,2.88088356155103,3.88352792925244,6.09830043823562
5.29553036463956,4.39024088817129,4.31830602719666,3.61698871812139,5.35248818558149,3.8164476950067,3.13413442723683,5.09096715877994,5.90286849275968
5.13616371926982,3.82899043386715,3.55433968864886,6.1329567809047,10.6494908878937,8.30432078977467,3.94791120591696,6.50261833451968,5.96703896581832
4.66984395641456,2.69405667132856,2.87514938472333,2.70168996307669,4.66032552754321,3.15982711739784,2.35350701289301,3.76490884062939,4.14594642797155
7.32776706669824,4.17356181518925,4.51998418356242,3.50200351265748,6.89253043860627,4.37743806616194,3.71632570845661,4.79564948445733,6.47762365506907
5.32707085699916,3.38925511982919,3.56008438405245,3.45579446573236,6.11265522883791,4.22648834778682,3.20871518909716,4.60532541336726,5.82512567056178
8.4562020448145,5.04618581623143,5.24744419791058,5.44444416664339,8.97162707649206,7.03088937070023,3.784474795014,6.24171080230738,5.9751588644624
8.88665403759786,5.88855261726908,6.09802226688019,5.08556005496272,8.91376651400483,6.59945636852785,3.21947826700323,4.95139394837288,4.64821389965571
3.26092173713509,2.55038390689524,2.10061996113353,4.20590408482379,6.42129693224279,4.81718490499226,4.82235293071989,7.14405734238917,7.68239578118435
4.28961616124331,3.13079486432272,3.04111342525091,7.33120762938193,10.6753049821796,8.17347828145076,4.19295498606584,5.4651146338457,7.85588651160044
3.83844379634032,2.73829730374884,2.10260720220373,3.7610948579788,5.42676670937652,4.33768480450272,3.02512918907195,5.35417891507335,5.45574359326125
3.5290230417974,2.39862301395277,2.13265531253125,3.34731978009674,5.02452356990907,4.04516806459309,3.39690460043153,5.3865761323976,6.71032437457495
8.23991302667695,5.56861617275894,5.33346416441825,5.86441407500251,9.20939037957864,7.34287060388609,3.08594200390469,4.44848672218303,5.68921571845467
6.52312650328089,4.30766789887946,4.33736702235881,4.79536734838612,7.66411645525262,4.84788448203171,2.51524658370259,3.9718799438608,4.90046993108861
6.20507459954463,4.11820257386272,3.84059163090118,3.90790480993658,5.44620643586627,4.43801295384962,2.79100926773894,4.16534031760189,5.77083103367149
8.25550172079495,5.72609298188735,5.28527023500034,4.74940182185972,7.57949401749484,4.83898198404097,3.31737755061376,3.98188923219429,6.58658423988457
7.21078913242285,4.77655604370284,4.59487336100346,5.88197870036305,9.09064681097804,7.84871779902902,3.9458108283294,5.79234690010517,7.06162810345991
8.25713699820119,5.34808188800723,5.14716943881813,5.90781926148442,8.53204919781061,8.55989484229591,4.78056355010457,6.35048499710063,7.48297370382793
8.89678094281793,5.49970780334659,5.8320889408624,5.2513252797014,6.672533440049,7.13052309198965,3.14225164773887,4.52430870489752,5.29860437329473
11.1397396161822,7.62594286899918,7.17740631957173,3.09525813796698,4.67242027998433,3.39111907074921,2.24014094237057,2.7617911328963,3.70278144749704
10.9145679867457,7.7030478918945,6.67967255984729,3.25037200107868,4.90011212995831,2.62893553523671,4.20937972799875,6.17807557412868,7.15637172353323
11.0804594770681,7.00395504545946,6.0696288406259,3.61710030513849,5.78567638055148,2.67673066051387,3.30518563083158,4.63592895664932,6.28706170690803
8.18807866167235,5.75779045141651,3.92991008117862,4.61149279377252,7.06366523967582,4.34933518206695,2.92706434638955,4.41411993145824,5.67433296828577
7.91560083990693,5.12725553646573,4.4140798911792,4.99850669921902,6.27416045560741,4.36316361190056,4.2971960114658,6.10065628069739,7.40628908767008
13.4465770046613,10.4638381709505,7.17678519032759,4.57715339555314,7.19211416423427,4.48445718146603,1.86171988537814,2.69725575549542,3.57846696170568
11.6039570667406,7.92547403056656,6.64139579060214,4.72574173383199,7.62232965129484,3.66062107343646,3.56045142196897,4.40702869060721,6.69471524978182
9.49243299155043,7.44965739142544,5.57505845652555,5.03346336535043,7.47757104551014,3.51263724368344,3.61747666303855,4.30147122678153,6.37011979847146
7.48758992079559,6.09712866904483,4.48774391023783,4.84452122821405,7.68357400967377,3.51727854925667,4.35933384823311,5.34858338953511,7.17506384378621
13.0903138450146,11.7525631163171,7.49229448034273,3.62461975672134,4.91491849377082,2.30403880955275,2.47713123010216,3.50253599707628,4.05057397723596
10.9434467153337,8.55331970916217,6.22117254230798,3.50621791604752,4.82176293260558,2.27135482378367,2.57534090081459,3.50608427649844,4.08698417007964
6.93665462796113,5.34668891477551,4.82613642348537,3.65194371091224,5.15916706513604,2.75371224955753,3.53032738650701,4.35820563936597,5.28817902834895
7.2093651967529,5.77183262023725,5.41075361938197,3.99657578649002,6.09706466733248,3.99521246184602,2.81292025502767,3.46133972481245,4.14271150406747
8.06298346824087,6.86516824029561,6.0156170522686,5.27448630394028,7.24573460552867,4.86232688437909,3.71445495854602,4.42412061112803,5.39133130363883
4.99707650669433,4.77978604635862,4.5087054933878,4.21252228622295,5.08693065947788,3.16071946227842,2.99170656716839,4.03358125812659,4.58422132429264
7.36166809904006,5.99836882136895,4.29736227418024,3.86741105152546,4.76266829277077,2.41214673989672,3.55053714789285,4.25277623819691,5.23253893623606
5.8231179894903,4.30138765513594,4.17746107038759,4.62902687463405,5.50960726799061,3.43732059117752,4.21354844091688,4.89929525498961,5.75457322358248
4.75799278576115,3.83606288947311,3.79188575729991,4.35522694411416,4.93361103171616,3.04136920127196,3.70453878747217,4.32291574734683,5.11074055315557
6.5974686673517,5.29396738875564,4.92872944963013,6.45282640600279,8.36951450869096,4.45142693828014,4.65744474532977,5.05660567296648,6.21157494563625
5.0548019130088,3.63306390650311,3.48055899262843,5.77211935935282,8.09749424486311,3.83511766781524,3.77688906117208,4.15083607538427,5.77842167202726
10.2106331550311,8.76577944404335,8.22671006615043,3.71017104681792,4.78101784905517,3.72522102361608,3.7262312435623,4.2651102696635,5.85238249762076
6.27181050393068,5.44823831605573,5.12362582761812,6.15621888124495,9.04503491309229,4.77843796523434,3.82128015396196,4.00381148378449,5.80495974378663
1.15008539632213,0.850102254964882,0.973948370323343,5.89014835374191,8.62336019311781,4.17051333208005,4.34740960280962,4.74933912032393,6.78317710973884
5.10764295989389,4.72330974599798,3.83207225441313,4.60171363992233,8.4263900379166,4.67169340106058,4.85060234626019,6.70092220615185,7.23228769519566
5.840162955258,4.85387675403259,4.85978590671013,7.39202891582237,7.79739972402681,6.85031028070316,4.27604903549557,5.55071515751577,6.82418165181166
6.19941973171682,7.3351289240474,5.53140745109064,5.928887005401,7.98211082865324,4.70066129900354,4.57473964674168,5.8747598224652,6.58193161012842
6.03536948499768,7.98574452073184,6.0186415389069,6.04092672050549,7.60496141136073,5.49957430373581,3.55084896691235,4.80307528916086,4.48270895292401
7.27865976902293,9.98012909022669,5.17548449326423,4.11252359397706,5.08539372082572,4.54015566959446,4.8081391614523,6.14745659237585,6.64457181990118
4.56117062695828,6.13389385161628,4.23056971994708,5.44658478067103,7.48816009064612,4.9817112507653,4.376313281009,5.2240408455305,5.78816872412621
5.61836267818438,7.82279942872793,4.80267973522051,2.47370474509484,3.29263701564946,2.26354531898916,4.38925254091624,5.3491532994164,6.33425604958958
5.08713604498857,7.29375991319881,3.65234784417005,3.77714809729181,4.50337133136485,3.19058481825866,3.76300042732636,5.07121720988124,5.7550741252903
4.77445692936086,6.68631408135112,3.35070987238814,4.4153551356457,5.12265028874581,4.08760432047977,4.53648695892545,6.54238410488618,6.660979787605
3.39529436239263,4.04114676097745,2.48209048462043,4.61092985237843,6.80416231026656,3.55436887500917,4.35308748962711,5.78549616373035,5.87559427639857
4.21362257086235,5.0586244487434,3.00965263993849,3.6474914970836,5.92741282839459,3.1484722936647,4.92555983081775,6.18027784049737,6.68928716269547
4.68737297247121,5.85687414664947,3.60496028054696,5.36950412073085,7.90401171960332,4.86880889926397,3.82062983925446,5.51504054907829,5.58039068634588
4.51799152887211,5.38943610914129,3.37558732167754,4.46237560396395,7.05338774004149,4.54186548943427,2.38908095236012,3.37344310226282,3.57772281170556
6.2493126971096,8.15488058777903,5.07883615731659,2.03767343890713,2.85954643240559,1.93526825404273,2.02131511586129,2.87219446439029,3.1412846642677
11.860332366196,16.6353516886407,12.351170520129,5.37315697210669,6.9785103175727,6.19098566170559,68.2993902194072,76.1370587975727,61.0309039214336
4.90280149011092,6.3103875324503,4.04225585312979,3.23053085272997,4.03347710824319,2.96134306109836,4.32145662261492,5.28851860459901,6.18247790620653
4.41709351685951,5.41019613684152,3.97960575859015,4.13059305360959,5.36825263314591,3.4923951277456,3.07325168449284,4.02023101641279,4.29295199143219
9.36861341274312,10.5069265127929,7.69418366728659,2.3176231168234,3.19743897548372,2.15867026415359,5.34594274100631,5.85044833136293,6.32211462066241
7.01171786987174,7.88840439968753,7.51067567780829,4.28952680164799,5.88341097313245,3.2934519095233,4.53625654379846,5.29790081062892,5.98577219305103
3.62197186374482,4.87205229191816,3.19782821519461,3.36810483707237,4.84589015957743,2.66396656230103,4.95638528286591,5.8715045345876,7.02202535024356
6.39597858296189,6.95413886152234,4.94002137481201,2.31293664494186,3.23993976729104,1.9881361311152,5.67116631338224,5.81947466187338,6.73651158665634
5.04918133286717,5.7227040737844,5.76580151534989,4.58376476243934,6.0225612157141,3.91104629605831,6.26185766157296,7.14478233366753,7.69348768778194
9.77279680656611,10.2622630814308,7.08660762192327,2.05304294881736,2.10023037326176,2.16352178193425,8.68049162434917,8.27645575008903,9.65236916357067
4.32165421452803,4.68293457716018,3.96157874816692,5.69982485548145,6.95355725825804,5.29302989849073,3.20703578530905,2.89501629966966,3.65210123101325
6.74632685644201,6.76761127786652,4.88998039486073,3.96893977516922,3.81118985878582,3.19512184845045,3.41138875985051,2.77539854849298,3.97877340500012
4.05472884885961,4.35039696206629,3.55630093772045,4.38515605505906,5.98061500613678,3.55322307152597,4.51560288297953,4.35217370717496,4.93841519578685
5.1155541271019,5.18836921672446,4.35157134387223,5.32768124615927,7.03308599339714,4.48095119041061,4.74829900716242,4.4565828257701,5.05903514850855
3.43293569491814,3.37401278838496,3.60095030852979,4.98494119359779,6.68459609131773,3.78225315076124,5.25217471185762,4.02234577784011,5.42699155803533
3.83381084579743,3.26077077893268,3.54066543110072,3.30740259363595,5.20420226769103,2.26448557313008,5.69343368294091,4.95502029491813,6.28648562266191
5.97065295090816,6.07092052464473,5.85077824248262,4.0888113895798,4.68530254431134,4.3194003501818,5.1192392961172,3.9745846952971,4.89513329426969
3.64924034084243,4.05112170562169,3.6915848111904,6.34019592947074,8.31018075911749,6.27639361903608,3.7353300750723,4.1722503667307,4.15112128323114
7.18852766498552,6.20262465078647,6.81174682061251,5.56566381940213,7.14617851047747,6.2299567114407,5.25857422601745,4.6329334486503,5.30964681215859
7.01036499207629,8.46636655291767,7.83916282445954,4.24970538698826,4.71411995465262,5.46421981972283,6.57562654192207,5.36478404463649,6.77610662076648
4.71979072639903,4.22977823790552,5.11389401034336,8.04496189388545,9.49078362046745,8.33766948335381,5.52770406590437,6.22750880630654,7.03561777099452
5.52753843423865,6.78955978980037,6.06131492825203,6.2367371699368,7.35883417366641,5.79370501260293,4.43739934594669,4.80512398402702,5.64766266090083
3.93715006668776,3.87171759538794,3.23794752866655,3.80969988079784,5.28329250779332,2.89214475827304,4.30577086240161,5.14641470641349,7.7273126695895
3.92853286621293,3.64908157370076,3.52242125349673,4.13586345143279,5.4938299017627,4.15221687770175,4.06567710848855,4.1351949480886,7.18267389252991
7.86178327367709,10.9951392552482,9.37045351689612,3.29186049395563,4.68503719271322,2.56171840627933,2.57312600146813,3.05532717657723,4.22892989447979
2.66553481204776,3.21471683964531,2.74491307664699,2.87080324463709,4.55519779741074,2.39293374995999,5.30631221386647,5.89448736285109,8.69345926349175
5.25747517173809,6.17447956851599,5.45620409753415,2.16278339151,2.83863412102691,1.95741005439022,2.0405957976298,2.20099504855076,2.89248439187459
4.5792156025212,4.75831598526518,4.63932534027244,6.11906461686133,4.67233956265069,3.50587539637517,2.91559211769333,3.10913612390742,5.15218153885231
5.55594985162954,5.26285845149207,5.77830872754119,5.06187957400439,5.31330408949337,3.33262364244369,2.26263677383669,2.76365953462868,3.96067741063974
5.67010864353059,4.69210726322259,4.8853701338855,3.83161122250889,4.39228864632856,2.63087886906703,5.07228456400722,5.44659101573141,9.2893793137086
2.36304630968298,2.00990668200556,2.33587323142932,4.87589204692766,6.29785186186851,3.32255659952987,4.89983996214937,5.09766757125166,8.17600670108385
9.19538645670503,9.22745355380701,7.29308157490478,2.06802994355149,2.68222437298327,1.71627054676803,4.76459466854027,6.21508328222545,10.4785939536942
6.69312995486751,6.57521465607805,6.41138095756388,6.37766370527642,6.6668512912361,4.2085028987213,2.9718208034567,4.08035767775601,5.45193990681548
8.13744770651556,6.21747662364581,7.65279652533989,5.51569334904086,5.66663040128631,3.28133008330746,3.4525421040743,3.60252358286019,5.01677707955236
10.7136935284188,8.05213048234996,8.57981929185889,5.51189591852767,5.60104726988369,4.67633241528896,3.70992138380237,3.27723544805694,5.99384227006274
6.18085242772578,5.87668951538612,4.98366796669694,7.16497533166534,5.26795819522055,4.83177523130022,10.6265802733923,9.92502942186031,19.072931478293
13.8437928171821,13.845656302334,11.2670219149761,9.06757218454914,8.85513271365618,7.13688811654446,4.41120324688099,3.684418650598,7.49219542610617
8.4325291964741,6.22625012505119,5.84575826345855,6.94164752861028,7.24744966294547,5.47781513717143,4.28576091977745,3.85516234804784,5.87845248334085
8.80398274697385,6.53104384412767,6.81761096365073,5.86730287345589,5.35926551674413,4.82136394408374,4.89353033270849,5.56215065247327,8.36249689735114
5.57816685675432,4.32757209923356,4.36539460502457,4.79082429017832,5.18633500280504,4.38926102067148,3.38460211485614,3.11605010699005,4.95560525819333
10.4775843005593,9.30481081183443,9.86737140895941,10.3559983807556,7.03299229276644,9.28553079610537,3.40494803524739,3.01018099103072,4.89291204044046
10.5878924546123,8.363919696226,7.86332362195172,6.0677765381004,5.29082642305471,5.54664608658196,5.58240500874794,4.36463159248764,8.11816443203898
9.07300857904755,8.55415564153388,8.10029018747539,5.42629873542691,4.41703134117274,4.71989353418372,6.16595589423756,4.69787011061052,8.8148566086194
9.47072115194863,7.82475698224123,7.66407074013381,3.85207952084764,3.56644524268717,3.63097702654336,8.26900666693347,7.20781918093616,11.1305956154421
5.36907059953429,5.53894607304376,4.20982695206552,3.7626851987608,4.12863059041399,3.45446271428138,7.70534777197586,6.51791164798873,10.4797774874612
9.06894039099754,6.76456604499965,6.72061036308881,6.59172053858977,5.95328930540636,6.17772755500689,5.44812934935192,4.81701798894181,8.58260027685911
16.8201060286475,16.6671521707048,15.1373037587447,9.13273759476897,8.93816230741553,8.08452259991678,10.2168030397537,8.784760162744,16.3596370622848
8.91060304396838,7.25118739087336,6.31745696565433,7.91634844672937,6.69108088988862,8.00835546874796,4.35179886677075,4.50895906131192,8.56616135172643
7.45930109725267,5.67659098073821,4.87231496811211,8.510513436203,7.29232088169387,7.57157176857372,5.5945612531093,5.57568919215176,9.42310398582556
10.4482247752105,7.73706715991272,7.827875884462,7.48836735601999,5.19659055270468,7.13464139002712,4.38338129704453,4.28915322992847,8.06261033270608
10.1527300976166,6.89165930158057,7.50588432989194,6.1326085028273,5.13784845211717,5.85628395809915,4.30966206283482,4.36558244616325,8.1027485012745
7.16627149406852,6.64085006937807,5.26299187684832,10.9991941912338,10.5289051219041,10.2149309525518,6.46634158166979,6.77526532439233,11.6990514149036
7.10335219421864,6.35662348824913,4.77759172883169,4.42458446472755,5.28752541691496,4.62069488534674,5.48410554189822,4.90371527123169,8.78245563582228
11.3550064204265,9.44148476919079,8.14074276532887,3.37329353335788,3.5521080125527,3.19973521031372,5.12087122465963,4.16583553894001,7.59962790466807
3.63205845880639,2.3924771880505,2.10731385126761,2.90037422659014,2.76881579999027,2.50512432178161,5.50906520780787,4.26520355215413,7.15397975959084
7.61245950039317,6.56473100475352,6.17590373242543,3.74662172880899,4.08177052406334,3.12327243507538,7.0454858365724,5.71453981349538,11.0955905048892
11.4729176370552,8.47433037494667,8.99920359658572,2.43581731723778,3.23785375639864,2.36059589952816,5.37396586627424,4.77986661825085,9.65144656751706
9.02740383595502,8.03283959095518,7.45903181098162,3.53605102779447,3.86971884078139,3.53305169176727,5.49527374536311,5.03749718453222,10.4934597745281
6.10610588080514,5.13487347887058,4.09859575732227,8.11808055139527,6.30069565943106,7.96228445793684,6.02968791509478,6.40794195739128,11.572464894828
8.91519614584262,6.7238922278229,6.9099220724904,7.49014624486392,6.33807807814556,7.39790926213472,3.72326073504172,4.16987956330582,6.82374921586272
7.18732900351824,5.59549088704207,5.55169013622121,4.94819212171402,5.68994994451746,4.33070014302598,3.79717690674336,3.98475255648862,7.65303061182009
9.96538358378166,7.03718135058717,7.34460304046833,5.79665929579833,6.41279122986316,5.50238483110147,3.99151984773082,4.70378386090811,8.67735962150654
5.87779213215242,4.8643867827725,4.20399574745552,3.935412982242,4.87529237544096,2.53884808381459,6.17330363523049,5.56019226378722,11.5261950158708
7.78274270192498,7.2818551881952,7.06063318269436,4.70074658091609,5.43574057859079,3.98313269095012,4.31617070205514,4.28368847352412,9.52817678672528
4.11376479630526,3.39871398140899,2.95486279409089,7.62790716554758,5.9042667528322,6.20540335269732,4.8720250410929,5.11787037285098,9.18919426620309
10.6914360294792,7.42656698493224,10.1448089657352,7.16086941697064,4.65103263156395,5.2683151876699,4.52469249477494,4.11850084355231,8.89548449664083
6.56695356807244,4.38630157865267,5.51168355673436,3.36022838519454,4.01965020668222,2.57025336044068,4.83882146939821,4.46005252110215,9.80982354022185
5.90884200164072,4.00503942155193,4.59785633242269,2.94266989196866,4.14316660798332,2.6157238883819,4.47591888755635,3.78450749053826,9.17578810601569
6.803714316334,5.4866957832934,4.86802852594889,3.88619527186541,5.48127152337347,2.98666155840995,3.64059899190932,3.10784415805509,8.44107468291221
11.9996646576524,10.3456668767754,9.03236266422006,4.10653058999194,5.67542819537943,3.25377833426778,3.4998820057951,3.56518157741826,8.13872577029289
10.1055967542559,8.33866955945739,6.42669473768815,4.12210467327643,6.22926142391426,3.19543003440171,5.07229163969057,4.71779112012342,9.22153103778812
9.77558330580421,7.66157092848146,5.93893095311134,4.19040589588097,5.12981441800381,3.94939016539338,3.67238277942809,3.3888287188008,6.48324440158704
11.1504169802351,8.4672798889901,6.99559497074177,3.40377857043219,4.46211617324594,2.92339382925786,4.61124100837473,4.72221522761715,8.38015346549069
9.41022322785162,8.33019945381785,5.87434485684779,4.71217133898396,5.44133258079737,4.3986268562632,3.90977964164985,4.0614225703973,7.46647162717009
8.07405800110411,7.15415329563288,5.93593110513375,5.90207035646778,6.90731491387122,4.87407065009667,4.92381406491179,5.38224793669002,9.95965523579658
8.80556998782754,7.86118861692478,7.69860912899625,5.22317380629588,6.6662425025985,5.1321717810715,5.84130028071631,5.30112872838064,9.72061354586703
9.09301084731088,7.53531377767006,5.36116160348008,3.36283083335737,4.15692851989242,3.01576398862006,5.55287994362507,4.90056944344443,9.13173706076793
8.06046859459988,6.68685975908783,5.9117435039799,3.76290579982979,5.07803867284304,2.99395936125948,5.00958968613502,4.53812122595255,9.22450652319877
10.1212455806481,8.63451621416174,6.54866919772507,5.33999685613898,5.86413027486772,6.28772910281821,5.92630825261765,5.86475896039993,10.0630957050831
6.20813665781762,4.78577721617013,4.07919709055774,5.63447639437938,5.31904003347908,5.8849221840656,5.56597153993712,5.19077561824111,8.88412376422555
14.744090072254,12.8329044311254,12.2224445634026,10.371636662523,10.8524571316358,8.96019849847409,4.45321004365857,4.16404344890022,7.68623758527037
5.62587064178659,3.88463418871473,3.08127879320282,6.40197672034426,7.67410221324617,5.53112891279837,4.481660570461,3.86311530997478,7.23820036915434
9.71836950435644,5.75332100018881,5.18092062286471,6.61383582376407,6.82342021674058,6.28961916432687,7.74738630017974,6.58487340780176,11.8227320943752
7.45428297196167,4.7651191179897,3.9504041416248,5.64791446974114,6.08287454105445,4.5894507610418,3.5043567950577,2.98598673936789,6.49264107265975
8.46273564441354,5.69256627101046,5.73536931497134,6.10495970900835,6.76628906749548,5.45358309784299,3.0447957085034,2.99759340684882,6.37676840090641
7.02771796259091,4.12405678392089,3.50863105825774,4.85681438272718,5.66040402468734,4.39901802363888,3.37200787085734,3.33447032691423,5.46750453578859
16.1099464282464,15.3876505933209,19.9357811885794,6.75397795608975,7.61586484983333,6.048682167985,3.85217225435188,4.34299209756536,9.36176245332197
4.91764656762927,3.57938280242813,2.69414112466662,4.43621040814079,5.02257415764143,3.8260953817448,3.27804351963649,3.99295811541423,6.65898365518185
2.62751700942995,1.84992993924913,1.26121940497421,5.32683375512225,6.52192156195071,4.39377223669754,2.76815547269273,2.79901674383352,5.84545885714294
5.19744369505236,4.09601809887239,2.61037734778804,3.62806552105123,4.79503935429287,3.07744034216371,3.27736859113035,3.95409761982605,5.86670775192037
1.96453979074058,1.36668091322344,0.935288231759687,4.14613298706845,4.94409599860477,3.77396720180958,5.1388361313609,5.15562176055095,10.0457892125311
6.17811193891863,6.13802000868095,3.52456924755736,4.6033208202254,6.03897101896979,4.63833102645388,3.05670710981386,3.57409145473826,5.94344354648227
5.7268756386849,4.90094438737009,3.04655742296911,3.48661762400875,5.19457413102142,3.91477062786602,2.67164089839589,2.97179263060529,6.09852298242642
6.03499065013118,5.6520582580757,3.04210614744786,3.8396481903668,5.37706350469759,4.57307369547518,2.47064980357434,3.29126683496556,4.91149404335028
3.80385494021517,5.33747208536169,3.28111762981324,3.81386655861741,5.61630919295702,3.70576984950427,3.10216628929426,3.10948673745508,4.43005257912172
2.42356336317302,2.18167338159094,2.06731557746143,3.4336001640522,4.55304228909736,3.53689442959262,3.99736636570972,4.29292070428083,7.7463370788812
2.51404300466726,4.00094800501183,2.72834109487837,3.24421561561854,4.71181042224989,2.8525838570468,2.8284097025703,3.01640430819574,4.72805028443447
7.04377129334247,8.3840442536548,5.16886721445391,4.53545319165617,6.08583660500003,4.52980439037017,4.23195765961038,4.22599691950084,7.6746519118582
5.17826621228716,5.56334686609315,3.77202406549066,4.89596866489419,6.30753682591801,4.2398318426519,4.40531292344075,4.34719271666148,7.62032795000527
5.33999552018338,6.80312102634589,4.2605809260986,4.73466083709096,6.51674018899778,4.36814190422774,4.03629883993328,3.8198505341181,7.51198820177263
4.00970333047067,5.21720906731534,3.3551376941194,4.26065345758962,6.15092816964827,4.7805032677616,5.12246164814867,4.85035042666551,9.0532537559707
6.14053970262874,7.30942981878618,4.6043559437124,4.28746298105023,5.60116463594207,4.92318529220119,5.05601482656089,4.96156448861348,8.86422113511645
4.2223526231647,5.50666354378289,3.19327555143849,5.46066663078863,7.51813425389954,4.4089701992957,3.61285904848392,3.35319345429247,6.38132792111753
6.63411934306768,7.26237462085131,5.3757868097033,4.40149702623689,6.12054648916064,4.18162209314121,4.77151955212963,5.2469385334708,7.50027160998491
13.2236218580963,13.2693594518083,9.71181545819131,10.3482972701761,14.5853559354435,8.70789812305192,13.1239224055675,13.9466199288692,20.9500514080894
3.74007395944662,4.43971378807501,2.92957485416075,7.10048410200526,10.0958328682979,6.34568592484668,8.69801873260404,9.36013181790599,14.7471658834734
2.37609830453356,3.562516789175,2.34825492700489,2.8270641202886,4.15610613589757,2.90201310025157,3.6403028626307,3.67628660251066,5.49130280012027
6.43376859186083,8.7961242322344,6.53728645205316,5.41564422437363,8.08942808744008,5.35392251486017,3.25625952332696,2.99977968205578,5.2033401280932
43.0844424167741,38.0124107255284,33.7179827523597,32.4339197767123,32.3973545390229,31.1127053593017,44.9597783151447,53.9307197905753,70.2106222942512
6.03979041273865,7.00034959097235,6.18239683489247,3.02908427649292,4.65375180880087,2.73629026551868,7.20900566825569,7.50753888352878,10.5090255500177
19.5678057455191,18.2753682009679,17.5867481782766,18.289202306601,26.6811999916953,16.5094816926223,12.0314662022079,13.1741505543081,14.895542801109
95.3644285598175,111.480360622618,90.8836986721944,13.0122458280317,18.1935358815146,12.2645628387672,22.4250799629045,22.248913163933,24.5320000437883
104.335008281182,82.0810227837748,75.0856635411633,49.4864444286938,28.1977635535744,38.9569301246066,30.7244181485983,29.020570217676,30.9422445522823
70.7326160962192,85.0497511587527,75.9402110356138,202.802931584113,344.630165862141,190.846906353744,105.236674406654,118.072818476741,168.984442207297
72.540724051403,60.5015514223512,52.1145268755165,18.3176615070407,24.6402960013893,14.1439315898006,56.0012076395733,65.4439552445694,58.6481096735448
46.660416782417,35.3026174432828,55.6102295315626,9.78871688157633,15.93917058638,8.62965150440328,7.43031177032672,6.42216306362771,7.72094493870418
50.7595426971916,24.5088480517082,32.179423100522,4.35972592148555,6.88797305623145,4.44153936704167,4.70157480336475,4.7001131202303,7.22198578049078
58.4991458613975,51.0113119410414,46.8806096104174,38.0350254234517,59.2452387117756,31.0791206794792,21.8398860145931,27.091827544207,34.3350452505015
10.3579682963983,8.59492892030754,8.67259042062241,6.72685910444389,7.2337006562872,5.64812946268557,3.16953925417353,3.80524710065423,4.82112382038477
18.7288676672565,16.6818506444311,15.6283521511456,7.72708688714325,10.2990473477655,11.0927542171322,6.95017458220004,10.107566787278,8.77530895551312
144.679893369148,240.478243542297,197.200690196619,15.5803433272426,51.2327193652815,15.965655719085,11.7501956186982,17.3634836182664,17.9926660414955
16.7470682484537,19.0659955394168,13.2745590903333,4.34646459792205,7.79456647810973,3.77522282374607,5.94782601353036,7.97693847707859,8.58828105783007
410.116217817904,429.952956678805,252.598743247946,2.88956443650312,4.59832645262888,2.88962977181822,7.89853212114192,8.05905070243399,10.6095645367084
28.3162082028244,16.5901574698663,19.1536873127684,3.22114242136034,5.1185195660425,3.18906650432606,7.97695514473079,8.1751599022068,8.91787350817273
17.9434752148029,20.1936334425838,14.5209299379309,46.3123446725635,48.9889246219732,36.3976325530869,23.6777228556793,28.4780911404619,26.1778949122645
7.32235152939013,7.84461461300129,6.22695881253182,13.0840527857657,23.0324582492167,14.1763712915427,12.9944225181018,11.9219233958778,14.8897487023059
123.555723179292,99.7144836623236,75.8181400767761,89.7550004767862,186.961164464979,92.8180909381915,1359.22142247309,1313.94055059566,1893.57284663773
18.6386893313964,18.1716204382636,13.791431071669,5.08503827585092,8.74047814219975,4.89647587634054,23.1609437623372,22.4934375368531,32.325978694963
224.139228592597,180.898478948697,189.627950988513,78.8650539381326,220.027901583606,85.3432261581014,15.3167561531348,20.3592106618313,19.1138308738844
57.6559513646967,55.8069683683247,47.132516514395,103.261309238177,138.896205476,90.0996527303714,6.61198570857272,7.55861179812291,9.12755288181475
169.748016710671,149.09868608962,211.62264772869,21.2731346974614,39.4397069786421,21.2814445664842,661.192654547875,493.452395013732,408.411819515134
9.49872454703701,12.7495420694707,12.7831458950025,68.006163394871,185.607971487262,88.7423872452017,12.1425399264643,11.4171598678242,12.6227602905069
23.3534764741765,27.255633117986,24.7225900273467,5.59232662783741,8.3388004792162,6.05470885890651,13.8190938987151,11.920933597045,15.9642496626971
11.7337227038102,12.0820733390543,13.1793022890279,8.61090385273261,8.75264968874508,7.28401910343096,8.41483584348447,8.64799572772341,11.1373154023439
15.4313544517328,13.3508330851638,15.0358032111546,6.35158454735812,9.72057603266619,5.5655968971751,9.83659294870554,10.0015815102091,13.8002056139011
13.8598824044988,13.1730422257717,10.5152469448133,32.7142440480376,73.7719760604606,37.2663184446418,125.418806629288,109.539890337573,242.489927278091
442.870169561185,443.038190521038,236.392305052618,32.2761745956723,85.4705470154545,39.4401689967584,30.0263716100218,33.7515106292946,38.99116137607
37.756472484621,30.559596836477,28.0938620706774,19.9999518687585,30.8705586644232,19.2758777589784,7.01595188563787,8.22184774169057,10.334632793282
11.9976926710864,10.4807476744462,10.0772826948458,2.80024850998323,5.25588919539945,2.85347651388339,7.74541471448021,9.95679705951311,12.2585320376066
6.4224778776732,4.43871633535148,4.60459362189622,4.35258608160435,8.76808978092223,4.63546185845197,3.78561987170518,3.98248018624765,6.14386983988328
43.347549565086,45.5679941485821,44.2606142142668,484.621937331906,1662.46939223081,791.858760051104,8.32713150685613,9.59420495513809,13.7420176993815
169.813139018918,195.880488377319,112.27683295438,28.369567597694,68.8070247611688,36.1928828474993,19.5450160411645,21.3993285394274,18.5065472076208
7.17393228213659,5.87431510895103,5.99938708244443,2.44201691059895,4.62249042929624,2.54619184090402,10.5827689099709,10.588823723005,14.167055197074
357.595544409298,343.028550864693,225.328292119774,244.311868685226,599.49869098923,350.149536486514,21.9114190479288,32.9566673823376,38.6472078118743
12.2073035941033,14.1172440891394,12.8998592277655,3.77406538687327,5.98616433542881,3.365198450405,4.77949965298083,4.41957694828624,6.52364305489113
12.2132007975927,9.0773291774587,9.75028640488858,58.7923065421307,135.798402617639,66.2900403362077,18.5362452279212,21.6394059352096,12.8149266989497
15.3408598896856,12.8507107441081,13.3462642596583,4.90269002630074,6.7292211886287,4.3975016080914,6.07895551719022,7.09336093577316,7.80896500721185
9.16365582621276,7.90323014077074,7.51039683308787,5.99675374091586,7.8865263706276,5.29452274932623,10.4491619524907,10.5748238784908,14.2993312965831
17.9803247079974,11.8344963259263,15.0171570924586,3.68321843645586,5.1556809334751,3.07029381914169,10.2437310676425,11.323772006254,12.6433950576628
129.997414311725,101.800370267227,76.1032318884069,10.7024201765852,15.7435483096967,11.7018649705581,22.6814917673959,27.050720068089,31.7201497285025
74.7920754757325,51.2764451423819,70.2408402995941,799.843240497998,1474.90196562442,709.754828362834,5.05712414657018,5.3008806590623,5.03555361380525
14.6863551228781,12.4694158302035,10.6010000030916,30.5570391582834,53.6454469454957,28.2347053848363,16.6438651448884,17.8630425868562,18.9535629526842
11.9983325392246,11.0261645113279,8.01601976953944,4.68940638425051,6.58531728266025,4.83108727538515,5.85986355437661,7.56239390564269,7.31588580778829
8.29977541520526,7.19245777292759,7.31179583876081,4.52321256489579,8.40218358654106,3.99154052540073,11.5514661787175,8.52784063894676,11.5661505581643
17.3276693809312,16.7968976238523,21.9213917183446,11.2389760763615,15.1020355499175,8.27867483655893,15.9225897410191,16.5643638409864,15.2471641831955
6.81055186620418,7.2363203379429,7.17508207300979,3.15724851311556,5.4300944049203,2.64753906051047,3.39369052345782,3.51506154357901,4.16745439284793
10.8970782290217,10.8956001069168,8.70776817457018,4.62134862812625,9.0875661501662,3.73523973855415,11.8232507112142,14.0252072154745,15.7653899777362
6.51956624268065,5.49021114644303,5.01950045329804,4.56670933782158,6.14124184561219,3.73179225973174,6.46491032977449,6.32804669615517,8.52949025906193
7.96489437432614,7.5564268472249,7.28333091914945,4.86672867744367,8.88457451433298,4.83541554830518,6.06396420201106,4.63725604497965,7.33134589574309
5.31880579889128,5.04400713406705,5.41852278321405,4.2937553040951,6.22122163283006,3.29846621955609,4.21281174666199,3.42617033107583,5.52557401681248
6.65052689758575,4.05522008734729,5.19244687612206,7.20959009090679,7.49175433107744,4.85005706840753,8.62923809202213,8.77594086136247,11.9957611584765
6.21357848152436,5.7927017004357,4.30840709815245,4.27137626680069,6.42381589403861,3.49681237466481,9.84085906698949,10.3863545383102,10.4828098320369
5.40386667297636,4.64550486717841,3.76492587015709,6.68232606503738,6.75181404809912,4.73336602635617,5.39690028831658,5.12424006893524,7.15863110277981
5.91648420488814,5.1789082485156,5.31281003010088,3.51147436283869,5.05569005930399,2.97508899315401,5.28823411832308,4.77667102584745,7.90693313255678
8.17871227314828,7.61098737637362,5.46081224527376,4.62808872714415,6.51592460422598,4.00837283771434,7.38770465682741,8.78617068000796,10.1728236479168
6.26911643468656,4.80337619701428,4.60487443684289,4.86305357287614,4.48399091636971,4.19189058762046,6.10714084256326,5.66460437930564,7.72723935589834
10.2211317553363,10.5190234879897,7.60529646301011,7.01218597426914,5.98886309408811,5.71685019282717,5.15238283364388,5.13983014310221,7.38085051194575
19.1853333846882,19.5601854303234,15.1284438543724,8.89456766351817,10.6881522210334,6.95489992584048,10.0047139284783,10.4081636164084,10.0564717263391
7.3602095265986,6.92604507416521,7.42224472076549,4.98142437944033,7.18920869225523,4.09079504943744,5.3224632740076,4.52935576100656,7.29717625382999
17.0229249498186,14.5635137999822,13.7307030126273,5.29658420192492,6.37341260796453,4.87100637915162,4.34760624091982,4.77485084332679,4.78766843659461
9.71017461773057,9.74331880006882,8.42466373588513,6.16629404019558,6.57839149542889,6.46642463508988,7.07087951231922,6.82621191008219,7.93800254998967
5.28560636885242,3.59153546006412,3.55491066968974,5.0700672089001,7.01226969799484,3.75962710727869,7.38979848007114,7.46509429547546,7.92883529696784
10.3322205274597,7.55058532636168,7.29753665353066,5.41861995057298,7.60744612565853,6.98075384772474,8.16001242964529,7.80347674673291,11.1578408101652
10.5560578513121,7.16189469366164,7.76906545174443,5.65455416163014,6.78798624529678,4.72299264451674,6.57918438167848,5.83439505479769,9.42374243063797
10.4167482021651,8.26537909256687,8.35782384634386,5.53550733425808,7.86470310494569,5.62254538183807,8.73488863409517,9.47041935502388,10.7857091749031
5.4150491083219,4.53084750265826,3.831275020833,5.06214482514397,5.94124342897609,4.19024680424293,7.13451343928564,7.46961092448389,8.66416232319228
11.3411977124386,11.8416528621513,9.75557987732617,6.82560108655117,6.82217123011829,6.6405232350528,7.23029325252399,7.82707072844101,8.782760000002
5.7239778567451,5.52897483641458,4.31318696144791,6.50062394229649,8.37482543588633,5.96858490139619,3.35517146890884,2.70000821394632,5.22407242158139
2.63432363580838,3.17242170610817,2.07278879152618,7.37332553873467,8.40581185531349,6.04025973076204,10.4966128724882,10.8548218011163,10.9301135870922
9.53695629606221,9.17430295334288,7.55432274802983,5.06619292043287,5.65625012527932,5.09427371462889,9.63090934011558,9.88300303157122,11.1013590725253
6.61800410705324,6.00391515468891,6.15712632493255,7.38975713296449,9.06200933027892,6.04833332638503,11.6250994782675,12.0103042356527,12.2161920174713
7.80031118972188,7.54035269390752,6.13298562484827,4.78438329249874,5.14637755754924,4.51747638332128,8.46375568200887,7.48305349252218,11.9198227293613
8.02653704606193,8.91674120372602,8.46054832330138,7.00658121269353,7.17929280090164,6.42348242494455,12.210939543077,10.7617772435673,17.4577180634508
11.7503312798157,9.86895671183166,7.75906536042645,8.86340472522048,11.3660285731101,7.32439977956997,10.7485450644847,9.32531591496465,14.2112309325984
8.24029420436404,11.3414022258927,9.79961678888333,6.10378590335238,6.10740168146238,5.44981223103069,5.53198632502837,4.26909863880977,9.91984993480074
6.84602801293891,6.67104108480819,5.44492281377439,7.3941884715732,7.73815130799005,6.08534339632658,5.32142439328827,4.38732333638828,7.17938643951649
6.66677170517667,7.64816583235094,6.31944580609679,5.67550637722623,6.47813593501522,5.74394876960716,5.48374335015942,4.13367476865184,10.2228793866376
7.19045586662931,8.37427811088117,5.81010974199868,5.28734918856663,5.26695139062977,5.35199474840417,7.14770478372422,5.41001476978959,10.687321812988
5.92430220401111,6.42362295740155,5.08019400908999,5.4925046953708,5.82996838689836,4.84337840615263,10.5340229388116,9.80664627633717,14.7566619620247
5.02078875319774,5.58636247627782,4.7008019713927,4.8957374187217,4.57002657868509,4.30531214344854,10.4985324643427,8.71580655614336,12.6992033498387
6.49169163186923,8.23848152230501,5.30259620558489,6.50272758889218,6.37177669381443,5.23135641157117,4.29357897958189,3.80399126972878,7.79103513116285
4.82613870325534,5.31778431721766,4.21705879558376,5.69601429002201,5.34122966958679,4.50572603337111,4.75137676796095,3.7433388234048,8.15212238552283
5.10235670922218,5.65449679240806,3.9229973591778,6.40025868435679,6.28829253152497,4.50813711871505,5.56881997539682,4.90265730732215,8.71059923680314
5.79621807015952,6.42055176462156,6.16873537119977,7.09134537262762,6.0483012367702,6.02637634849406,4.60805921708263,3.91643744157278,8.19779228015849
7.80025711106526,8.95088173473983,6.43484614105859,8.67437401435741,7.59425494824417,5.48469984877283,13.1215244959933,11.0438792608523,24.9795081912779
6.13629796180518,7.34672907848268,5.26152169508805,3.6114358743704,3.27121059749543,2.18360336446863,5.33898823678173,4.02354219663331,10.3141907414341
7.93112398078901,9.09356814556007,7.15874420274402,7.43446828452547,6.37881302244834,5.4672727406535,5.05907199341106,5.20699876107493,10.4496731087755
5.62991548350327,6.4153511920665,4.93201114739659,6.42475657766202,5.86721176332776,5.39798376947046,4.11783565010023,3.03680418213314,7.46683756669117
5.37373061959259,5.89703145140501,4.22535287999185,5.13004305802478,4.53843148848244,2.52744426631634,7.31271364453197,9.01464776846971,11.7763441830648
8.27761374411638,9.12453131669415,6.32044233568444,9.89486902112987,8.70074595816876,6.84060897702077,6.36100242987994,9.74984695376768,9.92377774060361
5.20152819770716,5.54894655851274,4.32476944033102,6.04704419438877,5.54957956644724,3.63617845549981,5.29288067442359,4.21065222388598,8.10211681168873
6.53334837692613,6.58448575411223,5.17792299675019,22.6403417632675,18.750163345973,13.4170382107232,8.41194152019174,6.85672460247397,10.2075460672164
7.93101339787174,7.55620062392484,7.09496888676625,8.51424846094215,7.00355387810571,5.67922320220462,5.21931611840549,4.8855864994257,8.46106288995955
4.880418993916,4.36475520339045,4.12843599329028,6.9980069982985,5.75930785116645,4.35622212410435,5.60624314789279,4.56408692200493,9.05223007062433
7.40194935305802,6.01308819615639,5.64632386564565,6.08939965708541,4.99189839030485,3.74134991075552,6.381652696198,5.82729770373607,9.3463123156983
5.9103184249143,4.75939093415186,5.43181417136643,8.90783381180238,6.56446520995684,5.14391133330735,4.87150680434975,4.39108639325459,7.51059168218851
5.21789874222497,4.70840493843239,3.66503994167065,8.26673517734756,5.57263220436927,4.60445562206797,5.87835108062993,5.60542157852901,9.79127611240937
11.4197971897498,9.91117712554238,7.06681922652051,15.5541284974235,14.6194860972026,9.39172682548669,7.40807260210765,6.78767310307274,10.9712833241158
7.46698400978889,7.77396304108467,5.12712406074666,7.52765730976756,6.69447613047883,4.98629813656311,7.90747909465976,6.82653934860512,11.3431205747775
7.12751091897589,7.02155804887717,6.45650121438851,9.48042853718546,8.07635387133484,6.07578789978636,6.14414656124249,5.08239285041543,9.80007024754032
7.0915123883201,7.45450262368943,8.5253070600175,4.11043933630262,3.72425867943574,2.71293782947463,4.55465511552179,3.72189980260701,7.63115800325377
7.10973849384209,7.05833003680293,5.0440686975463,11.8130703234469,8.85721147870745,7.36516049065021,6.81772271299122,5.57893669375271,9.54843187226
162.327334522949,176.6087342729,66.6290743155045,60.7732186004034,61.7529264243014,32.7174092015767,11.6500086418544,9.09484105742856,14.8426354281392
10.99686129479,8.49501792206456,7.82379702853619,22.1741923860338,28.3109589846778,12.2079841749679,12.2535456022713,8.80844904446861,15.0552327022946
10.2266782268301,8.5351617739611,8.35535884072852,16.8422972754237,26.1117879483579,15.8688381866038,14.1684697623407,8.3933089445053,16.5339913932269
9.7487875875826,7.40469280921383,7.47747093122291,6.1850279177427,8.52034946694029,4.34232430063076,4.17114378856109,3.77462878786121,7.12895007193259
7.41136202170436,5.84562827648359,4.70498558432458,6.34785644477746,8.51488548296571,4.55615517055378,6.21561763993829,4.46577913097573,9.01905367488267
3.53198692486085,2.29262589665567,2.11481301836961,5.04186888780017,7.6685919127268,3.59037916893126,6.11212910962377,5.61159121518551,9.7635699202218
38.7618444238609,26.9013011525104,21.7513991550797,37.8081237027898,58.7027821296886,27.382858632359,3.58090927565041,3.01965195874708,5.84217026978385
41.8842435800723,30.5705099806612,23.6505974364444,35.2255994403818,46.8941539127955,29.8930084504198,6.61513583484057,9.0366939174596,10.7262709712073
4.47133385526006,3.21120121664226,2.82551232483154,5.18530437242168,6.55998844334061,3.56540743267682,5.36867273955891,4.06639399914955,7.77365962372858
6.92088285412903,4.60119498984568,4.74474129741914,3.48039259689792,3.87566599226199,2.3597442815685,4.71815535168862,4.44416981589054,6.86508950832947
8.56326560402796,6.0799342785711,6.36553198140232,31.5085787241375,53.1445614509923,23.9247393044194,12.4696692918251,12.8713678235754,17.9190377868788
8.3816200072471,5.16214575475628,5.12592348034339,4.26882894678958,6.05431661586608,2.72617089972919,6.14407833924748,5.05978355795631,9.22968323775993
5.76135478610804,5.08627110055775,5.74785888471657,7.53191838448493,9.07302620722327,6.44225605626296,7.53733124369552,5.59219046944468,11.3209171171433
6.09622322633057,5.11965151420735,5.2858910279087,13.3697857126127,11.1898418740218,15.3839219096513,9.66073723055566,6.17892828490921,11.2090376439514
7.09323927284416,4.0574865685605,4.8116672311525,4.23652641982947,5.09309485007161,2.23264158508109,8.95224074545407,6.49996727328808,10.7142716486251
12.7718584189684,6.98713489093264,6.41814089999422,24.3248230592417,35.008916534275,15.5344734064509,4.79711975341886,3.84015989069754,7.61267139626735
6.25366780262344,4.58248884310734,3.9489212190998,20.0583531678803,23.9888029703857,20.29557841375,400.142234279075,270.151819620704,535.696013703597
5.0179633934762,3.18182811676007,2.61764355875635,3.96882819158019,5.68869566907535,2.28535853180827,3.8651913044232,3.59925326750764,7.62309206429825
6.48180904625991,4.62230996698275,3.66576712116693,3.74100481900934,4.95539791883527,2.26749059312193,5.14821363229394,4.68292342104508,8.72380840410154
6.65865325927075,5.33929014720149,4.56388346623442,10.0761572171645,13.58775510572,7.23153193806262,4.71203233595339,4.60482340312625,7.44441226881037
6.44793128061925,5.63992106894976,4.79294739994009,28.5824568599006,50.7248382205143,22.3248479505478,23.9206372107541,22.1678037279518,27.772972343807
7.79645647088352,4.50200174917928,4.85358256887524,10.9335192870563,15.0891563972915,7.34574778937709,5.62884938648569,4.40665984239788,8.03962336582469
8.4686837841397,5.06443940622343,5.70267989998202,7.58353051800471,11.5002722470753,7.42269806545244,3.99617932867637,3.56684927762119,5.9811704513643
6.22324308399024,3.82237599294031,3.78385323172525,7.24726612183032,10.5867621065778,6.40627226747177,3.9806731388627,3.76369608760134,6.02517015275095
8.65034190645694,6.29180085223332,6.35247593821509,17.9732772158876,21.0357415580344,10.9063897418502,9.44985910232384,8.15610959272256,11.5616370841967
5.09251716370322,3.40729391241772,3.17510845191279,6.73147259141621,9.14319167044901,6.54358848780842,5.62003527844867,4.86939614646903,7.99288591443928
8.32943486439105,5.95917734843958,4.32880647605407,49.7317729754226,78.1754851587081,35.7842615619777,5.97799287720248,4.89977845323363,7.30045568778957
8.26654004010082,5.47929317339466,5.01325672605256,4.89092412645641,6.64396641160838,4.00628354901414,10.6355073333888,6.93963414331456,12.1693455896594
7.21426625700627,4.60319832756576,4.08125217858199,10.2797155310272,14.3028981637015,8.05479281611117,6.42787664959378,4.92539775305166,8.85290792859379
9.36932864003322,5.93927709268802,5.39095899388712,6.72387215972758,6.43051607001681,5.12413022391551,6.16623567187888,4.99815908139009,9.17619436304715
12.1755790641919,7.11191489684676,7.4861172632671,18.6018333866692,26.0168172447695,12.9795517694673,10.2838899954435,8.09584182639814,13.355840406232
12.7040877686558,7.92492663497789,7.50381796182484,14.1516321734282,18.73379200061,8.6117340137769,6.79295037979063,4.63958744558929,10.0609301471377
10.2563936727138,5.78930994282224,5.22330248721545,7.97805214900826,8.85406646957695,7.19569229277054,2.36615906538627,2.41284429656655,4.36937151519499
10.4486029062388,6.10433557313701,7.04344826651104,14.5274878588572,15.8916124930273,9.70874098001931,5.60818926426446,5.17276023490452,9.52637984556014
6.76788466332679,4.29312360954168,3.78720299045823,8.45019980531428,8.98329937867144,5.70920633409625,5.46344359678003,5.36338103319394,9.54829040445835
6.99883797284533,4.55407794926574,3.94398957778684,4.62923694536241,5.36334047409638,2.8419508611482,6.49119452377029,6.86735724431283,11.8355289075444
9.1054982698963,5.2857952317008,4.57914178465572,3.99701350136142,4.97713274155599,4.15182854804404,4.69025581418219,4.06055512771089,7.5690194609479
11.330137264419,8.16222379654114,6.36581827470194,25.7707636537273,28.5018341679348,16.6508060073293,8.12523591521235,7.35285066160835,11.0069816705547
7.60810522395218,6.02210783574472,4.35488576951765,5.9928196945502,5.52527408644039,4.87113702863628,6.5275753668181,5.02051172581732,10.1711436912054
6.28425212906969,5.36908806581438,4.68563017289167,6.38122608982782,8.7013143799838,3.36376172279535,4.90697607803114,6.16013902601475,8.25143787005761
8.15839400192219,5.09841498923475,4.51307032383567,6.35868667886893,7.70764420310401,4.9290512417872,6.33173185323146,5.32643633198863,8.8785295313337
4.61817083854597,3.13836374953773,3.44434505625156,14.9374428470142,19.5082864394998,9.76683065210258,3.94752071033378,2.97177714294929,6.17091395041
7.65651747553236,4.39767881239486,4.13502922134011,23.9579493142334,27.4731576464049,13.8885854078702,7.24467710003158,5.2215934149962,9.5642178782038
5.96302331904857,4.0996555723852,3.95533377327846,9.84674246826307,12.0484904544889,4.55992484793352,4.91636941200723,3.66938285542032,7.79513614492461
7.40204863685399,5.18905668511274,5.38057697034465,11.0470059310161,13.9052124916231,5.09103657519757,4.98481368666244,4.56474812833201,7.84480974052076
8.49243833569667,5.74646925012318,5.06090164858953,20.6134432600689,17.7937710865108,6.00854943194444,6.35463572841829,6.8361255792306,9.86049056468614
5.81215365308275,3.63288688357112,4.05359485846082,6.82675327046641,8.8887172237562,3.25023855118381,5.21690593212957,4.8744000915326,6.77640935802974
6.11112776514718,5.26331942906146,5.54933854901924,11.9448643415161,13.9357565788355,13.3058532189768,5.72538415248341,4.99616767935015,9.92223710749942
7.19957848707265,5.19977531268746,4.4358146385751,8.72357817700845,9.87993599989943,4.60312379708745,6.9474639409985,5.83969062485706,9.58269497333189
5.14467748303172,4.62996739318352,3.81175437862952,10.6662387510392,11.7692087123109,6.64633845470154,4.53579322840922,4.2932751758162,7.94036417940636
10.5263406323181,9.16417158411521,7.99211354095072,6.74466179588765,5.16617294077308,5.28634977282993,6.56129909798029,5.73783710564096,8.17915226818825
6.2530542342487,4.86520254542206,3.52728059859481,5.98586701959749,4.56839773660012,5.45554953066155,6.41644261057999,5.13322990347439,7.72133148854448
6.74455600390901,6.0111359123769,4.75080040334026,11.8501585813979,5.39191833921018,8.53267257079936,4.33027526108466,3.70483922959199,6.23629019269027
7.37138590203301,6.33849111455136,4.79977630097487,11.1809825888473,5.07003954149204,4.90254296655023,6.64545398062973,5.35572148430859,8.17651187148245
8.42294992423288,6.36896319595919,4.79676039134907,4.34035911546468,3.57714473354702,3.66121882887162,3.57755414561516,2.92609403275443,6.12339863020943
6.8271847924627,5.86411753799571,4.50523969041469,4.32663189215515,3.6345950326643,4.24237849814707,5.82200711347254,6.02810826030442,10.2754571185419
8.30388378677746,7.39146516728708,5.07720748828986,6.21251370680654,6.42755029418083,3.68131075201558,4.2065323368877,4.27296528460419,8.09523584696094
8.76164398568479,6.35736746110514,4.38079385046046,10.4441711095125,10.4007131530666,6.76820235157173,5.48284983811364,5.46443050847713,10.3137219547786
9.32414075168088,7.04002321101478,4.76104247973081,9.43562867442452,6.79299780753402,2.57751088388578,4.34667985115913,3.63287474457022,7.11405199879017
7.80275108417216,6.02493889036516,3.80406048754937,5.88200903948443,5.30941199920733,2.14170242870129,5.14686978235738,4.54500282092175,8.06495741642133
8.78712204137127,6.34722580825232,5.05139605023462,9.71374182071576,6.65866920597565,4.13254259663832,4.29972780796851,3.28593052177605,8.47995813813269
7.71524583315015,6.31514045826736,4.42730488896524,6.51100260863708,9.38727438895021,4.83482167908349,2.87850860559169,2.59463131954111,5.07346952461416
6.62686583947227,4.87219256213275,3.56312966921004,6.34201475401269,6.53589671238347,2.98771354092176,3.43558520256487,3.24574892378056,5.92263313094655
7.776215079402,5.89816625889813,3.94799889362871,9.094190635588,8.1274917449802,4.62285263590075,2.24464281034094,1.82209531093981,3.33551604569734
7.4952378255263,5.8639456786873,4.45277788000493,10.316876541388,10.0628206119933,5.43682704118675,4.9728139876445,4.3785378290146,8.15875266384259
10.8657127131137,8.32765088211316,6.09064927620295,6.5375523308115,7.65151740219976,3.12474699266585,5.1816373897021,4.25106176964852,9.05130643219791
7.66122367021297,6.48687839943176,4.40301865058937,7.44534250022225,8.87669879926779,3.4130248570821,4.95523935539536,4.44582051114413,7.55429332853616
9.79262072273829,7.70713548725337,5.27427335417509,6.14535777913486,5.55242283067049,3.65624894137096,4.99637264632651,4.12158409921394,7.96781135354571
9.27107517906255,8.14623870570242,5.6905005485746,9.38714752778145,9.17942446394358,4.93300540792164,3.75223482534692,2.7122692687168,5.11680693806205
8.07145897469135,6.73286297737267,5.99898277423816,9.46263230962682,7.67346138104257,6.85260224774607,5.52405453731218,3.85424489648001,8.52041957916335
11.245488586183,9.65881002571308,6.30054287180869,12.0031984435131,11.3179936223774,6.20757949628702,4.67475177455442,3.96662548355857,6.21207320018769
8.87800208200371,6.68111515293479,4.99675635038836,8.5065864234641,9.66782436147773,4.17341884152746,5.98811699693873,4.69240815063706,9.03174359253734
