"Merval","IBOVESPA","AXJO","DJI","GSPTSE","RUT","SPX","IXIC","MXX","SPCLXIGPA","WIG20","GDAXI","IRTS","FCHI","AEX","SSMI","XU100","IBEX","FTSE","STOXX50E","KS11","N225","TA35","SSEC","SZI","TWII","HK50","STI","NSEI","VNI30"
11.3784747068547,7.14322350351752,34.8994093439011,3.3995636222568,9.69435049786235,9.99346241361564,5.31962207560004,10.0323365932927,5.24671474425034,6.68602288472827,19.8104902780049,6.32795591226624,29.0289582765836,9.27967281562936,14.3885097448261,9.08216098371233,19.5793751362871,12.9458333351491,4.8445840089788,10.0345982875316,22.1873224781846,1.4138278608105,4.28292441653208,4.27019316018965,4.32550970906786,10.5903758513059,31.217068659547,22.8609552426182,11.7824171911656,28.823169068038
0.326033992893901,0.798392175100862,0.0187008709057061,0.556260149319796,0.357296351601014,0.621142700187293,0.547023895348909,0.625297913689521,0.452217715412797,0.385927894543158,0.0374671552785437,1.04764464719113,1.11743275247197,1.07798699344751,0.902096780247026,0.659266592018199,0.473833747306998,1.22844045233396,0.643705489412259,1.08575855831432,0.205812213130612,0.724488453407156,0.368788791708152,1.1230515096988,0.410517322537989,0.0548793917918941,0.369409116259626,0.306295397549335,0.17080158168456,0.57101594537657
0.728884854536104,1.69032321614295,0.0708948700373917,0.451097938303082,0.859134312071459,0.882258039160727,0.313436681244006,0.292997219306291,0.499714924722274,0.118265546651798,0.0424001372592779,0.440620483827408,1.27799096647042,0.528250411574403,0.279754976352345,0.58610569025088,1.5005629878232,0.784288035336072,0.487571592123383,0.739426970761776,0.563639543035462,0.259508966673022,0.906943679808943,1.25831022394833,0.633137360022098,0.862732955842331,1.39554093060644,0.729997383797488,0.78384064956242,0.737342775126288
0.961952582935416,0.996316187210758,1.52391279634298,0.220274609344138,0.972455584687472,0.638837049214555,0.594771054112005,0.397625921182575,1.16631127711987,0.228393694632183,1.79475927684304,0.324522693653707,0.298712734265522,0.896812284833614,1.01789773962906,0.64184426722062,0.443587097937796,0.635094671893203,1.13000473764859,0.442352273615646,0.603227589502693,0.614150577425951,0.535159400752409,0.705417676072987,0.118514848026004,0.553570181366102,1.53901669553521,0.0558955510484766,0.0620654128061301,0.663108723912423
1.07027753235426,2.21789879015253,1.30818940898386,0.859899844759406,0.740675259979235,2.23775349002163,1.13728402567084,0.5743395613781,1.27663454710695,0.793103690019705,0.810294080498246,0.833452698806787,1.06467032788836,0.706891361292231,0.0876224823871486,0.759127913156224,0.930300307845344,0.933169963071812,1.26277842937823,0.921989058895476,0.750950819019931,0.851836784423086,1.25604780530894,0.710114594234985,0.0534348817829158,1.05509611040267,0.123697321552984,1.15077942458638,0.686572980399428,0.688672476226807
0.202609204237858,1.23740624728623,0.967715104886762,0.324426650335894,0.740571104639936,0.222809476601395,0.0265158135637399,0.0279327698086636,0.629207847098401,0.557226240098,1.41485953565633,0.367986448695043,0.284577603456454,0.783981264041799,1.00955454179204,0.378512630721731,0.330688384721367,0.777154704230193,1.15300241923492,0.231192290792584,0.989559847393694,1.19935306570401,1.04722552588974,0.0076325915683083,0.808845089609389,0.126669753256343,1.65327472386006,0.0485510658270794,0.28677414973431,0.488519720499324
1.00838482559385,1.06495513149396,1.84493935349942,0.942825813040816,1.12922823040578,1.68809757633715,1.0825475739324,1.28889575191205,0.980832357045066,0.232522449254404,1.45072155725635,1.60557480076031,2.46798393948716,2.1115002305817,2.07293402730967,1.13695781117469,1.9345483146261,1.64739888903401,1.75839118712251,2.04935003791042,0.773357786541594,1.70638018836756,0.795535063729132,1.51605274535221,0.217242663763419,0.458932378495987,2.04313743586191,1.41716456403382,1.28523533855867,1.37265030731854
1.01789832078989,2.46825283664956,2.2751173192568,0.627342581270992,1.86248738416682,1.21090254365922,0.761630077661985,0.810159784459494,1.50353634243046,0.196102305744114,1.71972463838521,0.996388755465474,1.83181351475333,1.42811865356225,1.40471692091257,0.376910544514398,1.6352207857631,1.87701726781569,1.80678281150572,1.2482151741862,1.22693213498837,1.46237078967225,1.29388714262833,1.17938594332426,1.34443201160059,0.783086594371188,2.61560636706387,1.02714568012508,0.953749884678785,1.6280076788883
0.304516110002161,1.54478631245083,0.351245656347366,0.888259997367776,0.0556188529139375,0.789784338308702,1.37504935768245,1.04690989008073,1.09464396817573,0.400487145747721,0.680146880240199,1.52090949742826,0.278695994158759,0.956854541436954,1.14753122875874,1.04550297185094,0.834981717179336,0.116953671063283,0.347127968808742,1.01625472745851,0.127165125919149,0.372903980424989,0.623032814161901,1.21600802639219,1.7780225677923,0.587909015825134,1.82041497496901,0.601493748002694,0.564825532805464,2.28811396091833
0.824231836349644,1.49787282443367,1.73185656454246,0.476963298700438,1.32803896640832,1.23970829955294,0.52650690841605,0.736503228505772,0.824211794689616,0.35005358470267,2.42978505946178,0.826425836897504,1.44320542388147,1.45803344402518,1.06933617160307,0.294672439100024,1.21726188411116,1.70414965140196,1.76588405963916,1.32565517098994,0.115232226394135,1.34542677881613,1.18607316177515,0.212603888595349,0.537675254777744,0.518525170695303,2.14973593940504,0.351440385020127,0.0687061548505673,1.35531543044278
0.626541303192528,1.1263873039756,1.11793689375946,0.160208138939439,1.31921889630487,0.252925053123048,0.104902872974194,0.302568824596749,0.815299638944498,0.0753950314054682,1.16563158106507,0.253336806305925,1.25511275682719,0.755240984736995,0.606795370260168,0.100047739688286,0.431549507246419,0.829761071588105,1.2945411336935,0.629538034339487,0.509585559375529,1.21829658229758,0.936406528085288,0.763560300109351,0.641640501860748,0.0316845916307178,2.01899973944049,0.800599306356522,1.04758480500768,0.158351004960838
1.13052011029345,2.43711658724978,1.57904019947113,0.801522634395122,1.76855186794156,1.20908816719501,0.91497440310495,1.12599639360281,1.47937715035398,0.186784731465444,1.69259489673793,0.895952397727147,1.97980524433266,1.69207678001891,1.34683624802805,0.225340352318879,1.08944802067612,2.11433054391044,2.1042695733611,1.48984938520046,0.936869644456754,1.21698229294772,1.39516401685716,0.695282158226261,1.05736948845833,0.949160468249506,2.27567300564239,0.979272229886704,1.00004305070247,1.02560526470599
0.540444237441879,1.14856395433864,1.66005706336685,0.269469248752909,1.42340239766146,0.710112731709867,0.313884935794671,0.525456680777193,1.03834107065493,0.0303844392373222,2.08752961000647,0.864765567855795,1.87411350176508,1.34282262040563,1.1232346009384,0.223457986706776,0.92978694071859,1.61506179863487,1.91301936534818,1.1929666195272,0.673843355219945,1.84511032085095,1.43514254666452,1.03468828334529,1.11479864980974,0.331659965740171,2.3641794815562,1.18679559619568,0.800793517883222,0.830920799673077
0.292588780530756,1.88721689293253,1.34090444660363,0.528876765114153,1.68264707193376,1.29283493412909,0.741277230424383,1.09282988185126,0.833767928951024,0.165572885918803,1.51700862046636,0.710666120316985,1.55935630883943,1.14726861500569,1.13301239612758,0.0802656659033088,0.900995297275596,1.21186206859018,1.82713488917344,0.951353853264625,0.394323019436873,1.18757590524133,1.19985807358741,0.648928628990394,0.533492177160959,0.17863812825334,2.2376813261213,0.703766483988739,0.789908130769142,0.922011845141319
0.195772271681286,0.66540995518558,0.416997030116435,0.26009345531992,0.816851832107095,0.0715372576252631,0.114097157745061,0.035877426869314,0.637548275904266,0.42377822506772,0.63775872707985,0.0937775437437519,0.840771301543501,0.0960868674170155,0.452998512389808,0.565493163809541,0.0280353721869156,1.01590214400943,0.788460406899129,0.0585730212625731,0.125944017386512,0.868171625709066,0.785508749239639,0.142932400241882,0.112485982247129,0.720303176347243,1.34962150939892,0.469964860208762,0.0619625547274647,0.578173155692248
0.680298054693598,1.26201372602988,1.10048987488881,0.57053309738431,0.751896906817859,1.0245361006941,0.402299081306661,1.17371833450662,0.436630726987369,0.11033528666709,0.167498425553067,1.14790377029755,3.36656830953818,1.3987378447676,1.28744489934086,1.65582238568946,1.24315160531746,1.98943046007402,1.3876798679902,1.44849289622695,1.58036929961284,2.12250003067266,0.472865620154626,2.2055541086169,1.93160794544605,1.36803879026133,1.77843242727631,1.13161637084667,1.42076646333634,1.8773825467689
0.686367800119201,1.85287219611657,1.8417067094014,0.315182301565139,1.18291859664474,0.978580618619942,0.460441760144288,1.38153568656241,0.807742958205855,0.173590790450725,1.19629468045117,1.0106047339153,3.10321342121561,1.48986975480494,1.2710040442851,0.849973015753819,1.40405957479788,1.99220325723173,1.88642925361752,1.54483823593801,1.91507941446814,2.1922735149422,1.22853154399909,2.03094747330098,1.48000306831141,1.36485215256044,3.45864605257691,1.54278746621185,1.17779050885551,2.47773900987908
0.152176280255329,0.222895614540916,0.750298113853485,0.370318647240023,0.533984859593135,0.17880935326984,0.131346128600491,0.210893213500768,0.499414489888459,0.282872030982451,0.986994966435922,0.163001980626767,0.290224894530832,0.137815422172254,0.490125908364172,0.501733479942834,0.0104592663406663,0.650233135237657,0.789993152752972,0.0670716027944507,0.664800316309907,0.439685589918939,0.818266941238032,0.0169577355437571,0.263769916974407,0.130168080263815,1.61934937087668,0.490255975567785,0.364849728309383,0.250955438254981
1.02824685970806,1.42079272706071,1.76343345794457,0.595960040097945,1.29047407399763,1.61717953492203,0.843028687239438,1.2823062686033,1.20609953000498,0.195062915643455,1.92067098389375,1.0383820852234,2.0696865612212,1.52378740524506,1.26425716068027,0.403905691757194,1.25232468693211,1.46900808207335,1.58414439349542,1.50750530896144,0.868415724015363,1.37822457828597,1.62369354403484,1.56110785799817,0.866955660523602,0.801018970298328,2.64180863067151,0.838319847656261,1.07062937254992,1.3879192237921
0.14589926438137,0.681979013410361,1.50363984433771,0.419663662516437,1.05739543001437,0.492508234285629,0.407922283592814,1.1037114577384,0.682824228539897,0.115607769146612,1.20859488561831,0.167068053597306,0.962747403159438,0.609983992888201,0.52045038486612,0.305899586128026,1.12293511390283,0.509391589061275,1.41035455164527,0.422601507696409,1.11017077144756,1.28548468548264,1.30212423962435,1.81192751938597,0.375916479360846,0.36042584210878,2.85743911030457,0.864738910982529,0.880256497287019,1.18258670783264
0.616469092926092,2.15574774889348,1.79806811562339,0.504829138178075,1.24110993555068,1.00540394286723,0.791285103080653,1.36101320290318,1.22883793511634,0.559100815669114,0.909380285712077,0.583610298672248,1.39843888080129,1.40405231063476,0.891900092510733,0.473897709134864,0.60742665893724,1.7212075531359,1.77294389518408,1.39565214553381,1.09903534922254,0.919142011182212,1.09919392326636,1.20217734762405,1.20491480280395,0.784879620944499,2.06274800259441,0.816271737970206,1.39871818492287,1.55905652865631
0.960738730712467,1.50102024780749,1.83666342809641,0.628268850496157,1.30738876811241,1.45053919553176,0.875260429305315,1.23800487455252,1.14137457056544,0.624947495040138,1.50897858214614,0.998852813901043,1.87599898059656,1.46746902206221,1.28315824389695,0.706005109381544,0.646638348767168,1.86929006653864,1.68056895450102,1.5037012921648,0.913319937830227,1.83055647967195,1.13871109935765,1.0311911900413,1.10398754321162,1.19326241212913,2.26524918719292,0.965878813434459,1.33302503429756,1.07406045525449
0.912420488469592,1.63742107189597,1.66689841175777,0.588408646803898,1.53911887538922,1.31762259991046,0.809365601120167,1.16930072016871,1.49743647206789,0.362939821523568,0.995933347576946,0.927196865953739,1.82140507575711,1.38955529130552,0.926949002879613,0.518202224744446,0.979195608804384,1.72835858007574,1.45512876849004,1.47586178191685,1.00377672178964,0.925167678033934,0.997919971762766,1.63752985358395,1.06719313782464,0.967648071164591,1.79672278106734,0.784349549725134,1.21567445366979,1.25898814541506
0.819240711026261,1.28945600986803,1.33130384777742,0.654173023675051,1.3541359052254,1.58785423896697,1.06550506399981,1.22528081934057,1.118108905426,0.173192502275674,1.33091135920816,0.847498276514777,0.880138902885528,1.66559134954091,0.991235895926009,0.67983301194164,0.742261221875679,1.46942830617849,1.65460988896828,1.59365874608345,0.919985015837987,1.04385299623056,0.982520569007184,1.25358883127327,0.968212931106007,0.491180349835629,1.70347194575233,0.485130024159054,0.465879456543903,0.472261875737468
0.440470592839102,0.144461890053911,0.565294186117618,0.498110663108609,0.656455394021816,0.993502301653451,0.651869013615149,0.583222461665781,0.61673957545128,0.400299441872353,0.337464838907465,0.396749161296751,0.611388452605078,0.884601265068219,0.0106877193152223,0.634282638699301,0.0962000567438057,0.676164998866721,0.671940004083377,0.900128876525683,0.676564337535054,0.323985895361295,0.289453367763081,1.31950521799518,0.752819491924387,0.205429072120887,0.789279244130866,0.161023714133766,0.175327029834699,0.324549988304143
0.849099916227931,1.76325759076373,1.50498743093192,0.562075433636542,1.44480428901916,1.38564258863552,0.964208598989503,1.41932511221439,1.69131783098805,0.375230731914744,1.13877731870458,0.797991030825425,1.29484303398954,1.45603872447548,0.995981335966729,0.279663076833913,0.815276831133521,1.50959941316967,1.51328181394011,1.48450929852365,1.02062334132162,1.16491778936006,1.10177274383333,1.31842548832429,0.99212716973827,0.524365197299188,2.05671171353823,0.698390747393281,0.726744987646229,1.07829174035806
0.735276649647316,0.869081324547057,1.34724592275454,0.798657660492549,1.09934609922586,1.44085911294819,0.95639313990305,0.97118816720813,0.922524961615435,0.082882935469775,1.33818694767306,1.02017109410397,1.47675700578855,1.43714342052351,0.920480252248439,0.467555391813447,0.69907860862252,1.43201625849882,1.40007836320788,1.52712283763888,0.4629128055717,1.01437947916955,1.08422005987511,1.80706646260142,0.937779171222694,0.125780820074788,1.83381451099322,0.663569726440471,0.762550203241956,0.573348003975163
1.72595008227617,1.10126832981728,0.639875263757792,1.93460238022296,0.391104165907016,3.26599938527938,0.660702043404307,1.58301905902433,1.58078160371794,0.748782442931141,0.997989616413904,1.93205573059027,3.5030516987511,2.90083267013831,2.15032341601971,0.945836464795358,2.64128619196355,2.42911672995703,1.47968939242962,3.19952219925357,0.660840185386242,0.97450899284715,1.68369260325721,1.55053640669957,0.388543290300963,0.844258234475265,0.320284164399926,0.192461432570748,0.439848212446407,0.276662551957297
0.669615907995524,1.05420324877594,1.0053192386557,1.25129823833506,1.4313599456788,2.04365750626436,1.56872233842485,1.68806802211468,0.983455071803386,0.0189826769529263,0.985600320351644,1.46857220528998,1.16989865045672,2.11635696658524,1.35320764240946,0.789168551544061,0.95923035326688,1.48487186910135,1.46933687980781,1.98127059522386,0.485356226223283,0.521916636318594,1.12547220363146,1.60619898360526,0.768903195502639,0.495168840877876,0.995891765552291,0.291993588669356,0.105652938984646,0.14493936312247
1.00443512906103,1.55826526984378,1.27769434649436,1.10431487241272,1.17176310243992,1.47471113536256,1.30479443411256,1.38602019164436,1.18509547861048,0.526201790914949,0.514554601391843,0.892754214036486,1.17622430856669,1.53283959096422,1.39297928772886,0.493868556132715,0.219430825984414,1.40102133729057,1.37078683549192,1.54519201661334,1.29829126482724,0.625760146127981,0.754544505648064,1.12131160594021,0.92910568793126,0.81500573751985,1.16901478693189,0.856414366985022,0.977947524851789,0.842989383355876
0.870901800441195,1.16868263922885,1.52575829453872,0.62108835573088,1.14429007779428,1.41888380884777,1.08372919856696,1.48407649789601,0.793414756515363,0.525965794324664,1.01940554953398,0.695956292800205,0.770455463514415,1.04336100915906,0.39131351271679,0.662378456322331,0.58851432173418,0.226932876154393,0.962812669563457,1.120987484821,1.02711396653508,0.50430454662678,0.583070372400403,1.7243396449604,0.534390609538152,0.703199603153835,1.0384990586572,0.562478759626672,0.801607771143562,1.10195190163912
1.17401230488742,1.62742613947301,1.60992995978789,0.949699178502159,0.899947593185908,1.32702337816813,1.21011221420649,1.35839340781211,0.793533494485369,0.556914921151834,1.05858146870314,0.365982081782464,1.61154690803684,1.08402941901703,0.709038004723048,0.50966529774938,1.29043723511133,1.08335113278652,1.21436590398271,1.29500182375528,0.929617425536572,0.427277913557219,0.690654899099088,2.01866842867365,1.17975500886759,1.40761446578695,1.93440274171689,0.967295733503875,1.13249407624651,1.52508866203763
0.559627941356577,1.18258872266768,1.38985268363974,0.803595732728903,0.92046427596512,1.36861489450715,0.914047153426868,1.03273080834463,0.844363288155041,0.545566778442036,0.775758644901303,0.427773575106568,1.15201690503139,1.13875924895873,0.615450308768052,0.565129988724539,0.888955003511209,0.698209113908965,1.02894599076042,1.28961640354466,0.834349868470492,0.257414851472688,0.662023595573231,2.05782779663357,0.760577754652813,0.776623756272951,1.51162561021463,0.42932457225472,0.818655168607576,0.661348142681465
0.573824294402382,1.36167183841863,1.51977055234973,1.04516101632324,0.822070315267647,1.74380157656652,1.15192896029834,1.40164765301841,1.07966253911435,0.678172065016867,1.09645389706584,0.858818088885158,1.66066141065502,1.72048294298506,1.00254485438988,0.941375134611961,0.698150051620887,1.18113566634967,1.09331871396302,1.90809223270799,0.915238666749633,0.578333102002057,0.742019741526715,1.60454952168539,1.39095730347934,1.01746675123243,1.2113428674681,0.525081584965026,1.18977582934425,0.39011784798398
0.826913275830816,0.503266283977815,0.858931977267182,0.512805076063904,0.21588185160198,0.704193226485424,0.166972367080297,0.536409393004879,0.586326274057258,0.18452388041669,0.649677893369722,1.14512096294145,1.4684290949216,0.35495827057759,0.106076663861508,0.0728516886939482,0.720483450603771,0.687157603539941,0.205980044687977,0.736753001348818,0.0268838545993557,0.196223452901496,0.686686795051225,2.43830669655263,0.314855154109005,0.420796385894483,1.72085342413937,0.725753353754475,0.740051078399099,2.06321891700299
0.566566993775318,1.16800472042241,1.357006770984,0.756326558659664,0.959530737269084,1.31169375312823,0.908925463196274,0.859501565761053,0.502129524933168,0.412067330028009,0.618569098094627,0.286723085626232,1.09040547485033,1.19649801591985,0.509153351137361,0.620094657815445,0.0189155198041736,0.431907072783718,0.942653793023338,1.42413172253816,0.460694574905402,0.365618235593048,0.637718628333861,2.34534434324333,0.774308306686486,0.633209508537559,0.932038639563506,0.0336373889352362,0.618220526762548,0.569449694304581
1.14084981888709,1.51516634242273,1.30425409665159,1.10291501837126,0.919228055529826,1.37236608573689,1.14266123858135,1.12332746335232,0.916538044429039,0.572654184891839,0.844380568959817,0.804908249204121,1.39521508604405,1.54090648496624,1.02729092897061,0.71539924829048,0.237236742535246,0.385436535918323,1.13480078338149,1.44834497557941,1.00865525879087,0.665709865048429,0.579847478138965,2.06720598299901,1.29629220660628,0.622587229717893,0.977486439310978,0.547676771745775,1.29091761211025,0.179097306598002
1.27086113422073,0.89601729787635,1.29798540662675,0.903181303677499,0.830956801952322,1.26027053989114,0.968174869749113,0.722227880201009,0.893551612508132,0.710572390961082,1.45662650992473,0.599518584432294,1.2630125953601,1.08138591221342,1.14950933394092,0.587485731087881,0.453730198628775,0.535103525705349,1.05952294024658,1.0308937159519,0.987958730839988,0.0654782945571684,0.626183477297177,1.42412888408495,0.816730220098572,1.07836950319457,0.631753082495794,0.28237015709277,0.447679300568911,0.499270915058907
1.75521297522457,1.84170766569451,1.77407164546374,1.2288243285376,1.06596853279872,1.84196928288937,1.39883245209737,1.28385471350979,1.39846226575216,0.665233220702706,1.63373939329187,0.856482041868627,2.12767744377829,1.69491811432311,1.45932684459109,0.746168920722908,0.835223456514207,0.858934286126182,1.35478815748049,1.69667367223246,1.12002662738233,0.540070903351457,0.80093981980534,1.60603128584526,1.56813717368453,1.15636987831863,1.45242287064669,0.567488373623839,1.24863886730988,0.88138954603578
1.04528648458619,1.26340654540072,1.62577992778135,0.921834978227767,1.09182169227138,1.54640669996191,1.19554513254378,1.36060891850949,0.741279188481662,0.593103348718472,0.571428476608687,0.359286161083147,1.70546002992662,1.1660905880358,0.734547712614929,0.418973236069348,0.384941249262881,0.279424872915867,0.913831892772462,1.25119313668277,0.898246167024631,0.040495057827464,0.738842760475788,2.59289777188571,1.30399702167253,1.423131215912,1.10866050990949,0.321130115698421,1.07747624442145,1.97073722763789
0.745047492603619,0.873425924589375,1.76480750046962,1.30665277772629,1.30604628393386,1.88301603932994,1.4925141121944,1.51020791905894,0.632773428566347,0.296620924051471,0.637508607301753,0.935466785127142,2.10772621124097,1.75078312137806,1.28521899354248,0.920336036415379,0.700894795315371,1.70187596454286,1.32580488643447,1.92300830527999,0.604578650887314,0.0515956675452828,0.853966605917618,2.06281930763811,1.2326988716855,1.20996238633127,0.876753408751066,0.202991805637946,0.554767403130185,1.19610262631889
0.874722259596406,1.97287389834805,1.81487991472689,1.59096858405343,1.23642241605132,1.97111113810837,1.74484299670395,1.74527420041195,1.35544361400717,0.70620475526645,0.948075326513692,1.08748908307012,2.09723864668972,1.70929509113413,1.41890928474466,0.72234464910342,0.939742300351438,1.104894086115,1.24496399140463,1.70220764056592,1.5178955863226,0.53133340263593,0.573252218501769,1.81030919809934,1.66937263980343,1.0511477884293,1.30434004512833,0.280092002735248,1.70906802387437,0.500459732562504
1.28484507872406,0.43413598654885,3.05690031737608,2.88434069991821,3.14675146486618,6.03236495329482,4.09151952021615,0.474883405106138,2.21462201400107,0.110191932810713,4.96993670122032,3.98167465071588,0.226156564030288,4.61458557827192,3.55667108164831,1.96920738862503,0.991262282552588,6.27777204818267,4.11024227816591,5.66808443047097,2.82648674801711,1.00778186284131,1.60033047107449,0.559712593009216,1.93229786591377,2.39258820251424,2.47073423926764,1.8122490334221,0.071507020359264,0.525758834787582
0.290011594277714,1.24732462937296,0.571720781410769,0.626497462648244,0.771997240563749,0.136969568178378,0.149653903425392,0.342486018395511,0.686266417912113,0.0352499200611053,3.05145401116417,0.41351100500147,1.12178173699226,0.103578292962097,0.0159444824394278,0.115379081895338,2.14584611760298,2.86900690905206,0.652631038721279,0.872047514362993,2.15417015311759,0.571717731591051,0.0348776564320328,1.34840785593759,0.0373532272638724,0.326543402331564,1.1853996925056,1.7108037896109,0.099699927395893,1.57579500622393
0.548242096368053,0.0443911023012383,1.32799258396241,0.764839111173795,0.316538858547078,1.297195508386,1.01266933086946,0.962944316705897,0.53485572182385,0.482195475906854,1.09722794874941,0.685541499424659,0.466636149842279,1.35556087975689,0.803730298894021,0.673231475563667,0.0500268033736042,0.64794448092018,0.777928125213131,1.11913429165492,0.72344117106931,0.206415185227142,0.669438850792708,1.62298573053185,0.745269438251241,1.01984613290801,0.154383078065367,0.286875656693087,0.387570733761745,0.194957746230282
0.0287058031606205,0.303954506158685,0.155978584091252,0.154927025735463,0.0329592901604877,0.157905086587891,0.205661561063847,0.242947146958282,0.167310207869768,0.136982140717067,0.232121343496449,0.531858916349428,0.325510054964062,0.184973669458136,0.494290144916868,0.37672385992377,0.648965978617342,0.619107356617048,0.0558447806312066,0.431445961227581,0.85945242680544,1.0388894964081,0.225114663964744,1.87695182993181,1.10609446927761,0.297528530095377,1.09652209431635,0.611442296584025,1.18338193574898,0.0385606663796018
1.8676844972479,1.51775675312412,1.86924860970648,1.61388002593522,0.538413212905902,2.15796443741894,1.68349842934422,1.60196164787304,1.4184005110353,1.28388119230725,1.3004741691199,1.28112595854919,1.05146920093687,1.47233665846736,1.54853491271207,0.957361769910279,0.994516380844501,1.1743656458999,1.42335169364285,1.41951279047008,1.67998943224684,1.12616906155303,0.919323558248726,1.48163607504823,1.86202572596069,1.65525159246231,1.64614432550944,1.62506257692352,1.80983633011148,0.470561309309435
0.137470600976354,0.325872829626515,0.331506710579189,0.214014372855937,0.156706708837224,0.0320300262994835,0.251047508920865,0.192874446910797,0.0750035268054816,0.418134443448994,0.631540597409577,0.105866161572334,0.00711657427466922,0.427923217288427,0.136613064276933,0.067900350983579,0.417889138353847,0.0303961765616765,0.210877708553764,0.599368910603542,0.0827519226616614,0.701658222967454,0.140824233065766,1.55112431411535,0.644539543886107,0.672829543560926,1.08431791906463,0.056811551165582,0.269809409376974,0.916861900677869
0.691597520383509,0.181907794693957,2.0556249412925,1.50618265872092,0.339160142910807,2.24263217121711,1.57377223748987,1.5127048265753,0.931840760433106,0.588686835450202,0.0564763320107014,1.12755839074361,0.662686416786391,1.8008351073977,1.35844912871143,1.04616177719761,0.316689443987453,0.375194124927924,1.37299475782083,1.62291280688923,0.921157853758768,0.123136063564359,0.323465927912778,1.5300514103775,0.938033136450581,0.775951800356151,1.15684848846669,1.09211972289412,0.468757212492375,0.0212984829382615
0.695817938878738,0.918247145407527,1.66625316452001,1.23873946756298,0.76341707453494,1.99513253762748,1.31848165723173,1.29298673992822,1.00318925406507,0.283462155219949,0.47045178992494,1.13973199871475,1.09400010122357,1.75774698845041,1.27895605426272,1.05329513576597,0.584880802594084,0.411870467357561,1.14766697567957,1.68963413128818,0.745531399312143,0.418693382137463,0.240694682309209,1.14723951738013,0.941617327773827,0.82815252529344,1.19900578637905,0.404642141139239,0.568053047272672,0.107860383083534
0.627617731865532,0.186448092194364,1.83450636715922,1.1816750281959,0.293190051370183,2.15922518239897,1.25237268200124,1.50425702920563,0.846397255101306,0.674370461819,0.430259051968755,1.29516689600071,1.25507184642586,2.12270425626858,1.60464608056804,1.07595733150165,0.284201656538121,0.656326147056577,0.820523243324797,1.96127659033352,0.53655485830712,0.0946781655215817,0.172978908999178,0.863134440460856,0.800382208861592,1.45331191904659,0.142466189160224,0.373662517362032,0.60157377312662,0.576674445355942
0.252621959924734,0.715658945190103,0.697148199556325,0.657681085132684,0.110383934027013,0.537111476236096,0.61248641236397,0.464250929608959,0.28086174013925,0.0935995605004769,0.0381109782539551,0.631952144472209,0.16516100424187,0.56889922289153,0.359394779495568,0.123469613926191,0.188871932589211,0.853135258882974,0.432496823211746,0.705529663588812,0.147655330194995,0.665421153387681,0.495666964960291,0.916554681998547,0.100871066511777,0.606426762975998,0.236682532922786,0.0492031442670992,1.27274480420388,0.431043865975738
0.413042322705981,0.376518077498213,0.61743737804222,0.185284951874375,0.282263463681808,0.798100474033113,0.305785287700707,0.713541124220034,0.14721769418822,0.647402961442402,0.471331656499388,0.322388004702116,0.945070696946668,0.422173064297996,0.624213956520136,0.544985632492456,0.831880251869112,0.134186980768152,0.186196573041038,0.0986200119892442,1.27666677677112,0.531372862532498,0.531327457639472,0.417998443741956,0.133136859158522,1.31343113614881,0.855925924374442,0.213158343640393,0.984606533023504,0.0415323227002108
0.0204077295381925,0.0377598361590983,1.85304244554734,1.26007722109107,0.31499601243441,2.20016158610967,1.28829648883868,1.37753413838237,0.880908972729337,0.736201397234472,0.219759734855711,1.16964286196871,0.764313327662894,2.22466863742072,1.4985274303399,1.44603511089926,0.592828925396842,1.26153276013274,0.914152688174447,1.75258777355656,0.680695328438528,0.251088376868249,0.302580213257677,0.695781095518928,0.602313626056032,0.920838415879594,0.0831541318506301,0.442784586042937,0.534950864619278,0.601256054791491
0.640281876281079,1.27177689045697,1.55090670695737,1.88179382757292,0.383182101874316,2.32558319739216,1.7911069807982,1.82103641465543,1.23053729729901,0.658734159348913,0.547099152209641,1.68625916287791,0.967214653904682,2.06318139352142,1.70523810503781,1.2442592516935,0.829075084402721,0.938498927673482,1.41683396956085,2.10310851262526,1.40651908975833,1.00622230650404,0.13947048717771,2.00613055759284,1.02556054273477,1.18497203140744,1.38885064880062,0.64740660959288,0.78725216090776,0.365440638543296
0.127293009689096,0.261042849070186,1.30459652873092,1.18801525257284,0.012156572750001,1.73348579209103,1.13689898756507,1.1903710664475,0.951489521854423,0.541337045354204,0.277001165170562,1.02058493768157,0.731312248305999,1.7414371178525,1.23094623404139,1.04288744125952,0.459678256732369,0.532235814433409,0.607755028284841,1.48477866188795,0.727334369448672,0.0342437305986503,0.0887162167308035,1.70686531082772,1.43758038666113,1.44161439749232,0.33595903466814,0.849773686825891,0.314441834870378,0.859422519734397
0.652773921203579,0.839096389973035,1.5909101255279,1.48158386331919,0.0961989448133696,2.1939818452518,1.59027144992386,1.71354690200581,0.898719791079754,0.779161815671644,0.444250915962723,1.56798639341718,0.89003577658842,1.82104587683401,1.45395019692742,0.964526291850683,0.83690399840783,0.840503711675773,1.04385623770619,1.74666164100578,1.41163083515805,0.661639076741545,0.135699031236796,1.2983284047847,1.16724252523933,1.6083065208438,1.13789549838995,0.958596674109075,0.447851216820722,0.291532399076969
0.254595587374284,0.371344287865431,1.53594011993257,1.2574015134847,0.072117462749949,2.11187158374953,1.3860136092569,1.56683679512065,0.793068106655023,0.733997908940683,0.412540822675481,1.24447612359463,1.10039877147438,1.77480414901148,1.33880942167704,0.923842411285557,0.796520860787825,0.42239986994561,0.802138888679031,1.56063473641741,1.05571448974405,0.444381009369643,0.136583674197241,1.24591193877398,0.829425330522472,1.62605546940425,0.80819879250422,0.817888910608722,0.160502707345795,0.102458564106058
0.351477650451583,1.1164711559151,1.34645940008444,1.24459321777349,0.0167811596037678,1.67271887703942,1.3669587622333,1.60114662107821,1.03114884160589,0.507744814695088,0.774589566474272,1.34919678428187,0.948339662369128,1.34167211157131,1.02389209778792,0.742354373697342,0.8069585762126,0.170755084650401,0.910213519153093,1.25697480659059,1.33619828294097,0.725109700787034,0.159280008263332,1.74931753450016,1.13901359545076,1.2178340618016,1.09115084164067,0.906591597537422,0.52971538208257,0.448005462524397
0.549081731163419,1.19210723251048,1.99719654760302,1.83296680231552,0.379364573664433,2.24145675418614,1.99974952518535,2.15489692326252,1.31496359133326,0.927598799520726,0.680604255700278,1.85901370542483,1.83695170015082,2.16253583766835,1.7520971109611,0.790701611581515,1.55409012176062,1.14488316586037,1.36589035319183,2.32758543082469,1.83082304268874,0.821263357624837,0.243426058777458,1.48868721202042,1.0232382230419,1.73782649945247,1.38456849281646,1.21369231802779,0.734685119237118,0.44312550102432
0.950280814922122,1.3297429184454,1.85994596360034,1.28023049946135,0.0526056049756201,2.16741011281337,1.52430361157719,1.78647659479322,1.30576456403764,0.957802400937137,0.958357128658374,1.37745722624136,1.26363504065221,1.30648858528251,1.41154130598499,0.282578896661652,1.22788466027194,1.15311983858696,1.10849197746545,1.40539928328023,1.66312567341526,1.01619502152213,0.0982662285447673,1.54825540478451,1.09152787354915,1.47653107213616,1.49018187569109,1.38826600639965,1.05874064674164,0.185305910386359
0.104626566142642,0.0208397496122257,1.09442051708528,0.891249845895525,0.111386048242204,1.63426267159039,0.965538519379589,0.993241097492006,0.324334390250197,0.234509704216748,0.342497185804613,1.08866403777762,1.09118031232741,0.942757429505329,1.11191451687863,0.29833361293672,0.130376147661532,0.021090321847195,0.795010713685106,1.07579786235181,0.138277187543319,0.165504058212784,0.503175809083189,0.438774575569167,0.331207984031104,0.517964512961331,0.0446579626420653,0.437732097413357,0.681717836318887,0.139836568546393
0.308422196388278,0.382381642100481,1.3328883151396,1.30784459223482,0.24836824164632,1.40980468132226,1.18052795056779,1.36040482176712,0.681973887841345,0.677995407307779,0.0143926266069796,1.67426314959387,1.04880635739707,1.43610129324157,1.44743860267253,0.748909899040214,0.913527102491973,0.0749691267590327,1.02032260411313,1.7539775235605,1.22118541518174,0.604357928915324,0.0183574059741806,1.55548910115764,1.22787630567533,1.53106401277853,1.33087827151157,0.885785694812843,0.988765443826692,0.154245221536895
0.702484963155307,0.470504450338892,1.1481794497665,1.29272513071784,0.193321197856795,1.39457244747905,1.10633456420931,1.2177443752004,0.858943034237177,0.809962753162941,0.250196972432053,1.53064514962664,0.938781143105829,1.34560122008037,1.30867728368663,0.608487376218047,0.69337007247379,0.292935214277194,1.01609453289992,1.57081088202848,1.36937443218355,0.476652121884533,0.0724418489848864,1.83248211304449,1.40921625402743,1.12262707405496,1.0441573707693,0.544899051089017,0.760626092514075,0.603918208103508
3.79777973125435,2.58845353940112,1.53799380068133,0.295300317311981,3.11687979244398,3.11568615289796,2.0763109723132,2.16696273651586,1.06528271839824,1.97084923846988,1.25401019830775,0.969253318018108,1.0920014281756,1.97555136098582,1.25524882919534,1.51219460590324,2.94154790919467,1.98541185721149,2.30634705743192,1.64691439673516,2.85861289648172,2.33962359677822,1.56436654490781,0.548690130550112,1.73864005204114,1.21104465486027,3.46662968708169,2.32034646853074,4.95713224325618,0.438360390817572
2.64683647486133,3.1729736302282,2.29038144043411,1.72395960222738,1.14185325078772,3.46877401447453,2.26103425176438,2.90346984666181,2.3082429020793,3.14909858043786,1.47462811049963,1.51554574891677,2.31571128337379,0.393441028874153,1.97323145571849,1.05380890713264,1.09563707075599,2.9256529923505,3.51300445135804,0.977108797271006,3.05292083881931,3.47326974867368,0.462290277972898,4.19174891684145,0.783803708396115,0.583149905588114,3.83055945459086,2.11000268054663,3.54024842701875,0.968691592503102
10.6812061894018,17.2362301826791,44.0044624981075,39.7901477232197,36.9555697440172,36.9457706245139,46.6777499979746,50.711537217984,42.627556423194,26.5685489230075,12.8960010581307,22.2003162704421,27.5208208855209,43.235347896013,38.5172946424568,26.4080159445686,51.283693182424,41.0428607911572,35.9879538944582,33.1038853139607,46.1277515062143,31.8620649774221,22.5688210838984,26.084333949935,8.5045867804622,39.504473087535,72.2804876450939,46.7073108244024,73.7615114090965,5.26337003996342
0.943907513858662,1.21959901385235,0.40056196361243,0.99906659188362,1.29378327042022,1.09242381845645,0.861083902282847,0.744671777161151,0.120654273068234,0.412162319988358,0.770422744485015,0.917726937361332,2.07753041102322,1.9768672434182,0.660542046717763,1.87150139565755,0.85752367478995,1.12371751203539,0.441039403492141,1.36175904390183,1.63245628066015,0.814705216361928,0.323611862183657,2.64830187528554,0.132970088302992,0.733036022399822,1.56900572479667,2.64132712787361,2.05997844762425,0.0638479493321065
0.141126759694265,7.41471329738542,11.946701221813,5.81772390412171,1.47968472624415,10.7445592273804,6.05755383830699,7.58181014974547,4.3228204588112,2.26568968840659,0.563887290703084,3.67044190962855,10.6527746681677,3.80450441790851,6.07185831417858,3.66748393578473,3.20782629565075,1.42020038855922,6.75836582012625,3.23287766170877,8.99257428865747,1.45440699720629,1.17812804281547,3.75481028819316,3.10955821752401,6.79208645499325,3.58752235303706,5.37016451797982,6.56468508277533,6.67165350609842
0.703842476583672,0.93289061752884,1.21623852305682,1.49199914794468,0.177508151692965,1.03445573811017,1.23384657263933,1.20389707669953,1.21389087327707,0.791085362781958,0.943168414803716,1.4886523890167,1.4973853476397,1.25162752652288,1.38162070923528,0.67273812928263,0.58157273658763,1.17878750309887,1.20023013711009,1.5670699362304,0.849597526042705,0.726766560708796,0.619769290931971,1.34524159344201,0.855012901328787,1.31590150582276,1.39879546533369,0.724476276262075,0.560098873691206,0.396029516755208
0.523826233860646,1.29301756910971,0.408730494279461,1.32645836563662,0.368596025224848,1.68189579191805,1.35401265590155,1.6566454808873,1.06395399622786,0.809714577384233,1.38344760639127,0.804323793729856,1.50241251225614,0.834791321460426,1.18726757681028,0.995872141592507,0.118212554282069,0.960959161967544,1.30791573670347,0.731079048066971,0.606550541375418,1.69458001242687,1.62416917923986,0.708279041593341,0.459632914176345,0.934285541566019,1.81826395801373,0.428965072116363,0.624079949990749,0.839183278695596
0.323360565142386,1.02086541234946,1.03272762742613,1.4327653192103,0.212507856891236,1.09373357948628,1.19121102729421,1.32485983117772,0.926431591072711,0.823487740582738,0.445819186097194,1.19795856122897,1.25789969484788,1.2966104031749,1.24948034789244,0.883968454413182,0.37473599122404,0.767022548574443,1.0056731781815,1.48207437395963,0.850722738957542,0.994503449576694,1.01259526190847,0.936302367898758,0.54333784392272,1.46147781882838,1.58872069476975,0.476316940314681,0.940286624256596,0.091807113829971
1.44528134253375,0.225080456201009,1.49826752679491,0.39941109546611,0.632098515125918,0.365745854836139,0.58709950315635,0.79899852904693,0.20079843582184,1.07914078067955,1.06575461057249,0.0287662322795392,1.6250974167033,1.0426528256739,1.29092497331812,0.995983753918887,0.616822625428378,1.06743823178905,0.599826492890644,0.99520473520602,0.987561520701874,0.0179474753256747,0.709033997810547,1.6666705369483,0.0178199037089119,2.13976771384303,1.61926665341504,0.822393836156282,1.64696207997088,0.501874197131294
1.18036832843152,0.958574106828695,0.329544725223872,0.878130614863268,0.450934278323317,0.179603314306513,0.455339925020417,0.174781483450892,1.32753116036571,1.22405965136053,0.703369619025095,0.684544086896079,0.567149395388959,0.204098928970011,0.745741572840458,0.733798739168379,0.00145343611881054,0.583184968234782,0.970443999272971,0.216461503522722,1.03247627420605,0.591053778032925,0.716549499522063,1.63802856030691,0.0857887174130018,1.39097043512274,0.823282564467068,0.423813424032861,0.41873231987068,0.772945258958834
2.66372015347864,0.27802210679669,0.72935232358674,0.36297712390161,1.26998358631652,0.163606754080381,0.856624840514349,1.71151022646762,1.10274786883526,0.508129142807239,1.05012308268863,0.586537040329762,1.47903810475138,1.68793471562389,1.42060725106069,1.21374165321441,0.886548811422274,0.63352576581963,1.20399707573656,1.30144879150606,2.31625093517165,0.522028408413346,0.561807856567168,0.191558074244578,0.503916273267639,1.94598535058636,3.44467095760399,1.43612321131041,3.00895620476886,0.334308147951025
0.107338441318596,1.43919590708921,1.23221642445787,1.39397194525415,1.67729524636749,1.24741796239381,1.17199813267089,1.35398077019826,0.445658402165456,0.212932722455121,0.443420224676734,1.39825170058403,1.31190277150487,1.11098145245474,0.797285346244828,0.584233069220901,0.0311528721334809,0.789736267373729,0.796589264646207,1.30469389046798,0.0565980237255971,0.357146995666265,1.23532419468897,1.18276280411657,0.428946700405866,0.0110310065935066,0.219501801757326,0.213344236511861,0.557534266962976,0.918044970081202
1.64135484603253,1.71605091336974,0.731073855727415,1.70665290081859,0.124967543002115,2.26168351884784,1.69537339191829,2.23795472514572,1.55763147384568,0.652213066349589,0.852417774964404,1.8300780079807,1.90716518258543,1.67687373670272,1.457500544911,0.972257137082462,0.68469462037431,1.45885743073552,1.23838207021647,1.54169979705612,1.13228634567292,1.64224492547379,1.71571217566711,1.12330678204791,0.967388456692685,1.66724030243967,1.21000897222874,1.4317294717893,1.09728034728677,0.0882588670868881
2.21037607723353,0.124489676300663,0.897083896652932,1.17219205199308,1.32436933087717,0.826882351390306,1.34165289170013,2.07382162340154,0.128522174646682,0.830264709807213,1.14919618330229,0.466595281903591,0.922953155053207,1.08763462492186,0.776976503345492,0.724669471969364,1.12612891112595,1.25476234828288,0.714262291241889,0.998421294990473,1.53411123292385,1.75649642702929,1.20606404454472,0.704422443357031,0.0496699721415525,0.784733524261763,1.3445613273809,2.24978109925314,0.684345980799312,0.562676087261044
0.197237519316161,1.04484689839067,0.151004849745312,0.720508767913877,0.798590259953469,0.558908210343027,0.452188807640682,0.592785224478565,0.818726490430338,0.274518097150328,0.265347403905661,0.110805141514667,1.30754206066756,0.10812095584957,0.233565635278963,0.0302101768797698,0.13428087815352,0.106718036993258,0.153065938954317,0.0777119503456058,0.575003617508515,1.53900020573149,1.04713620252663,1.35556796695623,0.830514567834867,0.837038183944991,0.432329495954768,1.38081337104207,0.89223727546265,0.418557584698092
1.26085275322125,1.58594151349436,0.553728914348267,1.06851408973167,0.399655345367718,1.21269906074286,0.949288909161258,1.55658005462004,1.29073809623055,0.819081689994003,0.600932753676764,1.25030006779964,1.7627014080655,1.50714702839306,0.780829198719446,0.856268046806393,0.915503563598296,1.13884696961217,0.837783170287744,1.33934755937617,1.25692630283484,1.68692851337287,1.02808741827105,1.30961071641808,0.999328806800458,1.57842742451226,1.65642512821469,1.33163001639005,1.320779464774,0.113754543629925
3.99327371077556,3.35218942273438,2.28565638678328,0.357753723748186,3.08658583245895,0.402895887130342,1.67862487040384,2.85237164705854,2.66288717491455,4.02908244665632,3.91858010311171,1.30383076564119,0.333642137328837,1.3274953678872,1.13429889082495,0.449791047976063,0.53286583666956,1.96564346630312,0.54875536916226,1.7208733896943,4.17041637361358,1.21697923134151,2.86430318002237,0.791504579239845,1.86044430976792,4.55414482925366,6.32752918239774,2.95986836937593,5.59793332776021,2.99219067876144
0.186637224897939,0.552700385302524,0.454024042746659,0.583654384096307,0.635858473676904,0.0693005513660607,0.455797413404738,0.292363517078288,0.0807080438202737,0.0144272870551771,0.808742383030838,0.187923975051546,0.219494673978982,0.382136211177674,0.510981398328387,0.303093224089993,0.32609565848371,0.72802266894144,0.337755388901435,0.655977997873674,0.504416756763817,0.284526401112503,0.0344780309797624,1.52366318299631,1.18668580120737,0.844128092208726,0.306704970274127,0.157105546863598,0.564455805131492,0.0947324806466154
1.26246160975796,1.3602566087464,0.917334653393228,0.759744904994393,0.608204589333855,1.77202454852648,1.0369113729131,1.53508712104325,0.681677756891889,1.03714500240027,0.959220124218348,1.33208732105678,1.27944019087238,1.16699437195249,0.81544983729871,0.809333249264309,0.679535130566325,0.756972455352581,1.03719067543457,0.966039979588076,1.50893724593016,0.974988070246718,1.04220227352546,1.71131243286293,1.36639373379005,2.08833878412865,1.63224133280926,1.96368530791013,1.40763061122174,0.349938512034271
1.83405739648352,1.56266788010425,0.572317619109284,0.338163484366977,0.685562059532734,0.417485721929675,0.114033164194256,0.241835679011674,0.0997625789998712,1.11395155406112,0.856709731154131,0.898522174625427,1.24302072134815,0.440612296158369,0.17747876262583,0.338521480182163,0.157527774851042,0.687426987521747,0.254821729244318,0.374834928532519,2.15725575211036,0.0278397359000437,0.675843664054276,2.29541390706793,2.06709048268112,0.802297856438736,1.30983377761059,1.30846646809088,1.93589711186394,0.955195978089954
1.30765792112568,1.03192969004293,0.000605613315785031,0.403676416960245,1.35614092274158,1.30442892491503,0.747302605664499,0.634941140635286,0.675034196105965,0.629654236201556,0.777591072073267,0.575408814920205,1.87658297797457,0.220791483582365,0.176795208491586,0.036928790099961,1.09139045930189,0.0858802084477159,0.972650601349872,0.117858465808015,1.18632615071962,1.3685040099671,1.49117140092292,1.68917688768838,1.24019233708265,1.40268936109706,1.97185270367299,2.16005420314835,2.03067877213694,0.229615376846911
1.25372792465792,0.682440703620778,0.502974189314039,0.424795264514417,1.93973292459106,0.318509654847384,0.192589345692244,0.319543817398029,0.553881928375431,0.522712870020875,1.43733878235218,0.255187062642136,1.40510687572763,0.705825167502361,0.00483828226647064,0.171676849142257,0.0114898117083665,0.268076412859503,0.0858575518945101,0.606073370651112,1.07790168266752,0.0716791204414798,0.479581648363875,1.54211805305071,0.821490764704127,1.77705441797178,1.03503878974177,0.55807974920296,1.59715685472872,0.255220857583794
1.54822046869066,1.07495794902002,1.21445377255991,0.709323189018432,0.77257624263516,1.06139830356849,0.77019766391674,1.12542172669088,0.881796090835732,0.719270322871259,1.23955579613539,1.60024969696109,1.03636638274099,0.974189191045906,0.66904031971981,0.495864535504872,0.901581488621418,0.271138030252686,1.15688614377279,1.2140912325009,1.29906886876489,1.0430109440462,0.167824758221219,1.5601556607161,1.76015229161534,1.74751621936065,1.30903868944409,1.34816147731787,1.67920523991231,0.393074840204009
2.51253097299702,1.1974472168803,1.37035225025457,0.327198008374316,1.51851779878235,0.601734576360247,0.404290429169528,0.211567015916503,0.570624060871607,1.17028412052684,1.37391687983799,0.447823122501544,1.3492526541523,0.519656921920225,0.100657827394041,0.124196276003775,1.60485491291317,0.204009768183864,0.798003948038937,0.14049693336076,1.93660777141793,1.36828549199608,0.797246580297069,1.92299208011567,1.93184852278836,1.57838101999318,1.84517711695638,2.14095185089084,2.58841786738002,0.713749111102008
1.21526822284228,1.198755849197,0.841505795302938,0.877251727638921,0.418162029753487,1.1518188297808,0.88228560557944,1.26138897527375,0.744704349095164,1.11191005239878,0.789735334845685,1.25081609136169,1.14082047268986,1.6360447924531,1.2239612992919,0.833585286082616,1.23808092600064,1.03450136158849,0.750405905025044,1.2735987534321,0.899015303300596,1.40375518148382,0.702531344989576,0.853514767163065,1.19007214981751,1.37598709106822,1.40559751562723,1.60268603102733,1.57907579876583,0.146995607953145
0.648323712467771,0.990242975744904,0.181018976723575,2.85050748912565,0.365917151372054,2.62372227810832,2.33118969488353,2.73649720818974,2.72565869690432,1.48311393726871,0.967019562693146,3.51726462308897,1.56801916304121,2.9560564956072,2.25574052789651,1.53825845729431,0.622414877624289,3.60309629844798,1.43671787440382,2.83602637279206,2.09988706280596,2.2115612895095,0.824807858350746,2.21610807314507,1.01982726438073,1.72660596547089,1.65696751730901,0.271603436228711,1.59316878764417,1.77164361975007
2.83288936842379,0.899204771473482,0.77375770123419,0.28967023226171,0.554456180193003,0.212073603149646,0.0103293055647601,0.419514762172886,0.619059564366649,0.618358711239824,0.672663705728131,0.216160194791554,1.76000891628441,0.309969402619614,0.815505451176135,0.129373692708264,1.56566764997397,0.46295807282859,0.16194152569984,0.381160848952559,1.7111728233712,1.12510928416521,0.961989600451768,1.9239049013832,2.20011518942486,1.11998024796193,1.23870058518533,1.74505767514987,2.11798641994131,0.685962888355364
1.5562527500769,1.02939937951372,0.560910333539507,0.759675976544548,0.34044643674185,0.781244302681564,0.811613988384054,1.0366028480631,0.924468719519539,0.570190018582891,0.539293882721076,0.81720420984236,1.26157492478256,1.57040210240636,1.23020343456755,0.770278543455629,0.932101766875901,0.862747701501802,0.683657578895031,1.39165981767188,1.18640329406259,1.20555812139619,0.222813597431699,1.58089077139122,1.37658261602673,1.80432281694412,1.45218365240488,1.40285530421367,1.6627325272751,0.647310687448747
1.18372428011027,0.462404503825261,0.158166640802795,0.430478001500343,0.241131279863512,0.187425039018074,0.292364164565663,0.041119927597298,0.0129733654054727,0.385789570040554,0.718390061082584,0.167530576166371,0.55111020289325,0.400192869873471,0.12111802172996,0.130450098157345,0.278921836442312,0.354263954621732,0.278323402783906,0.681550819953654,1.04791368224615,0.253470676944605,0.406533410381176,2.40541611655077,2.09224214123456,0.537670433891578,0.380000069464781,0.429109405106764,0.286020187086549,0.797712471332805
0.493263293436004,0.412465436857311,0.250043946385541,0.238418474734971,0.235597302940641,0.507739285850115,0.0556799849997634,0.0637799481411142,0.353338569416144,0.210556902032181,0.224252180521867,0.534214381084703,0.0860644764130424,0.300415932270553,0.332961776887708,0.151393135071539,1.07786020518655,0.670501118918932,0.136133395888049,0.442953415281128,0.711691197391093,0.9482168182428,0.837307163564124,1.1810362588504,0.625896397323622,1.09876171409091,0.852216547581116,0.471505241736187,0.896286675960304,0.885438766531177
0.86112233771797,0.973069984024768,0.241816015540575,0.350448519906857,0.0784305466384756,0.277311377976978,0.397045900500447,0.861264385285006,0.766907280854469,0.0589440135794521,0.507175879679305,0.87321979528216,1.05243624277759,1.05538061401,0.747385950978732,0.292206577467662,1.03222202479235,0.654355157875105,0.3710620251478,0.859085396953188,0.616731405960872,1.41766318780954,0.372701261801581,1.18894751146493,1.1267926459653,1.56788065141662,1.21605608785444,0.946310792770437,1.23834167786517,0.68360806665414
1.31083628227041,0.70678043204113,0.193412384611807,0.379346562389376,0.301244104745822,0.132376733218781,0.187126754175607,0.024842050656225,0.763822716232346,0.337123642970111,0.830089178734651,0.00042685998518146,0.341421080356449,0.461311126090531,0.44510695691089,0.0407427031212897,0.897029652846947,0.208165915323859,0.0521902566543622,0.485994838779683,1.22961975578322,0.244523968779286,0.66393300589861,2.05910125579064,2.25039434828309,0.177308160714256,0.367069507592775,0.410045528802456,0.148518367337218,0.251648088320836
1.34056501994644,1.3430639922147,0.472037921226304,0.699015203080532,0.228488749492806,0.0208087311010658,0.784006533788801,0.762062634896404,0.969718140165078,0.00302218546744658,0.300103966432795,0.853635148322157,0.907788007425629,1.02215000319809,0.68992705015385,0.127026581248804,1.17325706645953,0.386734668550943,0.421216618952864,0.9397307495021,0.916373464008536,1.54380096960083,0.117037494750436,1.436620620852,1.47782160020501,1.82962773150785,1.16443409476754,1.17374616312434,1.25909702896347,0.953117927427776
0.269563245239223,0.689614163710547,0.944477872216769,0.0355610383449571,0.0675024312585424,0.623615945569295,0.0953963817045723,0.145251443158451,0.209065316212002,0.191035130921555,0.28603033513363,0.390821104057017,0.819197249567526,0.896246128121299,0.594644720404494,0.0870287437404608,1.23233714491589,0.472720290647094,0.476450550081211,1.03535219010634,1.49168116393881,0.989982734512677,0.701961041346578,0.999083444595838,0.750819815223307,1.88315077405813,0.55027702442499,0.852749532858917,0.888975123920268,1.47759171829567
1.38997142326384,1.06888068705809,0.451366396009739,0.735891126502296,0.142011005009677,0.338524986479518,0.826492724353286,0.401496663991321,0.570328491165434,0.175864770734306,0.0731909832783452,0.81195442898316,0.625183700965153,1.08191449640011,0.783830872412336,0.30998823032471,1.2676221457433,0.282676948002148,0.258251769206626,0.950756987377766,0.466923786455206,1.25823035923454,0.413643302140684,1.05461840634779,1.08384936403522,1.26608556949005,1.0061353938874,1.34572297946634,0.675393970305889,1.02692497432306
0.513945449649577,1.61642887768273,0.454932613870577,0.724747319724111,0.101265487597316,0.253599716691588,0.684722134079952,0.883284857897452,0.633386855332403,0.0801491494336072,0.415072338593847,1.05905396711844,1.68626051976382,1.16853627925264,0.858383546199422,0.288751663833247,1.34377991947088,0.531089570038416,0.492573359452764,0.637254074550347,1.02895253931866,1.20045221003427,0.0946410797839461,1.29972786011827,1.64380891812715,0.874350855406576,0.828671872977056,1.00887150804657,1.05863132230984,0.858057339887213
2.29181170499128,0.031221804629866,0.587465179674902,0.585154961329628,0.310715586977226,0.226764385393856,0.778802593712967,0.0801404859262992,0.678807553257366,0.323715304808582,0.219108693473155,0.307846059900914,0.409684953002236,0.0651033045819402,0.0837905473535177,0.0724479249967371,1.14853153364676,0.17685770483608,0.144838465752632,0.186914871993828,1.02487472698796,1.27083374448182,0.808387492865604,1.34318204303231,1.89957365560959,0.424945095059349,0.695464820365914,1.06202558111245,0.515162629086415,1.01107909371855
1.96440473897887,2.12279203318098,0.985378369320487,1.40504418698422,0.63849526583053,1.14512499317667,1.51797976427937,1.40297335477638,1.22587688534367,0.823963747105484,1.02678039554504,2.02287807292046,1.6109887062879,1.90555407145536,1.58542816921899,0.892064116142926,1.96728480049438,1.40454084380243,0.961711368481216,1.8381675899226,1.06712354113416,1.82874938788926,1.34400644838492,1.23959992244961,1.43102277895422,1.36450520065101,1.74818557481216,1.36686392096481,1.74893042468525,1.10375334876675
13.6595743312373,8.63574524002409,3.54172288857492,11.31605825264,8.78357950486618,8.70406602824415,9.88820367010286,5.27280101837611,1.20550460346848,10.0229086164466,8.5679468352917,9.74905195831434,4.92175811968891,10.3693989855261,8.0027700331618,5.34922505351675,8.15723872703838,7.92697084534118,6.74782819882398,10.1613896083811,1.18300064725645,0.481269593022901,6.36305488321347,0.995904417681801,4.70313148953088,3.38461479776814,0.289089961326194,5.20965193793027,3.77650680192936,7.31521693716337
2.63099681625453,1.94375818335012,1.29356474767215,1.55778550521845,1.48870799333962,1.63893843267061,1.62595796912329,1.4617331724051,1.22283583801806,0.851181893564425,1.47354799350828,1.98082730354934,2.25283273970542,2.46173084894092,1.8168626833393,0.6303092351251,1.62025537025666,2.10628172379839,1.09718483001054,2.21766786716363,1.58637479110824,1.80296593534388,1.20297750750978,0.762837937568699,1.15245809474062,1.61990443041229,1.78928231439225,1.4799972430573,1.49947968466442,0.594376555537317
2.01117989970808,1.79966953886226,1.13520611351774,1.51259428990361,1.34961704424054,1.66062335692179,1.67790510492435,1.88599783124818,1.69687318039973,0.810637792988889,1.56453671331987,1.91844164080943,2.36527832133889,2.25225921801541,1.66162831309986,0.618216002725648,1.14491003817558,1.91740369495521,0.980745396819437,1.8178655513261,1.49006628069749,1.86887882919385,0.970084320333302,0.790448166755705,1.36695097713738,1.66094420540817,1.74575914565619,1.68606899460651,1.42924271750965,0.91508072021083
0.153223322158049,1.11870305952926,0.667347794153506,0.520790382170774,0.112154007560155,0.368654575420805,0.284742853966958,0.027486578550235,0.517512538998845,0.119398634434789,0.105639241205102,0.616872997345979,0.983387687002167,0.271761062952017,0.125483766124862,0.143017200391809,0.845824668647062,1.31072754432194,0.00710663524925036,0.689377367042219,0.155439029876371,0.00493523953940484,0.332611275194639,0.0318773215312547,0.664642605089266,0.742513342189792,0.134831400799442,1.03843302170164,0.772223080781502,0.568285908208559
1.72114909594487,1.36409506950437,0.929635581446274,0.925810603993756,1.34780933661692,0.889046918539326,1.2947601195977,1.21965694011644,0.80322103966163,0.09092208898464,1.59607866858378,1.00356401085958,1.27714553766357,1.99183915663833,1.16584011490938,0.270387622238268,1.03896701223293,1.31975108063801,1.06462254779483,1.65993206863249,1.62413098534068,1.4690859916068,1.12891105559829,0.912053201435549,0.612543989416608,0.624494966536307,1.66117380536787,1.46273317520714,0.964625692356291,1.40388766883212
0.14874138726225,0.366333281685211,0.688843675582105,0.569696845299431,0.209550865484399,0.0254523214673141,0.391808888415203,0.182628799725592,0.843854650145562,0.274749119411182,0.421785635877831,0.0325818279232254,1.47201656172241,0.596476826579192,0.240684166162992,0.0581035530966309,0.00647380946855555,1.00480462792588,0.0412419714523288,0.415995101944933,0.873905865048107,1.06578414281683,0.0224671988183683,1.32687667038547,1.22367542881218,0.509720815423914,0.682615231192542,0.673355446350369,0.250845590712789,0.352909923603344
0.523217974307082,0.702014670041408,0.573061197872853,0.396818024878343,0.129811038166762,0.0772437602719674,0.177130919809908,0.268521172109069,0.516110611786182,0.0359693317675538,1.44421336021492,0.567748861191156,0.640759160981313,0.31101161434645,0.177556306532083,0.197949060585933,0.77338968479825,0.345056874815299,0.22336023887514,0.146901102323927,0.672630981832351,1.34943954845925,0.19597752513995,1.76359544605134,1.52189331701996,1.1762755658854,1.31921911551277,0.812444377466008,0.6417436408358,0.525228251816124
0.486804562920162,0.568102556551318,1.06534716065234,0.949156569724633,0.195621201394779,0.60755563081684,0.103100206458187,0.412421494341616,0.601122142619604,0.586522863418488,0.0380342185660448,0.631299762163561,0.522710118330558,1.28358704717452,1.08280104907458,1.15223453349561,0.591114595572439,2.03351783907222,0.587767186749226,1.58768606803342,0.71306063519871,0.496823740267147,0.250767913399899,1.24008184720019,0.143815262678344,0.120586659705799,1.0677005426571,0.651575555693044,0.86906301840004,2.89749362627105
0.632554050084343,1.00870788200166,0.27738472898095,0.854566474235257,0.681109785732758,1.16177091597517,1.10794594138061,1.01826026534354,0.574736967623967,0.299402946504831,1.0511844235501,1.40448887717633,0.74989882252164,1.48216089001618,0.776591019991378,0.291838419551126,0.986820173760717,1.14009768798163,0.566072694208907,1.2582497289492,0.776761761432815,1.0421399847458,0.0749748585644984,0.690560514901689,0.579277191563991,0.564530251988459,0.793601038408601,0.656791024694293,0.774799731223681,0.730075513293732
0.319972324046572,0.60774087044581,0.0487901089186843,0.24191917252972,0.913742932340625,0.101641253307539,0.444878886457621,0.0867494986885213,0.569947964137458,0.480388834156676,0.164806669566914,0.343425131840657,0.659784207221298,0.0622323773814728,0.234773096020391,0.497329771970513,0.121927701541524,0.934153668788195,0.186833668284331,0.0130558232927881,0.329714242491375,0.145516599198637,0.258580211239056,0.564136874447768,0.0455562559370501,0.750435301802038,0.215747176331343,0.406645515622754,0.453676360299636,1.07867688944258
0.740767866583112,1.46096752569447,0.0396171928043033,0.520960761786405,1.12579136552364,1.32576335909368,0.788682181923539,0.922566148021538,0.374418581299891,0.126114970328095,0.923467444520913,1.2278588165587,0.395409279771524,1.38488829010176,0.885162257499258,0.122451370475553,0.817233227049396,0.802640071698687,0.572001496313321,1.26195198379913,0.594982286496016,1.33323453350633,0.0453468112687938,0.477576428901561,0.485645490826794,0.43123949883725,1.06937750954134,0.775330578704776,1.02144956191443,1.16746889994314
1.13137623135482,1.25196556588026,0.360360199673434,1.28511803483057,0.701833074340544,1.65951197471246,1.58357241962778,1.73999921949347,1.65015303895248,0.581382756195628,1.10569412074663,1.51027866129105,1.883091286829,2.0591872392271,1.21099704756445,0.372703841922459,1.15190919238148,1.65194381991112,0.811737718489005,1.85788601118401,1.33100497803222,1.34539093333871,0.112457007811027,0.792329479844925,1.23971323545149,1.21622985120634,0.702892611936446,0.799366709590832,0.379269756787549,0.131397558407036
0.63201061248664,0.242629861053959,0.269624568301928,0.407881194505037,0.4388247431291,0.437819691971814,0.273372797058881,0.512139668041672,0.155109076750727,0.320672679092403,0.747221179779704,0.497060069087672,0.216860564755492,0.728414324481969,0.204884889264736,0.184833535278943,0.3683672919335,0.251728348884569,0.230513220051105,0.390933356152988,0.201871792873163,0.779555468332589,0.0224141131185486,0.897168256359248,0.496794912768354,0.140593333305161,0.964985108774556,0.962775892085623,0.461272421988328,0.341526257908674
1.58996960050593,0.801707556030392,0.22396134608246,1.1362803873251,0.789023267785932,1.5239017752423,1.18988421482523,1.4310384730148,0.978615820216524,0.38731169135201,0.820181369654905,1.10808253700526,1.74899638480604,1.27461097844412,0.933150913065827,0.344125796775212,0.0826296158226012,1.55131281677883,0.614135769413104,1.19946710847334,1.05415254763222,1.06135646911813,0.106885800119095,1.37888323987191,0.795534562223173,0.0644650658529446,0.0946556177533068,0.222575164169263,0.035647656460001,0.32904801058907
1.26027920791449,1.33936704259653,0.952030152840215,1.20258433641879,1.50502819309705,0.590273608513886,1.52679992377342,1.41345090982746,0.225134554281849,0.741904970061127,1.10171478783752,2.10367329745988,1.27249485040414,1.87869013744363,0.98024880912892,0.124813310493516,1.27364440457219,0.332787454213028,1.22276583983907,1.59323604364513,0.347904320845323,1.29794289914651,0.681065029746382,1.61678610349549,0.737600238433049,1.20703054778541,2.24614919820091,2.34768819335084,1.97957912053827,0.845000889753822
0.685261688793775,0.74834107519277,0.390844918129117,1.01601741087428,0.647344810599699,1.22365245392894,1.082817868762,0.994554449142818,0.382582128388118,0.0750854441243033,1.31816294305145,1.31434045148054,0.235574486980713,1.72147636323499,0.844820175262359,0.24828410722481,1.51573296685857,1.05811692212764,1.09466873718367,1.95717016100468,0.454516155346059,0.551470165990178,0.139124843978331,0.471416897448806,0.164071609959958,1.13343889933932,0.292030416087937,0.762699334435737,0.693189895774078,0.731161102669558
1.09254135150535,1.60230350702582,0.470280339493874,1.05805241229416,1.319182564925,0.689245137442204,1.46121695460569,1.47825134855512,0.0168803215978515,0.323980356527138,1.44549350350528,1.32716426648835,1.14517207883699,1.6436251361244,1.0610383806568,0.011865720949282,1.2416739454662,0.451782242840477,0.938794389443288,1.20160055643964,0.876335364743035,1.6315093586691,0.583103757083082,0.865116108135653,0.439924586353622,1.18638147652044,1.75094400126933,1.54041857404902,2.23681549917418,1.3009615344291
2.63758295930799,1.34597771738159,0.610519949502796,1.0309084489908,1.08640666788051,1.57137475935212,1.36992722660446,1.43524147951837,1.12506812027857,0.652649419159905,1.66575351134816,1.89918840098076,2.35404151294707,2.17158820210073,1.41134377118475,0.443948632449817,1.79576437234151,2.47731919706362,1.00284841891131,1.81731487948865,1.68855928070252,1.94331394914095,0.28735301399374,1.18900746110399,1.64109058266955,0.689186373380995,1.58888213906054,1.80316410490781,0.412232139012113,0.525628531441525
0.872662203595437,0.556125071333042,0.809866375979608,0.593171668926576,0.566369543140484,0.982352491327548,0.882746803402814,1.072874601523,0.162594523467094,0.0970257803217846,0.790754301959907,0.50172792355408,0.682353724601988,1.00719620830389,0.0515708065473251,0.19992085157739,1.05128770213991,1.1934577942523,1.1271207529708,0.655868638870259,0.949046020099865,1.03873208969343,0.194366986551161,1.37367186495752,1.00670313111747,0.661636141053829,1.42138670047859,1.13942186970587,0.635943407248183,0.576677853737199
0.953719264613009,0.931939060950097,0.16686544649604,0.681031483101529,0.702076907392761,1.16578178333579,0.718834629624068,0.902173440675464,0.637284916028738,0.00887464618062536,0.74841659895153,0.72328709556747,1.09124281629577,1.44750230438938,0.864842511631412,0.331024181324396,1.36979926035135,1.67036026902933,0.515486442642084,1.3111749498019,0.989815490173086,1.08162359361393,0.0251674972068647,0.239187540028352,0.0185241918281558,0.382842822680738,0.31987065281017,0.600453039081072,0.587489801454684,0.357963962716667
1.14351337961224,0.730958137404806,0.187696373472747,0.432183114109368,0.750685110631896,0.728523968173941,0.757996339194699,1.1826057036893,0.796056016161611,0.222312188894842,1.10207220288127,0.958315944038616,1.09799413381325,1.53025276253596,1.21388670735533,0.000277653612677196,0.901882973675148,2.43505926259371,0.580130800655094,1.57639082665776,1.56677746594368,1.35755986883068,0.00889895332291729,0.697288983264376,0.782826499578408,0.616948944648114,1.12364726702188,0.950088104177239,0.318400019904279,0.0574574932558768
0.785631737082116,1.19969032147967,1.05434463541208,0.622006181054197,0.902017949702593,0.944539702396966,0.816957641139289,1.03202887278955,0.396179230804801,0.11630641392187,1.87717221718218,1.38177014210576,1.21393777027131,1.39009119104444,0.521647710782687,0.0250611129235028,1.305765391276,1.19861217728535,0.788582016729735,1.65728555367197,1.24029961247291,1.41489197391631,0.440788884486326,1.01307430887273,1.19991970137396,1.25954538668155,1.56149698766261,1.38337718631631,1.36354706674402,0.685726260116125
0.740230569401446,0.784576809581479,0.492988562467914,0.333909073953907,0.645134646312665,1.08123461331305,0.668324573641076,0.850709035376072,0.928031678690233,0.268114669529182,0.611395680876994,0.697679326090345,1.17649933311763,1.23886922834794,0.664808934876591,0.291233636670157,0.182175524632173,1.60985335226444,0.479273601348693,1.00238707177127,1.05244287193229,1.06872403879625,0.220535401188275,0.342966255152003,0.330571685642564,0.459727091887484,0.528523044782419,0.731040594056806,0.0714578473749811,0.0835744521215597
1.39791077183032,1.12856938092466,0.497798312236398,0.600464282865004,0.811406683139349,0.990233204742028,0.819941136065082,0.86354267856674,0.983389070407157,0.16660232764259,1.51113930856332,0.778091803384404,1.83072412345838,1.3144184283289,0.946244295854497,0.252838930988,0.860950085782912,1.87838446415536,0.575017982960303,1.28155840770573,1.59525568559574,1.51449763703536,0.112771445236901,0.62931069460826,0.654681156557412,1.38058651726282,1.1315650597116,1.02668207031386,0.796428059897671,0.387798081294124
0.757867418706902,0.506623703248298,0.775696969526669,0.35940135542041,0.463733778739436,0.640232450863331,0.365027736377145,0.346809192060415,0.410167572977124,0.274324782084272,1.09224188739046,0.484029484179598,0.999457872957249,0.858206629554558,0.213443029148472,0.175894783977514,1.0195402744497,1.34946586208746,0.543494340071334,1.00341987642276,1.02571642178667,0.813372424219787,0.353278282058382,1.0186550661199,1.11780103964938,0.275972402929426,0.87348328529189,0.735551300125514,0.499622746012964,0.478691895897257
0.996404720614522,0.993612749254321,1.25210608905509,0.578811254747726,0.765048358637917,0.834837361213548,0.719141424627027,0.905239773161345,1.01393264050488,0.489798149026415,1.42720439325111,1.11929268408875,1.74166254470214,1.0533126436116,0.712474339782631,0.19722851125211,0.782521142103024,1.53639984152972,0.723621736947983,1.00268749803401,1.58459671479303,1.38492555005397,0.231288990653796,1.00198215582704,1.11502905174865,1.52372231907471,1.48801095947841,1.17441064490098,0.999701390203588,0.376721701825366
0.188643249448859,0.0550837388255646,0.311955386795268,0.169386521713869,0.159323867929257,0.570194288324029,0.177810123083258,0.234162657686147,0.58456061519483,0.115738722502154,0.0524930890713001,0.063348057729471,0.26863824100572,0.488213630391497,0.0362307741603021,0.0436102423883512,0.394517138905507,1.33044014618779,0.280830022288149,0.608120014196622,0.666559103054872,0.0626083971829629,0.0360567360856193,0.207212957311976,0.0792991115297663,0.366609087258049,0.231226880171313,0.00436553500798323,0.519757352164023,0.070393748254298
0.7596675419142,0.559090721813641,0.293331386665631,0.392939875562396,0.667865530872309,0.833333368777613,0.529299832837284,0.4592859035268,1.00533481881328,0.0848949751572082,1.17379787495014,0.71453509445977,1.60939059538646,0.993137665226354,0.559668616140139,0.316175478049735,0.189514718685456,1.60789093687042,0.375896238005788,1.03429590009447,1.0268403077478,1.13133747290495,0.400914046392832,0.079003767199941,0.0273261835224494,1.09310916255832,0.542971780332356,0.56690897880748,0.100172208637198,0.380826544376364
0.654023534448009,0.229821858330143,0.45519258143333,0.441029721422162,0.378745365542061,0.744005202946894,0.403713493676139,0.395327628808016,1.01837633536906,0.0343935665486203,0.951840574398371,0.201912534249229,1.6685875139532,0.952570830744916,0.106428261641893,0.135218207463406,0.23242920817059,2.03841387328516,0.400207996029166,0.930516848423693,1.16883806502592,0.945820879293191,0.618012166917441,0.722603906869063,0.687641450192256,1.17881865553547,0.0377899563651493,0.671417167616269,0.248638432983513,0.383136403874661
0.471213719686337,0.000937464661113447,0.909645759555272,0.369382170341673,0.154302817346364,0.995496435455208,0.511056460074272,0.494758936167399,0.389940041284006,0.228899780984797,0.00833059591664652,0.137683612133994,0.0586947558087887,0.711669853694783,0.433472335799227,0.0333682439759948,0.234325797907548,0.997432638383879,0.564320489430177,1.07189969899039,0.330297661839029,0.81084640608741,0.107113808575682,0.0404525740347866,0.663749275313038,0.358887192336539,0.363220716061811,0.419379042843155,0.175831036521353,0.116632299447478
0.743587046144579,1.07877904046968,1.46904353811648,1.2718243681452,1.13394998448597,1.56291961529807,1.28715628219007,1.25753718710694,1.15709699913568,0.18112808635148,1.67985390013629,1.44981217507206,1.54563962515666,1.58554371253829,0.500506810927128,0.243101109927077,1.27834212136272,1.25228181282881,1.24692506543797,1.91982683045508,1.64948993890159,0.953072774951083,0.0210967368185177,1.56622905658033,0.931835274908604,1.24858026042791,0.663376519458266,1.27511742483126,1.05436115944589,0.641715733175088
1.26191237824895,1.5785789137664,0.920520920823419,0.976077837918081,1.41348509353568,1.25815534337618,1.10065606639871,1.07176545385204,0.872039832600766,0.0155419439578251,1.49624530434862,1.7317130653891,2.03209951471693,1.66644714601234,1.32922900316712,0.568769553305815,0.887790636788682,1.3690319607767,1.05634239434761,1.88173889378979,1.5258041358822,1.22469161141526,0.0956352694902489,0.854316532961441,0.57845060491686,1.44707102423904,0.999855937013514,1.10301576231307,0.839698303271159,0.565598680971745
0.736224933611631,1.1201523782613,1.11569886159764,0.823440133886526,0.869281081579882,1.19235464474041,0.913766453908835,1.17786932695996,0.876057302786327,0.186488869469255,1.62067491546352,1.14782871291113,2.23476560090896,1.65742085267003,0.742725614811235,0.0403711985434944,1.14766142269773,2.13033356405148,0.925501001683863,2.0262168181851,1.50489872970321,0.96487617611555,0.0424809692697829,0.871740389432481,0.837676677339445,1.67453765436002,0.859728026177169,1.51913918657784,0.897939188684427,0.400509802290444
0.0977791998029901,0.375559218431161,1.03349394904564,0.7934933163367,0.460673246292642,0.671508674053401,0.752521033300083,0.398237657864712,1.00862524508856,0.137373662921926,1.41736585156276,0.906294842208063,0.209172773020146,0.754470229156472,0.670016796048705,0.309215552113644,0.492747445324093,0.332563116708409,0.953736000934626,1.07700959068708,0.576672415565293,1.17477685598307,0.288866484372082,1.75071434821024,1.6815368430275,0.480264114311477,0.13748262652419,0.445073052639475,0.201720872522962,0.719426087106704
0.941352637300128,0.854083451118091,0.355969273939121,0.501535675324366,0.631935947506662,1.21828294282828,0.51501585830886,1.04419658719611,0.0198205782056705,0.782435058238175,0.37107211638269,0.687183388745314,0.0109457086765122,0.84545382093388,0.454977394310351,0.234576061804725,1.50520563987248,0.881486452900912,0.348222848747478,0.617586228574579,0.768920863493071,0.654174719860567,0.658497542873397,0.0899979333747581,0.208082141979604,1.17048453916663,2.50958273202749,0.854659825543402,1.85610672852108,0.265526508585994
1.31040620591934,1.73533139831795,1.16987336640887,0.725193796714535,1.13559640829708,1.23313779319484,0.750923928257589,0.765419771544789,0.912138435802136,0.41152258246888,2.21175442592291,1.38282751525182,2.49405775993345,1.6673213341742,1.24245378862612,0.358242173948446,0.95570636658648,2.27485124690504,0.969841408124142,2.10643801312171,1.48403039952091,1.20864641134086,0.0630872115841074,0.811113152017292,0.545783887490986,1.99066452764614,1.09372996157291,1.60190044499473,0.655981679937833,0.474719580414362
0.919803001293736,1.08695649246097,1.73976444753739,1.29837207681268,1.04543148856612,0.973610244705018,1.10915935549091,0.959456729082819,1.12757019037539,0.514456531397993,1.77870592483951,1.16817103208504,1.4111341579542,1.56186624917064,0.443023126938655,0.303221353537843,0.921624043973262,1.54639210113635,1.37788880252476,2.00635486728847,1.51951466434919,1.22481736640167,0.197474436054654,1.0270293901611,1.27242684374499,1.02111087454303,0.393925451205214,0.816096752153348,0.423216809077849,0.434683945746616
0.599312507106366,1.13852342910163,1.00631008877118,0.82261921151809,0.97619620208008,1.17920960446594,0.92322577670185,0.804330518524663,0.905490306970666,0.302760729912128,1.4723357134167,1.0138731878269,0.978329222089156,1.20210705805099,0.500815371719157,0.582365635092835,0.789553912652789,0.6237554709958,1.20716013866042,1.63653449714798,1.21881863640296,0.863295064120365,0.262237861408961,0.929661479140942,0.387039747194527,1.10108058989206,0.745548434034165,0.48307527360541,0.499896398415735,0.49976099190651
1.57093381744966,1.38368707894386,1.49139622141214,1.39313365414818,1.27753326530971,1.34133692792914,1.27551590231391,1.27388505495339,1.04095064702582,0.769194072778505,1.64437087014698,1.36153089894377,2.14136187750643,1.60661253234333,0.796014258040282,0.887205591160645,0.961243861725097,2.00124671370669,1.58210656006085,1.86439107571836,1.41855067877131,1.21351687102774,0.184076703947818,1.14933163687501,0.963841662815628,0.899785568999183,0.814561748032929,1.1391619761551,0.463417653917631,0.609516668823592
1.17648079831776,1.72796782699125,0.71476355754755,0.604423959601311,0.968554557488151,1.11318749351505,0.579994633407627,0.69248158220997,0.781506181165013,0.783379065182326,1.43601259096827,1.1858146531957,2.15824041764405,1.46648096267477,1.29323909968888,0.817205062717682,1.37935654147503,1.78122339152191,0.85614456629595,1.68317937710168,1.44602007314355,1.6712252820103,0.136354953528177,0.954039308466752,0.301956656148725,1.61252599647107,1.46190137223264,1.1605053201788,0.666399392484703,0.490794700162929
0.989912365633607,1.18890594554944,1.47074066947597,1.23126956813061,0.801184224475103,0.934623032536917,1.02610063946586,0.815003797462474,0.926088923355333,0.768839482597769,1.16265451825488,1.09111461423809,1.63108817097854,1.08099449723509,0.824093434207008,0.968256118381006,0.672261585301634,1.30940265911415,1.50525336082466,1.07146376940164,1.44098964597334,0.723082794581281,0.17613141890559,1.63520182489101,0.921934836805317,0.910513442576564,1.01895269831081,1.05549506751736,0.640552469791492,0.286309042388181
1.5317584920275,0.879158409115734,0.814708987168873,0.736936988215036,0.64865125603648,0.98293589837545,0.677338426857112,0.355737016329544,0.802936665387232,0.628201488466256,1.01903369311412,0.8362480632512,0.991406251334043,1.01702840594085,0.943021170443304,0.788451037622884,0.49202603683508,1.17912410494833,1.12224426268013,1.00409774198039,1.00301850241519,1.13916134018964,0.0434417896451671,1.46991412828929,0.953442957679371,0.753910821474682,0.993996584679789,0.893712776510379,0.184362942641749,0.313709809988645
0.615664299069891,0.936633406237912,0.716525828255347,1.29272576165167,0.216608306617379,1.13509228634429,0.98897900145328,0.620314142096371,0.504642002639979,0.164312133259121,0.548672188200802,1.04866244093218,1.92952077062578,1.03544939612652,0.919168580502769,0.705940361419918,0.0391490488162664,1.3841025311413,1.41698444522806,1.41151448578278,0.472793580048447,1.47434526765804,0.58761026157897,1.2167608014442,0.559803068268403,0.348896120979101,0.580516985070219,0.557267018905653,0.0525228430634101,0.0730449976656841
0.981898757657853,1.19565370319278,1.34665437493147,0.922182403567444,0.892888342619437,1.19944012159805,0.818198849287968,0.764743181147031,0.715519216116464,0.821753374041993,1.31426502021397,0.964256151177952,0.614848006335004,1.2738154291791,1.1167279568875,1.11727481009901,0.404217535331382,1.3059607545082,1.3395575285851,1.23720029604427,1.27476126188688,1.17938409719852,0.0589708734133976,1.28120920805034,1.22592065059326,0.819370359628983,1.06551630197254,0.937736671627232,0.437975319404975,0.0616851141190352
0.891149926733645,1.13994053743653,0.453541448820738,1.02475410216962,0.748453475629379,0.796443671234414,1.25022781860302,0.578709888341083,0.49063035634182,0.0250240635702112,0.16040914774048,2.20753259478021,0.266885203733906,1.45381126914742,2.15588621219152,0.821837644441878,1.53909106979762,0.482172067962673,0.222992914979951,1.89644755501591,0.34875924661435,0.634374603754845,0.274568201542111,0.909306748843363,0.397646755885614,0.722773157353522,1.97943217954347,0.502653103667733,1.16378650282165,1.20055726517128
1.1993928739247,1.59800568703283,0.373231332834594,0.59760382008015,0.470802991830113,0.894848065324918,0.812043558731094,0.509700868291065,0.295710454039618,0.497694214318988,0.703472794983829,1.86016790853851,2.25490519312804,1.34534716993309,2.42805351712086,1.42433796166121,0.996134918959984,0.828303692312037,0.721552756182769,1.74216401509619,0.170458404365536,0.927377840908764,0.247412035725496,0.218232568411088,0.140627191649816,0.0287303786883729,2.60656941949727,0.63716228983826,1.33654278759861,0.307689410391393
1.34004372978604,0.839742929299839,0.424461809715796,0.115722458589658,0.328410486614236,0.884235648508774,0.425159864655697,0.349929156961737,0.698464963636746,0.29330372567057,0.533133532004372,1.39450563153775,1.16235980041912,1.59902220707588,1.44688647226323,0.867465383504333,0.121115286554494,1.36037075562561,0.352187378358226,1.64705700085795,0.148426788032921,0.665136543036435,0.246165865605738,0.420319147930524,0.445199927292178,0.149581303333068,3.29261959174751,0.645963133450273,1.48345725137046,0.503831855128712
1.54054776017939,0.758357183603405,1.34921163929382,0.943457707008802,0.747091746824531,1.45490134747712,0.929861093211669,1.01492419630818,1.53960605953479,0.751520009261153,1.16584852183225,0.687217249147336,1.57346691450623,0.751980373439672,1.17688247491973,0.202541291480143,0.0950869419914967,1.38335988992713,0.979623104207067,0.902135229422334,0.612142947293204,1.15327013908727,0.760162193795658,1.34309954753331,0.664371403173217,0.909391536006697,0.452503397413179,1.52036772120406,0.132936350375404,0.609557529070237
0.58937736867344,1.39780285753212,0.664977224095396,1.11988422451909,0.852945221138099,0.822066642057952,1.0241781776961,0.751285567061062,0.223811022291691,0.0120256622479073,1.10632739496108,1.18594695061411,1.52222071320164,1.61474889608133,0.6014782293723,0.946561477452027,0.979178983298764,1.7312498964413,1.38559950542571,1.80886185863765,1.6461689949618,1.16581693078053,0.725342724332367,0.823244180756027,0.418081925288347,0.956241053385271,0.253134651357876,0.00684534452273589,0.73977788462822,0.637117311427801
0.948934024243813,1.38789983332287,1.1575107634811,1.27723891342448,0.847660714881282,1.39833495588002,1.03596861615184,0.91559062231099,0.621938604581294,0.79509970363293,1.58047462610408,1.02738133238097,1.24884498558812,1.40893311033469,0.845337617793001,0.606117880486426,0.30897981594857,1.41672121211449,1.15754696490483,2.10264414258313,0.662314936865367,1.22798110058214,0.0137438652337641,0.733941774790504,0.607197668097124,0.603032248888312,0.297669255061337,0.793642058820238,0.686930986620152,0.18091724077803
0.502133196937102,0.450149807115617,0.486652662335503,0.525738261907333,0.430150113842827,0.237883786754841,0.246021239947402,0.338335765010727,0.313261337176379,0.711018407562212,0.344270451967438,0.27517550901359,1.5179847603699,0.188636752868582,0.112498900892317,0.201659872286371,0.146098625098912,0.194190634630549,0.326579949164707,0.320920420307089,0.208171754861563,2.17519665651571,0.390689687778845,0.628355254876405,0.367651096568078,0.520914646065307,0.910803348039639,0.438309123983395,0.528510804827641,0.515669485458899
1.25086447795519,0.753541266746273,0.791664435551864,0.945499895487962,0.841992208383103,1.36582197798023,0.796126328754922,0.615693763494526,0.923805838541071,0.582445736722487,1.28953683918851,0.811185329672824,1.28038749797777,0.939225547064785,0.400152445601569,0.405545137679595,0.162788259441694,1.37572595235122,0.887070468081596,1.48745836799017,0.844462347679998,1.120231863572,0.156941207197112,0.751094467088882,1.23028432405453,0.855862941154041,0.267988050920052,0.950179695001539,0.548646909545865,0.0778161405851778
1.23319288911005,1.40457768664735,0.697666471532239,1.00666574237438,1.14843334778493,1.72061673204961,1.03013174475817,0.953953087363814,0.994006095382116,0.622518495840662,1.24199298827105,1.4591562919951,1.83248377980335,1.41731130818884,1.58659467013605,1.12516409377433,0.923588869116974,1.67463419963056,1.58502513298203,1.84964745192706,0.605641335824124,1.0454028883469,0.0717671703056979,1.58061319591305,0.327687925683886,0.490137731235952,1.3159747695487,0.680453598763799,1.00579886470517,0.083889786126169
1.7446876673735,0.540653480491008,0.839391357478372,1.18514859812245,0.672592172403583,1.57529434239499,0.872402562489139,0.895253182347856,1.18611103693033,0.561296957739653,0.679142298920578,1.0106482377585,1.34373940780923,1.12786194111077,0.823395701672957,0.865407389089474,0.229444154328565,1.64238918303149,1.1284222002162,1.29104724112996,0.811379836167207,0.976142110639232,0.46640741507137,0.51293780120964,0.326439712389257,0.0243142097082873,0.312880572948462,1.1882593439626,0.106061678141303,0.3272924235242
1.49560488590186,1.72479742457152,1.05417938863011,0.745123605262577,1.01326337166629,1.42607208278448,0.83319438585156,0.929828846735267,0.966851661330749,0.463452512679176,1.24053501020479,1.16864300667192,1.94106985061771,1.21196043384592,1.26884959438996,1.10170904140331,0.507996439175719,2.01500227283915,1.29027975304241,1.22210648481983,1.12770765339798,0.647913257116105,0.012732879304171,1.29525083373368,0.402702614990067,0.886316241446342,1.58446297319556,0.896349579892477,0.921925436337927,0.0432635862412926
1.20807901000599,0.909417116913959,0.78786939495558,0.680736950950417,0.762058718820318,1.23227704223417,0.745140845860746,0.618478367713575,0.87231203209035,0.442102896062802,0.742642800485997,0.828647486731852,1.5408575824424,0.882064725147556,1.00410326017361,0.763098138276792,0.534849999035035,1.57115584721131,0.999591986532646,0.886968811848092,0.68309781874089,0.413274640255385,0.0425072607153448,1.14562499581457,0.238695014619085,0.645082195189766,1.10107654943315,0.594344578470691,0.628066755946055,0.0843617637250497
1.67833982128955,1.5457463064438,0.534378169984705,0.608512047343756,0.92415046907539,1.2343915248407,0.50644680442433,0.603375853220981,0.742293894460833,1.43293735288611,0.951491561099735,1.30870004481945,1.22181819811633,1.90103107994608,1.71914590989321,0.426640388363582,0.852937830400112,2.351813117801,1.30897105337475,2.52502072933427,0.832893365104996,0.70532930308295,0.041724765549913,1.8063680489356,1.58407327649558,0.57694828898047,1.22858751979022,0.0873274478088689,1.39030442376654,0.234172433463177
1.441922085287,1.25006298728823,1.17689081316892,1.12206720444159,0.962341170396714,1.53867812223309,1.14326229543586,1.32835087029381,0.873591790040842,0.767865310576267,0.875251538968192,1.46400042247849,2.25798694059782,1.62163606807584,1.28181981240594,0.933290822785667,0.650550018185299,1.76238104635412,1.28294491847078,1.72587081666289,1.41804401457599,1.27826586981671,0.594227198181899,1.02352741868691,0.0125720162851626,1.14030121511261,1.70979184244624,0.960303186780489,0.899538205448371,0.306199998890565
0.177952297863034,0.366780130335387,0.0390173582813659,0.236974479697723,0.039194658417102,0.13882905275071,0.318928637655745,0.0351479698050223,0.171646123489457,0.247177646456437,0.589646821203325,0.46876059475719,0.163501819478413,0.0722337033830844,0.307747897349081,0.435844808309544,0.613219304525703,0.735571620860566,0.419303023478771,0.457638536204888,0.1629059953314,0.259788652216797,0.0883554285485928,0.783762043264979,0.276760750931538,0.0301143182491138,0.10568978179721,0.126536287397753,0.248498650580104,0.0763842736331085
1.85206840302014,1.36204726827372,1.64917088764784,1.34543005303004,1.03628602617413,2.00949554623906,1.2513012883865,1.46370505861029,1.10309668947393,0.961604860510551,1.49009159167125,1.40299417469187,2.20108196400536,1.24737881997842,1.45345848831157,1.44371144000654,0.606733711275382,2.74625585538616,1.59323502493751,1.48136854425809,1.52369113043595,1.43621284912528,0.254914334448834,1.01109376424671,0.657731054954258,1.07690247922891,1.26809280146679,1.1559274217066,0.822494437035015,0.513645439061332
2.08786313948527,2.48138489445329,2.70033079494528,1.98798907267721,0.775505269199483,2.80264222200628,2.39953213167997,2.54035687134197,0.506799007045541,0.914092606485848,0.474727655376038,1.92702068428855,3.53722724426123,2.60726803169286,1.95123419055441,2.17034394045749,0.590789907041509,2.76664246841193,1.83792751673051,2.22797612890497,1.11821298672787,0.127517115006202,0.233516823065437,1.28032216993366,1.43364098208152,0.106277193166771,2.12869437558094,2.13248963967914,1.55319942725053,0.44471762203506
0.993951880401344,0.593157095277826,0.0348446663941187,0.0542758227200887,0.065527070128716,0.205090767554455,0.276731178640716,0.242015725227832,0.919194907670737,0.546320724219371,0.36725989663109,0.0422665979114104,0.724698337870679,0.0589668264414587,0.244455983566424,0.379354895668641,0.830805523372816,0.234674688135196,0.32913938027106,0.188625659189581,0.447375963663497,0.728671532145601,0.123313589893604,0.73335378456662,0.749696032132383,0.913049061737284,0.485988494299853,1.19857230235133,1.30792665988197,0.183945242880181
0.713258742603722,0.818050047864183,0.707844857506024,0.296769534878225,0.826177573852155,0.443805542783986,0.344232593274206,0.367518055356982,0.618837355142401,0.373843230163896,0.847077507133304,1.03932000866431,0.912713862730899,1.02004470353051,0.907346887289812,0.82039705019526,0.795041549181246,0.849528010575938,0.755601299534724,1.19126372183479,0.744275041622915,0.785795768593119,0.248610704708083,0.203436757673492,0.329631633839238,0.270240687639121,1.17509158473297,0.584255775263734,0.746503225142745,0.0245589368433836
0.690035332826565,0.500203927436735,1.10941641222858,0.547164208555195,1.01750251248562,0.96167699326935,0.313593228905143,0.244821299500003,1.01976498685142,0.712902546333279,1.57385939050272,1.19750059659026,0.902011550653693,0.76903573153569,1.23702323234524,1.18950927284736,0.437176494812307,1.67374790997527,1.05426662251586,1.00892586433993,0.743332253688108,1.51548515866503,0.386347995681782,0.913664468457348,0.657790358001057,0.170083765968388,0.523500708492709,0.965578270435256,0.273734904720783,0.574020266917412
1.78024971921693,1.52555784478321,0.970890865910937,0.42996360465319,0.828416115565304,0.621716845105714,0.596854905617278,0.500920210519623,0.812040442401074,1.18759809078758,0.902288006498817,1.52536144824719,1.90652999692164,1.56837716591387,1.52096163110098,1.02540691584849,1.37396070133078,1.55787697184163,1.26754747343935,1.74724845685024,1.01591943921464,0.812270245383255,0.238269440966893,1.72598691276375,1.79456419781606,0.517015643320047,1.79254002400375,0.65167439083378,1.05914611225954,0.139203548353452
1.14093694903797,0.528534667316359,0.323177865713591,0.276681376708371,0.212252301195987,0.077738939116024,0.322490609782807,0.411732802532286,0.580922968499115,0.168258574208839,0.489363904667993,0.0419236658006688,0.393318946461179,0.300656935001088,0.00604922694494563,0.522751944953068,0.237702167292819,0.461795067428145,0.58119845408234,0.167041316306194,0.622327677574624,0.454336510107042,0.371972479871364,0.085589569630162,0.111887837220662,0.829572320860413,0.597206269365781,1.02583979167106,0.86167180998715,0.160740379976871
2.34889906115185,1.38561840682427,1.3288815451689,1.10058334321521,0.997669519220142,1.29843178197385,1.29690224406022,1.2798933233454,1.25230529847918,0.776762360773943,1.70104307800011,2.1614202022205,3.05070855108757,1.51218715785493,2.18284795532674,1.57435477921294,1.50157491155773,1.54493651233587,1.85617435236296,2.12635391688301,0.571476437675109,1.26133068360119,0.85891833942642,0.746711880352318,0.0798943218668954,0.151820577357487,1.12094413410256,0.934464228877677,1.52780472307897,0.31225176493718
0.0809738075890258,1.84183165937028,0.399907942836053,0.334102471827768,0.553911312162728,0.147798803096323,0.469958328596217,0.481969390495715,0.395688200524744,0.564367647939226,0.280511521928871,0.326103750246044,0.352640626841266,0.0267605305405923,0.0695044206664058,0.140873506429172,0.285352802398844,0.190563094453491,0.648221718261927,0.0324106934684313,0.109263639582964,0.616211243675631,0.400629408926299,1.04585231110996,0.557917205870401,0.147349175481547,0.423539180254188,0.469260877415746,0.579583030535772,0.662426091329426
2.24312664947769,0.716262284482245,0.931131418979353,1.03544914585221,0.938592663633806,1.34532809894118,1.1032360689776,0.941372232288083,0.679182842156266,0.362429083881173,1.13497165533252,1.60249897057716,2.12416669755007,1.30477389728264,1.23096934109739,1.25446951648927,1.0290450882097,0.598003364567771,1.39459281872356,1.52588459096141,0.897685295729268,0.811150022686632,0.352707635345512,0.789649458293874,0.571088027164305,0.953981768125622,0.598735640278321,1.20474184316793,0.748760769380395,0.0596855656169448
0.203259760468405,0.940876856999494,0.357474988754862,0.136494390512287,0.295941093136395,0.09066638770664,0.148762180239959,0.106994157594617,0.73406061488036,0.215622596645936,0.000554358305140838,0.393227223006473,0.437273997351542,0.0803044754970037,0.143000458282513,0.0516794145640377,0.528837824520441,0.179237687601078,0.768545650276379,0.208414713255761,1.5220676598293,0.327861534036042,0.377087757086532,0.641354373085257,0.0414344530950392,1.05157954777386,0.797406196521013,0.992820438212249,0.121112442209148,0.67634696475128
1.62129373674792,0.69648058808348,0.061388432139703,0.472138958776743,0.793739594962274,0.432396626022694,0.567473035902278,0.426580406140727,0.88762728587627,0.752140300356559,1.2349164436518,1.65032702957827,1.5825022975555,0.888090856007388,0.887909678587567,0.971846672045479,0.659714645317106,0.0796102889396332,0.890545502019011,1.13328701006418,0.0401895872540982,0.558460280280779,0.180377721271226,0.494177016916455,0.0782317971702588,0.162055027601472,0.460608254336756,0.737755502338805,0.890617414257993,0.383112607675473
1.32114545788648,0.479714882384214,0.634251817437393,0.316680174652613,0.245669883729257,0.138073698996654,0.124732628555998,0.142311153157163,1.49412248854869,0.657443977255703,0.518268959119758,0.115316467413,0.47160093563392,0.185869738362907,0.150367815041596,0.821279381672842,0.443181920213615,0.195624296221858,0.0515483902268094,0.384297721320124,0.310976013559411,0.905391412330068,0.169697521307901,0.573940057020773,0.335795173299567,0.754088600842661,0.143782999597746,0.795603899902191,0.457435025309934,0.365635904899468
1.67747261639425,0.590621795363266,0.171208677484195,0.268071963328794,0.51454787339453,0.241951977916211,0.21763198466465,0.0847747807626408,1.26207328245831,0.773384490330572,0.332169017619718,0.54147323074689,0.710449807444504,0.346315351877818,0.0426796757291017,0.899663541319707,1.31785910127087,0.000182944740372249,0.32717278824098,0.24410440431032,0.410059150035579,0.623787418595093,0.14031868449655,0.760283529010248,0.027625359754609,0.642115169311896,0.539814695406922,0.925884106989821,0.371762325192149,0.206895654626728
1.70824766880084,1.17621180260835,0.554642519938551,0.839305298879417,0.626501937215736,0.740474045324771,0.78962134677771,0.860546534852937,1.42708800591618,0.774595778024668,0.458379715773591,1.21969121014672,1.38955355464113,0.8229868245059,0.711076312141231,1.38730983094992,1.29526486833296,0.505357574309601,1.10326923861391,0.805864742148533,0.763478679798249,1.37305588486437,0.463582638438108,0.870950425452337,0.104097656945508,1.06130135556404,1.22996811032996,0.938247499154683,0.861110558003235,0.604436888983544
0.843401978720584,0.419607608633826,0.325081651369221,0.164571869201603,0.241519211451809,0.0663486887898937,0.0272605908073965,0.0958490128786889,0.351047626620361,0.384630793277131,0.295375078454066,0.534619991632094,0.677899452173187,0.175142974372703,0.0268873621185341,0.139634814688775,1.62622406156977,0.0879279976054197,0.149730035152466,0.338879266466427,0.0312134528132085,0.17739607732372,0.0357858402884649,1.08768337620051,0.0548468760165521,0.149073433239804,0.102190556908342,0.733568943938357,0.310784931179971,0.329511401369894
0.718754780382512,0.877741716665306,0.42160982480705,0.107939757891345,0.537209742641696,0.229767092766669,0.0285143142406605,0.29128556779499,1.75869550236267,0.434518551031483,0.526732115030254,0.222156999609017,0.103232667253441,0.0432410992170249,0.186810532982645,0.625546128274612,0.611551886587288,0.141892820077654,0.0703537631221545,0.110420715670127,0.421043624174888,0.845419118714829,0.258509705356869,0.219196577176286,0.510746912649828,0.865023890460109,0.220225718069891,0.0213935530957338,0.341292122966029,1.03102410289011
1.71334489420022,1.40147255997152,0.555130694859852,0.895714744457215,0.811760474779478,1.17533334676565,0.97911384493075,1.07696649976659,1.3487466953699,0.75795874262821,0.981211424910182,1.428642018634,1.32586747723441,1.20413691746022,0.860118873378591,1.63713342071858,1.72122996747946,0.638719182283107,1.12964903713677,1.32631252494479,0.658296714014164,1.47915789620293,0.566667671412973,0.293983264273155,0.580863046480593,0.894720203950576,1.40266609015168,1.0746747558672,1.15876258649235,0.412629536786288
0.0741546194768621,0.319394213385981,0.144252645869827,0.230935439058797,0.214811242885958,0.0769296343383001,0.0996073518898891,0.244712805274982,0.495361083885764,0.112372359629728,0.0515068050703391,0.217399681440083,0.775460823110077,0.176745009246865,0.0326024344993175,0.261694337584771,0.124542736902955,0.347561303751046,0.258073806397371,0.223475447158561,0.179266954785687,0.0234076689549107,0.0161284482636888,0.771472837344964,0.292764040675907,0.156275358336184,0.23564652686916,0.156933089367701,0.198385981720373,0.0739532456964495
1.20955082175029,1.67973399387153,0.0503403194443712,0.480603931234431,0.690923828917594,0.471261930961956,0.604225056287773,0.806258231305019,1.52168827780662,0.951530077265139,0.661387970969867,0.696479874184617,1.45091507027435,0.556071507040948,0.554292524768074,1.13664437933397,1.47481849664602,0.684887917033339,0.84568151625746,0.406663612903709,0.934167569775339,1.5516759039925,0.0389668284835157,1.12291054461808,0.0810509287147615,1.13863669279145,1.47266384124593,1.06206209653771,0.796004015985883,0.42765779593446
0.893226124564361,0.241242810770642,0.956679754102068,0.628069491457177,0.0245916878082891,0.684747235367365,0.551080962645252,0.330915019311821,0.295260349752302,0.632187345901745,0.776174968785288,0.888073164347259,1.13839174239563,0.904050465934581,0.656568609586131,0.621753889715349,1.73372182474118,0.240930748822397,0.492410238614854,1.12042049166931,0.45439050059274,0.480559112757397,0.380714488171038,1.1610045635507,1.12256176564381,0.213821375188896,1.21519809350391,0.853730455715786,0.882380335487351,0.430989331341093
0.842121868071598,0.479718116692843,1.30417277114082,0.506152095101852,0.442274965591158,0.729216111492285,0.569363499776201,0.674030214751213,0.979486896509606,0.0117947345286132,0.748741389103502,0.950204451041773,1.36876343799007,1.0046812025404,0.645355249238953,0.611785991421257,1.72817977863665,0.574234933959475,0.696976506887503,0.962962979847314,0.987244057848961,0.94311851506423,0.521473753084774,0.953992587074243,0.0925393847813657,0.748000573886576,1.10209273252615,0.979254504334638,0.654327666118045,0.0194995489252082
1.08052455766796,1.11752107073154,0.333710162123624,0.382556403706592,0.325327074238494,0.879967187079255,0.514194918416963,0.634058357177555,0.290442965422512,0.265120988979389,0.904589171605648,0.753099080685996,1.36359071500237,1.00065804939223,0.738518471349631,0.664862035691679,1.1351670926649,0.863165281418319,0.553517366438287,1.18764940523081,0.239246927424541,0.993511858474777,0.254210247670649,0.483519680175941,0.211245895285482,0.195750457486083,0.592908983302707,0.590653551460493,0.185130494401794,0.203225922492139
1.03937773357989,0.503413327206215,1.43328845288285,0.705110704486919,0.628401868035498,0.98413086870426,0.747475234598827,0.635804113303959,0.671228058998301,0.220173432562788,0.590840203224893,1.22850704028665,1.41766125825523,1.0650800464975,0.746396948227136,0.795100057706851,2.1585269022117,0.771897691800638,0.684404698132425,0.943252716717837,0.960857245734491,0.785486455963547,0.314515087929542,1.04016777038141,0.90324166220398,0.202373771991853,1.27597170175641,1.05060222447226,0.865300893498376,0.232969910904328
0.791895620845555,1.61855530733058,0.747761540411446,0.387482290421112,0.687140850703744,0.577666548700924,0.521535341166846,0.850567084737496,0.565917793464538,0.658677833721055,0.723557056540891,1.0800159026754,0.670275280060422,0.523658943621287,0.492176372726352,0.174320709167705,1.29480697956369,0.367674864814883,0.243834609552019,0.860025495136856,0.564658064476703,0.464595655810942,0.519258144705528,0.112138131417263,0.673885059712275,0.551802727665097,0.0225954067106235,0.245724153908531,0.935019484622434,0.281286226048203
0.171555035636352,1.01263167410429,0.402834391921178,0.0213888848402424,0.102982345249183,0.278037480303253,0.124855717209633,0.662420301201547,0.927643056191066,0.242859689849982,0.14926273714374,0.0197246560018411,0.128429301733958,0.061026773633283,0.112436411691021,0.372947195590297,1.03544163553543,0.269952166789836,0.300218092200394,0.00444597234324341,0.4249841387219,0.256873097781375,0.197940563818759,1.46021114192947,1.15907813129728,1.09711653744801,1.0888741304979,0.190325922114305,0.813944905869167,0.301817748892411
0.176331092138267,0.215551169760267,0.858882500624308,0.150466276629434,0.123095540498123,0.13458592597557,0.161063853039857,0.329463398007091,1.13208314120683,0.106444220615363,0.0777302014718186,0.245346754089425,0.0472409889919854,0.120792077651174,0.0652604304869812,0.208596258675882,1.88494853393957,0.0857163857482887,0.173218178217735,0.217100922466341,0.646260255598925,0.0716208474198602,0.121859435440591,0.847234446375747,0.443531819076996,1.1702719784684,0.933430546008769,0.0957599629792231,0.368159138703876,0.545405457630113
0.87350974563096,0.0702648021663245,1.08276191715176,0.402914311986989,0.319877128795189,0.368339877789112,0.289842522970818,0.529362903104276,1.14977044599394,0.467675632313911,0.316626179577667,1.09452733519258,0.332312125379913,0.648754181421583,0.468565067440942,0.408609387227015,1.77288320421833,0.299597226470402,0.4864672294233,0.662846413922639,1.07845814998678,0.407828223951908,0.766807008318155,0.726249700395961,0.754315376168677,0.378563160523594,1.13582718957746,0.621033937533543,0.597194524537483,0.163176558245729
1.43723362106033,0.410708057516576,1.07259030980981,0.757768254601156,0.970608946468699,0.873575973345191,0.840851361927263,0.854470422840087,0.991907424655179,0.00188156518121077,1.19910589412304,1.9885378026409,1.19551701024783,1.45773134386884,0.989664008875015,1.03194499686323,1.93940717129323,0.873544440216088,0.836922965809186,1.60879892747078,1.28925783560648,0.875338842452525,1.15269355869477,0.562834709366778,0.274293379345845,0.647865647704767,1.58307054310053,1.22661309904931,0.738828504133117,0.114369726553677
1.11378998548852,0.553527933704338,1.33405022702541,0.361395326660698,0.364349254700711,0.774813647264537,0.69828972163473,0.838007187286891,1.13979768640795,0.350055109249305,1.40362939643397,1.44618536737275,0.925558084425891,1.06576238574756,0.48476739579751,1.24084108305093,1.39412852794945,0.598891894595952,0.809355245495359,0.97270369505356,1.62955046807879,1.22541556372572,0.536876831763057,0.812362196369641,0.0212348349158779,0.173633578115353,1.73521700758649,1.37138580227539,1.15669270202534,0.0513960711393349
1.22715601734651,0.679586131571865,1.27354621160234,0.578225544388128,0.35711565655346,0.806047654986208,0.846203962806037,0.828132700839313,1.22736450196749,0.12125170273405,1.52972263780537,1.42107378101984,1.20935974645529,1.22755564041539,0.641721676778983,1.2869262291448,1.40949511742227,0.63389651327951,0.861834938315133,1.02135394912389,1.84210326852168,1.30709836627357,0.23751573162035,0.657604042670632,0.160190775820564,0.259206243794169,1.92300265339297,1.78788761713692,1.2530473331575,0.54123205495278
1.21131621896347,0.00210562916238348,1.57555245962664,0.909203080997988,0.111301335743886,0.590522711092134,0.790749211151171,0.586487725314661,0.464199138585392,0.112994851985994,0.967227579280516,1.67993615654053,1.94404687682821,1.82801338457654,0.977266396045323,0.577661505962123,0.761703497219159,0.0690348281141727,0.69899174218937,1.62225422814098,1.81993946920657,1.19266947629955,0.896729092636336,0.780154265352838,0.945121029179007,0.307198418417985,2.13688942682459,1.70615199482088,1.01567562945168,0.311822158119225
1.88876927716574,1.68496798148869,1.32835997006099,0.705753182400264,0.178923205629723,1.12412327512136,0.916028051831224,0.747891774782663,0.70168484840668,0.21921098167582,2.19632277879787,1.75804812366892,1.84473550612676,1.72632509460432,0.99125745314495,1.16013175660233,0.830782345611903,0.186863060370802,0.855107107920129,1.38437529935251,1.88935210893572,1.38095951276247,0.152638993772081,1.17628301927555,0.106436288084253,0.0541513537659558,1.86721303117949,1.62632360282068,1.39270309753519,0.516432091558024
0.624388367505545,1.40867452764681,0.150400817388674,0.343866583763157,0.127869492230033,0.172452920772261,0.0787527802620217,0.146841328027144,0.715959295507853,0.604357765428649,1.44101211767479,0.187645821819914,0.0870255546278879,0.35587906279604,0.100802931324833,0.228526391018215,0.318045147162419,0.59345892442402,0.153771960638601,0.330713756029989,0.771471673992025,1.22691639723866,0.82490799828806,1.19537621655793,0.151134008125264,0.38939290987283,1.18429129766266,0.59528689584804,0.95516113391854,0.0788663937912255
1.9547805296819,0.507643814125711,0.413162661353001,0.197919056854977,0.878592879508329,0.776366924682647,0.636061660935152,0.800450428680323,1.69208047847451,0.758005370809162,2.01726820440465,1.1558301113371,0.944423364980196,0.763171203241601,1.22689633882677,1.71391567885604,2.69953536447361,1.1308965855269,0.00127283689092343,0.906434332229528,1.48132311144965,3.04954341590612,0.358616514150804,0.501600553300078,0.523098764928955,0.530790457017027,0.0433280747016569,0.499542281061637,0.0607587237654723,0.928370446315154
0.947834422878347,0.0686101532631849,1.60674847299264,0.613494989316629,0.155323093608655,1.35729309498547,0.630776870456561,0.665214770138001,0.388590805376675,0.641702928187221,0.744981424445519,1.41188414766776,1.62073055165571,1.316210561015,0.984103950520157,0.773460253101032,0.112815902091967,0.110662105068127,0.856065356053773,1.25371798765426,1.62375533522383,1.46713943495625,0.728845595480499,1.31600865142905,0.373257924418166,0.389699925691331,1.31328292331121,1.31462171039189,0.844455349953104,0.789484804570369
0.639213154452638,0.242876976973096,1.49825837621665,0.280565927176105,0.0787730941810842,1.14083405950585,0.469965955373419,0.662782137241821,0.183865881894485,0.457000770508232,1.34280264425405,1.05388533938418,0.570537817584979,0.920236569402943,0.382477490563187,0.101028182442379,0.0657574332635847,0.559072905902973,0.00729404349489824,0.803625460116918,1.0165421107333,0.977288521152732,0.091084281164265,1.01887012181771,0.896488030145768,0.605214288707109,0.642589110934219,0.755337432294958,0.38583642934062,1.35971309501758
0.716632810685938,0.58038389302653,0.516264283550972,0.05693298016775,0.416550632540286,0.556010576932045,0.438025671883073,0.591588990614511,0.0608260943933959,0.386827340586402,1.3519529572059,0.224926031625249,1.04968770996819,0.384282142580033,0.181854682966035,0.304499198140736,0.250423274239377,0.44098660799439,0.0886577048941543,0.39142495019276,0.260048851818834,0.65942303254467,0.46888338226164,1.69056077830456,0.401812627141443,0.297298136036839,0.913637458630557,0.683227185749189,0.791019524737029,0.269020942535964
0.0115103778480149,0.900478495938807,0.771538029246737,0.136751629906402,0.063173434468869,0.612338931181461,0.713324840898843,0.641331512117472,0.133926169425309,0.730558865234555,1.63804375354933,0.726901084131427,1.28529670129315,0.961922605709277,0.565594852734478,0.843663642191697,0.863187099516151,0.177913636244448,0.189524617797098,0.597027178870425,0.368632606008119,1.18325946016184,0.323677135879204,0.569883369773428,0.656585250256133,0.78935400307988,0.773298898268697,0.533844241166165,0.841872011853994,0.337502764586376
1.12002362407252,0.786327301592212,0.752013857006914,0.63985991304483,0.157984808307847,0.913055453581256,0.765784786416686,0.767436578650954,0.70850586380129,0.574986925772414,0.953575014654931,1.067437084309,1.2077973016217,1.13416519023273,0.767966415298053,0.802126430007323,0.361564520097442,0.481348783708257,0.5939116641092,1.1232490986782,1.04496431682748,1.4966461056195,0.284129559149901,1.46150351816183,0.497491413258705,0.60229263431815,1.77527891904684,1.36365192571138,1.7293320806343,0.296844764465637
0.352140375968525,0.147488887511202,0.189191210274996,0.00723570175787252,0.160684285267236,0.13197499408002,0.00170527629750869,0.0659326206769154,0.14676717230841,0.0428198996770899,0.75803486622659,0.245084680248174,0.297250291231505,0.33003327849702,0.306090158842665,0.155401667265153,0.00704008593567194,0.668641161344579,0.102058401032818,0.217481320035217,0.2125465994961,0.114211579757219,0.306979481489339,0.296881069751389,0.853438235683876,0.714481015906574,0.495194010453126,0.231964450848133,0.287162159303682,0.0134917251478738
0.279090517866909,0.0595454546898489,0.371937633376802,0.572326963273621,0.696039079255312,0.611567092316624,0.307398137776633,0.316779102640482,0.7653804608501,1.6901980729211,0.0824709018971814,1.14429843555881,1.51038914933483,0.487176012353992,0.839879398255527,0.822663972557233,0.175341893394399,0.626349126727044,1.02286890622365,0.720179305803146,0.281141854381386,0.257872570287226,0.0503420732353706,0.153881442657268,1.30341251208937,0.58220523317464,0.191096839161611,0.0433787617807129,0.318974445900757,1.15193895730915
0.747046060753925,1.13876386679661,1.0434836033972,0.438018046386436,0.203224268567826,0.764658752633418,0.575422271632542,0.420799338005283,0.987482490833689,1.0622592908646,1.38163163390666,1.50517909134586,2.14489715378968,1.5559787640349,0.992412650055998,0.763116076368557,0.677999833481558,0.359554196410501,0.210228175617938,1.45969618948879,1.49214138795895,1.07231844397781,0.301732490960496,1.74709032558531,0.968193886417891,0.00342848432498996,1.39189504043424,1.27453738822812,0.967390475938637,0.76835685037262
0.512342036633059,1.62896466729335,0.988589318341062,0.391267307127212,0.314660097070299,0.2360655341167,0.48707101431121,0.360894363251068,0.954553497539205,0.868405363901703,1.78643701538739,1.62949018949267,1.88322017706867,1.35816395752293,1.06633853501039,0.887825416584183,0.928510250711884,0.1331498103472,0.504602281214674,1.32666944512441,1.12306946273305,1.12941945976396,0.290124579650518,1.68207331546984,1.29300946027066,0.102959467084531,1.4000055727906,1.02063204886517,0.533082311810681,0.733692254265186
1.038869283025,0.192410855050578,1.17064152599649,0.508992454178131,0.148732105604338,0.855751239612594,0.659207488707034,0.548018311731038,1.25548826901424,0.151713561698372,1.48592158640865,0.904902148371074,1.43182397763541,0.980856425081155,0.872773983134756,0.696539435483175,0.11758746735035,0.499631831507123,0.431359871073052,0.859656769629887,1.52602284202375,1.49609125438964,0.628101513486073,1.40277429422723,0.835437239252117,0.0311567928044828,0.728655484496895,1.30542487661396,0.636696766219249,0.280221529460761
0.679666580593911,0.937130770621529,0.21916748156761,0.538274403251654,0.203220199116188,0.287684895819885,0.456127983569121,0.637130597474597,0.483395498511889,0.983729123544736,0.447122483789146,0.389904074818702,0.775048229395662,0.335422428657047,0.0257227159294028,0.773210261564218,0.401046339956834,0.133481309027954,0.706395225457543,0.387001510370119,0.0369986321296738,0.160903253309338,0.0834283003767976,0.151288768667248,0.765611711393661,0.214059693244475,0.83030678317568,0.146437228410148,0.819883728234084,1.62957898184809
1.24454893805464,0.619133708011996,1.0694903321663,0.519809483613469,0.122903849238859,0.214530621689617,0.555477119019556,0.224970592902941,1.13138029546772,0.705941912109357,1.48003544482424,0.587532846170825,2.48460511818033,1.17795042675043,0.855097040754188,0.640717289341078,0.873998613782742,0.100925587472374,0.510918146689145,0.965560236980071,1.04829518309658,0.930982779446152,0.219764117242265,0.851059416923506,0.475485439155875,0.160930482599311,1.19752876282026,1.42546469705756,1.23938725413218,0.55961855611963
1.29563840385691,1.15111518731579,1.09113191264043,0.496194446013117,0.44224702138414,0.201457667376095,0.460089979670976,0.0507977798542758,1.75567266676826,1.21258790639543,1.57073014445549,1.50305359178209,2.72500915009897,1.65320323079458,1.23723253389391,0.637664410420987,0.680485490863219,0.447612914910899,0.482988769314246,1.61829038590951,1.49549084034248,0.92963619174656,0.710610338924598,0.532252419324158,0.688969321307779,0.156298107747854,1.36704922373467,1.73170939285186,0.690134263617844,0.249109093810826
0.908407551755258,0.0524122649175687,0.224412939197322,0.187923493679037,0.238015838744087,0.105735355634684,0.167111761810832,0.0372331816868242,1.12545196877227,0.475841579261974,1.44397768288503,1.30809000440381,1.01127695552523,0.731004529293394,0.612932309168892,0.104275786123923,0.40480540259831,0.564127254077786,0.422589494013509,0.973020797923965,1.04883547054267,0.412782821882611,0.963087833225439,0.566982458492742,1.07963959851968,0.10669681269744,1.27638588022311,1.00432839276357,0.207999658979779,0.00169572964396219
1.12037695007772,0.0622014014409178,0.33079002872182,0.429022425484025,0.136449711063732,0.523913539903024,0.478312051750953,0.107664391127317,0.750910885142395,0.214761838213961,1.58815692990928,1.31880119512604,1.10963286115032,0.478375263794057,0.970299559362423,0.203377760150637,0.2842424146162,1.03366283306491,0.331089673244667,0.727864343173106,0.294411071968193,0.336475535816342,0.690038726051533,1.0352628715539,0.729433198435964,0.409001312990356,0.842096276331563,0.742108547486757,0.630845449800809,0.294778939327177
0.601347334050249,1.00555118425405,0.4072180415032,0.649673444414224,0.278667422561153,0.820786838611463,0.715056286348162,0.697231151125058,1.2681891442824,1.08606759192606,1.13545174360657,1.01403796308284,2.58294686657268,0.986950217745605,0.78392358797342,0.45969360209155,0.7286924889545,0.654918709103109,0.518899197112926,1.15433890978829,1.06369475980422,0.604122097110381,0.38120850947327,1.00755020423616,0.0644682952723633,0.592864391695006,1.86850817082278,1.22521317224592,0.818237334412351,0.166829061209405
0.548506213761339,0.658666812433141,0.262476738736552,0.22435629360928,0.0372032423744276,0.456366169534506,0.440053964446068,0.31422809176824,0.59979454675346,0.639364623036478,1.35576292995337,0.767163279354408,1.5532224189424,0.355279091828542,0.349711640638004,0.0447056583333692,0.617539747943685,0.0652932355693445,0.20664324680881,0.773246435371584,0.616524225706913,0.209544524093559,0.51489095217915,1.35930538558093,0.302488333745085,0.2188390354553,1.81584848697021,0.87598224336624,0.763133566234098,0.00152656623411351
0.991305573780179,1.46579716747028,0.295601909757014,0.706905692680195,0.284766331560901,0.645586734539957,0.849891705173614,0.752813777693441,1.07705853426151,1.11004793271679,1.47210166126439,1.07673660562829,2.37249193666498,0.823506281769545,1.0619909757073,0.50518522266529,1.0054561948787,0.467408504577413,0.591916480191078,1.16832294075461,0.976739456602666,1.30451771273927,0.241527224018272,1.19603948593141,0.429400451584675,0.494329965034768,1.65375832668319,0.864805298099968,0.901832026506252,0.343000759898048
0.514123161427357,0.496684492284809,0.101808837940448,0.235663896683579,0.0489480148718591,0.27613749832343,0.299977238240862,0.279503202732493,0.876127153730623,0.204925645478638,0.567278729461557,0.322795588993956,1.19426269400412,0.120141395201894,0.191156190178772,0.0269169882089634,0.166515364985179,0.20508970276747,0.14208813824705,0.359509636244794,0.793213041540374,0.57914950871458,0.438048421732555,1.09402883919462,0.81661993686158,0.105912227562515,0.599296121021566,0.447308534772413,0.162679124590938,0.428788449631602
1.37323787974306,1.26466832404672,0.335329084078752,0.00721700289668261,0.111860806110103,0.0777000947615574,0.314094974746855,0.37746749881068,0.599770934637533,0.865447050314719,0.908447590596982,0.64657659057022,0.103901736901039,0.175799796284201,0.288919796221837,0.00789125415222296,1.33053264496831,0.244596690033871,0.470135906507743,0.392570721545117,2.00896672562464,2.79413240122866,0.947934256904829,3.49540459998723,2.41554034509812,1.25537716668648,0.151173705266994,0.515584491828565,0.1326242928723,0.970008985567896
0.612893370422053,0.455739378673604,0.0477005672970161,0.0768807526014169,0.0241632394281146,0.0340827494810803,0.0924663531757722,0.212963103346896,0.838009905939611,1.03486050720421,0.483699000453888,0.338554746543494,1.2699441804443,0.019007841124014,0.182153187257263,0.0838142074720224,0.66393988939072,0.211929649343453,0.0319111193071002,0.376441202163021,0.723582524414194,0.580935727577597,0.535034624101909,1.29704994410951,0.729208550635611,0.224419687611668,0.916489302129509,0.284633309599534,0.339362778521336,0.433660701606145
0.827583759558688,1.56034261912909,0.718089836002992,0.646290441238163,0.329282190852969,1.72523094515158,0.650154175156231,0.831477112320671,1.0010985177969,0.539094464104072,0.971833502489738,0.9519435874397,1.02089866553158,1.02966605488188,0.221083088593664,0.0555592447041515,0.424883515549343,1.02201932526202,0.232800981573543,0.813516717250014,1.80560332076926,0.9576736379844,0.0991275783059515,1.29988986339308,0.747684505814543,0.540891315077134,1.84625437907726,1.90728981738935,1.49969668138098,0.453252155440035
0.317832058303395,0.745171569535393,0.160488007731325,0.139910058822157,0.00414078118963837,0.0611525521565828,0.0774520680592235,0.110075861150902,0.801408824159459,1.15399170824094,0.850414321116544,0.542424899848317,1.35367880520716,0.431150312085784,0.430273811818355,0.0376220167986323,0.638897490816734,0.608387178254857,0.0104217662290987,0.660586204949403,0.839337643337928,0.331882392649301,0.570428870802357,1.00940732913162,0.761374080349783,0.317469134118204,1.30681112465837,0.457657781411522,0.754966614582822,0.172724825160387
0.928620792173655,0.582031452408676,0.0261168592238728,0.104000046167192,0.0840125974061079,0.240707733867228,0.175723762598903,0.265212350703727,0.643244118185766,1.08111579654703,0.0826587342437389,0.476920967919768,0.848242736675458,0.299477699725093,0.503955462676506,0.200741814090568,0.32588392522002,0.427018187526447,0.37568403127005,0.420132678497463,1.31188079893911,1.29755570637093,0.469422871301321,1.33128200352035,1.52173582711786,0.806470320157564,0.710498456613904,0.646328711892623,0.803932324066417,0.422141596600643
0.399948374540285,1.53291342725801,0.368114844880035,0.468705485523657,0.0134608009578615,0.750371903199636,0.367361369417268,0.384150846947423,0.499940509638551,0.196215928283056,0.929611159374537,1.32667142950174,0.80588916287803,0.91587744033026,1.17936266426703,0.399115197165788,0.213154456128256,0.889818522254878,0.716801254873515,1.22426561836631,0.706813733731095,0.125212435511215,1.10351932968784,0.837978890181432,0.571406124088105,0.5606447861643,1.62232089168726,0.621584686088783,1.15354204466802,0.503247675675377
0.85518228120217,1.31217226017432,0.227695387815595,0.155763047506606,0.00614245618808927,0.461578235380928,0.553379487234391,0.385734808399021,0.503390950785146,0.963880592598467,0.541554725393463,0.247668103794026,0.698003713372064,0.0205527578785929,0.413848881006022,0.0455137638371495,0.167968348283543,0.332062674309353,0.122446170088409,0.22789250669426,0.154136347880891,0.988780671435879,0.303473155577738,0.850385972893806,0.941142733246812,0.353747052344681,0.33476190903829,0.301739597341344,0.465059877916396,0.350846847786589
0.610240909243387,0.443296180131857,0.296482047118451,0.0276508235726013,0.215291525451185,0.0063684528498886,0.203443577328239,0.0814065882659403,0.391388812278032,0.760044142870268,0.388106106440595,0.0780833314272111,0.129368898375004,0.192663924552472,0.292336566553771,0.189616628567485,0.0194849927537866,0.13273201810908,0.094662732270363,0.152269366086676,0.527624159926317,0.867018029557459,0.734683505262719,1.21744178990433,1.66667305715423,0.510387252003599,0.291597498183531,0.356496235766798,0.298259706488766,0.421949908640715
0.405221630002677,2.04347775431301,0.680627857082087,0.561598388564623,0.862711343141964,0.86908868533077,0.743587376496651,0.786614743105002,0.586018948597894,0.360010824998029,1.59684430897806,1.06568853729334,1.83979457404678,0.933650856571049,0.974383267800454,0.617011119249256,0.429784399059224,1.36419839475064,0.768158059260446,1.15534921930933,0.806263098765503,1.20579118410267,0.552748716580568,1.01829176111518,1.66548456169559,0.558436503528176,1.35409746353661,1.12836114843021,1.16857602841559,0.486019393713633
1.23649952713853,2.16743585126779,0.628325204228067,1.07191368650096,0.760088747777685,0.968105596486649,1.06205710080592,1.18948758197077,0.79815352904625,1.59222368935565,1.76391238003395,1.814620204059,1.59153155867002,1.24801061293661,2.12522936369288,0.946681511638079,0.375915858473026,1.71011973577875,1.51166160207624,1.80135395565698,0.196511745643683,1.42028644204088,0.477452698635434,1.40691710031073,1.06174380540003,1.23277510350846,1.77135930231485,0.661817904091164,0.879798942452298,0.655438985104322
0.513877555838215,1.83725999965505,0.956576630887857,1.12142469217172,0.77651292400444,0.836201357963251,0.860427042276007,0.906193930207799,1.08552566561141,0.587683453251343,0.993073795568992,2.04862899929194,1.61431678764059,1.5277567070442,1.85589413238597,1.08238729084579,0.327007546198457,1.06706963134362,1.14559041107711,1.72982913833271,0.615326787888884,0.923714789016976,0.18348147450546,0.663254273611575,0.518678118706668,0.953061707799629,1.6229542786768,1.03577272165058,1.02137941481567,0.071490668123793
0.260275648380063,0.461159343876683,0.42416790295488,0.355824742090325,0.416253110870744,0.545942155143012,0.412049434629163,0.554082967483287,0.66718051454452,0.460960341420647,0.427191065338536,0.740207507273462,0.736671163560938,0.460083314299733,0.743549311367111,0.47918260771063,0.114118109973587,0.428590287855951,0.557853968179938,0.578072712887917,0.408015781286433,1.02383929161054,0.284532572381777,0.998914289388657,0.821700541566931,0.472730511849213,0.738451616135522,0.170232314521222,0.333979852607173,0.357811929369464
0.167297328353827,0.968036936617354,0.298458720209413,0.120216825334448,0.186297339863115,0.503540531537033,0.300465023770404,0.209080790985943,0.775036070339419,0.853295346944222,1.03949304631194,0.496158356848761,0.60377802905004,0.591324382010819,0.624869968367024,0.495313360521243,0.140974058828573,1.02110007994007,0.520149361671459,0.768444123219956,0.459064165105368,0.311970100026964,0.716991818793277,1.00032038195082,0.804711043778198,0.61625323401959,1.15306723069245,0.0509036095491058,0.703144588334236,0.514374134581486
0.277763883124108,0.260514417390157,0.0173948260383755,0.336416154906692,0.289078721966433,0.0647970397329949,0.167755849678851,0.105276994091514,0.122225824445752,0.600499507989685,0.571597987190671,0.637177372530066,0.461665215841653,1.31955764462196,0.871309822038128,0.413832320597423,0.390302446403567,0.0472818074548643,0.475636547794985,0.885671018459253,0.414233611271165,0.246374601190958,0.184798267902005,0.961390039111393,1.5078723160882,0.248105464435539,0.0771975450518876,0.166155242925047,0.668431314904057,0.231424129792169
0.163810770560775,0.712903864912988,0.570650110948906,0.248098821584651,0.206513964023024,0.597322058242935,0.272802591548936,0.380737705053379,0.973025672534403,0.551101985985592,1.04202644877946,0.934529275036098,0.577025905628716,0.744180141456207,0.924524288700143,0.604140502055072,0.0452694859051975,0.631892466814563,0.645796551859573,0.901979619799019,0.555002320253406,0.0149891183955513,0.640679654884689,0.601741164626435,0.711805399180395,0.66046566284944,1.29272703938793,0.210736728395444,0.781384180178302,0.0140076685529965
2.76162835170914,1.84936332177238,1.58614818915213,0.0748716865031906,1.29575662485058,1.31722039217464,0.469782373089701,0.500544833508117,1.85642181795117,1.83128201029685,2.98789073658985,3.56756877213576,1.21020342251184,0.46022813197462,1.70951922257894,0.66128554630974,1.54548879713106,1.931566574259,1.60713386414982,0.316737825891112,2.6679345636234,3.06692458411297,1.39236581962483,4.31758520092722,5.92797107240189,3.48507615513512,1.02204898280509,2.87855863776982,1.71221102663809,0.466272273625041
0.831071580839206,0.842644012258785,0.845678332655973,0.444914213296445,0.879242834154568,1.68069197855955,0.545498191523964,1.2421961646922,1.2062228711955,0.788872772246059,1.62354197576718,2.16299021073564,1.01480391456571,1.28627867677115,1.46476214011098,0.878868041072089,0.32275598342095,0.994651216658195,0.719205438359517,1.55947750354086,1.18722917033136,1.10875038254401,0.271534664373381,2.28896521597146,1.81349300667172,1.34522285160417,1.84222098834773,1.01769857727456,0.579254081941952,1.56790982362652
0.688889831236411,0.496351366176843,0.841029891511453,0.216385974051023,1.05974785712643,0.522579094820043,0.254445472141257,0.40835004017416,1.03594530916805,1.67397331168068,1.61265712276028,1.34962719366243,0.9743382705604,0.806083040513736,1.11398851973586,0.803585716969925,0.147741498422669,0.843514525952754,0.906988993154656,1.12794573188035,0.544370175604486,0.260225258681769,0.245214303234984,1.26130398926759,2.18266900017268,1.53134340768683,1.70264162881881,0.714373654588955,0.448122456884384,0.817876264811176
0.35169943822586,1.33112172802825,0.485595265810645,0.556554323770862,0.631626938883681,0.863491929352693,0.366967619251114,0.409015036901675,1.17745263613736,1.60056169012773,1.59249787307613,1.9798680640465,1.66184007053675,1.25377527449634,1.69655878076631,0.8892614111777,0.275851559677929,1.3419216943318,0.711768666314097,1.76328247178087,0.663532523160838,1.26936252198138,0.310839993804891,0.445224136496167,1.25985015766322,1.16327046604272,2.02159795958516,1.099791716691,1.09533213362053,0.389719058830398
0.118447605806607,0.448437705030249,0.737526596379127,0.629279637650541,0.615496927741014,1.34101278549378,0.601505786699355,0.961746625688264,1.27693465353935,0.786477844030603,0.674801908308678,1.47841520359565,0.691443333171904,0.758018332492756,1.587106737713,0.732107921911012,1.07119104643388,0.949200870937561,0.685991572669071,1.27345754947043,0.635918823048736,1.19125518263159,0.289552955173571,1.21143746771523,0.659634926695848,1.76064233136412,1.82996784967884,0.91864595633337,1.04420975772722,0.418180885385051
0.385202782841071,0.980567740491107,0.379865626240427,0.438985499156321,0.491122308738398,0.897714092486799,0.326945600326133,0.418002459790963,1.19258401731957,1.16471471991725,0.626586315404397,1.68992604828862,1.36916149927205,1.06171057959687,0.854605321803471,0.491663080071217,0.210244915111923,0.440176402052298,0.211688604518228,1.08200332215581,1.07614190163491,0.783094902210759,0.23625120118436,1.1380205434208,1.32509275022966,0.773473526916728,0.946075199874937,0.785301365880148,0.633766961673428,0.85598790049877
0.487948996193743,1.03007589817801,0.266785186386914,0.384556224004519,0.736306230159486,0.831011224777508,0.493279481606549,0.540946882287668,0.85784354626842,0.960063116809097,1.12811976896345,1.63583344231424,2.13942119669602,1.27800284681252,1.62620061414596,1.3486458720895,1.20521810082285,1.58978489071505,1.5801560413267,1.51864151890839,0.880366375090089,1.15734976964079,0.33129859712764,1.82161800632799,1.45964593315516,1.20889993279089,1.3350604336829,0.554576874841442,1.06101483497023,0.0838211982167815
0.355777352220385,0.176495036744738,0.0608739252121829,0.372515053940969,0.443332426059572,0.854443791251444,0.126808953838799,0.310424539098289,1.39207582337664,0.325492503607893,0.882358441350974,1.21744495426241,0.516581372188114,0.540566187086507,1.16724978652669,0.551521897409682,0.0545937274886321,0.291006890474281,1.02850827206494,0.987069421026592,0.14475883277957,0.0412564492039317,0.45012048519176,0.754648726707273,0.756551712821089,1.6517082951847,1.25293790892633,0.748604435140437,0.568450406077621,0.925789831117129
0.201123159540618,0.554065115782517,0.928238969411244,0.29193559255525,0.483645055158753,0.982158033978026,0.314060743654735,0.782370884360716,0.0140657147494687,0.780503731779537,0.594446529197229,0.534614029703161,0.258681913830981,0.210117815060815,0.965750361853485,0.733589298294109,0.242258292413544,1.36612647891662,0.889214677774553,0.48920325170218,0.50530392906826,1.25811698164943,0.184486348647807,1.69238648450944,1.15566183190574,1.29277183266518,1.1888707863648,0.644877522350044,0.869902153701827,0.990773258343913
0.428153294595135,0.586292152208164,0.539618703940686,0.589343173438864,0.650550334342309,1.23757664049602,0.812673801633586,1.21517866143284,0.249473809197653,0.498057415659341,0.498335782293997,0.612186679435306,0.56148237987587,0.454077241899034,1.65140957345625,0.956865969524844,0.47928425223186,1.16140053750785,1.10025272059249,0.99340452449627,0.280975036375691,1.64770836959648,0.236089538761557,0.974558315219043,0.692372290585038,1.64064393022369,1.18935821957647,0.695300957948814,1.02863737375184,0.0519537516264327
0.579282803114584,0.666972759388804,0.437539882658672,0.600307339053422,0.739097985409933,0.540086847011706,0.342862548196074,0.367627917413784,0.154354601686215,0.94018779512896,1.88617485565596,0.40090255812164,1.38241742836909,0.203396837548117,1.70074214060385,1.00445446293872,0.617816620900077,1.09730200903842,1.31768619483075,0.699794849390495,0.786427373469242,0.825281441125116,0.546688263876302,0.861227240096488,0.562345830057195,2.69474662494251,2.0181594685843,0.130862333433448,0.657072878443124,1.48131919708192
0.461229214446786,0.522476732074119,0.50851208516302,0.728982988714309,1.15622716939606,0.719068992012404,0.486941422449054,0.430184252591723,1.33233065367627,0.626337441187041,1.49479049237089,1.55157169833353,1.24727414487354,1.03858899208427,1.91877660747963,0.599827915033225,0.073761148202137,1.12208463019082,1.23853359839022,1.38641878185724,1.33187799327237,0.692154851637427,0.380642109221217,1.25392923190987,0.923671193909347,1.09929386664452,1.83350873977015,1.04169153064719,0.862745076632383,0.258553899736002
0.311141412088268,0.635443203903299,0.644777033499116,0.833996290532531,0.933364812161726,1.91086845713879,0.875046770134415,0.745976479164606,0.399795851863994,0.509576325270275,1.21844163305244,0.634931543422199,1.64271936677293,0.372003817292241,1.62544118347843,1.31936820885836,0.263455618055849,1.85202098981644,1.89094640243784,0.68205102859258,0.167666247131256,0.223582331075725,0.701038707554116,1.01672133109567,0.722171511078817,2.10207034588828,1.68845153815202,0.0562994884536768,0.297902701041183,0.157584085266465
1.12481288839414,1.47190891490667,1.51641360895044,1.74403570208088,1.6200297667248,2.71732504402973,1.76239707906022,2.09250894907786,1.59286350808431,0.505769856228608,2.23918199724622,2.31264277581354,2.1115166752913,2.36496679957736,3.09066888944565,1.93885853588684,0.717992454525345,2.63981046300641,2.02510187665455,2.48050699033579,2.06412723151042,2.50320008142986,0.215817268319173,1.80357554170449,0.790622535148946,1.9643780184206,2.15162432051474,1.25642018651738,0.903144786764106,1.44029517371793
0.555233352538021,0.902186641776695,0.762847719109269,0.934339976590946,0.90055423860167,1.64337461100758,1.10807250282694,0.913935070397221,0.986433534444527,0.0798767834574174,1.54873159820474,1.37325635485913,2.25779038429062,1.17368548547732,1.98932032585993,1.612644078932,0.747661987635429,2.1030225685728,1.68864861401646,1.69740173103913,0.72389400009267,0.986047385957059,0.129245837736322,1.18829481518931,1.0310219928611,2.1530552139279,2.20609919760286,0.229037142029286,0.776564331030487,0.0541777838891194
1.01953178890989,0.527832784319433,0.440215293447279,0.443148568917866,0.443061773636539,1.70990043396864,0.851868979471434,0.0155035733980068,0.906240476153207,0.320473978877,0.573170286992109,0.768125969423126,1.49869542819429,1.11476372225567,0.867826272005174,0.561100245518224,1.02576189181194,0.788109627295564,0.956006634007199,1.04333440703086,1.26978686895991,0.277000544883668,1.64696673853444,2.80444098500182,1.6540908686469,0.410371083605549,0.475190007151159,1.68952807465222,0.530541623567221,1.05385920230341
0.452485330911044,0.27811894164748,0.0702194529844211,0.114561428024973,0.869593970409172,0.192376249316662,0.136952015758269,0.146506279958545,0.718953778986077,0.90574311577073,1.05913089429884,0.932008168416178,1.29074357609838,1.32354972202125,1.55286542959019,0.690861693275899,0.1009288880912,1.42386205167307,0.351306866911144,1.286097941901,1.26557058049947,0.283273001028965,0.418625777567528,1.55519974620969,1.05499275542991,2.00976040947361,1.85378390793376,1.60734978794077,0.884834422103469,0.187081680417924
0.537765357902725,0.239280780281746,0.00742126674652085,0.105848763744599,0.0437567787907061,0.0726352482124013,0.121134865246622,0.562002928041569,0.121114843948683,0.12936533530401,0.279880695348963,0.562244941644048,0.355646592963544,0.18038626753716,0.0754291483411494,0.12908109108332,0.184197134383661,0.383574509245347,0.499024720905714,0.189667900955909,0.204335682356304,0.501563544417707,0.690099027121202,1.25529109596508,1.15132697506145,0.311620716101547,0.0754910957354811,0.787423637317051,0.493960859344167,0.500206666649339
0.612487908781042,0.0351717112746761,0.766053862949754,0.481004485513761,0.453172447808378,0.148941428565001,0.210005235889675,0.59204127926268,0.886516270210881,0.626538730378819,0.915950375304974,1.06901128165778,1.86358338007772,1.11124928958729,1.14761949125646,0.31966887383403,0.945068336541356,1.579542412108,0.496533175364847,1.21176416316706,1.58842558488033,0.718029644900681,0.762063016913136,0.757035097271616,0.718544274150385,0.215738886777304,0.567740506610346,1.76435285687068,0.842446423963475,0.0598420388616728
0.799769275012541,0.617518409310472,0.205998528037243,0.144599499339352,0.728991722518579,0.632228669139586,0.439336059834187,0.763551838924565,0.900001777442998,0.181525258444851,1.88841529042937,1.30047988994827,1.35962809373006,0.810629756652716,1.98972750026495,0.233859947856932,0.790784060376702,1.19134174696197,0.867428632369101,1.47588088384401,0.365497821842219,1.23633890064415,0.748825930349085,0.791358191215397,2.44411450286286,1.46771202046738,2.23289497618574,1.03250169050283,1.39811884437821,0.470998676115455
0.419841544073949,0.608984931322423,0.208306136778346,0.4365263725767,0.492438969482609,0.275714798587896,0.448385345718818,0.900324759010232,1.16576769987323,0.25062182479207,1.1146200712058,1.14280465733496,1.5499527116479,0.633329140141216,1.15818293188658,0.329046660712396,0.830429264885122,1.1575771845521,0.523278279180667,0.925995572662015,0.575815989956805,1.04058738843014,0.704511801923307,0.809778844036176,1.7142577027992,0.971448103012523,1.15431207346079,0.899892737336073,1.15817792656476,0.253389667938744
1.76491747028457,0.0769650203966303,0.0561090231855148,0.428341487645857,0.578980215473708,0.935279588061987,0.584481707715422,0.773288306532294,1.38484076319461,0.249704936347539,1.33917746896988,1.35406478193633,1.14943816894495,1.03800115748198,1.5161786074704,0.614659048471809,0.976245037574662,1.57568673049697,0.49032404907754,1.68057651134477,0.427272901674315,0.786834516203939,0.685607820674767,1.0035822330453,1.82497725922041,0.813981724613543,1.7980498944326,0.968466901513636,0.804036006207464,0.108471073156579
0.543715302160759,1.75148963677721,1.20711778653116,0.86665539727345,0.9798400803164,0.940037586880493,0.751234607351275,0.988379885395644,0.924938351574564,0.719085858339797,1.72342737302234,0.704360113830956,1.59946933293737,0.721222865567092,0.947610683724338,0.238680845590153,0.559407587990202,1.08489348745596,1.02813888729755,0.747338277302529,1.34577328075195,1.59710351598591,0.488985298559386,0.891098920462963,1.41279792668013,0.965820003299804,1.06890073162885,0.674155914025168,0.592288704392135,0.0515326905437842
0.510455439653347,0.498953213725869,0.78544236963635,1.01185614767738,0.484241842771421,0.838068339254839,0.837952904658011,1.02965371961506,1.6548483519894,0.390070150173272,1.7547914707009,1.48349984713314,1.70040210163032,1.04966073836846,0.923036599461176,0.647017673965387,0.142971492299914,1.12651928655189,0.474794674706661,1.07834280532013,1.4901847254538,1.24888140925471,0.43217480041784,1.21303409249006,1.19550162234771,0.391648460711338,0.11912638197754,1.0891994008271,0.759036374047191,1.14527073007154
0.872460386977187,2.85835571752414,2.80736114027309,2.74167501299898,2.09718415866728,2.89046731668224,3.01364852098422,3.2994845619763,2.32171389246945,1.93581282124405,2.52286489969027,2.25373026988764,2.78974182384742,2.89674701714171,2.36506491193752,1.55834409227758,1.86647644518703,3.20977401864616,2.29826943567831,2.74914442815401,1.73164570835158,4.33848695139566,1.43230664365906,0.964250129376366,1.84984908416215,2.33258514464938,0.028665186774709,1.11845336330961,0.882862666016994,0.879613002757628
0.0567065216931171,0.0944288577799079,0.989859991864465,0.979061005207007,0.133624168182607,1.26445032724885,0.996792072764665,1.59183662670247,1.49342040138752,0.0328978184963788,1.86805396002008,0.328528747012042,0.324604002187178,0.105004187380869,0.826733184721877,0.547731799972764,0.776104554459528,0.898392069855494,0.835851501514175,0.122053375049169,0.927885358208653,2.08545009877318,0.32767020829914,0.397536506132491,1.43271915832566,1.17436842206347,1.09627898274427,0.635594241062584,0.903377291362295,0.747826557732354
0.133407304543424,0.639444968570463,0.0804383957705864,0.822290305682275,1.00118114986763,1.08541120171737,0.94565922777347,1.28548358864075,1.06410001901458,0.0855073013649038,1.09648933071387,1.35147407646326,0.918491756961814,1.09102537153302,1.82418758387859,0.424229235244322,0.547757900431862,1.52571694694501,1.22523018075308,1.51996530729257,0.798467630318999,1.23764827153364,0.0544303054246103,1.43274759805511,1.70045149817645,1.17273040720628,2.0434404785831,0.484427085944784,1.23770234683803,0.345180695469016
0.266082795639118,1.21731059326279,0.114023560490194,0.654807124175527,0.926037000574243,0.577757322379006,0.527153918806373,1.0126545761513,1.01989393404912,0.485513538050532,1.07147833850571,1.80975006840945,2.17827663956997,1.2554643625229,1.34763298139814,0.226549543390246,0.573708877002565,1.32180038971216,0.573763285337392,1.5300437955644,1.44685426071136,0.536900006508292,0.226850446186411,2.13143264345104,1.32728501588119,0.260374865971176,1.44513867382607,1.17945039319762,1.21388731725472,0.427584948793273
0.42865970951893,0.896110120300504,0.174985001355201,0.516099910677778,0.803421163202943,0.205642994039694,0.226495023481444,0.417692470569531,0.320198638698419,0.373851578907583,0.34470895983102,1.24722285668844,2.78030111400366,1.30561714940882,1.17276316553131,0.097196285249869,1.03816017781971,0.84444721419148,0.346114428615929,1.22550799757767,1.55132205712003,0.365055901123328,0.179645477610706,2.38246438211839,1.13593047219899,0.210772432719542,1.08372228304617,1.14537780919772,1.25294136953894,0.361162658660131
0.198594972942542,1.14073456359521,0.718087130178711,0.206010059091525,0.170260990718119,0.980323409418058,0.438085505112806,0.747011203559721,0.470257143707701,0.274329651320192,1.18780056213137,0.766197824329542,1.86589109553924,0.354606663306827,1.17679799121988,0.62253182150211,0.301505646179426,1.63062397872528,1.11680205908051,0.929959933212184,0.0722410837142437,2.60847902790889,0.00474618978207801,1.20547466524539,1.3852648579188,1.42349691796777,2.23144035561037,0.494257942250902,1.56704589814072,0.358392633271925
0.533820518456436,0.731987029134733,0.679454292201475,1.04528194951971,0.621670822266172,1.38892501171319,1.25342667606984,1.98684701977958,1.44407851054283,0.418790507229649,1.62531093232018,0.860341349477706,1.54810490250572,0.925815047093701,1.86890728187369,0.80021487075476,0.613341018041888,1.51440304931653,1.39360563979137,1.01550677572123,0.791217216250459,2.63608632937253,0.223667505109162,0.735170893152095,1.6397228557206,1.93602328230007,2.1095239439472,0.570852907588541,1.34596551847202,0.676662384988692
0.649429812451578,0.943261387052432,0.312838209579282,0.178856094462616,0.582709429851755,0.0599991065683486,0.362276307682066,0.699237461772335,0.438286309044148,0.01110759510515,0.370137189382055,0.136332085462729,0.564289277810999,0.859783440160104,1.08986180259942,0.549807273188345,0.207138421913926,1.15360901649228,0.269917963606901,0.761525784084612,0.337800328848724,1.13422443464741,0.412822615268201,0.976777809855638,1.35573903939798,1.05309954964364,1.30908692724316,0.774871611774332,1.38692696608959,0.488225865934189
0.354022847781123,0.674231825146866,0.638876139721732,0.864757084397454,0.792221547916055,0.95796004927899,1.0691515007753,1.69315159794973,0.967027584040329,0.668988830406447,1.89056953116943,1.04244600839309,1.80763149836497,1.38291384435202,1.92195659846457,0.431770346775797,0.404792040438149,1.21294691220325,1.40797406995513,1.56075789747367,1.27863373628593,1.90454392506639,0.371202077460396,1.51350877969699,1.76230593011356,2.2285504727475,2.28560577560832,1.16726666395702,1.77156149312473,0.22221784140373
0.708264382264993,0.660880088761523,0.0998030761359904,0.965489951223053,0.530394585421418,0.974816723466956,0.837147914679552,0.993257290660964,1.05679600883351,0.528956099819136,1.43071901949968,1.71255188496594,2.90665790432901,1.42152423780892,2.01902415196032,0.14845201519325,0.147955471980549,1.55926440024798,1.18263894345425,1.83856564782247,0.863605561249108,1.23595215287817,0.248322979980381,0.578517353198315,0.894567581927882,1.92109743488081,1.48355816310462,0.389221189108512,1.08485303255393,0.450839512160821
0.984565201671814,0.875057497969918,0.205420787096882,0.815330581252361,0.373792781466225,0.916942020719132,0.744425844031308,0.931554251503255,0.767320349620731,0.442226424927897,0.757463903031531,0.998332515617882,1.96103911518143,0.753119923580352,1.07818389101186,0.013276905519127,0.361788310751207,1.06111677727737,0.749763718946434,0.998465512118379,0.529177844838696,0.756753698907115,0.0662761777472282,1.08881552494128,0.898951709984493,0.987963223113833,0.942148107124323,0.226185484569149,0.41913079384658,0.241971719585697
0.73324532498662,1.73169047582195,0.609248580903697,0.865267859246422,0.126742726956239,1.14555439942279,1.06636448107828,1.45562782727707,2.10374944916605,0.158748785191467,1.7828475880523,0.0206329306342991,1.31717347511401,0.227517573965562,0.919816414788157,1.54776857403828,0.893772850915733,1.17636481321288,0.189666661916547,0.57909830701342,0.285794118369992,0.335296639860063,0.520643656615438,0.631037367040194,2.14845810202228,0.739257092938084,0.0608234506603588,0.346663118804912,0.00952693579104017,0.18463186887577
0.0826062345307994,0.167959102633508,0.0687333690922843,1.10820538384342,0.913851815001057,0.780466025941315,0.981658193290417,0.902549023735808,0.766511113937142,0.384288207596293,0.435403053605427,0.94257766327342,0.31669095051931,0.936274066171708,1.36537509430898,1.01436643817524,0.844715355131423,1.05025083653663,1.30597831842398,0.939252118801229,0.63763618211208,1.58794917900802,0.149180408289154,1.32898812927703,1.25789097248966,1.01252360769027,2.24930926531274,0.167483739182076,0.537800214600731,0.336098210945932
0.0847263997845411,0.890709198684562,0.0844969797476005,0.605871109231789,0.747967985553647,0.748520733647878,0.697184856341588,0.389767478274819,0.336976491273018,0.164495123155268,0.422994427844393,0.608299302154408,1.18868315230397,1.34258736482647,1.23081716135628,0.858219847020155,0.740375270722745,1.19177266197012,0.907812119388886,1.25170702330126,0.534415797552223,0.103372468655516,0.320402948545885,1.25643314690599,0.511872378452837,0.604561228872429,1.63122854488459,0.062071400275634,0.351717042730502,0.0157430634412919
0.0575571674000418,0.34321965680451,0.659433887352505,0.250015087562285,0.755152284864697,0.109308538735565,0.278515016793293,0.193076824672578,0.191450318210618,0.372312635868241,0.908345058150051,1.05859262010818,0.518947574965084,1.34578501482402,1.19553595969057,0.229062119130112,0.488678846964691,1.09566744989178,0.639382175469991,1.34044258418865,0.124718151896018,0.0570804853254699,0.124148806977265,1.60174481297566,0.649042153054286,0.0298698458659128,1.24917066160409,0.112006704548859,0.269878918427944,0.00715182686775405
0.195092780628623,0.136940217838854,0.316902255183118,0.397136753062422,0.244575729728695,0.753146395726659,0.296282442577184,0.081623625209044,0.380639582266425,0.294279959525582,0.0528456856650564,0.206816742752708,1.59075639353744,0.583560984464567,0.870463853347168,0.405281328423997,0.370089484421902,0.421851653533779,0.448223524036077,0.530978085890732,0.290771372214496,0.143823913136595,0.332847019099335,0.184628735049061,0.091410747193151,1.27471264256499,1.67135817063663,0.169484462871121,0.502247636850174,0.153905068703386
0.0628663237667729,0.556371609436413,0.28721206363009,0.125500101228844,0.0788257170364762,0.29747861817677,0.205705053016657,0.375346893366635,0.0259685915665681,0.418302253734477,0.0533477448603881,0.0653382383179158,0.0850536624510761,0.326929137787442,0.214834193655244,1.07779912787785,0.246222378536274,0.522373131464025,0.0745210891875548,0.341476808990433,0.264968256455229,0.13276525237538,0.0744926418630117,0.973747649914915,1.15248122825182,0.321605579319361,0.298066554573985,0.0592595181957991,0.112971372409805,0.0977180351702878
0.439251690399857,0.83256290867565,1.65952811212421,1.37352194249253,0.755219458834647,1.02072620097894,1.32273024137831,1.89325839725143,1.43637888017605,0.831961459260118,2.42669406371531,0.766520162103808,1.7828447301568,0.826125218091435,1.12373359199622,0.361991897566423,0.316461346082852,0.789667920414598,0.705416324029663,0.885671757454227,1.30547988917262,2.43871450838009,0.771095151618431,0.138505261915778,1.17954717164119,2.0566675622941,1.0762835690848,0.802217493941703,0.250903209260605,1.10598440606256
0.0588479535782522,0.772226987856599,0.545211909659009,0.0783611639787816,0.342612030491036,0.127607017471209,0.0706160963273534,0.109852622857072,0.0738568329584775,0.337735140088002,0.190817643100464,0.602382378345164,0.670234478403743,0.441583822698235,0.657067244562658,0.940043078776124,0.427571422436687,0.25993309484217,0.853678220205641,1.11915787544751,0.144698849477559,0.185460245852373,0.502630078270204,0.899656025593937,1.15899760270407,0.404361145168354,1.46277927047727,0.14983315392119,0.514079001856371,0.255197670651236
0.358249966994098,3.74220522759042,0.794707722962239,0.836324289960556,0.0180921318899014,0.328448067389406,0.848515840455676,1.36060847543906,0.9513573742274,0.540548817814571,2.22320464744002,0.514529220000189,3.896203690761,1.55421099323033,1.5134129395123,1.41708502342647,0.592219782078956,1.76363913780111,0.429606613995585,1.64544089075377,0.552774142915189,0.547468038135417,0.238544109605478,2.26194258585903,1.49531168615814,0.565981090834171,3.017955362133,1.84233373578257,0.425326472427131,1.06669717081928
0.595327587929062,0.990156094364874,0.640946353464868,0.0837076826078767,0.512486221064382,0.0313795042548339,0.285778302792294,0.523704805722931,0.149949873343775,0.465211775707213,0.235109912111347,0.746274899479791,1.62044573827433,0.578846400705803,0.377628735731382,0.302587602611769,0.424398085270676,0.356920945432478,0.25645305489958,0.244821162269426,0.624576916166931,0.708400392139273,0.409513901112795,1.07541746929476,0.293639758445907,0.548420215429266,2.20022779525401,0.30790896308511,1.17111608815553,0.717823530256331
0.832256138779924,0.0334878375389975,0.867492192088192,0.100700180374186,0.136803916212362,0.454865108439556,0.00809988745603317,0.0806537828093289,0.0650233770324108,0.716573814657701,0.107072369238713,0.123374727464961,3.17535741314393,0.186638742850286,0.590064397094975,1.72233745695346,1.09629849538054,0.149218027864042,0.271761829269477,0.118049890961369,0.730196989335554,1.50224649236689,0.304799605091343,0.00638586008471625,0.367742810760051,0.950451730752634,0.501511976506203,0.590196978771997,0.342440427043574,0.527093744191809
0.792496391063158,1.37191753441605,0.9850915575008,1.90742990304743,0.540461278440906,2.56370476542129,2.20246210810427,2.97465957560614,1.65036148330827,0.0406061017708674,1.63667891041465,1.67176734220661,0.361558072225028,2.26648718965387,3.30754657892171,3.33787793881465,2.20783213237814,2.05095249854976,1.16963461253833,2.49646874215645,2.64826296387368,0.294064904309045,1.20530818917028,0.369129227850363,0.234700041827822,0.679482466748335,1.25622395177521,1.3072365154553,0.849150015988326,0.563489717243077
1.49764076340525,1.73933806375699,0.874261478728096,2.08836865011116,0.872734630210301,1.85764557992948,2.0222304031653,2.4690979331065,2.12590797138622,1.24504143946387,1.88677574733512,1.28638603605468,1.87277118990919,1.69600088394316,2.00980935206626,0.329057715014372,0.272562927957281,1.90908933021407,1.42704295580791,1.7281664333564,1.50157198081747,0.40964901526119,0.149029950640295,0.839318540604323,1.57192934539599,0.322523908331657,1.14661959353545,1.29413802656909,0.504288453870263,1.11458716760836
0.624149740166693,0.216547367998765,0.994347041894908,1.58687555045722,0.439253947945337,1.49580702837703,1.35236213265846,1.42302056211356,1.54518868298652,0.737039588675127,0.916494041941759,1.23668583174233,1.96499268455413,1.58179210607017,2.06119950066533,0.467516552072147,0.600589218060036,1.71997897914934,0.887529257677254,1.69184940436299,1.72953990010588,0.213909488871418,0.709584608306523,0.923760382042554,3.03853398739468,1.61240492110619,1.67968530506211,0.490736739945203,0.291283924946027,1.46737385525862
1.11148136222486,0.771683953778742,0.772623524978721,0.472780211672709,0.124519886127266,0.774606707864587,0.316981974191736,0.547040682006556,0.403284068900593,0.164353479960143,0.637883327980922,0.273670312582405,0.718883427784825,0.67430535554313,0.995501873314521,0.0796829409272289,0.120532451347606,1.44226684271967,0.0110138192070763,0.810487308522549,0.472270017524551,1.59598129728788,0.170873656619625,1.14188682576954,1.28853479699243,0.303651265208666,2.25505020198745,0.607786344731142,0.358797768022613,1.03955601273119
0.148390846727958,0.542810031322649,1.94721938493969,2.09066562718218,0.296918509861255,2.35841549524852,1.80097348361504,2.87106613188662,2.36562489719643,0.626074265529748,2.35262152517782,1.30192968573723,2.13823908202521,0.735688182863212,2.1867209444154,2.22536975199559,1.32809965510505,0.977552678173939,0.406923675069824,0.895997887585446,2.41184525931996,1.30192288093416,1.25841732126437,0.472866085045049,1.82417659306151,3.00846839890338,1.55920809680357,1.56963373455985,0.567425214944289,0.393585391255596
0.709428170921111,1.64759334812836,0.45626019977448,0.683318976360009,0.399103989640074,0.710605974973382,0.545197832279523,0.979986054530218,0.506698216766428,0.0240460931561799,0.394510751805638,0.795248441897358,1.51365973033136,0.491617898547435,1.17211041273322,0.111428623847442,0.586316324238972,0.43824432341693,0.173703209006568,0.529356516639304,1.01182964604724,0.375041777304989,0.65021554066999,0.592915295849483,1.46448411404192,1.11166254786193,2.2987061405036,0.913131355346698,0.168708187867983,1.0258031597051
1.0891320295605,2.35927201913841,0.620852404642529,1.31333502176987,0.1391169537855,1.54612030138896,1.22862106382497,2.03986379090278,1.68809864420721,1.05287394206679,1.48520330414717,1.12696263532719,1.92743883247901,0.91682712798554,1.52719104880075,0.64646031662316,0.977865991049109,1.39841736339196,0.494628656181155,1.2524700908212,0.0205321920114899,0.147447058492879,1.43831631852659,1.30145154164234,1.90218540879794,0.262303527951785,0.0727730348827567,0.686842426552102,1.0050083270536,0.797634706189977
0.368875058240546,2.12599088970027,0.034769260237165,1.18548704643455,0.0325300191233435,1.52066421652283,1.22108488004919,1.89568599878313,1.53217289071909,0.172748124364302,1.48347242827061,0.999860075200478,1.19947364959909,0.151048304482733,0.794398259253832,0.652453724849026,0.35743870583758,0.666643278723674,0.76202010335105,0.655290750951058,0.338508011091369,0.654317227564432,0.725834445196881,0.784677707624734,1.22652394227156,0.131305786801057,0.931283467263246,1.2803864220586,0.056039820542392,0.588236582650713
0.713559176675005,1.37572753365501,0.133314544539078,0.608128040316425,0.20925309063855,1.37513684895051,0.6341400839593,1.21854979303558,1.25656206029046,0.856638191074968,1.40935450782719,1.07054566061368,1.40009482454553,0.958404389037263,1.2983890551468,0.000714908779546715,0.946444658784783,0.762058897565489,0.217912899132178,0.998437957146342,0.681704868237593,0.262862054836834,1.51822684023002,0.617809760855447,1.93253268452117,0.0412018341713736,1.55355604132148,1.05944549686751,0.0579683397269633,0.938392545642874
0.0619045082576728,1.56944692971524,0.503538619962665,0.813125580023635,0.553023966016614,0.96019564460972,0.497752242521065,1.41416830720511,0.285962704326198,0.0667122828238813,0.931478831473114,1.30574097525242,0.15267988337043,0.22910271367675,0.8271191549083,0.208416175999278,0.520056224182747,0.27429222591044,0.772387061525488,0.754001141748574,0.193548884759674,0.491961418532241,0.793794646273495,0.53935652604853,0.806030642195603,0.723750738098645,1.20387388454976,1.36784829533137,0.147556409280816,0.234723957961539
1.04504681564789,0.593914013996255,0.864572497149115,0.0857246595650879,0.402420030811703,0.086626370412289,0.31905089607409,0.60404172688497,0.598772880678423,0.0880039523850686,0.343517655815101,0.79276417184646,0.998105008415907,0.315366125093807,0.16262245299614,0.089983407075338,0.449105981011492,0.665345834838984,0.517030046561557,0.56156365258139,0.175538339832885,0.771554564748562,0.0765203127581564,0.18695942162651,0.910276158160295,0.225579471820976,1.61924287125425,0.247448873301292,0.342976410028901,0.29848423457883
1.43206828611921,0.604372723017179,0.842253436853977,1.01800457522293,0.567061534423111,1.68140011651622,1.33355505092591,2.18394741771558,0.0758595281663845,0.434997074118632,0.778015709902584,1.34624042861824,2.10640743362807,0.987286348544415,0.81242061607856,0.59146776952606,1.13681868226683,1.48958319066205,0.0101447553654977,1.26833596453272,0.828324563653139,3.20656919760937,0.929356563803874,1.68036175930108,1.30190263324303,1.25395651867589,3.07883317374459,1.62230090770287,0.915310751788982,0.848470156684338
0.0588923125680186,0.302926724055057,2.20598310142817,0.101894572213501,2.340709146731,1.12861993794556,0.614160607364542,1.15096979895442,1.07187484046336,8.01903227723916e-06,0.604886242342773,2.3523070057974,0.799261235852931,2.40693703088434,2.31622470032597,4.25169650474548,0.809881756406503,1.43587966738025,1.46445638907731,2.01408902677543,3.50467828545297,0.438098357333278,1.86998702834039,1.88134424443149,2.19186522423471,1.92639930287068,1.86180231931443,1.19118197524053,1.82784576355309,1.01895743749458
0.977062145757809,1.69638515822058,0.772671178879515,1.29305496403632,1.12572412162015,1.11627324310016,1.27482294755019,1.61089690769215,1.26635163160165,0.985823479828554,1.21564276335991,1.85818693272681,1.76196877230262,1.80620785454168,2.28477151090497,0.678070750225268,0.532408797210184,1.12494427521134,1.79629787795691,2.13207472719729,0.462668339597667,0.866734027321969,0.0389798858019863,0.683950159335669,0.86426096592394,0.802311045144822,0.572558038777826,0.644114066293201,0.239806056342163,0.301411697957056
1.21363930168525,0.333357228109514,1.53111586974527,1.29778295342497,0.882085600531048,1.19815580350643,0.621090560466285,1.24788471740616,0.976944658169765,0.468081537544713,0.139763261700229,0.303462770453846,2.04541695181961,0.379628900843381,0.346174404884421,1.73650789562954,0.51973466256556,0.00696736808855459,0.889724306161719,0.55907117743057,1.16744383953743,0.817820452484254,0.747398018166961,0.0567663319661743,0.685538887908931,0.514916306315457,0.234311802947716,0.290596111150209,0.479385047057388,0.0315348794020044
0.356520341491307,1.44043718593856,0.88017973334562,0.202819761636329,0.272603109589767,0.311147053172122,0.354036445516224,0.742569526606939,0.172774532144701,0.266732715911017,0.279282194890923,0.312995749903522,0.538233687339935,0.148044758065382,0.604479348355982,0.653916722361652,0.33272063507221,0.270298236405422,0.384493201713999,0.312402435014923,0.317086618707546,0.418010113046287,0.858598150183428,0.27631609736691,1.01424495108383,0.0273925753334578,1.47006831352623,0.70586262151995,0.379846498195678,0.142305163125599
0.172103600653839,1.52955441198885,0.206982693957414,0.292998502244573,0.182916266608584,0.110747549716277,0.327845547337064,0.439490994156131,0.305816327287681,0.121979560631122,0.129216389169105,1.37998145519708,1.0150628854091,0.710793927462897,0.685716977390802,0.524906995917479,0.279901460343143,0.101865843343263,0.464063745997334,0.68240864294121,0.518836559213559,1.23396871549836,0.498200763038987,0.751395028009605,0.042760578913654,0.658980134842555,0.667546548909987,0.0873348863526944,0.200352687105718,0.0874346644594818
0.926023167232637,0.353709154637037,1.23839403163968,0.838228109382528,1.90516556216304,1.30267480592739,1.00556989385688,1.58221330010389,1.09806803173439,1.61455451505527,1.77845820281618,0.554847131336843,1.83678281852392,1.27830744879539,1.07349330247772,0.345797354802409,1.455344210541,1.90309646145907,1.59306496489077,1.33611791415089,1.47030892361518,0.426380279421565,0.409783917551271,0.0304940849732051,0.561871553583857,1.35021739453851,1.52076473127353,1.0143245675696,1.72879036952449,0.997136966059618
0.179832742823509,1.15849311431613,0.241839370208965,0.158927970470282,0.158764193789322,0.180922140316688,0.198803451979436,0.310937733942105,0.541448748973642,0.200726687571275,0.221621371249413,0.403518868425868,1.06757444254734,0.209642742536296,0.0706439140277847,0.0363710966799437,0.141237547297185,0.264139889927465,0.593210533830675,0.124997214632156,0.51347971487247,0.735134160875879,1.17360664349224,1.11205140504417,0.614503793544677,0.866420721495162,0.615727083414742,0.0116778572000127,0.0988935710975365,0.38950660556328
0.945927086014195,0.0278904396322836,0.28312852767926,0.0839908454695525,0.238916443736787,0.215517211423852,0.0324506429103246,0.162571863780985,0.41670836626514,0.25295174719212,0.0579464272780267,0.329369879194233,0.317497144792999,0.474554043859952,0.231466281835439,0.0244379234118549,0.0301710759123173,0.172273429899665,0.232211673443835,0.456209102058974,0.0927923730512252,0.405004605168401,1.18449775427786,0.38030214482645,1.81776948290048,0.90324476536021,1.10085578811793,0.0138048559394084,0.473074691170593,0.424743162096888
28.3171104517361,2.00979682218265,10.1729892756604,11.3142456283844,9.11474178293728,30.1058691713475,11.0868790477353,15.0587669972326,22.4724382563169,25.9921908313615,9.09738761682306,51.592530183952,1.76171947011743,59.2778657534029,40.5412638110222,36.3412805802114,13.9072735444446,4.04971273577446,13.6082377171541,48.3503123024162,13.1721528922448,31.476179586761,25.3382548177434,5.07337741691787,15.162708035288,57.8387433032509,22.5138973155654,30.6699549190864,29.1218348780529,1.76637847653496
8.00923016517107,3.17055982034769,7.32953262858169,2.89548016091013,1.33272114540424,4.08690557250827,3.92922876323699,13.8074104870816,3.21663607657507,4.98302527857953,1.77465027614466,8.53418995000849,1.39949966092935,9.01411010033201,4.02091863377911,1.42873165061143,6.70519679771652,5.03969693324042,1.99428960463944,7.97640339234126,6.36928622937567,0.677191883447354,2.93691593516231,7.50479925140517,9.62437963969907,0.25787689474055,0.747479145914805,0.933959801615399,1.04323105422363,1.01739324195621
0.526901554516792,0.570609785317313,1.1634042965125,0.779283580140511,1.06431654417746,0.988891403215204,0.902628778332083,1.07499550749361,0.739147635927453,1.26435235866607,1.78855145511268,0.689123180166843,1.11077032878203,0.903009972568336,1.27609338044699,0.894682690775013,1.0269176595977,1.01579334417496,1.21314368183078,0.85214697373605,1.60016834392047,0.422686362196903,0.863327980739151,0.321168056000617,1.36444549813121,0.258565778193841,1.43049063765009,1.25289935730266,0.467841312465617,0.56890032510537
0.574919103641124,0.946652530058322,0.178866465388251,0.845479849043355,0.908011143941427,0.888310081807382,0.89659715730299,0.98702410610751,0.872443749829953,0.275017449851328,0.550476255350817,0.695869746202233,1.40942059198617,0.913675078503419,1.07955145842413,0.48993326470648,0.536110037675043,0.169629076633576,0.472453695672785,0.292769249546975,0.898548097498869,0.470299879077423,1.3435714820932,0.277898978393822,1.69482584166236,0.875022297673122,1.36680838209221,0.77861530080016,0.150252288302954,0.173338393711265
2.18741119992999,1.29735998143215,1.92507707102025,0.784726815970106,1.38257409917255,1.12158285239349,1.11765652682629,1.76573086724297,1.89832392083035,0.895334950156376,0.000704769071724972,2.24891081260086,2.72611914006656,1.67514358404655,2.1986040463779,2.25197707942209,1.11461718908611,0.988794648372531,1.72458650199519,1.41839719602304,1.532559924587,0.427425505672349,0.985948365316733,0.22494727095854,0.675555194131913,0.693429807036255,1.60129101794781,0.737686855407244,1.63113018226358,0.613348345903071
0.0541565523951902,0.391883727995246,0.21647162777241,0.5420588729742,0.374434727190133,1.18281417502563,0.675881953995261,1.13694358743789,0.0573115013087488,0.245792941480098,0.271187466745947,1.20209914563125,1.83653626788015,1.03643292821683,0.894440507032514,0.697333072867926,0.286993492372868,0.86995952031888,0.397437893948609,0.995896576354225,0.417203463721238,0.181232310055857,1.44656931357873,0.0350779279868447,1.59633466215972,1.17876073365527,1.48726148836106,0.417521178750702,0.138138059343543,0.293653438374827
0.925824386345962,0.935922306990307,1.28466517251192,0.000815003401861978,0.199332628939263,0.280451675309531,0.0651426722883295,0.54012068708763,0.262384405746751,0.421728388354024,0.642530795059279,1.30918681346247,1.03169484593803,0.901140614880834,0.480875740870083,0.367157369746114,0.103651785121245,0.838154080897267,0.569390328972281,1.04361915702882,1.15174276377567,1.4694926117184,0.731799752638246,1.97895728640907,1.32048869246834,1.62332657154832,0.549956532990214,0.381095892456384,0.137820624643361,0.0855963817800917
1.66465585515035,1.19862636741661,0.702665629137275,1.68952990698094,1.71174914900795,1.92188739506282,1.73256877142818,2.01653239110771,1.37934262448556,1.15334185210983,1.44089994880475,1.91999680065277,2.58762136708209,1.18926129820607,1.86442109929354,0.575578274904394,0.922204010282177,0.821968624225155,0.620311512775129,1.17846316017966,1.07390791776198,2.19967133832368,0.982152327074793,1.9297367924422,1.19049115285669,1.5802418212031,1.66704504233449,1.3074862569624,0.109572860548952,0.374209237163289
0.419991691429258,2.83169585539872,0.412757365645446,1.3843197959701,0.32152326933935,0.0618125102812164,0.854293424761604,0.740221132051587,0.748976589216914,1.01522377572615,1.72807444114471,0.51164417853471,3.01946656932059,1.00210784256221,0.0264994763154204,0.434274483661125,1.68325263305002,1.38588936525443,0.238517813679561,0.891434890095975,0.413607973904645,0.305457229668861,1.6790519636581,0.550799954403338,0.623021413363491,1.86416728919518,0.561115695804237,0.847684753975092,1.23801693523165,1.63835001574561
0.52970524333812,0.310191671031601,0.676942927540652,0.726133086616215,0.820148304209249,0.728457014891095,0.695718397746289,0.654510964092615,0.838665954438559,0.818859258074463,0.692830652747093,0.86928509946054,1.12695538698077,0.708939912691412,0.734790591795071,0.435908023033936,0.638458462998918,1.00180883639045,0.859494476611531,0.808439453255706,0.485592981623092,0.0408794946144177,0.34424981843215,0.146675864418111,1.11717844146346,1.07332010437769,0.856047326335098,0.371541995272978,0.235649975598479,0.317732860989176
1.40744601078478,0.253505207852001,1.03866029868839,1.42875211140052,1.73742167861534,1.23425548070863,1.48261327619892,2.05985854588348,1.16975903108325,1.40256703162288,1.45651079463355,1.79561531496679,1.69918012509324,1.59088638049553,1.77955161079657,0.60444615402736,0.645561443108293,0.792461685716149,1.29367196017664,1.2842674048632,1.57404570825687,1.76049350829394,1.12828632925342,1.76315741062607,2.04629286478704,1.89823817380084,2.06710709402239,1.39601836867733,0.16296941996203,0.314465821699491
0.461279407691305,0.941231050812239,1.04045539263851,1.47861278498122,0.838254766321944,1.35019951510479,1.3308282982569,1.19268181545461,0.72527143724749,0.863798814681925,1.41908951010755,1.33090652751109,1.39829882630246,0.960404512857739,1.35772191273991,0.726188437618269,0.127736932270699,0.459255597681599,1.21035243874748,0.868092005576412,0.747557242444846,0.981157673665677,0.35108176946515,0.144573500147895,0.987140610929623,0.862189056202631,1.07149054578402,0.628173361718428,1.32807687298499,0.494579080906142
0.487403476800955,0.786548182560375,0.674929975651646,0.762886154222253,0.54229918207189,1.26433875103799,0.799194964708033,1.19634253391473,1.06861389610896,1.12332080908909,1.39426040169237,1.21336331898436,1.27853618064106,1.29665963764013,1.65852873248996,1.47335572306753,0.901544587764016,0.0825712753841146,0.950617306589295,0.526300236246781,0.106816024479969,0.89693368208651,0.959814675917634,0.503225105720567,1.25645290928066,0.205778211195496,0.678163868404453,0.273218580803157,1.42373194150287,0.238811698350937
0.129357858445919,0.852467760084031,0.655868324682647,1.07488124799729,1.15324238989503,0.216351031707813,1.17661397789453,1.83109590890686,1.2651639352911,0.48711646964289,0.476166310983618,1.25142611798522,1.34186383769352,0.707423369532183,0.1640437861715,0.0751721617587561,0.368570914656669,0.231577251135294,0.324629581309317,0.8286796035708,0.818512544817971,0.589374479864012,0.428812080931277,1.22207274792137,1.77025114543702,1.74347693004673,0.940904505497943,0.664160448755086,0.300668492312198,0.210176088989853
0.463364525669846,0.62898267412582,0.623234076777584,0.69139399376315,0.902588472923617,0.85330493285028,0.6495322649518,0.615389037732826,0.85572954905354,0.942524659159844,0.890440918159168,1.55054013357586,1.07804401838704,1.41690460266676,1.42434037093139,0.901183654567235,0.400219553817348,1.18491530377006,1.09151992222935,1.63103877396953,0.61416935645872,0.382881173151709,0.554597180890631,0.754172191061969,1.12366962303544,0.653506362533088,0.325614009086269,1.0046404559022,0.705166809159556,0.595568900493412
0.90243963831536,0.243149855648673,1.88504220257252,1.12259193917695,1.24490954321659,0.721244793796251,0.847907825457198,0.754782520233355,1.09532792753116,1.11711395159297,1.06883082205338,2.23804862919112,1.12467145137889,1.14285584361265,1.78627527488958,0.873948633401674,0.608220104169467,0.874575085347038,0.905171588218041,1.15456030442246,0.87511029182776,1.35871616209988,1.02923350068003,0.415319877358442,0.703481642825821,0.460948539625035,1.34134966220536,0.452932590826138,1.37841416733407,0.0179768915296167
0.0360637984435488,0.308880102861827,0.226137274297599,0.189428672598124,0.0755296305945579,0.325294617467966,0.038845491477493,0.411173017430938,0.149196140375467,0.303604395230118,0.363112652554195,0.754852558026396,0.0544688286548041,0.566541176420499,0.0921875601384711,0.488689873684646,0.164079383580871,0.893577300572926,0.38644057301532,0.918449963551879,0.565582157709955,0.756744405846837,0.810404752563468,0.669737729469509,0.404109580279574,0.96317118633644,0.288961922300041,0.404027548783725,0.253179099241282,0.730879853362671
0.823261369991635,0.820354793943925,1.35974243149886,1.00225819889058,2.30910015338545,0.390517870156758,0.950031392590528,1.16013996225089,1.15982943951168,1.74880348726389,1.93019783532841,0.577580926093969,2.51471242593694,0.858235569729841,1.13865159769528,0.241456942965156,0.569141097764233,0.896515690993996,0.831273808017692,0.499635540129333,1.60052739346304,0.329085856460623,0.451106386227979,1.87804946999946,1.41687772006659,1.74937855854696,1.80351884367077,0.500942152686868,0.244934698480428,1.21385245684007
0.880542355268814,1.03418408527989,0.678466248563658,0.504700334527418,1.14452409068038,1.45452034414402,0.489960561817129,0.560378204076014,0.940975014739497,0.732563745240914,1.99357298256443,1.26903007859013,0.164369056303442,0.954471363227832,0.897807405379142,0.840723074807735,0.627467848520073,1.37883402507198,0.499212846590182,1.16214655089385,0.707365742996531,3.41868087034658,1.10931110283819,0.114328474698603,0.823896042053337,0.357252130178352,1.88428198515509,1.25078683163414,1.72094386026467,0.304261180799255
0.933156824385457,1.11617343258895,0.89586345564645,1.236660941817,1.163660792693,1.02687007076217,1.30406570554813,1.20824396849645,1.40658260569782,0.937675105620154,1.08671657218779,1.3375641205381,1.14024882626693,1.39588884795767,1.26129853336157,0.482190178436406,0.523220876874779,1.19249921411075,0.745679401469457,1.43816723691491,0.429394824965887,0.898877270837838,0.194577701386215,0.896551653023035,0.76630090782564,0.784928015613163,0.746953890207049,0.694652962491894,0.651498045700852,0.276040371067363
1.22616749771875,0.266938262062938,1.8112300401091,1.43518803414794,1.38042538466416,0.388522228927068,1.34606128103816,1.30654006920959,1.13031154195859,1.30612777453737,1.57092055214929,0.746875303858916,1.90612925215319,0.901865170287666,0.923871912589808,0.187751060446907,0.588140139684273,0.92939474188886,0.614594955743904,0.584370740773254,1.26841839983558,1.85042108594106,0.124304816877217,2.14243618045475,2.38317611498124,1.26018543881315,2.89401445283899,1.38756421340201,1.24892714611801,0.0975480737360304
0.774824765253383,1.10591187654014,0.198512664563304,0.647548626434227,0.548764966888308,0.69887692383389,0.721667641345648,0.49440931024135,1.22949580168621,0.0566820830747328,0.395775453227405,0.633633890187431,0.222175135718285,0.376406526861008,1.32825828677914,1.2541432557921,0.454375185679821,0.768163467193266,1.42912131603314,0.320290326250301,0.413502062188818,1.58923046199468,0.135586522686529,2.40640414841589,1.56115036693815,0.100316289963555,0.888365771689611,0.300474360605134,0.219901456668557,0.61472436134227
1.35156766862253,0.145063276851653,0.749385472196505,0.682489461167872,0.50504880568711,1.41990916088302,0.869503169085963,1.43380252162964,0.433239011779838,0.512010826624801,0.493902252218301,1.42248600390335,0.390905138541408,1.11291109572045,0.976876869821764,0.733542510776868,0.798985851525866,0.880882831766799,0.780029197455901,1.18794452373515,0.313939518276795,0.398900210144385,0.250502213612662,0.762481041474022,1.54659605062026,0.813005452133258,0.687332273114719,0.909291720788909,0.950059593930856,0.270795467092522
1.28111281219564,1.3749032713077,0.285358066555879,0.108723231600351,1.06455026641554,0.835237569269909,0.142786054327949,0.0991031794124419,0.332735045297681,0.368279730653413,1.09133668316132,0.647607981838002,1.09483222708838,0.465359647022404,1.20583759822855,0.589783872171755,0.529009317146007,0.510021950175187,1.11944925394448,0.0418289077926286,1.39912818354926,0.632091184070601,0.00652019997093359,0.285352951280638,0.658902723677553,0.351407911391278,0.399744193042367,1.07760051603794,0.363440373682602,0.599371707540197
1.05041573495418,1.55360197233714,0.278913122203293,0.00213960554116745,0.979635646601118,0.872952577089421,0.252646502242035,0.191111143516343,0.206620559841528,0.323475416738324,0.608802192068065,0.709169277666143,0.995470181861704,0.653154067867342,1.06312751638785,0.00603942797003811,0.181313469496399,0.598866171689689,0.874869793979021,0.133495030455203,1.0284087620662,1.01015675310983,0.181782851148037,0.845765860235041,1.91841355993075,0.29173913432051,1.1904371657107,0.391938845393428,0.265348144190734,0.717582620201975
0.594034406704457,0.915194935107921,0.211833482228651,0.387353822883923,0.798713316092934,0.769482389401717,0.512256064766959,0.923251050367522,0.0569566536571156,0.677126799750094,0.604292381148993,0.651929647788055,0.402637117012967,0.583087570446827,0.420719833478605,0.445891754121447,0.911671971294627,0.481988124317348,1.24142769820393,0.785192078444059,0.497822913588847,0.659340359517065,0.184546890799505,1.65223596949784,0.248722038852895,0.635632670515757,0.204055610658648,0.0637011474844088,0.285087119522157,0.279541857703309
0.264630717117288,0.791063539410196,1.70716045952899,1.15009396150837,1.72409807153594,1.1131155515896,1.0736079443152,0.776129355848016,1.40875141861528,1.50211375578739,1.23460974585931,1.37257168244931,1.69171806396542,1.55469148601178,1.79929378493813,0.766234178680036,1.83685306356795,1.97244244388955,1.49647095065181,1.45416465031562,0.873910405868307,1.21272577478337,1.24334810718591,1.17630643985823,0.735456045280166,1.40414180946426,2.98201851085198,1.55654245103931,1.4739197756968,1.22708262122997
1.65685605308487,1.43770561824165,1.17006764998929,1.29447843425502,1.79003952730162,1.43811558826128,1.1173349707133,1.087649134298,0.990791236595266,1.18614201714237,1.33524434256374,1.07640906836414,0.807073684343535,1.70589709867537,1.76779496565992,0.640879895245421,1.17452629330232,1.91802309406272,1.49649628516631,1.65258529956763,1.48511046581886,0.690388687006108,0.343613249769338,1.39510168734949,0.424461410715232,0.930329598336091,1.62481283717253,1.71235753537773,1.13216888737703,1.00020245802599
0.0308366727517387,0.185765787498244,0.787737697071499,0.888680611593344,0.637511225754269,0.553274532038505,0.737321292548977,0.587151149358124,0.748171879434086,0.20633714056659,0.662292470109948,1.61710608401591,1.38628831795531,1.1776386061073,1.05199732211234,0.299432621060071,0.119959588193779,1.58969106984085,0.24786055442844,1.34240988912926,0.504651351525529,1.71412699984942,0.146712668404888,1.24386160681288,1.11306402733049,0.775334567071819,1.92135607648886,1.12298910263206,0.872068587755287,0.252090409582991
1.59988900441142,1.04588809796548,1.3241213658358,1.46123723518807,1.65528553231313,1.59345845749695,1.10020294625296,1.2137792076106,1.38758113522724,1.31053192473231,1.16739876431509,1.21109719906519,1.43339647214709,1.13194952443305,1.74530973417056,0.504582230603673,1.68315895633461,1.66430180108288,1.30020141394791,1.15858424006191,1.09737946748982,0.683732218272457,0.457477473871966,0.788318736923362,0.62010030753448,1.04608158753623,1.41755388847723,1.38008315437708,1.25149740232045,0.683091957919506
0.28850599471999,0.47413881243789,2.32376648405823,0.954959940862897,0.458994251157652,0.946889063766975,1.23309114401671,1.7658596292827,1.65154352244881,0.937023672988401,1.07553233122803,2.10369179892104,1.42248059205777,1.09199034519352,0.854951932760102,1.89451059434665,1.42093191619634,0.934211022796932,0.532946105447255,1.55716133062027,0.86313270276246,1.79244360299632,0.817229110920825,0.190696517396311,2.18635264542565,1.82647823837254,2.55807649654879,1.80264400539857,0.979526034980364,0.241651608218181
0.80253980103527,0.728143947524365,1.15060761583447,1.68613470977262,1.24164656399908,1.41106949212833,1.199192702188,0.770464137071494,2.07943854434443,0.585919868680345,0.745328261586783,1.89131054902984,0.926728275496137,1.62640175127328,1.81618686772306,0.392515647911103,0.608128336399717,1.82776115637209,0.997094525835938,2.02732548003353,1.03362935821863,2.60046338891532,0.690218227398438,1.52282253617939,0.456344090014894,1.25856807394972,1.86959588446749,1.85418244077945,1.35536144521279,0.471238779428965
0.663305823147861,1.30454846793131,0.372800876933731,1.42207581185443,1.32619879509607,1.77789655509741,0.995303058854978,0.664384092002674,1.55563788107573,0.557880217619053,0.359589177372938,1.73294390932676,1.73219013873443,2.22493404337804,1.74473505079913,0.41198884462352,0.390651115261948,2.47693971088299,1.23216361719396,2.08276170057877,1.83152113089698,1.80167085641233,0.63727131141227,0.865057264359535,0.384265310317912,1.14433637376994,2.10970312952599,1.36593948046789,1.40421979775007,1.18459936569885
1.19080659695349,0.761492667945445,1.17626695694946,1.24393418943603,1.13161273977053,1.42733932957867,1.19617778425941,1.33280022598687,1.58011758825886,0.797769845209016,1.44512950050667,1.15945238978331,0.893324128842794,1.03538177549464,1.5283305005374,1.15501629243094,0.798103740306862,1.81657745490974,1.56124723299512,1.20476245205325,1.04417233677257,0.759094916802773,0.525625006862387,1.32157643011795,0.842002448143646,1.29368778577442,1.51612383940607,1.41966463991782,0.897702278537677,0.309164749770595
1.84116672934167,1.44998705712642,0.379716394764331,0.204759933638536,0.211011214471005,0.406612764348669,0.1432062537503,0.210329265073102,2.80284334888353,0.568637563764753,2.13049291501629,0.409354862156111,0.515644613262899,1.02711219862811,1.46492746632081,0.357570588845707,1.98130474961967,0.604105087621678,0.991266238921435,0.644012720968161,0.744548624835326,0.410682166638569,0.277385882442026,0.772811547390594,3.17206352715164,0.0291087818475583,1.35932577354425,1.66330583185587,1.2718194038211,1.70238222297667
0.168366572949021,0.0833511273712767,0.902267796736932,0.550378240822001,0.699937240195214,0.340834127072584,0.400455841319373,0.350920872286631,1.08766406258936,1.09146122796936,0.995631861150973,1.06598719584191,2.3064744269222,0.262148254955576,0.317017920888095,0.701080890492056,1.43757694338799,0.527041150602464,0.232992287187576,0.394679956526765,0.0902181212176028,0.416439615750899,0.46137942280511,1.08223452114056,2.93137037887184,0.700633398434532,1.58907921789023,0.700764212207775,0.143854406013585,0.553923015520643
1.71569660231841,1.50226000519884,0.937658437497428,1.50483359210194,1.52538991624159,1.90628176922583,1.43296586522468,1.32137279150648,1.50817106107591,0.843826974773447,1.24152512715876,1.1692983178632,0.995535463380911,1.48330994654028,2.03642378034499,0.90139055231072,1.4352730885631,1.92672863603328,1.64849541470004,1.49449270152939,1.46178808814402,0.662598706661549,0.479812133181755,1.43441434204171,0.677958830743252,1.05553651541129,1.70139180512564,1.53164536739667,1.16448659859908,0.406720304310873
2.96376084287075,1.72929409780772,1.64724881579433,0.699321944669872,0.432805624164816,0.8146302830343,1.20008235691689,1.35381005251967,0.621258163527734,1.34681928171361,2.94366967402887,2.6892786785329,0.256191781355854,1.61723513179902,1.50418863176761,1.8768601178233,0.148092048528431,0.998149905621742,1.19885951261386,1.9887907208864,0.715383508082867,2.42133411831018,0.272979477490315,0.202301894323497,2.8700046072484,1.82203473312511,2.04077481985317,1.28597762571333,1.03232192161488,1.81096246496266
1.83678977996715,1.33035573942644,1.10444073083082,1.43054405395642,0.925183988448559,1.75025211726998,1.46115880025178,1.66291493763377,1.36832813260289,0.829004052844898,0.924115849768866,1.650844607896,1.06314044271728,1.57957231423817,1.80214372287004,1.01628151157683,1.20310507345055,2.09828105839188,1.35879923458381,1.72770039165727,1.10055608525596,0.826980687429337,0.673578526298802,0.0647269536495852,0.0474503229622257,1.28985827325244,1.32838676382511,1.12366762358473,0.900901567040698,0.0362987027254154
0.444575214178548,0.989939765524301,1.31838425455539,0.788246864314352,0.304118711986162,0.633254736537795,0.619880228552927,0.261846092685146,0.977376188317765,0.427848798011776,0.264732805275992,1.16578182880129,0.172363196510571,0.81475613374829,0.820691102436902,0.681397064410018,1.55689336537727,1.19389973762948,0.485312151676431,1.11750603271176,0.746512267397193,1.62973130128822,0.725849724245134,1.7325789331393,1.11074900586407,1.2232068376084,1.78650039243386,1.68014751287607,0.730746216358948,0.211009241879689
1.5212373931313,1.36245474912528,1.35453364191919,1.43417147078603,0.804627936488326,1.62862518540336,1.33139342693239,1.30784436017678,1.44488521099268,0.426029126593287,0.821989960075459,1.25604613941611,1.12791977452086,1.33838658585996,1.735711623655,0.690796724875321,1.15391483997183,1.55993329863954,1.0953015480236,1.40581608642603,0.712104683175025,1.5339327451913,0.630247972214494,1.12167292565539,0.171542507087776,1.22171066776341,1.2867431736397,0.973722483104089,0.94286102343406,0.0725409015558248
0.624288053730681,0.756152315858768,0.589292234073011,0.628967727563555,0.52181245886341,0.904284012416018,0.6388948180377,0.43768404438807,0.784722800872889,0.570609419454119,0.641682207803102,1.36858878360255,0.524880657573157,1.07817087221122,0.860023505060016,0.560159807651638,0.964007247932231,1.30386788818737,0.405766815284957,1.3746038565012,0.896262263299605,1.64430311851577,0.646647065630469,0.49174450272974,0.983429356470695,1.0750967540982,1.60152382106837,1.33936754309952,0.82960878957748,0.474407799995002
1.18724880546757,0.994592591050087,0.892438393796632,0.901240392417544,0.635789781773198,1.35164054546956,0.788335081932867,0.330201160083374,1.16250985237036,0.544592385365817,0.118515454506096,1.2234066355267,1.45522803029393,1.41648419642454,0.950470225240513,0.0301160273988175,1.19825354583558,1.38653308093455,0.708938290023273,1.36382359616198,1.43723907315276,1.6573332614612,0.681091580144579,1.1358150841812,0.143179514378576,1.40368263657204,1.41004483844847,0.91506908900939,1.80301280935452,0.64822533029848
5.16020082406894,12.0201159801732,8.12225611827478,7.58268410620656,5.25336685204755,12.1476132205481,9.17146389783623,12.3060714816042,9.21858332435421,4.92608909854481,13.1969211897886,11.7651621821022,8.76212733986029,13.3686268938613,14.1685252099625,11.8607055398104,13.5533741863195,9.55104600206011,6.64107628218685,12.1188604758034,6.76296355504336,6.41625340377532,2.32325860225372,5.36300157338161,5.12037240178731,4.53161979338743,10.8418405443912,7.9120805716379,6.71159905031745,1.0939897177821
2.24390002537963,0.706217475917096,0.0603813867753805,0.85244013825082,0.665634650028761,0.984556930480853,0.650830566018015,0.480234949155359,0.598198558127084,0.66407572551541,0.632630762239896,0.577041536138006,1.70298347059588,0.91197208516822,1.26498648498863,0.0578093747545781,1.39500092077952,0.335693457248179,0.826548635031059,0.552198736671659,0.141843908631377,0.301096561433306,0.606197077854056,0.418101164943901,1.04142935579879,0.336609466508577,0.569229026050221,0.0275622972588095,1.42496862187008,0.367853563981004
0.22206920189993,0.58773842318429,0.754113290185448,0.504744146552925,0.553214828769188,0.801550218423144,0.603362271945002,0.470831346347756,1.08192859614475,0.545743935307327,0.359967677048867,1.26776277153284,0.178344367603968,1.0702378758165,0.884240337608209,0.0101931611167787,0.754359994177038,1.0826570692973,0.0533882731409769,1.56289620298696,0.344084384018887,2.04004974442066,0.0275216894957526,0.414548238606398,0.6051853484257,1.25298581172751,0.749664326554728,1.32927975407172,0.764207267461535,0.0452815461417635
0.927941581938203,0.319762363072171,0.320065008850244,0.984358734014961,0.635995531846706,1.04769823597778,0.679533711786012,0.288762003412285,0.585339193841528,0.189170299759176,0.290323400195437,1.635490098277,2.53866492278936,1.77092517289705,0.756237830701623,0.923518710827157,0.803314390020051,1.16207107583595,0.510713542044441,1.86109528318455,1.30822671685933,1.77744233141317,0.821783097564906,1.54202332988066,1.61629934634161,1.23667384492017,1.23528526822975,1.28622711987668,1.39918441046976,1.75600250620861
1.39734391651757,2.9412540759556,0.975532245345268,0.301350286623881,1.2078659208397,0.258829114492319,0.776984157337317,0.602099783693807,0.567739664134681,1.46816958351103,0.965724871363506,0.203470091829705,0.349725241403519,0.0428356855381447,0.816538601928498,0.645567816513203,1.45080904022346,0.136680548690762,1.26107109740549,0.142861120889275,0.245279383642465,0.0695637535433838,0.72811344494378,0.659462913003664,0.700955532518164,0.757372095518291,0.634531769302179,0.541127520217297,1.98228620256222,0.371849720551852
0.871788020350056,0.509202876490523,0.463332534960469,0.911308442988174,0.575203191480025,1.11677519572792,0.792130188978065,0.927484494752337,0.77319151788301,0.530229774425592,1.26964535169703,1.23455441991109,1.03920602909118,1.05987471853367,1.13759947172446,0.973709549044599,0.455892262624246,0.856831534432963,0.828874049361725,0.989718576074066,0.831168942125344,0.637754597079056,0.712465999114234,0.744826735243298,0.168657250501938,0.707911157103543,1.11602880406191,0.763764219056238,0.632074684284895,0.866433634763624
0.612134758550018,0.292203448845798,0.780648708932208,0.132114372131596,0.602065269110471,0.247416906761466,0.308355783253032,0.0466839908401565,0.683779343878162,0.123754451313083,0.0955757920242965,0.523567060783945,0.258718356515274,0.903833644790961,0.86192299968128,0.0947530563714631,0.788673146522492,0.755880427544871,0.0716652877107823,1.1884249438447,0.223895937991665,1.71862529996644,0.103730212438802,0.0152124796981209,0.192646674229458,0.516385657252624,0.376040113259959,0.636951325113782,0.454052509893259,0.115666694168449
1.48980088009555,0.949249253796906,1.56353502366034,0.732743171300831,1.0047577392709,0.955164598863979,0.823952305441068,0.658764065892921,1.47521346036969,0.0449939919441188,0.932241475381187,0.590651303358875,0.114234908314838,1.15242818691472,1.53261563477478,0.231714735191788,0.73424831318103,1.55175281346194,0.0889995612187618,1.30999261010888,0.170245046296515,1.37048343019679,0.281234368909168,0.48247359843268,0.521595366285005,0.802352219947399,0.783113762157097,0.960386152958654,0.56202337986721,0.343819469965172
0.456743620396246,0.752448074655009,0.476720323549605,0.576043509142918,0.696990274314172,0.315076253660116,0.303683832665179,0.205177159887146,0.591380273748818,0.488493116250892,0.578361078748337,1.22238718997793,1.99423564882234,1.34716368845216,1.05080733767688,0.724594924064222,0.631484646614436,1.02210319253745,0.512800982527454,1.56435126628499,1.17247579855221,1.87886036635528,0.79379789153242,1.33816158792143,0.491394453200903,0.830993226722442,0.920817120421089,0.972555145623179,1.23753542599181,1.64851555442439
0.342718788927819,0.658580093459416,0.121010819174964,0.396700332252023,0.338009226168208,0.392257332798572,0.373250660112832,0.380955555862809,1.36865950696305,0.556726092275932,1.27106949185729,0.446808381451203,0.549844522020524,0.125455881280572,0.0207841326096444,0.0468195780445514,0.311342503363604,0.190730910178861,0.193134351598121,0.116189266757113,0.21659423636012,0.212818580776212,0.308382665883681,0.332744397624069,0.456907188606737,0.304995493700013,0.841559846721391,0.405622166426371,0.0146491642117833,0.0830300503499815
0.580038084477594,1.90371439067585,0.873159988869314,1.10439107850449,0.472433021872813,1.51845970454247,0.950529739360867,1.06466928198285,1.35287867106706,0.984879237120402,0.733555245982138,2.20148896806517,1.78116379828555,1.9159199686705,1.34251677071301,0.791891362458703,0.814888288511422,1.53959478372207,1.43291558413902,1.91078660198405,1.50131846303732,1.68962021731989,1.19682393745618,1.72350615684156,0.533901530615237,1.63449722861715,2.20548620443264,0.980200941745716,1.43461499833132,1.04833814782884
0.126220680557221,1.01082341085795,0.18052776739654,0.548182791868207,0.139145105008054,1.11309306461288,0.405758502767694,0.410560778008407,0.987070155025825,0.862810394504325,0.819267297877263,1.03422838722169,0.92917874281267,0.721966879430901,0.629609876242753,0.134299638083954,0.0852438225306746,0.348793870541389,0.588916588801457,0.779475353070141,0.671313356392663,1.03904219869533,0.62392312722657,1.28513478707569,0.19358844896332,1.14993922798611,1.56782616410925,0.516764043486807,0.713808677054597,0.64260482803736
0.915729054236826,0.499756275768683,1.45493863426649,0.586072433109374,0.750600869945987,0.312453345328391,0.621574298078486,0.236297290793578,0.899162853984012,0.200846429609477,0.677706896809331,0.78524969788296,0.169224739889652,1.18769138613986,1.23671608826271,0.512605071193242,0.486325609051222,1.25427779242762,0.0525077682796254,1.43786722630618,0.127016667606364,1.92528609928763,0.260306594311928,0.541245596982448,0.436124729744628,0.595542747546185,0.749438880396402,1.04125317124405,0.599633475572096,0.0298695171665581
0.526014419666906,1.50151889839812,0.588429978189444,0.360880811686992,0.114320329467893,0.593174176089904,0.321217357309424,0.163066758506121,0.657382771914303,0.713835528667474,0.802529226340457,0.747952210097553,0.586641465700426,0.642610255286571,0.563070976807845,0.221795356287841,0.502226061089203,0.890161262721863,0.581169956488315,0.613784615159977,0.47725197141319,0.888289117737482,0.326045879692974,0.74861217161817,0.231166828997437,0.744108740715768,1.08991651348513,0.559662084244363,0.867705292997472,0.446422813990931
0.951037132740855,1.18777501116231,1.38593271686763,0.738781771523269,1.02506104267735,0.932897208732196,0.823414261431687,0.869860868168733,1.07946056092797,0.692857510564695,0.50996785134124,1.2854277474104,0.59871837631266,1.37445097821026,1.36062591091634,0.62958037139168,0.623649607697909,1.10771779539546,0.841271845983668,1.46851585683413,0.71970726942064,2.01450373904434,0.694065149196011,1.38184606120006,0.0808775851178872,0.881999625817764,1.26607655306496,0.749710649440295,0.859518704534529,0.954428864867167
0.425755313671878,0.792881753389642,0.877187994459198,0.512480571812446,0.63383780817888,0.240054273821937,0.524019070794279,0.341678096904006,0.780095332967688,0.611846249594869,0.835188687387003,0.661757565525481,0.585542213022865,0.899625080209641,0.739448459020748,0.41893446491413,0.157508792035574,0.476596337325859,0.439622390144063,1.00894064903456,0.303124905603968,1.71026871888332,0.165939941230261,1.03603629105132,0.0840871038309194,0.749787207341126,0.779364418452448,0.697192991161141,0.589508194699637,0.57388425712911
1.89717308699352,1.32954232966673,1.9559041296488,1.08554735863802,1.18095624523007,0.974985621635605,1.1114680686053,1.08946787493141,1.62151779510085,0.318491199473159,1.36891091607627,1.26593484129505,0.0575392617160495,1.42525698904478,1.67896764239021,0.540722741973068,0.759118799278972,1.72584470539684,0.52551426554078,1.71003242125625,0.617143065628387,2.07934405732829,0.543990241551728,1.2537591423634,0.343344892023829,1.08311582183619,1.52865772875371,1.40510959936052,0.609846955784335,0.218031384118775
1.71251256993257,1.14343637146874,1.55304668456564,0.917561788791748,1.22545216464563,0.912335051891803,0.974509810784269,1.03989956298643,1.46897006488653,0.617218100386624,0.978280491008691,1.56243969100767,0.0310519607851762,1.63016248023454,1.75956098117326,0.608584540825197,0.491256069127092,1.55545144626314,0.6750598684985,1.95231734086869,0.604280894581722,1.97139400668563,0.685947980977173,0.540359281446538,0.0409186796096421,1.00320292949575,1.27891835951764,1.14789645328511,0.745266667619968,0.0777127353615476
0.39813687439457,0.643943470658344,0.715674353106512,0.527188266501127,0.217297663499905,0.779412000052776,0.470111916182278,0.337330380263764,0.365708670162229,0.448913969180989,0.370764385491198,1.61603835661489,0.683754769536671,1.4419598050524,1.09483630469231,1.11515432217642,0.656407482322334,1.33473184764147,0.705119009085033,1.56675212780639,0.718721211512109,1.51448284149105,0.853239584058247,0.721813432843149,0.112659289842905,0.496248361792299,1.294130496205,0.815806029062574,0.539473772210245,0.667684602051265
0.517210211297796,0.0636736110090257,1.12033370433387,0.742121176713131,0.753644777238343,0.0260266960508676,0.585860946937283,0.468691190721374,1.55188073473268,0.540992397760077,0.458618869264622,0.675944605561641,0.23658717948824,1.27236102319164,1.51453235518494,0.667959910834249,0.405701621948953,1.17583810011104,0.325635465750164,1.52440117859619,0.538451227083986,1.76208200467588,0.380582969850764,0.801676430373875,0.552515564157598,0.815414519439318,1.11733202344527,1.20639367516377,0.165777790684746,0.747610934080619
0.560939064694608,0.981075002434525,0.210169299709401,0.190971503587873,0.0195765274763593,0.610105985698304,0.165294303791664,0.148214201842579,0.159217987775278,0.564346804327654,0.938331140285185,0.933408172673792,0.816177634211462,0.591073283420356,0.445345289438636,0.465233906215426,0.054179547296837,0.595573986759248,0.531596900716196,0.520474713342723,0.775605372352088,0.235319288890829,0.60513121794,1.01234392487992,0.324493090074183,0.830421032729035,0.891435897614827,0.300497825586571,0.791025898681467,0.77456899564451
0.62889226235347,0.0899624475173175,0.51297919121599,0.308464157361148,0.312099494735603,0.12569954787034,0.212846041375423,0.0683844405255262,0.977068911202399,0.315679959262336,0.725682896171346,0.576849165587626,0.464462165401981,0.602786751388216,0.711637873187228,0.434573721287523,0.165471580063391,0.744079904149287,0.349200947934364,0.730434602969928,0.0629492725211385,0.756310370180625,0.299543861783809,0.702678805056802,0.267588492608011,0.637401227726891,0.708673960168244,0.504546658715891,0.235615716687714,0.0419560639951204
1.34819185935411,1.28849897920391,1.53833293982044,1.1189253233552,1.20898800642449,1.02279695702318,1.01928364336758,1.18146223559206,1.94971368106205,0.798722462681162,1.59115335886505,1.1771761405131,0.595494517408879,1.54794375589239,1.69348393438495,0.709253785766433,0.146764980327339,1.20322690575094,0.849176681110525,1.554965451307,0.556207065235119,1.67771431854739,0.11390440729995,0.977822669118989,0.438353124033183,1.35437505282446,1.59291041787844,1.31642175225956,0.518424752591724,0.187451469008219
0.76279326163826,0.61248179132792,0.675886339061449,0.0392985200578747,0.809644052844144,0.225042568900665,0.234291160791307,0.232278242231521,1.36121090445882,0.994072891410769,0.467582615233492,0.906619738580992,0.715604989561096,1.18490531162448,1.36652734816453,0.461326371690702,0.259698811154069,0.319578649754211,0.560414034261306,1.19775512815766,0.299517701773414,1.01831025039159,0.200677488494003,0.349338977532828,0.0202610164134144,0.694651807336318,0.617255640999964,0.553017546621804,0.573630222736147,0.692728864758371
0.235839959426337,1.02073582250504,1.11290620269987,0.520242837074196,0.532744874612956,0.1322558987252,0.292777245847682,0.418777396430473,1.15398269348771,0.658696624567573,0.670346222256372,0.593623211429365,0.598094548760858,0.66439305543623,1.00453171944917,0.572968138323203,0.159849127750582,0.378692260296412,0.352872829838342,0.677600084928815,0.415360692064934,0.838277723775153,0.359002679977977,0.455813123732567,0.370938743151694,0.802674307519595,1.02772085877022,0.672408864249889,0.476301837661725,0.219770488134536
0.577578708778704,1.56833527142835,1.37890315608159,0.387306126214897,0.902369460941728,0.55489586430005,0.526094446058749,0.604040421480166,1.72405081845676,1.36346757225173,0.85067658365243,1.07948957239923,1.17043044360119,1.6735479588359,1.70457981484936,0.968637881563143,0.140963042403499,0.805835977744179,0.786448735795699,1.56718597630794,0.999892321782617,1.80225443394675,0.631744632316292,0.442175969601006,0.422279839409503,1.33709910592265,1.42231867827382,0.988923486151301,1.22732239050842,0.875156276668551
0.264042035189859,1.1873488250809,1.61251190746596,0.645250921698749,0.366122533648601,0.315389668055387,0.427117294487488,0.184770388203352,0.637765908021551,0.570571642696398,0.0488930402430639,0.457945016948484,0.191275705858115,1.25783891813883,1.47758719681002,0.560207805135789,0.156133843700675,0.93176719819399,0.05067997746706,1.25483201396586,0.758251290899245,1.44871532595292,0.268684124702889,0.474538683657562,0.48982907827059,0.969729648583609,0.963679330861192,1.38057569566775,0.129198145927264,0.0977147203496934
1.3077482101115,2.25124847658411,1.52828467418481,0.739871800186356,0.60893158461262,1.36710887589502,0.856435043814174,1.1387862467664,1.57677067021762,1.54026671962665,1.09052825273943,2.1766737318723,1.98966115975102,1.9598740566494,1.43568096163971,1.53920718168565,0.410044051156001,1.58293891586328,1.61928341143238,1.86695137680436,1.81548952791072,2.1994165995398,1.82010443314513,1.31572121250084,1.12475768544329,2.17237154996096,2.35992002099603,0.869069727395295,2.1600122435328,1.74504503143653
0.533826921061227,0.983734444171122,1.4793089676968,0.708876760025209,0.972770139554153,0.330745146038113,0.648156469179126,0.540518867349063,1.53550258408959,0.884404871259158,0.919689592452983,0.352877888432708,0.42086401014366,1.07997228789306,1.41570121720722,0.375855648637427,0.306705275426256,0.531553157437245,0.0957865328507344,0.893930088983668,0.0726798298558122,1.27456507267515,0.169185858740426,0.453906394471145,0.0308354644501797,0.644240479475654,0.639360060737233,1.16539084748351,0.193408262654912,0.0292644200001648
1.49109634715177,0.529129009883671,0.0718891989105106,0.0737557789412019,0.0268764379579725,0.238439459265389,0.210321260210322,0.232544017001666,0.111597493511667,0.0831274917722997,0.238426395382153,0.0391057363367805,0.0840480655023891,0.211167047515521,0.100424525770382,0.0689006765941669,0.0727148132016311,0.456833104274377,0.32543820325495,0.195738868957743,0.257845111326159,0.0645304491632175,0.198481727364188,0.0491231864309319,0.653685910509055,0.330484452656657,0.168416832962376,0.258766067698237,0.612937200323543,0.875449049788078
1.25665096328809,1.29277838554529,1.83738614985618,0.640947538309163,1.05554670950731,1.24296720635231,0.699931022518935,0.843331287118207,1.48117113906945,1.2851150850764,1.43705013488688,1.07749115115016,1.11411832366178,1.61123943614515,1.50672462748263,0.72816874423119,0.226097347928625,1.24283710100717,0.326893344726511,1.41476567865515,0.672643062453344,1.47204228510722,1.12174552330384,0.934452656195471,0.0900538828867651,0.798190764857076,0.881432494600439,1.00374353621531,0.654330187865991,0.440597790768652
0.115701626192267,1.41184856137113,1.08307840472394,0.451890134569716,0.441820740696143,1.07180244144951,0.582522209512824,0.451977870712285,0.238775263026231,0.651439740573719,0.0432957520665454,0.720763782654374,0.18229115600443,0.914216119553399,0.831457590662378,0.520830251365338,0.264003735803038,1.28981468072458,0.339750669806832,0.93444765834999,0.671137779031451,0.813181952031619,0.503267415596849,0.515907766403113,0.905590704070271,0.937118497960005,0.503554319925992,0.598367545761188,0.561757317100991,0.911581520188844
0.0273433281514913,1.13851207706363,0.935020766355765,0.503723110183385,0.735003497681891,0.662380105236192,0.645126716928208,0.711721517503618,0.445746830801353,0.515256000398035,0.239886270888698,0.292968655996755,0.0885628091508049,0.763921790653201,0.883032559201244,0.524461059050876,0.024613221418864,1.03637270622733,0.425195739424154,0.68751691221247,0.099473939266994,0.589572606784776,0.323011299143828,0.496841759433926,0.509694498665095,0.294320801074111,0.401058722328854,0.736367280630435,0.10054691566117,0.637209437593898
1.65598905288002,2.34665727788717,1.19927632203823,0.723548634573057,0.942510861899271,1.11993656673268,0.892604958814941,1.03902232097486,1.7315447230007,1.08717254516034,1.41637337334612,1.08098916194913,1.51644289839144,1.41458268404582,1.31558481183446,0.733589180024668,0.351905844788041,1.32158105941709,0.990097916578286,1.43268093621293,1.04006287686249,0.95244670057287,1.05182190086581,1.35349299670783,0.945357961045378,1.83106456651214,1.72680224052168,1.13426081473018,1.22941663455486,0.908426548747928
1.55132089363754,0.98613263450348,0.366763612883007,0.117907236809175,0.111358966237685,0.163483554029623,0.160190421654774,0.392198832171862,0.0306748846520287,0.0501311122025754,0.31682023064418,0.488541828766838,0.289591142163528,0.19967346087184,0.0256022124503485,0.213535292511943,0.268999801492464,0.700815959393437,0.470304568312102,0.289980150412452,0.390508197421081,0.193601075276849,0.473310073060298,0.237468421356868,0.871326117426974,0.476308001757469,0.218711523401559,0.40695637385543,0.678173011861301,1.00636482541104
2.45775980145048,2.64959088609512,1.33206817372906,0.627058894246429,1.38276900271642,1.36881704533944,0.946102619217011,1.33890863665197,2.18972656962246,1.41284623544751,2.08852779006149,1.11492419369972,1.82504462854647,1.68564304936778,1.68379159455316,1.07864474813592,0.656089748033965,1.34772661045474,1.34096395163721,1.50308210229755,0.988646925047779,1.1395667230682,1.09343177852643,1.16112941053538,0.385861370836198,1.60774349164486,1.65165334456587,0.763922699425834,1.40020260858208,0.953308978834805
2.47950610966901,1.59075615131484,1.16331494897557,0.844644142670834,1.04580422264735,1.47905297254431,0.898782751209185,1.01851346082337,1.73406811604229,1.09705113931858,2.55837702173667,1.41792203976497,1.77369269039064,1.65670735253171,1.65138135754605,0.884812771025969,0.749314847593476,1.5307630582094,0.759462676249396,1.70117682674044,1.01742482706504,1.12100802997932,1.16906836955206,1.15230368394222,0.516410803268738,1.56856771983608,1.34869448492497,0.762102851256478,1.24117229077918,0.786214097309691
1.71338773826316,1.46715319236231,1.48631983925184,0.871328208619931,0.920154176154422,0.90170428968925,0.918707956554196,1.14263870776921,1.38983198911839,1.13252128606062,2.05388894642808,1.42592834298044,1.4151909606084,1.52047507328808,1.56238909263696,1.51397179828061,0.411788067079283,1.58447556131679,0.855422580833534,1.52296761543333,0.85327038669766,1.11165475588962,1.15663885101585,0.977055132256097,0.474920180496363,1.36213261098378,1.11378251875117,0.700384892055719,1.12591905708065,0.797488434854089
1.90821805777162,0.989435981685456,0.318068586975599,0.334835152590328,0.42843059298483,1.2645004426109,0.875265440347083,0.141594396028041,0.640557370416329,0.0264768215974326,0.177791002495055,0.0320534155108369,0.0228454730850601,0.29065838975528,0.597525924829556,0.286872518280315,0.758336678557058,0.2515621061504,0.430226375948285,0.0548380341271395,0.332798672430083,0.392640634559207,0.09821854127294,0.201634117495389,1.03323366084177,0.0605508038494578,0.445129255760522,0.203859767837589,0.190079482079634,0.677448171963612
0.178670054012654,0.258121300224561,0.455061897806331,0.0565983720561261,0.345231758952382,0.575781644267924,0.0597984587733011,0.919680715438838,0.634553351362145,0.79589705325921,0.712384093777196,0.19076632786781,0.802158774126567,0.30066939611422,0.264502775056414,0.352227345865426,0.245945207499072,0.258249531341376,0.267942456543739,0.290107108524451,0.0284010661915564,0.120803427766413,0.0089470769643664,0.437314756382963,0.44884340839164,0.511950383745345,0.234261646202489,0.206159499899408,0.334708194075275,0.794084632713097
1.21073929518555,0.0818893857583723,0.00654093884122139,0.266124904597303,0.138358688193452,0.628458647584161,0.246909436557134,0.306499812125964,0.0981415924547266,0.186541136771938,0.549875469951889,0.90811427902176,0.147143114916087,0.422167078883279,0.284163173570546,0.229892321527642,0.132629694659821,0.807315317679532,0.435039651187387,0.634805056763843,0.737389474994985,0.385930421427969,0.221837552120692,0.224329617664264,0.459446930897301,0.555147300455234,0.247067255491776,0.0199497877421494,0.182067599630011,0.623246452025723
0.958389733831659,0.475993099012341,1.15483109775457,0.204169153652176,0.452899201582152,0.116483669428553,0.308502119378932,0.604006042279091,1.03853370131109,1.77581108596383,1.32378659521949,0.949550330379291,1.27004044813725,1.15036118231163,1.13191158117694,1.08944858369165,0.139445796765159,0.725534515766567,0.610054125599929,0.826059677294414,0.456949541413543,0.934711447441704,0.775093227224748,0.427142713544774,0.283735188142522,1.06339903552506,1.04415487338334,0.564919854640935,0.764616116525352,0.626128138611774
1.73143390698337,0.397693699272552,0.781301711273333,0.402242335545642,0.489121585575144,0.805622543663631,0.36564627645558,0.724870652476444,1.09741673539075,1.54153946405988,2.85388342579435,0.944827284262135,1.54563366117413,1.04104244553133,1.01997349109437,0.55986434306443,0.437520247486785,0.734426815711482,0.288011213036119,1.03768728018798,0.679527497670998,0.979124716003906,0.978700839596912,0.77700511534193,0.0172824386621339,1.38117785357076,1.06355113915503,0.4522174451291,0.970007211522994,0.4111547236436
1.18058266855521,0.0392016813517448,1.22469855952666,0.489281153244027,0.464883321999315,0.0952914443104943,0.474734521891459,0.804015794026506,0.935599096598252,1.55135439667308,1.44476378060361,0.769309779946962,1.39792405664468,1.09289475265027,1.16561464276815,0.972091975033273,0.105296182186928,0.440918698089826,0.385916594684282,1.06981655353765,0.126255686624339,0.829604730464336,0.637676351024707,0.52434035361396,0.511134618154439,0.801185068700297,1.02589043331826,0.992431179804982,0.386823095453639,0.42739149709848
0.7479127865184,0.393762601627257,1.45042407926751,0.302293149070085,0.639969304997582,0.246188884993147,0.433254924144895,0.900140123040008,1.10959712907567,1.60617446342148,0.485407707034035,0.849756466896713,1.43985765736431,1.25081096619237,1.08747606771424,1.10783429335571,0.249868324573127,0.497223210001412,0.238123721139836,0.818795782276609,0.251957783494384,0.799262775561026,0.332659063908253,0.326462758025627,0.636964560055371,0.555070286550189,0.689389751130729,0.70211382023635,0.37068468456717,0.457886154822353
1.18503385676256,1.92132110985614,0.944882130195609,0.682942894315077,0.749493286022962,1.02428675560322,0.837450072285043,1.15198816341243,1.47654137594115,1.05149074723717,1.66833298448753,1.0520245252408,1.43734402834497,1.1597146606732,0.829546131074334,1.05145793058384,0.463203936359147,1.26480953536373,1.01548095638129,1.18029820286868,0.602814594620165,0.462667724703422,0.833727503721398,1.04701600588637,0.487999323224416,1.41712931089228,1.83386513585147,0.808460225108178,1.30636635084756,0.613526257090476
1.71807226877763,1.1883600892042,0.483073443603002,0.471341714882651,0.637748667974952,1.02527074684054,0.695349522632537,0.960390259919065,1.20829025881424,0.939348661684553,1.91180356939675,0.796351383971366,1.1598815531177,0.897033291599431,0.701325252043001,0.792198938114979,0.356171903746344,0.988111882244687,0.776536530816437,0.901339908722504,0.786548937809287,0.551753253583491,0.690671767708626,0.796796052699271,0.347119312552795,1.14496261364767,1.5892068528526,0.734745243318756,1.32370024807271,0.646231562558453
1.2527183814735,1.80562949226783,0.692870328249319,0.314968211425335,0.765091127031419,1.13859447953931,0.615948981119841,1.08986029880694,1.37291522838476,1.48706193365127,1.71902189994224,0.870730888559828,1.4035249892153,1.07833007316808,0.749844752140374,1.06677548604958,0.0956372660924064,1.48439067697391,1.16752990492841,1.02358377226096,0.781980167823621,0.746173484184886,0.250753361952972,0.624290943091505,0.00969170961315717,1.09317335358573,1.27725679503235,0.684988424739136,1.11081204232671,0.97437749496457
0.102882800660069,1.06485142121464,0.937442079900486,0.375769749265082,0.570854458690704,0.682031404653252,0.58154560780711,1.05588910100025,0.59339637319501,1.38699394011944,1.43800068776801,0.968449684192072,1.09238823093358,1.01334832170585,0.803796129645703,1.23861647694591,0.345331677656575,0.876142309835285,0.869017825070736,0.993351187207703,0.465723179761651,0.600018602599615,0.443377344173529,0.37905852136165,0.438481639174794,0.818754962034069,0.495652370977402,0.396856184077194,0.415325189228994,1.03659547418511
0.846167190030846,0.425825433820293,1.11927717602506,0.154810916654684,0.560794069185353,0.393950219850737,0.128406101512617,0.117440378738627,0.315229585420675,0.122485414483695,0.0769604951916181,0.566784795023989,0.886844203673532,0.232075219823492,0.0896985082476717,0.440940348784751,0.0369716285053774,0.787236038860216,0.139250659408898,0.285198087556726,0.721515471399825,0.0878665862952143,0.0141277919122348,0.201288798950088,0.111033899418365,0.268939085915898,0.531333023934824,0.208052082647989,0.323980012052123,0.356080715728335
1.03307458055812,0.447707848094464,1.0558000948993,0.725432615909933,0.694598445843251,1.16370484730333,0.764592759895463,1.16020089981808,0.71438037685212,1.69901240466077,1.96800312119137,0.824007259971773,1.1679525130146,1.05905790890294,1.17678828878139,1.20409413058826,0.248267312619776,1.06325604880938,0.593279254025955,1.11028784887227,0.821410006805899,1.13544302705426,0.715033700512494,0.710115752183638,0.146712195867475,0.903288534474956,0.686540847339051,0.795764843355575,0.659070640862256,0.581906025949481
0.847955780356589,0.606965173371551,0.280918535491613,0.369038278692857,0.530165980475374,0.941898587865373,0.448869366629735,0.78542622482361,0.388939861208924,0.719984815488558,1.20074177877763,1.00317598661395,0.531291614733539,0.872514825232045,0.686913633107732,0.536231792300635,0.196227018380574,1.06570540077977,0.336111329002415,0.972977511606506,0.433073217965658,0.728611447245885,0.721058234815231,0.41877431799643,0.317228778315371,0.631316462583707,0.268318872956085,0.0827316355256206,0.598483676922386,0.949240042815988
0.69391761242779,0.468953204313132,0.871532778666968,0.959608732002256,0.725257006868276,1.15768622413575,0.728043197883019,1.05872377598193,0.610630626623107,1.386384091327,2.07417180474652,1.41855994107366,1.80853977271494,1.55858939310463,1.08225567664094,1.13498397129181,0.644886440032686,1.52729931169328,0.187825932790351,1.55258690259033,0.758521730537763,1.37258630522476,1.03290725500386,0.555212052120954,0.0804737370213781,1.13381801431038,0.651667621119674,0.853489760142596,0.860058300678729,0.459984462242278
1.09438242606622,1.10725340347629,0.155505416695777,0.190436722180134,0.207713177777166,0.648735107487625,0.207919421591165,0.319911692027027,0.94209607210055,0.728958831785343,0.172750592565746,0.263971073956477,0.0457196495759553,0.202498987769211,0.475988514373828,0.368696023697086,0.218615172587456,0.618724524723953,0.689638384851927,0.126411777350337,0.469451547462782,1.0410993591003,0.146782569649922,0.223317531281691,0.9100405386018,0.144325964262439,0.334140278802412,0.42511313988292,0.193005296225364,0.106856799273455
2.06038273007655,1.5676112409494,0.523792357847127,1.17706956942028,1.09497112880484,1.42977834662406,1.00712663686888,1.2630026125185,1.19396214528329,1.41040666832982,2.86508584873609,1.55230561511011,2.030315105297,2.21629181836391,1.44757191709185,1.49140551949742,0.152650483213596,1.86999199001045,0.844830213002098,2.03202725684434,0.780852469258376,0.903563410570908,1.52437910972668,0.763103957723772,0.00304416719222963,1.26970697117975,1.27866389250787,1.01326246838271,1.64928926424478,0.731363662770395
1.50341071480505,1.20480532956324,0.662582910014415,1.0711584836092,0.83506919317214,0.900259668818453,0.854508993795018,0.961991009500324,1.30979215478496,0.855904143645092,2.4456098889083,1.41991379164038,1.43437903475889,2.0268665220231,1.44871822256324,1.13252146676571,0.200163616614482,1.93250087583202,0.971881785922221,1.93743282895706,0.674816549776995,0.390606269250978,1.37654523961969,0.655615745503035,0.506167946359581,0.876012543611019,0.91219298198404,0.803076646883219,1.57372328074033,0.0725967047268686
0.414498391397514,0.186863438091522,0.156612232457056,0.267064502889363,0.217732409495663,0.65495765071227,0.103476251331824,0.0658526747852209,0.735940898496707,0.163943946447322,0.807340166758592,0.239745510609258,1.33747789917071,0.751264306243501,0.0935573877280495,0.71861016127947,0.576528439560434,0.180561342601852,0.486383278690197,0.300299595179055,0.906956575740077,0.641744034790323,0.246024152405551,0.61712565322744,0.403343314195675,0.173486018759311,0.133082015967296,0.331409147529619,0.439571412509452,0.0335645456954196
1.16848886968878,1.14125260932009,0.374708167098564,0.854759155612042,0.969742242325893,1.23326990401541,0.816221939872436,1.21516625389195,1.06511763503026,0.73287895533882,2.83169597519007,1.44265556687208,2.19250587725247,1.85906771103707,1.4046693099583,1.18053550964569,0.000667498647865884,1.42466817911804,0.875441760643014,1.803943062267,1.04565428646314,0.801850806971037,1.31524741715155,0.923685713396485,0.21687564460505,1.44103701055728,1.45919202058229,0.887856089001758,1.59571516640952,0.145542915148436
0.526032414431658,1.16557657316278,0.15327337117176,0.570954020029367,0.803846751452011,0.992176377682181,0.605003636753952,1.23819362175961,1.19614673844064,0.748593633303502,2.46053040880224,1.05264389864588,2.37704783292418,1.3939844324117,0.81179440734878,0.934361873149944,0.213185212083473,0.494090568544165,0.8509503469005,1.08380566845082,0.502163700389108,0.433241664732798,1.19286103146765,0.586220969118338,0.0436414962934622,1.28382265829585,1.20610509407335,0.698822046423709,1.08016901932344,0.33750880440636
0.0235604225220025,0.34998458489625,0.0244090642955883,0.528256008834981,0.0664509435065322,0.331977555621205,0.278395782290238,0.149445347210576,0.327804810726948,0.249750299495787,0.60325290305656,0.472472240906305,0.55565678821931,0.642396124732462,0.0120128587186622,0.784616288456716,0.686594029451538,0.238700660769941,0.0318167693473435,0.137531301694812,0.845228287129969,0.291627763782321,0.429410857894846,0.6484538988437,0.476546885366095,0.27615657608867,0.380191928725557,0.17021905849101,0.146232505244772,0.427982301285923
0.169354228662878,0.796894578556192,0.0710927409951832,0.228728448009595,0.00554984829716786,0.195635945573904,0.100906914144489,0.0831492703481016,0.185969619334934,0.00703793533310852,0.142367427534461,0.775079462613492,0.102296844587426,0.160293558535199,0.36457961596492,0.439776213184251,0.522382736027893,0.83338768054411,0.248299585139485,0.27240312538081,1.12177275463316,0.424442634690978,0.0541692660311024,0.937672358034513,0.986287415511858,0.896621155530946,0.828268708244685,0.220312381171965,0.756686712623977,0.107841656638407
0.713869147337811,1.38700028633518,0.0355052232816807,0.273878299922591,0.449924310992801,0.37534216013263,0.321158017207364,0.685567561275977,0.0398755928933999,0.0370817448838861,0.694240872877497,0.928375948752758,0.766315829996153,0.595418164446969,0.660912758094758,0.246280315920311,0.414891780093331,1.18368629482047,0.246893879090868,0.924268565628387,1.02631250197885,0.608890783071274,0.499720551116222,0.999516835634902,0.581642715930709,0.799254408365737,0.712835513638695,0.517483212358533,0.585896276800695,0.408508160862428
1.32257173072979,1.24237126011174,0.209161827428587,0.912735912181239,0.755618162895299,1.13348389829749,0.85970349833991,1.27511517970123,0.784229081274433,0.773757571727862,2.27741474797559,0.937049971982662,2.31803511940085,1.69551486629761,1.27901929617814,0.941360937556402,0.279183278167838,1.12552548485248,0.355761504153418,1.42032443300418,0.665573107694355,0.913055915305421,1.23534843442228,0.971073714776946,0.527106081280976,1.18807663768886,1.08163857736848,0.916158127025059,0.909548153380211,0.726523971874496
1.37412392324065,1.03883959747119,0.234346564418459,0.913120096326502,0.764132719125818,1.01876802680348,0.94816106600076,1.38251980523328,1.08989514255418,0.605255388864702,2.71342151136575,1.55907705271227,2.35328410785833,2.11369236236267,1.56877711656875,1.32492585627034,0.424852564663206,1.49378178712431,0.699410067239766,1.93177618266072,0.835969473725776,0.855541960471541,1.18974352121837,0.871154080607894,0.340408050361985,1.38782002231941,1.23498401606111,0.902638218238531,1.3564373996594,0.0526696797583932
1.01923271796459,1.09211583891322,0.270371228556864,0.836202338270599,0.61257606681728,0.958672551387857,0.831728492910544,1.19678114962655,0.989474670425924,0.688418302156761,2.52899272408353,1.14073637665213,1.97096696184342,1.62591465449118,1.36511540414107,0.985936925065315,0.257882640767782,1.29287879491288,0.438627236750447,1.58218742385304,0.665750524127622,0.798504115372222,1.07393621736167,0.809896028488982,0.0509068089964978,1.23222479149323,1.03147445637147,0.850130792362274,1.12267623857243,0.00136329242730733
0.341945184918101,0.265838916219538,0.282844912768155,0.443119161152898,0.381167296759307,0.805960121481416,0.667965561898179,1.01266932934686,0.114782556725435,0.641828471159115,0.336234434939098,1.03729137893237,0.668892451849609,1.34376237460675,0.76302094594005,1.00833191397989,0.303420372397602,0.896657931414497,0.768779306930583,1.09861073714198,0.112181504187609,0.881647080718143,0.177057835857143,0.31512821352388,0.713526479815761,0.271565471060471,0.186061362536589,0.377747720849111,0.623580865019832,0.0909684527634468
10.965127984339,1.33377188408912,0.280981201265921,5.87485840179288,4.74503816469422,3.01800851339612,4.41537233207051,6.76217752950389,4.86983305783991,8.91668067492931,4.80585477170908,3.83254226856098,2.4797543428233,4.06290139038625,3.57011074782238,5.20581863751185,3.73511825824816,1.33185714698292,0.182956700400656,3.59287515268806,3.95113977454584,3.12976823807224,6.78649491946748,4.02897860418288,5.60426075667544,3.27260753315671,2.07439936134432,5.19327608325686,1.77446716695584,1.23463928228907
0.794370014508747,0.360945112752713,0.31347304679558,0.537649021304728,0.408993122672189,0.43606276791283,0.601152651054707,0.64275324855832,0.199284572261826,0.788478947563891,0.380111205328754,0.746141067401316,0.921496144408467,1.12353558329506,0.687820723509239,0.435263385300519,0.0950470407848565,0.696439121977047,0.652606484543646,0.914941469042852,0.119741653935559,0.413696036550989,0.273013339883168,0.57641940998499,0.676269645938708,0.0176381737106376,0.0527318741941982,0.177410462642421,0.417442593358944,0.354056606304045
1.33227765752108,1.12599630227811,0.368019832731637,0.891054074790759,0.887869673239482,0.919569479686299,1.04038464451947,1.47122330522385,0.818764361469885,0.825313860890604,1.88024712451704,1.26849787505148,1.85247546707772,1.61470045517861,1.28456795963246,1.04111461484021,0.909328812040038,1.17752952844713,0.637709800496351,1.48157152345825,0.927141185724026,0.900464613337848,0.883660440273743,1.01502581162228,0.517095722040532,1.17965309943353,1.58457655899627,0.975009636963153,1.01669674913201,0.774397162488845
0.0329570574675855,1.31944428084232,0.0866552204348173,0.418670329375418,0.185596580068636,0.477154763380939,0.217194418864404,0.137491676127028,0.445628661370506,0.358523953100455,0.0158358141280946,0.189937017399417,0.306446778768588,0.456487591358213,0.404801012844528,0.272587089363273,0.604532440003018,0.710274918984882,0.311325888308,0.498889633983096,0.0200980530813679,0.115121692054404,0.0240121450410454,0.106339367607728,0.250008418918885,0.140114130007941,0.519210026547424,0.115570784738676,0.000155228006169984,0.245918073272305
2.64590571775671,1.53225022147606,0.541667038360726,1.23207430857904,0.808707293120285,1.41073536516715,1.2227617670064,1.54469560229365,1.30439506842085,0.994426765715231,2.17834742091515,1.33579570949709,2.13858522126755,2.06362085503436,1.13736322877606,1.23503333932365,0.86706163443483,1.23151841899415,0.686632477278041,1.66751678316586,1.32706675767535,1.30210938114691,0.962001903803066,1.93149933858478,0.558493744201432,1.66704959732574,1.99320170933574,1.10922271171541,1.11760845745084,0.677468441935264
0.731340279863238,0.679085256658519,0.315791195687937,0.283801650466735,0.395054572373485,0.483917653692317,0.432496200737504,0.874683547349021,0.349064459102108,0.50792611788075,0.133097315921469,0.823948441632503,0.900975317336612,0.997405521109899,0.447679314990046,0.422174254389921,0.281018732454706,0.746705045096244,0.514102577883939,0.689978049860274,0.677175962795887,1.18709418674226,0.342971014241485,0.710455522136512,0.183853152764373,0.516433125783839,0.398276666948373,0.621512642763297,0.481608524241306,0.404932834147302
0.25717607868243,0.233347366620968,0.30323085686521,0.730120122041968,0.511781063610641,0.656738400196275,0.754614068376313,1.07703855746473,0.0533099770792912,0.753510518025647,1.13829330555998,0.9778224730969,0.835548386432762,1.29573112735808,0.890788911740025,1.10874280351367,0.353928365221642,1.10602764825894,0.74298911604418,1.16760380877006,0.582406264312494,0.812275370775945,0.457700433688435,0.507501718630965,1.06566116612833,0.224725708965562,0.264490155900462,0.395649235833886,0.267399705284707,0.26925023306003
1.74647524709875,0.627198312602342,0.267380893027763,0.589863892945178,0.543138839402642,0.649118608889953,0.757729208057283,1.24756345755528,0.00450998312987516,0.363127072104935,0.0192466055690045,1.06355089677718,1.07522513882443,0.782187261117815,0.506182990638439,0.34508373623952,0.578580849699452,0.70728310253059,0.513091547860826,0.706123206093704,1.00271297467138,1.23769588674639,0.192851214882321,1.48216092163161,0.86578106801035,0.818216675504178,0.672771279009307,0.55237885557785,0.416844892702765,0.509307870082445
0.34758848671226,0.227157812655477,0.583028392061466,0.800509120652306,0.712175718915623,1.10563809000665,0.933111887040108,0.808802465325648,0.364622189883362,0.502714593267886,0.630577061047197,0.160520515283352,0.821169994997298,0.488444063647322,0.634213923277489,0.169458020660478,0.597536683864632,0.54636491244173,0.131994660337412,0.484035836258063,0.714291474964396,0.943976345171905,0.502257486381909,0.469646991422745,0.680439343580491,0.0744785856432496,0.0476558030716907,0.449112137750135,0.328042041112479,0.94671427853997
0.709216163708221,1.19513716195597,0.254901594186796,0.0829849881924418,0.739480394360422,0.0060008916293645,0.201521472939712,0.647064264441681,0.00976260805011175,0.334454641311574,0.717170836184399,0.998835345654688,0.31849791238086,0.522068855590001,0.933208034403978,0.425755363753233,0.437968166769741,0.781463372529101,0.644807609506211,0.820756289852459,0.697145619206201,0.460584061674793,0.249896555568494,0.290798091417365,0.501011340402968,0.449792499805509,0.466542007154757,0.608610148279656,0.388862627384424,0.234067859884194
0.739861986823338,0.521223713060609,0.700641349314317,1.02313551062855,0.628565438946651,1.31690577521113,1.46145313513042,1.9854773868842,0.734963459540954,1.28415864813506,0.769772652222133,1.2184916420267,0.536566088848431,1.3075721268232,1.03322879872164,1.37400185996731,0.227987584329221,0.785406241222047,1.1691002900062,1.15808899410117,0.665933989350909,1.31651072814563,0.973476584565539,0.813765773884863,0.33537366879509,0.456522163536453,0.99286016290138,0.566079144887417,0.790003730938052,0.324886552994566
1.17479929971703,0.97702235468919,0.0746434442612561,0.658672610993689,0.723680001691604,0.860442232013135,0.780026938874477,1.43883915181356,0.270937146843445,0.188962143504875,0.950913614078527,1.4173803494087,0.626807569936145,1.19337637710689,0.983835470926273,0.870600501234952,0.730366750927393,0.913989763105481,0.423783132671165,1.17719166010497,0.604025747473224,0.85612665936599,0.106016635898649,0.64607901509098,0.368765910533527,1.16302372014986,1.23095521535897,0.802381504646294,0.362205236917176,0.129263933985743
1.22025408287439,0.455924804212622,0.593402108933195,0.891572822538535,0.280306447814152,0.456101965298403,0.718401149523904,0.696818142879494,0.678446487948259,0.499211105576549,0.889338636442863,0.91657565402341,1.2233280848967,1.14656458071856,0.672523739836289,0.977344830086905,0.51723404713071,0.802289442377258,0.486959593730119,1.08047865016072,0.425410311905222,0.631546489073976,0.75953140023851,0.71334378957301,0.329628661342316,1.00885505915916,1.02152040366537,0.246969702931917,0.930856519919463,0.232230846642549
1.98821122313935,1.44739846094087,0.415141962631135,1.20494998220218,0.546678683780351,0.919785079926144,1.06278099511333,1.15427865928069,0.63994705135887,0.729252062833506,1.46060907968063,1.18654761190264,1.33704083434519,1.14418015961057,1.02029692138533,0.98120322728476,0.532337431072502,1.16100021578973,0.611670852519735,1.18084993560836,0.963810411743371,0.848086531917778,0.607349582905946,1.35486080665782,1.23041907754865,1.4258260124132,1.58623092540212,0.619168078450478,0.882836870287383,0.384188053777797
1.28835410375045,0.910926499658434,0.171308781177762,0.822042370858143,0.503676935849171,1.03937457695238,0.859627743379424,1.14726629666529,0.406526076861629,0.548248944396278,1.374289128774,0.949823044443004,1.1274080028438,1.01447998281728,0.560457914011176,0.893357281576854,0.576090530387441,0.752160616167824,0.192607474590028,0.879330245294973,0.548368107706477,0.531385825904586,0.582684068710105,0.980855622365775,0.713223416102194,1.32276254036981,1.25219135822252,0.76347496638425,0.786457389310818,0.508603039724187
0.789041281866175,0.476887733853012,0.32452930498977,0.817265340619188,0.608394582195536,1.50245509796384,1.09514985557236,1.65078216141831,0.523369030250166,1.04757336957629,0.603072083978435,0.848471783861682,0.472940772125586,0.957712850801463,0.850434217911571,0.454652223375645,0.0459588752688554,0.811461236049365,0.993858967676943,0.886377402188846,0.648072289523269,0.97245331034611,1.15595381304772,1.34384627258093,0.299944384455005,0.767688742844653,1.20993162380395,0.652496305303159,0.742715511581906,0.479996371002184
1.79650526244668,2.44054988216182,0.292232523109234,1.09668258750355,0.505301804394088,0.661754785806449,0.916348755784156,1.00810234101319,1.06367767522149,0.963554420554886,2.56204923865638,1.48292276847062,1.3055784059851,1.29120217726102,1.23461885500261,1.53001599508996,1.46642879644072,1.28584461123782,0.756232971815542,1.37106220892193,1.11518217913652,0.587433246608723,0.0199345016419848,1.27492017419547,1.29277296719513,1.64533482631371,1.78089372567782,1.03267895692231,0.447717970798889,0.788684639045409
1.47900139014537,0.353053123167506,0.337760466807542,1.1931043761674,0.698496417730566,1.9268112631115,1.29754659774707,1.36405184689462,0.406371858419152,0.934243072931045,0.463692956189858,0.720837683022494,0.381952272455707,0.978381137222608,0.654007282236424,0.674850816337926,0.607738905552368,1.29921058069703,0.591047706903107,1.0242896947796,0.90554670216049,1.59021693132677,1.58309966063765,1.2185381243612,0.705129714046892,0.805017297423756,1.43709792965163,0.782639387969062,0.912437626343951,0.151668079020409
0.678407558174301,0.672503238221921,0.577968709343776,1.30662544717443,0.491491136988085,1.58496244896214,1.2822683782175,1.60483604645791,0.0147817684836995,0.437690367001205,0.564347551598835,0.372801178885743,0.102991893072901,0.0909633613396867,0.57796597292735,0.200514590793553,1.48534339165886,0.330220014574982,0.367070459947465,0.143714408976051,0.68599123661254,1.62654911352139,1.4861784417542,0.48708298821743,0.130052903979896,0.395779595678005,0.746548892652214,0.511495934115196,0.552648210842419,0.281893375560785
1.72112295337557,1.75084934996143,0.402458074212036,0.31057289792689,0.957165647025198,1.26589099734782,0.771384194516501,1.2839194865515,0.160786278593621,0.195801967009611,0.303398860942001,1.12215590212013,1.22057689790701,1.38978175998853,0.881177923479081,0.48968660513186,0.959968181447585,0.920410896555721,1.08954292881114,1.30519575951791,0.194666897148884,1.02018391856007,1.56591846010234,0.408428422786674,1.16168603817163,0.884059824232346,0.172197763291772,0.427183062092272,0.584962908082048,0.286227645824403
0.482597296016805,1.90174978981721,0.434820119837433,0.56286583024457,0.988955497993444,0.467326633287218,0.837137706076825,0.87345789304345,0.083864477755281,0.776204369857577,1.24948248452506,1.45347747716398,0.340762176058872,1.68624982348687,1.24688544799596,1.5384842209881,0.569855902705347,1.14658408584429,1.25636902692156,1.66672864714869,0.566669742617087,0.757828189123454,0.753798392345686,0.498667128285955,0.891044605160363,0.112442888098751,0.297637329138456,0.597724370924042,0.350545549767842,0.999912917499493
0.324152770021206,0.869657512974992,0.364147624776098,0.742350800099647,0.764080922142085,0.60239590300332,0.955755870111473,0.930225544250028,0.658132665843932,0.810957367974053,1.40545760121191,1.33863095491246,0.0344859308619772,1.32296193663456,1.37302747394122,0.788694479317447,0.0667203058885218,0.935250427140565,1.11336946506652,1.3217465647466,0.538514200222515,0.578828537905973,0.537288360288908,0.773584412547689,0.306299698269678,0.202982068790794,0.368981664588402,0.476661512738996,0.0556283762865053,0.628764426583479
1.05992738256149,0.437388917858165,0.206130341716957,1.1700434723887,0.534340900725141,0.656328515010366,1.15008992853361,1.35028333554697,0.090418663258103,0.547001755682803,0.975687841918845,1.13240696122208,0.701723643299277,0.929568017786004,0.978869311216346,0.832467710938391,0.599592292370989,0.719323278241816,0.528725418749311,0.93390578844834,0.847179781841036,1.17940628368951,0.584854691844187,1.0237508101433,1.1464009417409,0.865364766948358,1.32334829549907,1.01962360069245,0.86768555841718,0.216627438982542
0.0587860951297231,0.748687686276221,0.430731882002026,0.329445340719624,0.381032445001881,0.28052957390427,0.485429481580394,0.913330576175505,0.11372062538042,0.823872701799391,0.778714272111284,0.932795744338152,0.638871021817009,0.21214283415267,0.271025160041638,0.325635217428386,2.55927195250426,0.470263902027544,0.389876009073741,0.634705873527795,0.363376924591683,0.943995575049702,0.285195476411158,0.576525291847084,0.59438097466496,0.262097919146304,0.635122723103349,0.280985280121775,0.0626884413497104,1.27623421809839
0.739349401003077,0.591043631038516,0.38635853483566,0.776924384556482,0.671957017553963,0.0964704797702572,0.781312459898643,0.961770932857241,0.450838298900362,0.0726083909969652,0.720232709740844,0.762396008751682,0.193231871956288,0.798633144722989,0.80658847481418,0.625866536168043,0.762853030348638,0.505147404002142,0.23227397018873,0.80810548994383,0.780097246143016,0.844836605092756,0.336857999878518,1.04295854153539,0.97526647351567,0.665246863315668,0.762490441542508,0.68666569097404,0.49890127827536,0.0477112525842537
0.884646839178908,0.390491298639312,0.0289878686286981,0.783072197766598,0.505955678216281,0.979854314689684,0.677074265954683,0.515012816172629,0.467318051932384,0.663181382743543,1.22477172734231,1.02571622983761,0.373466710801745,0.966737042709603,0.916198877013598,0.514136379243823,0.510222249680119,0.841115160328557,1.06687531398087,0.864201265292701,0.653628818282916,0.578770975096382,0.251187589155399,0.757330305736205,0.127201105141413,0.116248255813614,0.78523013056117,0.606798394151065,0.223111608839799,0.348194896998568
0.353919088441466,1.23331470740322,0.153004837712295,1.02809205954681,0.911100095299804,0.860858961049117,0.731484308351697,0.983865017652617,0.593711741510792,0.624982729515284,0.694947217439089,0.619503088917891,0.0601517083219645,0.691696777384258,0.133109500301506,0.641867669125907,0.252888260087366,0.0609060820164874,0.632548305899792,0.191408241212838,0.325935901534167,1.16087780302102,0.409823533026807,1.47300406170345,0.843190899517079,0.349238013788608,0.970078526643647,0.754989233324706,0.0382290115595641,1.05567047960182
0.563594381508253,0.40910402255326,0.291378212041515,0.176881093563285,0.00619348099993851,0.325437629375277,0.3339134686643,0.218155979153613,0.225896511292429,0.634229131540161,0.568958179866148,0.721116678001448,1.18874958306727,0.76555033909108,0.785915597035249,0.330093375150975,0.123542298567653,0.847477066712512,0.217884965670721,0.675456255158964,0.0746034983783872,0.415951419711397,0.36291991676056,0.574434860258169,0.256887370701755,0.0652203892217315,0.661325664301366,0.447349733096899,0.220992950344101,1.32106769273139
0.700757628626673,0.36607620911414,0.107882097351743,0.816401741000581,0.683006394066581,0.811438204609869,1.11551702306643,1.48997188338635,0.341599541951452,0.604103410780786,0.952008361500882,1.02093767169356,0.229449184317702,1.22400892736257,0.735640682112645,1.0555557669801,0.811307230678062,0.969666524987566,0.939324176385912,1.04821334088143,0.721299555267392,0.736397551897921,1.20170509412468,0.914429315407648,0.409204091912781,0.0661544486417245,0.346162260388957,0.494484042443787,0.341961037932952,0.387912467671362
0.968877727094685,0.814699742430305,0.0778144037495904,0.361329098700559,0.318919270083925,0.492288897264073,0.614060582280996,0.738748421905849,0.435956389610727,0.309898820545745,0.959963725328884,0.602146244304083,1.13957983589637,0.93326277829925,0.724650277489483,0.517666784044223,0.0557149439601967,0.641895169819722,0.571673340961303,0.757837536289589,0.621167325484595,0.447116490556514,0.416148195696725,1.55349323455961,1.04632773689763,0.828653577112996,1.12512005574844,0.780396121757023,0.047326202698463,0.208523865898588
1.22512831932819,0.0916133470497588,0.403390297311444,1.30691821079227,0.965473246126743,1.41354620179418,1.42054054871535,1.76251887182095,0.137479374703043,1.1101162293248,1.6674894056738,1.5691455092553,0.787163729744096,1.44731006367893,1.38094604315115,1.11784476955474,0.667945196898024,1.03429722046702,0.77281241215981,1.31069377173773,1.47280070125205,1.2802171480895,0.987507149952116,1.9669459141339,2.09715869631887,1.24484159024988,1.38769486393389,1.2190012283376,0.551252581951675,1.80855734462227
1.23293179993253,0.570020008244015,0.42902373920982,0.595092000076853,1.00810191232454,0.377286562052748,0.639774187717714,0.863204342157183,0.340319447785211,0.158097567027774,0.655242470273049,1.06215505814988,0.864980347427726,1.18688830949355,0.456882987798025,0.359465683908884,1.37756823386759,0.713218315490372,0.702323335263496,0.91572732322936,0.778074598475819,1.14270693249306,0.505703490020819,0.0413571462077865,0.209365424626544,0.254874342046131,0.0251614443001444,0.0783486184464226,0.644425220415495,0.0592476286781268
1.95952094781206,1.06280232874855,0.652088598233733,0.342418141075839,0.189120167649972,0.591983952515567,0.266363367471544,0.678801103847767,1.60196419097617,0.222308673380215,0.510981857619851,0.599995558035122,0.847222521098824,0.860908917190562,0.703330588151753,1.00645084150143,0.79379379349212,1.18495665706877,0.695166612515079,1.20134621401722,0.667713638714648,0.491335781528607,0.562296759792832,1.23301596843946,2.03883299183504,0.474180747267245,0.674040061810246,0.175172078508561,0.486258737646097,0.854781611801672
0.529649935532757,0.0255584911650921,1.48107657498063,2.89274055295138,1.09131201183435,0.742885451740918,1.85100647140453,1.20337824365664,0.643177721342002,1.34777465678693,0.80386464418599,1.51314541538049,0.407407349366651,0.711000973504505,1.25666637062801,0.443176046064231,0.0206499322858894,0.314110053646519,0.660713484876037,0.618436826320685,0.0359106157800666,0.616771771361945,0.24997844945189,0.870588708462382,0.948167649353996,0.571886074277848,1.58659293218897,0.46239926911827,1.05355546011462,0.617267611298453
1.65809680335865,0.238154071267987,0.329540402839187,0.899935822500563,0.794954934785244,0.371728832161519,0.68381331885106,0.0750152867994233,0.649995862095103,0.778819848164257,0.249367159569503,0.591306646545185,0.0862509844955417,1.01843535450338,0.00869477387678866,0.339842030891742,0.83949151283258,0.896667275854297,0.38831924539373,0.576944760271584,0.0794935415153492,1.0703973260207,0.813980353391819,1.23518817837872,0.372809174483377,0.59103030722162,1.33385409575674,0.529366212803476,0.359611969694456,0.992328089297933
0.632633919601037,0.743958280348653,0.245373557517958,0.659289047848214,0.430912546814144,0.878946754588468,0.279104296335793,0.209480531411227,0.345854612296351,0.362932769100851,0.745051143007446,0.587243115874096,0.365589379200515,0.623589485736272,0.313019735413793,0.184964686722246,0.469106049830617,0.436529929073376,0.541899209311716,0.698575685792218,0.144225651116424,0.305560106220937,0.201902288174806,1.34189370399133,0.730041435290596,0.373653053680103,0.318589017199711,0.365248982157594,1.22392022880035,0.0244833263992349
0.805896980781806,1.00321951386734,0.524612814535436,0.791947097660305,0.39789837831483,1.14856935521344,0.968970079560623,1.1721376149985,0.811052565649366,1.79824663231683,0.40978761165673,1.53108262761935,0.679600756347904,0.573482511053386,1.54842204668746,1.28732382046557,0.0395566977970694,1.12664968693327,0.654403372402405,1.12729773735801,0.101832357596871,0.243233842213477,0.339007505144579,0.691173163501197,0.130689816120867,0.304783779225253,1.20636677107576,0.417298447544842,0.21000698472566,0.659324491518256
1.63714568898221,0.669013791735417,0.880198303282235,1.46838667994642,0.650839686009634,0.747558731090978,1.13096044062468,1.19081879820626,0.186816692161596,0.912463358799509,1.11422885837953,1.44459672576508,0.344410460526268,0.70255305337963,1.08104680298775,0.3090876565046,0.365382732506236,1.02078846428526,0.358346110414572,0.791054004541087,0.540962398540627,0.542866920021654,0.0468698103430017,1.31161505114619,0.200559084288006,1.23854068476263,2.17173616609961,0.829117511799859,0.0360907394761734,0.907303451454294
0.0445573409270099,0.378282138497345,0.494935555871952,1.83773839404178,0.647495452077789,0.587341801540114,1.19250571143087,0.750448294586115,0.0882835558399804,1.05843714571978,0.913413884643042,1.30904726410966,0.41359686252285,0.765401637337093,1.01584077841334,0.644906705896456,0.533083330753111,0.6733370519007,0.762324111139584,0.730762978160317,0.00531432387110523,0.795475060430812,0.143948435545619,1.17737813388281,0.189810467012617,0.313438956371033,1.13090353287448,0.578300687207319,0.474955052100213,0.869093213383543
0.765271629244557,0.165200221692505,0.65082205984807,0.680230156682255,1.17685208866868,0.981225570787587,0.83639073498677,1.3513436252439,1.33827479094897,0.298173506844096,0.92339945936298,1.30904374351226,1.04171759049301,1.09669510863568,0.141329408394144,0.439317803156697,0.489643195689649,0.701848807482371,0.272079408868474,0.666016749524343,1.11699095598017,1.45065369214438,0.135869866838753,0.265542386820247,1.02917695728325,0.766202614410778,1.27697566896488,0.562733746480753,0.407894245076893,0.651257508241634
0.880927798689985,0.968886712169318,0.835846036456904,1.27057139478911,1.03973593994634,1.16949552075177,1.16880425395582,1.27951467306552,1.12677944420285,0.968730113618938,0.119715603255551,1.57018700983281,0.522389256403881,1.10037287294662,1.10683182266606,0.644705918151261,0.517046497798527,0.899158872987778,0.655044860709172,0.897288601094178,0.349751240504276,0.574103399772236,0.292891567055781,0.339930968741235,0.364962569007215,0.20035636592743,0.946545832078087,0.242074664596187,0.45173527029674,1.30901949600168
1.75567225465229,0.0798249939468928,0.379710581657739,1.04000264760951,0.620327513048984,1.31571561377478,1.51425877224392,1.58025419943497,1.2995494849347,0.00708275789753017,1.42997027977038,0.734950429716543,1.19813082283233,0.989462660279128,1.13519325984347,1.76693530146485,0.702182635308811,1.67755656652369,0.890762750761684,1.13873568045598,1.42675721674507,1.41486942232733,0.98433825547255,1.6624990033612,1.49393753461214,1.3486950946387,1.98349651058385,1.41756283707291,0.2942406332896,1.45698639117159
0.303689701596503,0.37904069207676,0.142472380992822,1.77082293642667,1.02926006640927,1.44676045958001,1.44945890023333,1.15628013989297,0.574167616000691,0.733657331071539,0.0429814455764567,1.65113520369212,0.702385685127325,0.932209639391777,1.32959510507742,0.0367572627351024,0.685976067960542,0.742889254806874,0.82779658729149,0.898603895609061,0.677109152087483,0.0702997994352805,0.273112110279285,1.14605038885828,1.47455952851373,0.299206668243317,1.16260881342745,0.378959799909963,0.410875201727685,1.35831117313899
1.45097332790024,0.406509593512091,0.404799927973865,1.90127843258604,0.851090200610193,1.37594871119827,1.56943462485043,1.65169787996708,0.642721267066166,0.605850105316076,1.05478041336994,1.1772554614795,0.616026027941798,1.29712153309248,1.41105071012805,1.32062871267699,9.85117341037484e-05,1.37939508298674,0.95205319185717,1.272001617089,1.18038142359463,1.38000444536381,0.633015072284079,1.75396125785691,1.13101764604602,1.52495514781643,2.14306524124026,1.39810531815017,0.235787300322478,1.19987700466969
1.01792035535051,0.75872130443837,0.363815164583571,1.72132561442329,0.989030239270263,1.06345263510833,1.15601682524606,0.99186175153556,0.363079624892732,1.37595122636863,0.257672167834336,1.5855469025602,0.15454814864209,0.876185825635521,1.41787034342842,0.380070605343472,0.0991442865002314,0.920843357884869,0.587112519892337,0.959195165982285,0.89902457088014,0.819088317451933,0.125431901192112,1.47416084380698,0.00737658523827039,0.55745014642724,1.35293654430242,0.884401447657841,0.681804124118709,1.67549260156617
1.87594649121977,1.48242091066595,2.19998864085656,3.99903529339141,2.18794099558669,3.20974601596802,3.20647964310915,3.49628998678276,0.200756791354287,3.46514697492573,3.51489476990777,3.65191891857035,2.61570416038067,2.17975117486576,3.30450004495755,1.73172168737454,1.15097059178868,3.00730178494183,1.3052710704759,2.56997455100825,2.55484238244754,4.90948717553642,1.34548391386887,3.39542264008243,1.10694848164536,3.31858711851066,4.14374500179578,2.36064133368807,1.46862337289284,4.89708148274435
1.03695615007744,1.41085337534653,0.51482442309921,1.64215405060825,0.900766770328852,1.51261961324031,1.43603844699411,1.81913452001658,0.240468844632535,1.01527802686557,1.05931445091806,2.23856346203405,1.35722329363628,1.49799591596246,1.92691717206819,1.1552238889765,0.610965893478605,1.39900951702806,0.721607713328734,1.61330960436712,1.56714427252357,1.40918778817613,0.440437514128549,1.62893754170203,0.374500978890669,1.56716671093046,2.11686000469286,1.58308626424064,0.337988587064013,1.66946200773134
1.46878520088746,0.863682616037365,0.821053458293881,0.801449428951287,0.503175714123097,1.45705630461923,1.54192208335494,1.9366726511107,1.51910387467555,0.884534029701602,1.63528373195037,0.633699284027967,0.580113137028789,1.5963713900725,0.798744013082573,1.34878738190725,0.0613085585743219,1.69361696789153,0.795804766409187,1.31359368811803,2.14558337611378,2.11865531748514,0.903774175707777,0.626280828802532,1.30280591693532,2.35992737578758,2.44550249378319,1.37705602945527,0.167279509219276,0.159973111868068
0.663822296204964,0.351809377993381,0.803585991366659,2.55232324215718,1.33369018517773,1.13365749327384,1.17114938475203,1.36453218625546,0.458321127988298,2.27716425180707,0.590161904953026,1.5293030665089,0.210462985361537,0.460406491006475,1.27745934394417,0.40441851804288,0.220593153368205,0.259470655385795,0.356731650226019,0.423832505960306,0.00275499710972151,0.87173392144659,0.311795629260295,2.13167256144258,0.792061384092143,0.0322145577412838,1.33004721551789,0.701224419019004,0.811346450597529,1.19686454767249
1.20847827877216,1.82396068069127,0.739347499464725,0.965883098225506,0.695901741952224,0.974947049580343,0.609097285314078,0.401329957958047,0.0360270185833296,1.41603021974587,0.538115838386027,1.39984034601665,0.974346821096353,0.54642935056218,1.13506768762221,1.22121396946145,0.490853959408981,1.36608640985207,0.156766420488558,0.936041496350673,0.87498102636579,1.13669327462099,0.301172395857932,1.12892107988976,0.539821549698846,1.52690691512621,1.82189406492696,1.57323486570349,0.320775435237576,0.736863077943177
1.31124597597949,0.86866364189547,0.625320833843068,1.14031613302865,0.419471142719703,1.37216932923755,1.23241218999928,1.09544343132908,1.83086203986813,0.0778368914685429,1.68696508158853,1.31405608156186,0.165105764040756,0.689826013291059,1.32773739912872,1.59400948861957,0.101557958449177,2.05873520053353,0.139280460744053,1.32990577644807,2.10050766403477,2.72828491147895,1.16762964389113,1.47736682013854,0.783084903415882,2.52985018993405,2.91566295174981,1.48122545929955,0.211174490212365,0.49528312594512
1.63645175184929,0.906598133976207,0.838532836129066,1.38637184368985,0.896827405422857,1.01914719278048,1.10614910380572,1.15369929894248,0.147056007085177,0.782105459787517,0.951450042204065,0.665126134155073,0.492501335879829,0.82046610444426,1.0487828316681,0.913927296033277,1.43737661657557,0.899318298684786,0.5789080756881,0.658708479712196,0.680037218779646,1.31987054168766,0.216193231536396,1.53145969141538,1.08471151598069,0.783150206715643,1.34162492585347,0.98217452783067,0.30297001222982,1.3242721372107
1.69283435032246,0.673477923793322,0.152008839070037,1.02213791482921,0.27140939044846,0.335557884713405,1.04564613299667,0.665639782593781,1.3440001739785,0.708190085603469,0.874306865141908,0.154945296216633,0.0581266329254549,0.272439422674422,0.155925525238666,1.63095776341643,0.23829961186058,0.682146644803512,0.567265331435034,0.297644291086771,0.586920740892989,0.877976379594156,0.88897131934015,0.634482244326797,2.35728412605498,0.907655058380099,1.52335415619615,0.942066241676852,0.184904320901506,1.46505403228284
0.659763845715027,0.104325191754048,0.334466585866713,0.778953554443432,0.595191114790453,0.818135209083667,0.938108843221594,1.15964162508189,0.425654008495572,0.175218567147386,0.0706931825345042,0.538489745549287,0.446884184936957,0.248916203031364,0.390551895894932,0.242967061091967,0.242843983314028,0.247708056213532,0.440958149419261,0.303516150681663,0.431545307147833,0.284319729675991,0.10319127661613,0.555770690533761,0.50167452735906,0.236388380825806,0.759385495996721,0.51926210767347,0.599567517612273,0.0976939651210775
0.601428264585797,1.20384640164315,0.679025963316747,1.90676173317728,0.358028857526119,0.672916527362472,0.790201130135973,0.594926943086897,0.14813020677395,0.896102380013325,0.232795182488232,0.696127592701781,0.845582128042627,0.0633096202650962,0.437984412004423,0.153933576720415,0.0680034183599355,0.0259549097426671,0.146032526157605,0.0168538317461639,0.269642489104065,0.349273435333484,0.266447927468169,0.733891246294355,0.696182884674193,1.02302406134721,1.29967758202841,0.694809656544158,0.15377246239857,0.36791866698226
0.0350858347464338,0.640596999893856,0.764141844402104,2.11762174857763,1.16525661622023,2.07289059706917,1.41115607743666,1.47998109449319,0.71912818884523,1.54329669704391,0.725350442144207,1.34256315164149,0.38620184925224,0.717383825139812,0.869404641893036,0.314246916574903,1.14479633356106,0.434329631602297,0.339150332932482,0.634700965911895,0.0241731374059138,0.193188042655131,0.0219502074459842,1.94496699334401,0.248523947864104,0.860160171757389,1.5551861034421,1.24035286393764,0.963769503832086,1.18214495707672
0.440501810844366,0.998060631941931,0.387535284333377,1.54666238474738,0.646893221446116,0.947997425823477,0.871287597609971,0.842442596220461,1.07135234358474,1.40997001876098,0.0578800638705715,0.640645174159702,0.453991383725416,0.266507432070546,0.332147418476103,0.269707783350861,1.14764183192451,0.038691193968446,0.219717272984413,0.026942673075591,0.610421533219509,0.441647359219853,0.275345766634726,1.55408932950586,0.457156431505339,0.432409093494969,1.58155524275001,0.919436112094052,0.437283168911706,0.411170178634914
0.728869418599565,1.50392636584822,0.849457305499081,0.898607151615966,0.43692470281729,1.88640196610349,1.25976725226839,1.17490256183115,0.821277385360914,0.2050833820079,1.54190367661806,0.77796417260349,0.128908659801019,0.880500760303776,1.2292486143087,1.55982127716659,0.404488454088024,1.34359886288838,0.25434140151296,0.985056620307071,1.56539783211181,1.43179389365063,1.25063761722936,1.37283335786793,0.243302422139277,2.00934405831347,2.5780861450911,1.5657744533617,0.125752820725471,0.624984778337213
0.813100842258983,1.10034950167607,1.00315145357509,0.72717638282156,1.0924214536927,1.35737786914582,0.661753657707548,0.823259769199922,0.108131323784454,0.433875402931494,0.732723565299121,0.785124806556316,0.123627301114199,0.530080716645364,0.234005368274097,0.104816281849739,0.413024093667265,0.898167107196607,0.340875782311401,0.46417113861075,0.90847143022401,0.63216093671988,0.918286612674024,1.50739957420019,0.439160263498985,1.36468835390339,2.23444714323653,0.821264933437877,0.227346046539569,0.160154873384398
1.31144778622805,0.954164987941657,0.334316571953985,1.47034226138733,0.832265099540554,1.35016126999569,0.985219051734818,1.05445706635778,0.0796493228995186,1.22429018408228,0.98617863584331,1.62230931397266,0.542466916969683,1.13654551643424,1.14732318824963,0.840883985158494,0.716316347035453,1.2553449198763,0.393033220235686,1.24415825665599,0.829858117094904,1.34896051765115,0.383181143375882,1.51034484198008,0.884104620799486,1.17213258325137,2.04386092904354,1.28864091471192,0.715703422974984,1.15820332096712
0.295702877478098,0.554084414415057,0.340089299788508,0.943454614578336,1.22106974120954,0.505555858449298,1.43734440913784,1.22149959624722,1.27341502217117,0.45273118495928,1.2570519750062,0.516600844995293,0.00413359035525189,0.962076782266421,0.993252146470932,1.24004013225884,0.215496674004211,0.533828496527582,0.895862997546992,0.638673116915284,2.08967292545873,2.68953535093455,1.53013555311355,0.88178733043616,1.9055628254083,1.20821715415536,0.985787714886345,0.884531054098117,0.736805489232094,0.199845309171293
0.0139285652295202,0.102826390546926,0.19768003186317,1.06293100406831,0.305587714040906,0.311814314835262,0.685860262966196,0.792001807248091,0.0344179076854746,0.631775843357241,0.885309784702531,0.0690535907806922,0.198002378948352,0.562670826932847,0.453908321699798,0.450398009450295,0.862965092411253,0.0590205334442734,0.103232744824703,0.274665873361726,0.747645949778668,1.61140713013564,0.167739179503501,1.618084331401,1.1722588325554,1.0814923061227,1.73661055285114,1.21864744419098,0.371830639684127,0.568642069389918
0.582111469993342,0.0582947695939322,0.147389929962042,0.789069624642234,0.63839302590322,1.03880016574796,0.92647810511896,0.981202066765103,0.718790397248326,0.447373787581588,1.10900034835936,0.635251711578591,0.334079859592792,0.9476515777068,1.18128495114029,1.41325387693786,0.553865043079743,0.701892139526096,0.787804129100467,0.90679272233471,0.8414777491475,1.69508193026556,0.614814216475809,1.08526405925432,1.54860417314576,0.342285498645285,1.11300264869773,1.18935374539588,0.0456088918679133,0.259539148319671
0.0803407813262292,1.04059067783157,0.674888306417239,0.0290196998332873,0.612028944598161,1.47397524445598,1.04343989276441,1.02557023304979,0.844511305026018,0.844997771000692,0.742557934774151,0.763893384071278,0.112616707775167,0.609014101618722,0.945879473225391,0.757656946111771,0.403263710189486,1.59674632968942,0.134750344320147,0.844215682452576,1.87145759114595,1.18750013019071,0.42977957694434,1.74259701511473,0.326522010211093,0.766257733135172,1.61769562178782,0.196492930849762,0.0410664253267107,0.190645698973273
0.465086908090341,1.49366844883401,0.537806184439217,1.80116156478039,1.07448635769138,1.93041216567024,1.30532165898578,1.13439500937321,0.216504738223956,0.586881453576749,0.724739247929577,0.471363699801771,0.546016787999154,0.410501085603848,0.983679310424314,0.0533349619416799,0.439429919982575,1.20137109301743,0.340757594778443,0.337636120873876,0.365158830467244,0.548387522060714,0.786602168771905,1.70081320874011,0.677430155823784,1.58912537282337,2.45717179069874,0.29142831048781,0.086798452443213,0.0738042569639166
0.0154359743474905,0.835213047914638,0.10947927153203,1.42827324421248,0.575705759976144,1.13669947618481,0.954968545558874,1.17173407939225,0.213435822111308,0.902389792122264,0.542617523505433,0.685263646475989,0.518566904586464,0.680352513676274,0.924992314238911,0.430973850695023,1.08892077555611,0.301462480285739,0.553746964667219,0.376580690524784,0.427161194724447,0.529064791456954,0.0920035952985805,2.39205896865792,0.40691984267614,1.34349765190429,1.58156936635779,0.797034019197753,0.448694554966282,0.11560037343089
0.100568310413007,0.454587861771398,0.0408939861968996,1.23152932776301,0.516197696912768,0.820795626885216,0.930065401635188,1.16557003894966,0.177938232123573,0.692269309375786,0.430564886495725,0.585445490271831,0.206019772742668,0.493337260801261,0.759046199741249,0.517649632442383,1.14912390026804,0.0813436866292587,0.399936336982061,0.307580071810841,0.369103928621237,0.674121198395194,0.165761509457061,2.08355452388356,0.678492802421553,1.18156804626693,1.61848875947955,0.979322817371254,0.332145834264949,0.288250879505552
0.212688747018035,0.324461587728635,0.157787436199958,1.29650065729807,0.981759062721461,1.23959505342209,1.2689457271803,1.52199176312166,1.10577374563994,0.391554020562506,0.924896358348558,1.10330484391014,0.4506257932561,1.11894765458545,1.23654321078352,0.907188753343314,0.626917935688324,0.867424777816825,0.676810381438125,1.07027020895838,0.809926727989551,1.18659208648867,0.969769210073981,1.3068217711347,1.55605996827892,0.959550989889398,1.37521655712274,1.23931336238937,0.58504881069882,0.353873507749148
0.465480984838307,0.808064970675393,0.42278465672199,2.07817578952285,1.14033732618551,1.30169140808827,1.02517870659128,0.42538619123612,0.457075899011351,0.211927974161682,0.0403664796572268,0.64285076746212,1.76074363483985,1.43999520697266,1.53776385936421,0.871238542548317,0.239953703332127,1.1793310296378,1.13995745728391,1.02898036187639,0.906026768302445,1.45056242654094,0.206893843765537,1.72406448685138,1.62945464656062,1.13454086003505,2.27115855321251,0.806635313648719,0.80795907293843,0.938714802447354
0.323325351223353,1.4399628222084,0.571452518417188,1.74724563632241,0.950386052881871,1.50425941463317,1.07817917733819,0.814034457258343,0.658892826213459,0.450506481394578,0.0564926661174915,0.392200106758023,1.01631026830566,0.994701469102477,1.44891568247322,0.548993499798342,0.270990896455647,1.0321218641038,0.992798059114475,0.749903904977827,0.605644241873726,0.78312836585768,0.366160669088059,1.9971354669904,0.33366551669179,1.02072181414127,1.7406663678577,0.806432770162802,0.611962897360091,0.332236521794012
0.662809092182173,1.53496070386965,0.106047088352569,1.8151440289088,0.973249688173974,1.8894419538969,1.15522695328219,0.792379890416536,0.593888666032415,0.799832258111852,0.441764934756319,0.654636657407281,0.992869681926561,1.15932897597348,1.42374294647077,0.83694545899984,0.769530660463704,0.776963474021323,0.785673858186383,0.832284799584133,1.2320104632524,0.817145079578092,0.163783530406528,2.11015731827032,1.27081796670602,1.38304299754614,1.74424995317341,1.06172782923835,0.661405756168517,0.0312711932963028
0.849323493419684,1.01730128704099,0.919234678295223,1.52647529818529,0.784011722053834,1.19255776390068,1.12666379964316,1.23992873674113,0.344615475824841,0.162656525934525,0.558479025350086,0.393238253647708,1.10218701214978,0.890394732900191,0.923001871944232,0.625452659478029,0.328173338167878,0.384008521526134,1.13392022918144,0.26536310192894,1.00107396789681,1.33537980265611,0.443046493722732,2.00178779717076,0.152769367290302,1.28503333061781,1.50460071763107,0.72644993500438,0.944239898661393,0.404120653932566
0.195420449793716,1.68917942353136,0.195391614339582,1.822033757669,0.698241061262179,1.57630353994774,1.06592026209764,1.03148444509637,0.460201772386212,1.19380429001472,0.263527386676952,0.225031774581217,1.75770476291171,1.11776561528825,1.47789215762283,0.672339940754578,0.812627767934931,0.498869136264065,1.04402166949377,0.494503969765577,1.86826369503362,0.951239470167126,0.472104736479162,1.69436993188996,1.12233660706575,1.10149861551916,2.35289141288423,1.1434028833549,0.76530839668374,0.409190393742677
0.471726134014132,0.626965175270213,0.441132607426453,1.75614412916772,0.894958177488954,1.98611134549655,1.0676111540665,1.04779025458462,0.185655100559549,0.907666999841641,0.226669734500199,0.496331401800284,1.0676011933009,0.809001528362355,1.38669765954635,0.746257916545512,0.0241327394229013,0.601265274400659,1.19893612077715,0.605468545837211,0.59943625255919,1.14865314311616,0.477771156509918,1.38126727139465,1.65432609383265,1.21948551955849,1.66596460952356,0.914826161729509,0.643793053964209,0.0701966050318341
0.0603169447249136,0.437782031011794,0.83939406633588,1.07664273035927,1.27292687079852,1.68250353546063,1.34017448063671,1.71370628708474,1.3013137979793,0.443064541996043,0.7305811736217,0.835634446512646,1.3079550810209,1.10814339779681,1.49730791820311,1.00194668413164,0.464659827061904,0.945987637688428,1.10962563202158,0.996989829563,0.980547297320843,1.49843963557847,1.09406188324179,2.03640047057856,0.96345245574464,1.93767216439656,1.76724711206554,1.08226667979715,0.890311010429536,0.339210998771364
0.462452691901143,2.22723165333293,0.472618049946584,1.72979147815467,0.627843320778811,1.34613907448332,0.656611217116909,0.19396803364053,0.223899934891156,0.935226252467441,0.412827541451842,0.473958906715543,2.05665651175671,1.11316970654529,1.35249551923133,0.281541930539329,0.661301902391541,0.928812332096411,0.906261699755624,0.779788215197941,1.06911910660148,1.24396963603527,0.0566995072174189,2.56692834783184,1.85568400344657,0.656361702153222,1.73712137636038,0.717999994806395,0.73264161583562,0.0804602405982154
0.564193109840968,1.10689906823174,0.140853844308494,1.12366287416887,1.05007050288005,1.69468747909406,0.800841246712135,1.16816463764405,1.08616420606972,0.582833739767964,0.715010832049073,1.08453996978611,0.673813587376994,1.14370381551437,1.42289405073823,0.848121101737342,0.958659907227805,0.959723839545877,0.694072398007304,1.11094865356411,0.600073772997367,1.18960193309225,1.26859693487309,1.62246369062527,1.9409186302865,1.13277122542797,1.5559156828495,1.39810904002981,0.248930012866089,0.682742139901795
0.780500820436703,2.06699918769804,0.941745286403374,1.03936297998675,1.03254014112044,1.54046186061871,1.0864229877326,1.46789966294823,0.283184654425779,0.255968326539989,0.652030642884079,0.618142967897489,2.05886103529725,1.28753310054761,1.67373672593759,0.796809136683131,0.140044338374776,0.965902654067731,1.32103423953611,0.987553098477553,1.62425974529609,1.78433386194438,0.729425056156451,2.06883773202031,1.18799096266418,1.78156124087111,2.0764010168837,0.920807293068361,0.433080723713054,0.827100885941997
0.438856924945204,1.29279167388918,0.436656394868054,1.19741140480429,1.236329060679,1.7627999334432,1.30625261027335,1.64081738458741,0.541749755669867,0.197800011884388,1.87780760903399,1.26827070975899,1.00998462767778,1.26539460660198,1.59515821859225,1.0608757595572,1.09281242914113,0.996868199614855,0.827759450611895,1.10604185871758,1.8163792986652,1.75344071460923,1.06255318426247,1.89607148721073,0.6564277984802,1.85444795216375,2.17674903001806,1.34723808892421,0.0109431304123418,1.25197083044118
1.16423211913648,0.0169430225983142,0.673381895161242,0.00750176931930982,0.0415914942717775,0.870881010051903,0.205034369241751,0.057584434956123,0.443649996595513,0.511314988867672,0.917492898619608,1.54519901215705,1.17197504374933,0.0613368890043632,0.0139575217216058,1.05820616602646,1.12732271190117,0.661271943172418,0.2371031947583,0.548157200878898,1.02875392188118,0.958482993706379,0.899425103724382,0.804527453950741,0.891481913843974,0.221296361021618,0.774142697567124,1.28226831575228,1.69467045806287,0.176002723413462
0.617467986278618,0.448182851246976,1.02195238933567,0.623947789802464,0.629334554208809,0.921263941385431,0.784808216236331,0.869209547132034,0.544927652446093,0.301125394596048,0.301034691204431,0.896114906094832,0.376972025185174,0.87903952179383,0.886130829378414,0.555849096391757,0.0641234660482814,0.817020154677863,1.11263505870289,0.954254757403314,0.595527454183695,0.90844519325622,0.841175573216215,1.51641687587218,0.278328058820407,1.00313561293614,0.668398730393917,0.340154486961697,0.0367106804011888,0.0661020751652087
1.07124932760568,1.28460266756595,1.3605768811948,0.680559980901118,1.16124971235139,0.792886866215235,1.07531289882813,1.19886348664111,0.2779719986685,0.279225211113056,1.59926604183066,1.34241922990292,2.09004448871162,1.33770635680951,1.76663519983118,1.08123399197944,1.25184060371679,1.08978990120661,1.25506043064068,1.17446073097336,2.32270533929775,2.97787154131484,1.780499071391,2.29264898743713,0.756507829661175,2.2327886050882,2.54841622797751,1.43095056034048,0.389312721451867,1.35372527003823
0.420460875446644,0.842410392162733,0.283045931689629,0.641682596084089,0.597788592133018,0.601929111741861,0.784541361835296,0.78480722447578,0.156070189095589,0.350384330625976,0.731104035639408,0.889508427442245,1.09812185284372,0.906835733369247,1.05018925557103,0.667490768985893,0.0727148373174928,0.793436764201277,0.65811441431882,1.04533288073825,0.771292489873984,1.38492703159738,0.842471554549468,1.375192992929,1.08382659191769,0.649123908074943,1.02699421107431,0.546426937596609,0.0450966136856321,0.896733455147455
0.591857119209493,2.68068486304334,0.105895609597979,1.33385546271304,0.747630536390109,1.43053406292843,1.19343693527848,1.38160960622504,1.03977513712312,0.720131148425529,0.932881126211087,1.41245068440658,0.873590750121725,1.1515472722503,1.22174494464111,0.997165434027756,2.13161958168391,1.51980576400434,0.785318780138831,1.20057941680971,1.27529391195793,1.70056977436137,0.996622023251515,1.83020032656488,1.55020978781774,0.966630773696787,2.37543683872895,1.58743868863487,0.0577187000434929,0.354086275760221
0.811761971955755,0.30423121841182,0.513192327687295,0.509148322835549,0.145597082168347,0.954742414305375,0.508797163842937,0.693950616270624,0.254961976844102,0.289674276859714,0.5628262023882,0.721432584820365,0.458773140466761,0.65725081008503,0.603889949422021,0.703556885997,0.246361116038406,0.509592247999059,0.501431722161803,0.705337160615681,0.504054320420298,0.770386505679436,0.315742305426079,0.725578205790798,0.384126968650287,0.365319472543649,0.505580320588099,0.265879027180473,0.0623266658055785,0.194914383627487
0.055971324632652,2.52830624150297,0.579173058923778,2.02596442244416,0.187704531921501,2.27260393738863,0.997415878121747,0.726419794454512,1.70286910778408,0.496211476956578,3.43720030133211,2.49717450719552,2.47285940822828,1.24573302148843,1.21026547740713,0.892790974272666,6.1065526757197,2.7469090965891,1.40167070448401,1.43759155307645,2.8672676663315,4.17061454763427,3.27220193272812,2.47159521592858,3.6209606574626,1.20196367571781,6.67649865110787,4.04850179483883,1.39406078363181,0.115257789567248
0.0448981489095706,1.09571963648901,0.122808532785084,0.788496298389622,0.564170928112616,0.935803218262613,0.802914675876221,0.845343052046573,0.62977727429355,0.109545115483832,0.82001137149298,0.880355769713342,0.982404201803804,0.96666480431495,1.16199262594969,0.571554866154984,0.622483229909883,0.876531396899368,0.479796214669737,1.01051468241678,1.02859761438887,1.30886353383861,0.595542969318808,1.62934312558062,1.49103678522059,0.648909854759949,1.31503486045401,0.934213738563981,0.00328760385593746,0.635516618743872
0.0040412357843271,0.955953690440415,0.0484605629152007,0.849144099667404,0.640851560218706,0.848479558201236,0.818722952531338,0.804483570129845,0.322902666018851,0.0858297935816068,0.495830033807877,0.796646694891481,0.555121217584828,0.709610343999812,0.717947392142816,0.544218018387828,0.528799875145432,0.565764127243139,0.627615603390314,0.692082088523615,0.829198756129848,1.12826924561328,0.515052022484553,1.44690400196242,0.0273492795076276,0.362586377583591,1.01306720897435,0.652312712637599,0.249576799372542,0.390182755342055
0.165227406873804,0.804999452374625,0.111950505238001,0.524878543290221,0.605725792227264,0.963944742134801,0.733947136824333,0.808082730466274,0.618993936982641,0.147320258791084,0.929368731299369,0.783600822892942,0.817121890279323,0.802206769037545,0.982161818860471,0.621037706144418,0.247726579439251,0.658970681359049,0.449047463020612,0.860074968777409,0.868406350923344,0.876573488103439,0.217786148529686,0.564228432110779,0.985861068123975,0.53259755885001,0.878490051652776,0.88793734766523,0.0932903584457331,0.247150789736291
0.130214670709482,0.876628175785283,0.304788839208615,0.545387660802465,0.789296086128711,0.770589043173715,0.677019811474782,1.02847884204551,0.8859109369884,0.420138243543233,1.17272192399151,0.849549305765146,0.687563471949053,0.79197835368899,1.11012609957195,0.664917697545103,0.844038399384081,0.573131527214821,0.327092141020931,0.824554839241673,1.31381014235621,1.35358300467913,0.375137149914747,1.87835454055036,1.36028576351029,0.716816599784177,1.40683878154237,1.20946989322439,0.0137291203918513,0.636911019698912
0.220546561558449,1.61111832363412,0.46826835195505,0.975792353793108,0.867169258173767,0.980062312916696,0.894932371431534,1.01952553255372,0.995556508943703,0.347518735314655,1.03775517233155,0.827114331248425,0.131501060870807,0.884016640124821,1.38667226163187,0.715148037421229,0.846925381660227,0.983244468033064,0.814560074086323,0.917121251045518,0.742156182902184,0.805499839562186,0.254011039248132,0.677114017319379,0.20221488477228,0.681015283076154,1.15010018906959,0.563542165769894,0.422366483594966,0.350631024431343
0.481524768370957,1.32242070121266,0.331013094919708,0.957494642992757,0.787545296627804,1.07785995979533,0.864412619931683,0.954950282908413,0.896096015280633,0.224450937271048,1.07773783048112,0.741906507469791,0.10753155951933,0.820623728092209,1.32185872601867,0.407682668296563,1.21533574152799,0.968891578232301,0.496416464477396,0.960943813677761,1.39625948275571,1.38896237268809,0.672608300865475,1.33807845950401,0.941235536562177,0.990313739530509,1.81320247956964,0.956052017492838,0.203588626840632,0.553304449523662
0.391491163979243,0.959762580796724,0.422795596857097,0.984702206962534,0.626166699866906,0.99149462378599,0.888437145502189,0.85792472078656,0.657095082195477,0.375883452443543,0.553686709906511,0.840957637182649,0.108610425482106,0.857445758964477,0.91527457593577,0.394085919955093,0.83304548505303,0.979903076207807,0.361330480709236,0.950686281262715,0.659278074625237,0.834939146529417,0.16954765785594,0.159900867908669,0.022256693590103,0.0165979150789516,0.620004134873678,0.526316555285354,0.0120723936701073,0.0670882826691276
0.0982084254935502,0.788830377159362,0.478003178504102,0.648452668210595,0.452075430059317,0.768034882397274,0.584354174853866,0.479796115119797,0.565742811436368,0.0249627659140125,0.788447259433888,0.362111770990549,0.0351614306405069,0.396413135521303,0.774835456423772,0.00806724965508318,0.569880613037723,0.639999461098828,0.361368423244487,0.575945620967624,0.903036872987843,0.616277622365793,0.100525243267826,0.477707200192772,0.310693350382351,0.483045153064779,0.458231120050833,0.074586624558317,0.131962227808119,0.383296659876291
0.740515965552471,0.789424952137983,0.235596571772634,0.068046193707249,0.45797512042064,0.0792303104559857,0.0445146066441242,0.112691536160399,0.408747951084515,0.0811856740492722,0.677164728318811,0.251153739243895,0.77139544865969,0.342658444770609,0.821728961075869,0.451639505589723,0.171403970269121,0.139022060573672,0.400849127772752,0.378498447707222,0.562485339747325,0.467107025622115,0.152547146243363,1.11463314979512,0.716957976528714,0.354620916584137,0.954331659048489,0.527735227471812,0.0900113560447417,0.546433588625201
0.117409778972549,0.44448508886647,0.250017212635819,0.223905899588522,0.314532117985292,0.281371932215856,0.412766851625475,0.558298958670257,0.382309749906347,0.0773789000133572,0.125656288958312,0.254480261116391,0.75008737988706,0.33131631698035,0.323549661212114,0.0983433781242542,0.0860089674259669,0.225372181263482,0.149859325706013,0.350116962420431,0.332788570381257,0.463013204098824,0.200970385908401,0.559267214874343,1.04584520970884,0.45918707988329,0.740325783173315,0.214161444317991,0.0986407886377464,0.182388148429076
0.398094629825548,1.21349554457439,0.372401417768211,0.966122399845337,0.707573987684153,0.998723016437437,1.01006492244622,1.15096400385203,1.19030607714351,0.125346230008362,1.30252504387936,1.53586954749297,0.99908604774217,1.388877424922,1.52586556721968,0.423841972306503,0.681752707766628,1.34042854226799,0.857692055137414,1.56163687434306,1.38823021928876,1.515655087028,0.454263062765788,1.75022875180376,1.05085609668632,0.717718665051231,1.60175931038824,1.24052092182955,0.128032044190684,0.591622603829942
0.432715287837546,1.2834922853668,0.175947293506358,1.07889004080363,0.592582639714498,1.43251695858121,1.12102476026685,1.38725836283721,1.10032437445143,0.358428392966458,1.23950721059934,1.77232952895872,0.412302629462919,1.51130456006601,1.70645603367957,0.493998431025366,1.06548057282542,1.40813275329562,0.746203436192434,1.69037762992156,1.44949358438795,1.34550752023341,0.133635932276507,1.57676663681548,1.24141951717022,0.761384253502403,1.53603577070364,1.37961763289521,0.155463624360404,0.48274671209813
0.0411323881342111,1.27325384490211,0.326244976098726,0.927418800300862,0.634789442495247,1.14308017216545,0.943758370636067,1.23184396887243,1.1982791003125,0.0267556280591576,1.35057335393401,1.64573420834141,0.945466957704408,1.51366580577599,1.62109836878676,0.480957930243133,0.815392109634595,1.40549620804772,0.985963993848095,1.64536157363174,1.4576746609584,1.56918072392752,0.621805705841297,1.7496625002116,1.2086825489201,0.836256642983181,1.75296068353854,1.44187378285068,0.0439700027338977,0.665701334723273
0.185948317691698,1.28941347691754,0.300310000853149,0.455369917779853,0.503103526926222,0.184215999312407,0.290641783742984,0.321014774105931,0.504639725151364,0.168042210158744,1.48055006655046,0.909370341417881,0.317213405716374,0.884967215137292,1.20742141465396,0.0694705462888588,0.482996091119827,0.981093174644125,0.506014207375199,1.06583048855004,1.33569169458254,1.35754917557547,0.487678755047269,0.450599400043258,0.00617108361354042,0.897696270090331,1.19118839567765,0.826600681598822,0.266160892892207,0.753364120024213
0.0629235819019132,1.66454146364877,0.0872666848904161,0.801853322902528,0.590123383360238,0.952758101653771,0.85291755956289,1.13318736359997,0.564981912301144,0.441233953411687,1.29326113791988,1.3504101629308,0.374027857474208,1.2176558479304,1.52000042144422,0.227647774772349,1.10727622084179,1.04208491001268,0.384138202034187,1.39620220617494,1.5313677870515,1.39247200320743,0.431084983235785,1.09934833972433,0.908483428149506,0.627059341283324,1.84596099321293,1.1243797220794,0.644668068527089,0.704868226843911
0.184724529014385,1.27124375413371,0.301360269408437,1.12167209965642,0.775093457483578,1.64017372083236,1.28287146254361,1.76632429006973,0.943574185146146,0.160883461178517,1.54404751790607,1.50116484076702,0.806035911536714,1.25712865150182,1.51289909510254,0.766400937300938,0.92229857579782,1.07436991203911,0.876664672470716,1.30806824539389,1.54180222863315,1.38072645138219,0.798498815721877,1.56624663982956,1.27390751158762,0.820458918568031,1.80391740316639,1.42387208246581,0.0883256690448738,0.838660895652491
0.716202870975632,1.43781126519626,0.616891468569796,0.69530839418472,0.540193637308762,0.362146217405858,0.566859914170543,0.671771496694526,0.939483433603996,0.226775682117281,1.87492143147076,1.10764209023289,1.31174896490001,1.19559660770021,1.69497523678711,0.0281655067534607,0.417874662830733,1.30128067436337,0.859380611947834,1.45353767934019,1.50625897797691,1.73496640996167,0.325165396826278,1.25529456653712,0.623508334937942,0.486737943313258,2.12430689613685,1.23838385364638,0.208849248486348,0.450578692908892
2.2991934154113,0.408976243889101,0.115111812982982,1.6442195108371,0.644182457728342,2.07375510888786,1.33007968590421,1.41123173596843,1.23678196061204,0.0106091040476228,0.117898962103921,1.47449310723618,1.19446454661441,1.26484699531802,0.841282458697749,1.64847089921643,0.443270281623505,1.1603334851686,2.46668606863781,1.23927608702485,0.763805791341878,1.36525945096716,0.239048220221104,0.156736126422431,1.36813335983668,1.42914993067904,0.369868312585795,1.1956419818505,0.388670187739226,0.428310643998736
0.0349245039368142,0.425812419118764,0.675765182439675,0.714789941198667,0.577868603885757,0.890875975804342,0.650307621561464,0.554045229251717,0.127116697768341,0.26326668489598,1.2827641695689,0.98451748553355,0.183137776459841,0.973063198813984,1.09599404203357,0.25968942536545,0.822684733191805,1.13911916499846,0.0935087689702195,1.04462272073862,1.15356741463885,0.933587970135999,1.14634783351364,0.150675189630302,0.914538908659676,0.151478282660631,1.0943415315505,0.339583989032507,0.542540158298042,0.460888492174226
0.13496254711263,0.491939819179435,0.180426769967946,0.160689453125309,0.123204836325019,0.0600378798986908,0.00650566351230518,0.194588610007209,0.725818805498395,0.298422263200765,0.272025840498162,0.438880913765126,0.0825619798153738,0.425155884017162,0.525940236078835,0.283045975422117,0.165822818261552,0.796681630436426,0.312392453626152,0.69808609394261,0.535716145815152,0.497912724134014,0.24041244908379,0.779125447598629,0.0664293128980807,0.214090833340017,0.648266299235244,0.194520595746684,0.083937766806156,0.025871292847855
0.107462465217311,1.38182331273652,0.678953803221603,1.06318326438648,0.648774988223626,0.900282531665575,0.996208070491509,1.24029822756309,1.24216629078449,0.0119454418469145,1.40092134037579,1.53222256245286,1.25042302591103,1.38512254174579,1.70138100251476,0.0117584079108586,0.64411881019294,1.49503320644578,0.675576540501094,1.6495947096433,1.81081876196849,1.49515637987019,0.322348818696088,1.09448937717786,0.898584233787889,0.348093877746421,2.15754818556973,1.20270730925337,0.2962173569073,0.566733998317907
0.822748037839087,3.05283880452562,3.30959571626573,8.41616563837238,5.10439737031721,5.48162362752956,6.91262904100974,4.28157112783777,14.5900229953721,6.28360026231544,0.534452710447818,5.84837318651539,0.448952180121971,7.46342857917203,9.55665965436295,5.61911172652532,7.67805421711016,1.20306525842882,3.64055686048344,6.71220985470193,6.274591536156,10.3716541966156,6.19590985950263,5.89185023672333,4.342255805767,1.70618833407959,2.5405151459276,3.79685429630414,1.16580861599527,5.76608278400735
0.37704761586752,0.475081720013282,0.499472349869245,0.837203607422305,0.551584178359829,0.80989924080769,0.795695825317781,1.05032117513126,0.398108827302032,0.422098693923535,1.82207879981656,1.36907578034309,1.12989022736267,1.19808344075543,1.1949023555217,0.457724686595268,0.761939626067715,1.10039821076922,0.667331487146937,1.31288040659874,1.54725997001325,1.38818047122462,0.42969455834542,1.09392315712639,1.00138823379494,0.764513200805969,1.64816131485126,1.00101744334341,0.186385810367434,0.612705046198783
1.26915592607401,1.51335690136225,4.96559209070189,4.23860343303989,2.75427107879089,5.57505257853398,4.50787877061679,5.43060459539798,4.18643495667284,0.0584861993814234,6.27887089168799,6.38339479695578,6.08945346510835,5.52982657961365,4.67671678112347,4.00121237096226,1.13157233328565,4.32175599339248,4.65511156207354,5.24037379480499,5.22479036532818,6.06646430551495,5.24925887683923,1.30322821040136,2.67480314538665,3.53920230942272,5.7935044213761,5.34496372602234,1.24209300098458,2.38049953050106
9.71300859497963,0.900001528749347,1.20287633902922,1.1531194670897,1.84279759722395,6.05537925469375,2.08671570370557,2.62702693869726,7.53108368436954,3.23539144097877,2.4288350553349,4.89751292552144,6.43271616020258,1.93068439386577,4.37059184158905,1.46115551634619,9.21449283649307,5.73842068247067,1.55490475651954,4.90609217761288,3.7039981442329,3.8338202175941,3.6887978344222,0.94722311802577,2.02855260611938,3.60493757133031,5.88871389668382,3.2541235546285,5.45853293027938,5.01609827601805
14.2112260169323,8.4322058551824,3.49441427603997,18.2765121622065,8.82847674233722,16.0632690807671,16.0306012670887,27.4451857576198,5.83997071042796,2.62603273870154,2.99679481186368,9.53573384317258,7.07007108500002,12.3636846668788,12.63723511182,5.18676796340113,3.02770621855797,8.56831404311243,8.04580972692532,12.2750570654048,16.2685127370733,15.2324626679487,4.67290257425556,1.86402495663851,7.80301920970359,9.92486564142277,24.5604509725765,15.4849723749741,1.41318359251313,2.43448938426552
17.4920691012234,12.6248490039738,9.57889050915691,0.433649502564116,10.3143887277947,9.3413325129913,8.2653158681141,10.8280113501486,16.8959843767724,23.4842543625013,12.9804291898653,18.6232276754278,9.22764773683232,13.2775610478645,16.7749390438878,7.91113605242475,21.0909416204566,10.0306923370017,16.2191104149785,34.4520273927637,16.3032410198524,2.58197694394473,4.83487791090431,19.4328414112856,19.5378633422806,16.7706060167313,19.8606085193032,7.94578708621375,8.39137882870107,9.5105565628063
3.55805088690811,4.14303510903775,4.53818691943343,4.56810207282811,1.1858311516255,5.65732063197882,5.77888333704615,7.4986720354045,4.77567089787448,0.553758284490618,5.07387680152582,2.89520724561234,6.47862982613264,0.0417946467577163,1.68085337926178,0.929015878637737,0.828247397726071,4.67351694200682,0.64617195120972,2.73264276174527,0.900695665920084,6.98607201238779,4.15231870184227,2.22803924206916,3.51199968881218,0.998190382308333,2.99789215966802,1.62147100745844,0.00692322495698554,4.10032763024099
0.0779675815056878,6.64560553127469,2.52897799379732,4.02860704948622,5.80282600812189,6.7837960184411,5.7660501827929,4.74996348208071,0.654632732147581,3.96712672229756,5.40382962114877,4.08993168461981,6.70678248109362,3.88368300175597,1.38944128352329,1.0323194201554,1.90334293207235,3.11453800156403,3.32638944752599,3.42299263408414,4.79000011140332,3.38452526017823,1.47016397134152,4.09457379740261,3.58089076193568,3.2025749576401,0.963031714895077,2.40229957875146,6.3907347770508,0.779856776026871
0.522897290570222,4.8119547929631,4.30049930470632,5.07743029316603,0.896751294905151,5.09832502196645,4.88187025742205,5.74969483209641,0.0944965608100537,6.86617707761784,1.65277828932081,1.47815668882185,0.902108255019301,0.54025918456249,3.58006459788655,1.11654254093477,1.21492610521106,3.52666715024542,3.87082292124381,2.25203784953831,0.807592497489153,1.22350711755426,3.09783117445526,3.71270957618108,6.23184892759918,0.675688380012156,2.9161458331738,0.696078377531961,3.39120527687836,2.19229653986407
2.55236576389766,7.08663599281461,3.11960276438674,2.89960484450106,1.0256771229092,4.72336372138333,1.42605888778868,1.8763308224034,1.49966426877615,8.60106524372344,9.18461175854961,8.43726923329642,5.64100083369301,4.70101383634599,5.85154928328724,2.04309707549221,0.694433758287793,8.27608287471849,8.48689585847331,5.73641219309622,1.08372072128709,2.53083385200551,8.65595273374651,2.15893333388823,1.91971019807175,1.11783928176615,1.18162842817789,3.72390479949861,3.79867817807687,3.24098020574204
0.851792626725936,0.729771097004297,0.519147473096741,0.932097555567906,0.140507670051512,0.417015195288706,0.723506457197775,1.42007399015583,1.01226646329253,1.43170643146542,1.24901703104791,0.965029869746308,1.21853546503786,1.40782285367154,0.843229600603698,0.554009593640767,0.120227991842355,0.675126734598515,0.650215182801189,1.16078309786399,0.894193031375471,0.757678343601606,0.0812152326493932,0.613967182757055,1.89345102236838,0.216828441262701,1.53518696200414,1.02304103650488,0.496651044616351,0.335345401199807
0.675942088684343,1.47010672828482,0.416494583302242,2.1058486158089,2.21503504701813,2.60502250968901,1.68282471420725,0.545583517241798,2.17105620452316,1.14732176182886,2.1017938950911,2.08695045368275,1.33746985348651,1.91200668658113,2.17691970680097,0.573057728682893,1.64770937954033,2.99076250467048,1.29991219605535,2.7800185619428,0.896613487676436,0.462078330608967,0.280314157670194,0.271771208211143,0.28735490564765,0.234476084557135,2.6443521007333,1.01121966523245,0.138589655698694,1.29308004925363
13.4230875604791,0.96743481498005,3.78533423818832,16.122853718049,7.86207342886068,25.3464179962811,14.1304045972797,3.42442836010258,32.3122667572476,11.8394059093994,16.4994304319247,20.7717548113482,27.6600296663907,34.0198950766679,16.8993481298516,19.7904811931956,29.2352061044108,41.1516983896029,33.357597345033,29.4290495633422,2.60967644625974,22.6703529957584,13.7887689307743,3.62304060549702,26.7186119646329,33.9635537700414,1.89734277301896,21.8384115136554,45.2423732736196,10.1738117097176
0.780332162810586,0.728616002789855,0.503146494077604,0.0418677803527202,0.258766877080945,1.70314265088439,0.247689345958595,0.610837152190482,0.444902957033584,0.627054850396937,0.838358337163116,1.17228350737476,1.02760365119618,0.747528385817697,1.02000518827075,0.557282980286971,1.7960665393,1.93190124423963,1.24286073250146,1.62209802235968,1.0209989856191,0.202577244709646,0.465227312567128,0.956463150580947,1.55753602715594,0.465908112463128,2.01250841887361,0.0300854902284209,0.23317048160703,1.2368294139532
22.589205928229,54.0672976025345,2.2331708348721,66.6495913216679,36.6456356586468,2.27763186076838,66.0566629648885,63.7679644472885,40.2748353357335,28.2574733359061,0.887183791291493,49.7591907320256,59.7245891594855,58.8923343497064,51.2382803294661,5.47014688772553,24.6123658758477,63.0697279190861,43.2842412134368,52.6513649672491,12.4089663244265,45.6346710030866,48.5752227322052,0.405501432831213,19.3180983735432,19.7844630269274,16.7525570730415,29.7199547785828,15.2937183891893,21.8201190902611
0.116853987240669,4.02291429007432,0.510980025850034,2.14145940753579,1.90405381126813,2.47241573264995,3.4505275067703,3.39416956520742,0.725698536362173,2.12924343437887,1.29261575917778,0.391797295470229,1.13636755900748,0.307626706523403,0.86020950791704,1.16068527476362,0.54893918007957,0.52507614901159,1.55067708888846,0.130918956723779,0.0807217218154982,0.32778899728792,1.86151484726996,2.26854503949214,1.33636085310771,0.231208592153794,0.174416993862511,1.42323524147157,0.669128140744897,0.0162676593951827
0.926892759785562,3.36992382385915,7.50458395017859,5.12712010102019,0.0259891976952733,4.11456595936211,3.62932224834372,4.30806101302267,5.14515539913126,4.563996188296,8.38540590846749,6.60692012612528,2.54915428063392,3.60257856322336,4.44649860316304,1.43446298647566,0.201375035392584,4.8680306730255,3.50787001860098,4.4704299730775,1.52217975563438,0.435177454126616,6.65840221038015,3.37586732527366,2.94880024082696,0.551666711964864,5.10059128694381,0.300072165526842,2.07882867057822,0.915791813688007
1.1482313500821,0.959137280386796,0.256838174357942,0.0778668966933981,0.0860765739563734,2.13971211059333,0.165229395388838,1.5613740839751,0.191830886819199,0.0788838694946428,1.053710368998,1.80599325783083,0.604173754111755,1.90611651717582,1.00435093979212,1.06154269357166,1.38051704595102,0.473596598271233,2.06343858607992,0.526311772699474,1.51779568353678,0.537070607205576,0.996495487071529,1.05399921572707,1.11350043129014,0.320475442310729,0.364746481618606,0.705222105970788,0.512936609475801,1.53250131111591
143.988792936638,298.008852774478,59.6558921869786,145.205601609211,79.1130322764365,35.7938205283841,117.689921432796,90.133303115271,238.263767049055,226.8175295977,158.269720983151,169.863160461069,25.2885699186196,184.142238044929,89.2862654378956,39.572686122687,116.038219704496,181.924395018793,50.8061640602004,207.636327636535,309.139772780202,158.911248170259,73.1644486062936,133.374706200291,178.292024345653,2.62312244336691,372.818541909211,320.382991235037,258.656300155758,83.6420828142362
1.22759695352808,0.052842902318397,2.40343873458928,2.69542688257185,2.9010246922748,0.914166718370805,1.58638751733348,0.876764058043214,3.49095311529928,1.8097242663587,2.96915457637928,2.82164848677358,3.09884699128581,1.18397008980833,3.00642873047832,0.503232301964871,3.02405838076301,1.68760084966562,0.74577506127683,2.67442201093533,3.2226423555851,0.531348758786831,0.247494030108781,1.8955079491861,2.47516124279866,2.00565271568571,3.89335485956973,1.77999067432255,4.98356426207623,2.36158763628655
17.8323837568566,31.4786214941775,0.600666031176208,20.1801320307661,26.5722476002898,7.27558004896346,25.4325961631414,28.8536481578026,23.2802678325801,32.4905076934147,22.3561375824813,38.7519588726369,34.8372566649292,13.6179780303165,13.9957027524517,3.19117610792406,0.656697509102545,41.4337951795968,28.4958501732487,25.0514572315604,20.8450675165185,6.97118804673291,10.4091577303821,34.0330058146355,36.9824622315343,1.65944578140109,15.5828822459826,5.75964126170239,1.29920681835887,40.0769608398609
5.75676352073224,16.031253835287,6.61644421309145,3.34316443382552,6.85089502506947,14.7822968465039,0.6114830231619,5.24974236391499,18.8230086289685,17.0889779202714,6.11562508319866,11.0000559572606,2.12231176929189,7.08628346388136,12.9752106645347,3.89892249723827,6.74945095596752,17.0619388439228,11.8377648754933,6.88985342993393,1.22379578447838,5.29978703541293,11.9875483329927,2.1269799755519,6.28376028429243,7.82285955063769,9.55754628051035,0.348379691292048,0.316771234001356,10.9251461449507
54.6285692166931,40.7020873400738,67.1333633081428,119.7263162179,82.4178709862275,96.6156239795042,107.76023147571,59.2584712220139,37.5055144934602,112.910705972588,59.2025658453188,78.9903972642401,69.5295001235339,73.651691415104,67.8028699167725,23.5936688480542,41.6803169482328,45.7604268333736,39.8881257404125,69.6153459055664,19.2031665183191,86.2381649152989,4.55405758756526,7.00690856491387,22.2102725117071,82.6201616653012,85.1440102736975,92.9725581165695,54.4312683539742,50.0844806658104
11.0970650844945,16.1575800388454,5.00871988176547,3.59851123341704,0.0652778083161153,13.0543558407307,2.45403298072262,1.09436875874859,2.49551616468639,1.30330563409663,17.5405402525054,23.4129663327148,4.52203311386219,24.5016362564259,14.0915825190055,15.3507054977858,0.284005120273482,23.2230807289817,13.7930059320429,0.0132282638293999,5.44565381400095,18.026538919926,9.65592683852236,3.69504294482357,0.830808066817177,3.18103498258193,7.11884540715716,12.0929268025353,11.415563928995,4.01247020856717
1.67613466595022,0.526760400382279,4.21511493341096,3.06920975803396,3.00194146805256,1.35821674126785,2.50839400187103,1.72956148752112,1.4527771403696,4.4957698902667,4.21228793465366,3.19587074298721,2.03107390241963,2.68169570242199,3.864915840121,0.714604649282518,3.16180561811011,2.89693273578167,1.88844153844892,3.88689509492639,4.7528905168914,0.363270123780197,1.63585993255913,0.997682270421648,1.31460188135468,3.39392756606726,0.581580862587461,0.0107992486236238,2.8605052296478,1.53711569111461
0.23593035710033,0.821072677049378,0.474882069737385,1.05987152707061,0.760281735894117,0.726401703560806,0.444091522025243,0.242065810188979,1.52990629651644,0.124111741531302,1.52188239513441,2.24888044368261,0.483115544904297,1.17815724151533,1.88770018634987,0.0571001695590908,1.29947093603693,1.94506497808188,0.309741371713482,2.28914665111723,2.35356850800462,0.563278533658486,0.548361107484156,2.35609812460033,1.52399162648561,0.892845927307128,2.04177946089677,0.397472775728395,1.39150247690266,1.19056244878223
0.351728787890973,0.425289746349582,0.257231874924768,1.36212466339439,1.58404409706361,1.65806445500902,1.22674614836225,0.731334368409892,0.538032463145928,0.564842522407404,0.138127907428046,1.25917021516772,0.938907836803558,0.452798935385262,2.17977880353271,0.45884064366122,0.613209537176689,0.271795607872392,0.121489966746581,1.36616707634402,3.01564482124528,0.990320223654988,0.714637609823369,1.62649923054477,0.0903233378491282,0.821443734206514,0.995163465612837,0.592777671323301,0.432224415702794,2.01219503781559
21.2630498629782,2.51136572906106,13.3770025109502,2.20713034801255,0.966946045556505,12.2951199582247,7.12765634713988,18.7652873374012,20.6507776289023,15.2292863824134,6.60647437389994,2.31634909345155,4.22945136083657,3.74850514112373,4.2031655625989,0.59927963387644,8.70042271534211,15.093199083861,7.16798325663823,1.78456362818287,20.2973870424208,6.5201913449953,6.92661472038321,34.2455798514308,50.4287822250472,30.8984415445919,4.02569567846669,28.8231230023158,30.5477725949194,7.30784414855008
13.4306933969398,67.0272714006083,30.139292107625,79.4065926343017,44.7929223329984,2.36527820739503,76.5801662727412,56.6650805400796,51.8693580296012,20.8130965296071,10.1432692203565,36.587080822518,58.8704910555586,60.2584415896524,40.0582964403201,0.300642269096392,40.8241165021354,72.8927084537321,45.6102358379469,54.0467547086514,34.4801044660921,29.4012112560249,73.5168633803313,1.54241808447342,33.3882585534569,14.3021661144824,13.395394676177,14.2175990557262,15.0592528337166,1.31217612472095
0.161316391074161,4.46984003642982,3.34251049838664,4.17097739731196,2.3734561128203,3.30727873672569,4.02128633116712,3.57900640460664,3.27698987582638,2.71951344954269,6.56874965713058,3.22875313937432,4.5475464450012,5.44670028135612,4.75930658517725,2.32381442636532,0.886496972303264,4.33239339666123,5.91023636163495,6.03376597011652,4.10243020709873,1.9341487011467,1.9366060165159,1.19409280484889,0.53028910988207,0.0508182020791972,4.27325068799035,1.3838101218003,1.37265566667007,1.56492880018201
0.79202612813218,1.59093213402749,0.742973331067498,0.725306685462444,0.66173606664484,0.122704685317369,0.852810736462262,1.21774588929618,0.620957049589572,0.22229502049491,1.65671349311624,1.12323594927935,0.334078612810872,0.740533630101952,0.278695562446415,0.639653359853411,0.221578446935303,0.765320956287433,1.15386214177339,0.81218344332003,0.878128412868366,0.655383704901757,0.334423392779207,0.506721034945755,0.403714161807381,1.06963571485542,2.07357121060855,1.18701734731039,1.16522375169659,0.0219990140414893
0.462599109703192,0.63159233810741,0.401328389179717,0.529857174376707,0.393102761728619,1.13677499704145,0.860706838418951,1.17497318353583,0.773543757269658,0.341213387066428,0.880628098666913,0.671336783302201,0.703029779581006,0.913075626586515,0.804103300942034,0.437353590563268,0.235281169265449,1.06880006078266,0.0565142174277968,0.89382372811536,0.66851078294931,0.0768996788668201,0.863425543388159,0.971050949957061,0.612362177158177,0.961823711298568,1.19469024162209,0.710312279029647,0.519030961259405,0.834467955993613
47.2140057558626,120.536005476189,17.9824313778245,49.0563058787608,11.0056795530748,101.460865906015,34.4785584976281,17.421784857899,17.794937523837,1.55352430913232,198.581350421401,262.769658715768,49.7362292409223,274.855753729486,185.512686381648,127.000407372927,13.3596288655478,252.949410538758,145.540705390822,17.5638834574695,68.1651476717411,140.810992545421,96.6389216525391,36.306384248968,10.3278436297404,50.4376554896325,77.0915983353053,80.2114367661465,109.505386901919,23.6274797604505
2.16500935419425,20.9009361893901,12.4493287174916,32.3348596352473,18.0172294123145,3.74883902022735,29.5671319768618,22.3510615031954,11.4517782545042,6.48468766072652,8.61293260725766,16.9190295606818,21.2978799518468,26.332815893612,22.9823094867255,4.56822270366887,11.1662257648412,32.1743572395669,21.4067633353983,14.7944118823261,20.0444523103979,4.31192816050642,43.0550577790215,7.82212131230919,16.6538655442784,2.78871559177953,3.09991529195688,2.16558258633939,8.64977381415548,1.781001327293
0.255642408383201,1.50378878233875,0.304923188138723,0.771827011430148,0.755414801524029,0.583599779680164,1.16530077869682,1.48621008419159,0.0905745510605512,0.991559204020743,0.281520212511766,0.683639887135699,1.14109669577832,0.186604875992918,0.945772067039524,0.396249188019195,1.16395445347069,0.194571919672205,0.55498531140326,0.431546646669988,1.73929981302514,1.2096901492453,0.420980867144314,0.743684158201111,1.18727702780675,0.275450183162661,0.216560674370734,0.778482712800843,1.47792105674298,0.6229357078613
18.1618838618827,12.671050998315,10.2391912669213,10.3463790641091,20.4513999422441,72.7784786511108,34.1419198169518,5.029541957378,1.36658601049246,28.780584553612,72.6843743870615,79.5439404394887,39.5550005894073,38.3523340299143,31.0270752461322,46.0072937303749,23.5330761046393,44.3630143082267,29.9247768622717,73.3947022787526,14.7822878366585,40.2851397933892,24.9202177740445,14.4670039129428,18.6633655797771,9.89930054575843,39.045525798258,34.648896795531,41.1161004328736,15.3231486413245
0.351800119003933,0.899741652827714,0.859803411171868,0.721785338460992,0.1201581896094,1.0398817872341,1.27919985080744,2.20334141570702,1.67298073635059,0.0164288782975123,1.7732134765631,2.06512516491545,0.308204005042013,2.44184381299685,1.41070642841661,1.21356124067579,1.04044510920028,3.03061868465158,1.02190772053267,2.3145558763633,1.58065331110391,0.602509951138223,2.24411463985412,1.01131106295943,1.44137575767955,1.00125870198541,1.73889582599472,0.755176019597608,0.611207081367773,0.779813780369038
0.43036277592581,4.38609922959259,1.58731910279434,1.35800356823019,0.890725724864156,1.49908610939578,0.65239070734238,1.11254527408725,1.64319770971785,3.02659054421075,3.38530882467788,8.98184492059605,0.0624934484825303,15.4620298928234,4.44691969679442,5.80958638194549,5.40062716113335,7.61067959574582,4.42424118243716,0.973684642446356,0.281733844455741,4.80194810081619,2.91801790075227,0.141731416146277,0.753360606091329,3.84920989250825,2.01044382800513,4.7065530559602,6.1453603203674,2.97823365242721
0.0687141949379971,2.2533814349092,1.72583976385638,1.71020911070764,1.73460065998808,1.47074964951764,2.2852549459953,2.42120920252352,0.638795769592599,0.784952641243838,0.149681229580151,1.72400668001423,1.66476559888667,1.92310318685097,1.84027936570903,0.789418274564378,0.377315459989546,1.72300101277369,1.63411283565648,1.79242120847855,1.31963366149638,1.02722040043652,1.08170363389917,0.43695753338539,0.178001825637924,1.60721882407926,1.54958497636762,1.64834785972799,1.41052008528705,0.0990992431214539
1.18527810181015,0.161956945855279,0.712961850999699,0.263896073094866,0.155968258141372,0.1084420956256,0.75251200447982,1.24041871244793,0.173372813593873,0.597373738992088,0.278590184540798,0.367996650042062,0.671454400184124,0.615533262111736,1.04539642308552,0.833775995913999,0.0818214379064652,0.459780878187345,0.823408546511248,0.474357729998084,0.518672345976525,0.393655500399991,0.539098218562106,0.569588512595941,0.498619002055951,0.489907379805877,0.359153915063425,0.00469167833139791,0.300427643108895,0.150171927370655
1.1506390810684,0.516515751496557,0.615463697272398,1.05791612328035,0.151353659896974,1.30857269893436,1.19005079289048,1.91483621604777,0.26565017963278,0.0902183139633698,0.955910455679186,0.440177261271961,0.823768631659164,0.821661959358836,0.106201963550257,0.419440633839701,1.70831855458513,0.662238493375513,1.97399358538137,0.491112693264177,0.0156878260702323,1.42066864926601,1.10027026401715,1.15769647026438,2.57646465038046,0.719682273514348,0.781456924638096,0.00573850476233595,0.856053727111156,0.330863734254399
7.72443807849836,8.14350379281153,3.20016878450011,3.84798054363691,3.74672773576433,12.1443760635266,7.62819811232527,0.460769882292269,7.04197427597388,5.18039403088041,7.66059871925584,7.59198452425133,6.64774099767871,8.83565409980958,5.16177555317683,1.87238686108539,4.0447185463368,12.8944721941949,5.00270407018002,8.37132093857933,4.85112996091918,7.91084162337429,10.6812722590864,0.269433870218408,0.135116051531954,8.63610444759252,2.62628383651346,5.42766541067604,8.96092803790993,4.54473270461455
18.8563377508882,0.392325009141525,65.8362544702902,141.450010399167,112.081280035416,225.204794073758,85.5907865117499,58.5712255887181,90.6525985766038,54.784671678306,137.444981047173,177.249129973646,127.982091723298,202.906369340337,215.619530042609,188.536828594883,98.9955351620731,150.913522684117,1.82068227578286,199.490900216088,127.895686904545,179.444802058723,53.2717432400741,82.9443554796568,60.8018346126138,18.3094997322777,45.2480988231684,20.6458163554875,0.441595933199811,127.026104082202
2.3432628925412,1.44657821170221,1.18390838373827,1.20503855242061,0.508565226564054,3.76146618313763,0.779386302547301,0.29187186440208,1.76671330743277,2.83012517782342,2.21567737761348,1.45113418026135,3.01746208570072,4.89268532755867,2.94995444437505,1.62309083418234,0.66607617304289,0.125233056966687,0.595922926863827,4.38557128587215,1.74015360340788,2.46467904294957,2.04470177583625,0.576698830863139,0.979737759340998,1.34728712133732,0.0597446050397679,0.0928223374177371,0.205212065137143,2.65781913671868
0.167441652921207,1.79201989871487,1.98207617876407,1.66182685672519,0.146536722841902,2.54748477452846,1.0447648620129,0.797457480257149,0.520498908763323,0.712655485398735,0.925149301314759,2.08516276193352,1.86559037287326,1.81012152010395,1.25983234932923,1.36091009431566,0.271337373590038,3.34874702083193,0.887169352594909,2.23857131798716,0.388187480587777,0.447533859853885,0.810841171484446,0.815866342322417,0.180549478581107,0.538727815222186,1.09569253533174,1.49060896098583,1.19966773255188,0.167458874145397
0.962675349938446,2.08037943482,0.866915861147363,0.182206046731413,0.0973348771402056,0.796443605395881,0.0989037943612194,0.433516851865234,2.18785404156311,1.95529824691925,1.68262213430568,1.75336468825182,1.38510113344911,1.3842401650416,0.37331658543122,0.0515821678633645,0.0281933202234057,2.54236558635412,0.547438852341734,1.68731079821547,1.51509159460267,1.25905159410795,0.794958986010987,0.557452323463841,0.92607269437604,1.95608874881389,1.73199951558849,1.46645077698964,0.88172943406484,0.740321732237759
0.767375808942717,0.35177340812007,1.18342189598389,0.132731704331285,1.02353460734131,0.654224930461075,0.259556068708917,1.398586496526,2.29675926319233,0.21172922154487,0.616138121121967,0.0322563562550889,0.936443859360402,0.323496673497602,0.653556063068148,1.17912912215478,0.42325236531954,0.313729743566375,0.139398737270424,0.0997730714130904,3.04677179767758,2.76058899742375,0.836981079504808,2.5833713960025,0.586999750856071,0.063316042113308,1.36110069340761,0.499167348379571,1.91645894612867,0.928891779234652
0.175553577180125,0.646202288448974,0.748927063482519,0.845640283721,0.298306343072822,0.925363126447743,0.85005555764836,0.528217105965948,1.2948650303495,0.149868070690516,1.46425501258872,0.932733589486281,0.214879253162947,1.22424745128854,0.336302664196738,0.00933398423368915,0.0804791133466456,1.90935100676894,0.790543407857451,1.21099180385993,0.694089160206225,0.358197460338236,0.885644431078218,0.267481834318068,0.91173887461269,0.563209374481815,0.812325711521737,0.548933981794047,0.25983073014062,0.90427866582588
1.11433693934275,1.50452726123287,0.398628746827257,1.48118360902835,0.196276167819402,0.170419779341308,0.577841303490319,0.793146723068887,1.9820554475288,0.134394133931233,1.72645053201653,0.0405556039731339,1.0267467483929,0.662839731997868,0.929065612008963,0.845384858509853,1.32057293821397,0.0210310288313784,0.816242938620659,0.363789612333016,1.02993838012624,1.83456594326723,0.402077917277926,1.2638979404943,0.466538191294289,3.61009025331425,2.18124805269025,1.44682414432038,0.0354105766080219,0.0011496872068013
0.492319933661319,0.804204128331445,0.732662741495669,0.22204871864999,0.379786903080201,0.385533055162966,0.574299716721859,1.33144522339815,0.98412109297975,0.846641500763261,1.03271514569886,0.86955563559263,0.768849194593725,0.611367567151362,0.528847245541715,0.673977725886174,0.3356858316883,0.374343094416927,0.215014351692624,0.744734521127561,0.462910405138086,0.274646951815431,0.179655727420571,1.03402331623821,1.13521612046347,1.14000929695434,1.27058284053952,0.354398668976117,0.694132781832516,0.145913361480095
0.424663936476696,1.19694772304338,0.466629628485301,0.38662030634537,1.77841787672655,1.87384264468746,1.29558222890511,1.04877917292168,0.926593937339946,1.43776222033159,1.13271160103117,1.0472237358897,0.164391696738192,0.866656445645362,1.71309356026686,0.0985769043781851,0.0261772441427231,1.20565336146886,0.782536114116285,1.02507713151715,0.732464086885244,0.244836675809607,0.59052554592814,0.357485966891147,0.675062964548295,1.50992586980224,1.49829261497338,1.23136068741782,0.795930351047042,0.103070434803875
0.0529613863222309,0.800469035539261,0.574912645954655,0.929709972885654,0.609583158161249,1.01264860057934,1.10294200563764,1.43124439507584,0.882108790436635,0.0529739832124454,0.0769108928076474,0.916880066413699,0.0150016693436458,0.889806427630234,0.949820467468906,0.746192393060298,0.434695994273964,0.387106611084983,0.276154923356907,0.984130160580832,1.02899530405959,0.402070939925226,0.148374368137839,1.26702526419871,0.409759347489899,0.714698036778686,0.623882091959064,0.692695386235503,0.430870396318844,0.570321388056331
0.35437646688491,0.216097368101871,0.538476493916553,1.10254227997023,0.516233246046898,1.43538207718521,1.19191200103735,0.828300317813358,1.0700467396081,0.335324688831434,0.146015076673216,0.47491978821736,0.332453687161866,0.451657645309478,0.799238484603047,0.316664327023037,0.139623144439722,0.061961731757724,0.643337252956133,0.522554581907757,1.29279729064281,0.0711870894650557,0.63145780452894,1.10505913274073,1.31016393507173,0.511167753043061,0.516461093028379,0.0612839910906991,0.281646570814801,0.323754098022091
0.18714735922629,1.57187568893286,1.45217481364022,1.34989848286404,0.924975061033361,1.6632344208901,1.58000115972785,1.55602063684643,1.25234754513107,1.36516649449259,0.563834770925085,1.56138362086633,0.77590337545655,1.85697664707394,1.61588422723185,1.0753045339676,1.40421933158938,1.91611175281294,1.62475797090388,1.74487875904393,1.76682474945307,0.391880295538213,0.0722996806963653,1.15472113226713,0.645849713689303,0.698753026701021,0.725020610898131,1.4969314467537,1.42678764918456,0.325057990210328
0.0863765565152994,1.40002315093361,1.105828647276,0.62800814318339,0.742135726788331,1.14820098877465,0.891462023067786,0.965436348952556,0.953138651404619,1.41232076936758,1.15301662019756,1.09077262085676,0.761593280569322,1.06026677774954,1.26105791608576,0.640399887423543,0.115487405533807,1.60434837967402,0.94314941095568,1.18220660207662,0.965409262944499,0.644965910833637,0.283062872005369,0.805900281282092,0.658398761324745,0.695597984774976,0.99544073100366,0.661984684466431,1.14321655307912,0.0668503212848535
0.300200775931203,0.337031464167704,1.0119321605631,0.582848130398865,0.683005412118167,0.839696436119206,0.969362135676756,1.25545531780018,0.984715367311668,1.03023239715438,0.444864138491985,0.834554637433912,0.77223774103287,0.696740266366555,0.692120011786352,0.321665976876659,1.35418537666596,0.987467249395693,0.200092423630635,0.68782454822996,0.956391253658367,0.0200185617364188,0.0612666860664894,1.92488186709609,1.37547385714214,0.981802291843582,1.26879065497037,0.841035366529829,0.952052713518843,0.162284903900771
0.0887662819912387,1.48779086303038,0.279801749015039,0.929238753944502,1.70801120459286,1.82123783669363,1.54371816378775,1.62352672397581,1.1169828741028,1.01153874387622,1.36379639333175,1.33018278763779,0.339321521437282,1.56060836283865,1.74585602781241,0.548519644169451,0.812491067293142,0.649743512291711,0.898991019873264,1.35532108985357,1.69742811249067,0.642572500536143,0.0903200136129154,1.18498587456729,1.18557297064269,2.00259704772435,1.25495865635956,1.22254403051383,0.754009262640744,0.600034020623718
0.300616493715912,1.45995540356788,0.828517070701129,0.44384896477678,0.702878986717102,1.41915877848615,0.791701937273544,1.40394455310428,0.111447086670339,1.03054757958176,0.655046811324385,0.757277899376557,0.600165674080743,0.894521830492944,0.34666008896973,0.220617266782551,0.113483072146156,0.748818785426864,0.511612932139651,0.637949103877664,0.726718191440227,0.594465462050028,0.153132820129849,1.13355848544109,1.73489796013753,0.608055656835996,1.23108539390425,0.0641508577332623,1.48516608876377,0.132177368546813
0.451525699001384,2.36789777952793,0.318185195625799,0.172258932719995,2.15934914582101,1.72115285266489,0.936464226881452,1.87577052925437,0.31704035228524,1.72340458064398,1.37582120883885,0.712154899867878,0.368747651763021,1.69460850445209,1.33095474382368,1.06565019410869,0.00960115232247295,0.521453644003171,1.0709039528644,1.1414907180998,1.11421751497294,0.585532915295131,0.376834989824122,0.64126285686254,0.545948936324789,1.52469349656003,1.85906884382288,0.879588799011283,2.04677780601315,0.440724367359952
0.0922059173912716,2.40793843189841,1.76133270383452,2.38223810071379,2.40283180523901,1.73975792960371,2.38622298721819,3.14867934355262,0.562137316501827,3.11485052020477,1.76643121740606,2.58823334924858,1.75722258552779,3.23065056109424,2.1272743629719,0.547302661246769,1.41696387800967,3.70898092085402,2.45909933378523,2.99936007529637,2.69959840120411,1.53046652993548,2.9417604119773,1.17174312670691,1.54012302877389,0.472484494077377,0.318655895267139,0.504234737147884,2.13727606442506,1.28330703461588
0.135035270299673,0.700249682746697,1.26889853845198,1.11935296442588,1.20008354959923,1.55559146795992,1.39572313236717,0.524695852021575,1.76271970458551,0.814871370912816,0.745597930634841,0.858923483584745,0.45084050781351,1.03832530567177,0.277572230251664,0.0138868759996664,1.34581681009127,1.12569311726842,0.576210258537036,1.24956094053864,1.49578114069703,0.0552914964255699,0.238067068821475,1.5239748552342,0.469681129521107,1.14536529593931,0.997808893098468,0.374844498953116,1.26855751629307,1.70304877261234
0.0579466798694841,1.18685343029666,0.389120899810207,0.42424435456545,0.825531330715751,0.442583570993738,0.976023973756732,1.52215413862186,0.00180421368956368,0.0407471237633541,0.878817613873476,0.0943695053185585,1.02674321199892,0.0134090642829432,0.136507312454653,0.936271959932498,0.357472616966277,1.03072980057802,0.647979289136074,0.283082738182264,0.0540685740335351,0.9807918578597,0.843043608510836,0.602584312138644,0.610118390103825,0.727187944917549,0.236220611296491,0.0801521902043855,1.43716430386815,0.100134109240248
0.0289856421861226,2.46053616378326,0.406650525890814,0.698571400990613,2.1281943677363,2.19423045450764,1.03670743642343,1.4859952041763,1.22848165684255,1.45183573563672,1.66952815321821,1.17141879736688,0.778327408275097,2.38584594005911,1.4575763491171,0.753525071087649,0.734112181970999,2.2326784514126,1.25049299790961,1.71469264872385,1.28635251089457,1.4634691122454,0.535633399761733,0.681657148630289,0.00766393169705202,1.59842571282626,1.79075581851562,1.12240654070702,2.43527176422145,0.927302740797099
0.00526711375931939,1.26217249749458,1.01418720301608,1.05228557827012,0.941798514629491,1.2535471612401,1.3354055256052,1.43078612228708,0.720803965183069,0.689693250741104,0.526012946515705,1.10751275224857,0.43881784112958,1.33013744738225,1.18012758429636,0.899573621182357,1.40629048739424,1.89187150383778,1.28375796556282,1.37257803553295,1.47810906769079,0.590718717808237,0.535695916860202,1.29543669245473,0.968049312600683,0.704004321503273,0.868464009375895,0.684562942288425,0.948880406746666,0.453512849756393
1.4150635225351,1.13500452503658,0.524797157012628,0.948021019764954,1.02976504784169,0.824663809296043,1.17255147355943,1.17244726505885,0.740988098359066,0.459246825728429,1.63033037475936,1.7713838062721,0.0765620777298717,1.36328601692176,1.19312313677319,0.267602965342103,1.01918887851382,0.961183417378584,0.671893010227393,1.51251610836432,0.434320843017479,0.61639876827638,0.0745053421666422,0.21445154600516,0.217459635427271,0.663263912315148,0.730422391036807,0.263979711710435,1.54168569694561,1.79903933816803
0.674499399261253,1.4559225534545,0.837068437385772,1.02180004313791,1.61709079663202,2.75313770803272,1.63871362850916,2.48577981537166,1.1684971895114,0.861766276294807,2.33213529323206,1.31049160725674,0.671757763567763,1.60018949142956,1.31099426036896,0.0712081535842537,0.319821674494634,1.28027241977888,0.870806945611601,1.7617283548984,2.09289126610589,0.176711770204692,0.991708230696828,1.26437103061807,1.92429391758544,1.06924108224747,1.31406531613241,0.695378844606493,2.50613191082747,1.54318628279165
0.407160709583776,2.90153561626291,0.321877917394144,0.732457111766702,1.85868131458989,2.12966102035179,1.38017825660377,2.34136460347043,0.565428497096022,1.01161131107301,2.8979512331034,1.49988648867901,1.42690750233624,2.10905425455945,1.8784218485498,0.359966665083875,0.343620322926075,1.47480371546582,1.06153975978912,1.77970465852258,1.69680693917039,0.41860965484626,0.672144141892659,0.969971774226394,1.72244207763824,1.43037048712262,1.73234936162384,0.821964735312547,2.74744563024775,1.168375423345
0.274117076144749,1.05268995129232,1.18821670137054,1.35836029048897,1.25103186324702,2.01441786371534,1.31068452161509,1.74016516865248,1.15000785143511,1.27144911860895,1.89214722200334,1.67230962719745,1.35547801272987,1.70230695157366,1.43966459815636,0.615370608484769,0.53122080389406,1.49493399053593,1.15173317003759,1.59972319619911,1.82792445590204,0.871572894799865,0.779155793103548,1.24227700546396,1.17407870598623,1.36692984871537,1.49942302025873,1.3650802430029,1.39974458385608,1.21260819066978
0.156840107697162,2.28053709342699,0.417256301040784,0.251850348562783,1.79621040118514,1.73225249329905,1.15146127603004,1.63823249916534,1.36983895914995,1.28705573483425,1.90340336609518,1.04489941434298,1.08144395245864,1.76920811318895,1.71331177868943,0.73632347638083,0.229366579155299,1.66502118340439,1.26235515267451,1.18950814132496,0.805508142608211,0.121736580563293,0.954644305774906,0.274957812172139,1.33369380757054,1.30234712029682,1.61071837314906,0.486087133119249,3.61196991264709,1.3841044231204
0.432409027728094,1.86613537000357,0.214128342978479,0.904313195510471,1.027398980194,1.55373376851879,1.19969274987953,0.679606308459453,1.74787825859336,0.693067164450606,0.725300511685362,0.756705671191702,1.73636889502319,1.36124462348593,0.784854752891738,0.630594088554649,0.869317815861355,2.04402509628833,2.0601690512917,0.942488234810737,1.2864431395791,0.492695126143294,0.0329824584870302,2.26390841660829,0.727357538074215,0.507496109618668,1.19884629944016,1.06722361676821,1.71149458849818,0.208580102749121
0.715393584318735,0.79539540450329,0.126671854522634,0.231581038389832,0.305405922982962,0.695479501585837,0.436779008064206,0.360671488886899,0.648894470197292,0.149492080911486,1.45882179737209,0.339146349562987,0.131307869995718,1.09226201878061,0.660093961687479,0.0930886669466937,0.186673155086757,0.491916860274798,0.572838238728435,0.711264434925713,0.623674066221728,0.195639337866943,0.170697204005599,1.01751242147482,0.486209395277991,0.276035908903761,0.323978431686637,0.399898068289534,0.66429157282797,0.311340037889813
1.67542667123578,2.20892664605508,0.714069015625448,1.11165227195926,1.57382433201177,2.83733371776999,1.24551226365523,1.26471852991434,1.71743585887614,1.15981792053391,1.81926329945181,1.22383281594018,2.5428273047585,1.58778269586217,1.2443273887379,0.721407974993117,1.05587700974777,2.07746788812181,0.874658476918566,1.31437284716123,2.30203389080899,1.25203719283613,1.34671296418173,1.20849283029673,0.932456958154357,1.67007314947429,1.93045675275272,0.634627437660941,2.87353091011046,1.41978546154368
0.828635397014945,2.27014928590928,1.49033472445224,1.1075720279997,1.2256342571957,2.62377408698017,1.47688181781601,1.59070237531979,1.45809436267497,1.63693930341724,2.61034138041407,0.758230670779682,2.31989153595481,2.20854206479776,0.769992048985929,0.193456790689521,1.29929350968754,2.24318385021447,0.600711648597511,1.42806661681911,2.00243778027715,1.56770679359975,1.32252272688205,1.43278619271791,0.437412457480636,1.28877105908585,2.30909340830554,0.72069188547814,1.27330938990729,1.52261160088806
0.903103230278984,1.41555070833909,0.849159967847817,1.29308373898893,1.3679384739783,2.87674243627817,1.44244881394112,1.90421305634817,1.50862748015209,0.735523866936529,1.96499479961454,1.38747025318316,2.32976475012467,1.66758855390569,1.1163204129828,0.172675378637499,1.21632586599241,1.90584109275745,1.03850343996462,1.46821576122478,2.34839973537653,1.53610319613323,1.1801295172554,1.49739762443986,1.3903281825918,0.891297294370031,2.11260471917107,0.735447393370627,2.53574677581633,1.20334021641775
0.724607572533102,0.282674512008423,0.616296540938839,0.595753571887699,1.12634862182674,2.33451177928798,0.822253455205092,1.20291844104113,0.731803230533207,1.02676198613013,2.30569719263799,0.659994246214197,0.518820144420092,1.46848843232535,1.11371995177409,0.115776135135806,0.587024620780933,1.28071388442113,0.61506505173861,1.13114931683159,1.3416295301951,1.47057410952568,0.525165858382845,1.38463126140547,1.25168088219964,1.057343093258,1.55748255163388,0.171615341427232,2.14803542071221,1.09882583849839
0.571625117419773,1.99042348424515,0.0859550230845615,0.349378392454229,0.580467176168887,2.31169598126567,0.799461952964041,1.25610834059394,0.747890070941789,1.68838891726685,0.806438302615399,0.344792785742509,0.298729805538974,0.174280274659485,1.12492906741995,0.315592768614572,1.11631948831584,0.139627758123388,0.176693826304877,0.379847412889216,0.111145574226824,0.304580055549993,0.734894135163168,1.05247756301466,0.0851195167673925,1.36326145991518,1.17256620764308,0.0754680253393944,0.663513639203853,0.3987782540162
0.754116028367085,0.801962021991298,1.15718615767456,0.551649219626106,1.17874978419098,1.67533330242355,0.94126251576282,1.74297305257418,1.1074411041564,0.231978253439132,2.00151842540048,0.745455023490713,1.05468761348982,1.36787913870385,1.105287441771,0.193724345816748,0.768846454714384,1.44859197714887,0.681007644401658,1.31002416687528,1.72289754223521,1.23310169879816,1.1395500788617,1.61072821280862,1.45180927621204,0.0743945818535652,1.84593559948038,0.204620488885429,2.70968830525328,1.87833874703654
0.307130978285123,0.767410192189296,0.778317587881289,0.660428367066449,0.463448473538291,1.09188445495304,0.934859319374944,0.384294099457164,0.753488487099393,0.333981769803554,0.931170690596656,0.807099709272616,0.116977415260323,0.994832778506517,0.424286876216707,0.635148807802384,0.212669926606707,0.466728387625508,0.469764060266604,0.945639887850585,0.870677698281203,0.32841132755176,0.382911943357201,1.45183883133866,0.384576779570862,1.09821534250667,0.814697134139442,0.630390975316656,0.381258986423736,0.0975110026283106
1.02499152629377,0.719476351792813,0.666719235985508,0.461184532334494,0.647444573294255,2.02614716030984,0.699788269366481,0.954909850511794,0.810820082233858,0.34415730878693,1.16173715445382,0.861111578298085,1.61708490578792,0.796789082742033,0.528902132680157,0.233539921027298,0.548229409595084,0.585077682253205,0.494551814669668,0.785883365582864,2.22918197221505,0.884196019460054,0.747559576275407,1.61627589432123,1.19595432858561,0.905889159953107,1.37265317059407,0.169312311244508,2.44638343876491,1.05835437418444
0.412443281231723,0.0812956552967097,0.133944765524142,0.0965715874870655,0.0709565572342957,1.08339018072554,0.0540826851307033,0.612854842041361,0.645107011380608,1.07086749594171,1.10219502811735,0.0504948728036687,0.316519509992586,0.0454924381178158,0.217627141634029,0.462958029070806,0.503834135239649,0.220017469412459,0.357463273709061,0.240619414449852,1.54824485009298,0.597056211340163,0.401094696418219,0.870554021198198,1.15482595587635,0.165858220860268,1.64580951333218,0.080232258168186,1.54697511036568,0.791465284728381
0.581244629895505,0.561866964286728,0.481461919754985,0.0752869104588746,0.269714719743416,1.1813320761283,0.362798522192683,1.26001962229566,0.425057569654037,0.436794760066912,1.4233517705411,0.111483231885685,0.228790721541578,0.638413264640976,0.39606739110299,0.135229573963208,0.780627987609297,0.384329218642117,0.139336437479328,0.544582001152314,1.38206740854889,0.733384018766795,0.00660758469903712,1.7660967642521,1.93710114425282,0.34004453546286,1.51048145319978,0.918726137250883,0.646843034241661,0.940028997148482
0.57612523433936,0.466889790810085,0.0686560485552389,0.0821032907808191,0.217250821162305,1.3449846121273,0.0392812966176725,0.592878833805927,0.877174544548588,1.06925016381384,1.57857347263391,0.19697673702054,0.477331200959792,0.350890672024827,0.152505013307452,0.418088794718101,0.260486975901626,0.118926810775575,0.0624822838352865,0.0379635724498926,1.68899550864034,0.395216849061264,0.163368418971922,1.33710742307878,0.75651916082766,0.288331471559173,1.5408994098035,0.496177157691013,1.1007669167846,0.797653834140467
0.868285428904162,1.09833524481364,0.446114104865159,0.4502655646162,0.715048961319733,1.67659662239893,0.506983304947693,0.71391271519838,0.638343733605872,1.01123072547776,1.69824699169688,0.551822553849442,1.48398251479554,1.03094518412563,0.459174922401626,0.0989161310288428,1.09160967959657,0.669592926222229,0.417906786754265,0.68396479527502,1.79114081058367,0.734703777069664,0.657612437235313,1.57363202320676,1.0176056455578,1.36655430247999,1.13418693628916,0.242674598084616,1.5251471987194,1.07733099420133
0.398499514481433,0.175056162717438,0.259118939157306,0.14943446055466,0.248398942310985,0.212719540103042,0.325307102548265,0.614528971646768,0.756807377617712,0.135277784731231,0.70828289500934,0.225929319785506,0.281086583292127,0.364448698343079,0.0181595813982602,0.20694772514862,0.127317035369401,0.176443665554378,0.106291066191967,0.0456976423553544,0.302724303329263,0.166074462046228,0.251014252374449,0.853054795467661,0.00414769403599295,0.132647819300925,0.265349358821779,0.150365420538235,0.641201998805237,0.102198128104526
0.432548872655374,1.08383564088897,0.542305873364816,0.367883965050534,0.340864114179843,1.0648329098099,0.378955039842685,0.511296829622859,0.413458615885174,0.452588111613837,1.32939435195214,0.374619766220322,1.11428376631249,0.678649800866782,0.393571046018634,0.0811183514494117,0.867954518218111,0.49937201196805,0.444164877049228,0.606714359136043,1.39411584229009,0.138521722394339,0.429475230249128,1.70188301826709,1.33418087906836,1.37106049291058,1.17078891778399,0.641585822791845,1.20822299381746,0.655543588688225
0.441760531881669,0.23933580343339,0.445953835498145,0.341361846215742,0.400405715402963,0.411506679621962,0.522758162150026,0.439368547623292,1.08294867549109,0.857905458178527,1.34641363961048,0.0606768062824956,0.520258605964313,0.260328433618914,0.282651898773113,0.210238524222312,0.511771721991614,0.423776425526693,0.164392799844277,0.0486738794999781,0.865420841740629,0.105014540182236,0.733995692101317,0.424402892023923,0.190982351660103,0.642543108376618,1.32063829153038,0.0516823805264946,1.33403983695346,0.529629722577449
0.331621706227841,1.49301046117951,1.62913458583916,0.598131121539365,0.711016687406775,1.21724741153437,1.22888227660107,2.63749421166603,0.641736412489749,0.449986947667604,1.54231836317274,0.170876088346983,1.40472405412495,1.4512994971883,1.21824424541814,0.203070758379532,1.28514375693917,0.580264329623471,0.303505650665575,1.14082557789933,2.72848872958762,2.22679400692559,0.728300435458642,3.53615797758449,2.50995343388214,2.82000298462081,2.02698751032479,0.825843530058005,1.22697010787457,1.54372365195545
0.220067720695713,0.418905619514217,0.660905248112126,0.364648936872563,1.24320797539398,1.26752104770761,0.807989436555282,1.79581380785934,0.713537577039598,0.717181993554673,1.46134200823029,0.865725781367885,0.755973927500079,1.30067256791799,1.29408248198881,0.572884501363372,0.964914941558959,0.652436771936438,0.310217039805284,1.1412712523914,1.78577847180509,0.852010858362737,0.919613657548899,2.03842725695223,1.70938522654812,1.07877388290625,1.49636995129483,0.438291374215566,1.38529102103987,1.13883238887781
0.413584955467778,0.660232387559156,0.0673027573167844,0.670492328239657,1.16855664083166,1.3856862008149,0.788226391338249,1.44002995322305,1.48130320797752,0.754133493401901,1.69647325335074,1.62648784133288,1.75955466233703,1.47580889911988,1.488763912885,0.319476096205144,0.467772292484698,0.477706556699402,0.998984859187523,1.45082367017831,2.37172913250371,0.360295893039148,0.982989509227005,1.00161330858866,1.72978569393471,0.561984766236953,2.07857813308243,0.544787828214182,2.42613616513651,1.50567994500757
0.0758296103508228,0.831737994909515,0.343685708733159,0.475972846869127,1.0657867818553,1.62804948399541,0.763440533253951,1.19284026655257,0.803999896371409,1.08744826994648,1.73227034062938,1.15403274650768,0.619002236177118,1.33886985624149,0.937539406993233,0.328398199239563,0.0951181779400447,0.602322650677943,0.716408804124248,1.21806189739167,1.44098706939509,0.895971844031661,0.800841349722912,0.536307699445263,0.653196262635473,0.546926884923835,1.2318769747819,0.251676277186266,1.8668129261454,0.961936888751485
0.443193643742911,1.01002882383079,0.635036752444427,1.03591056758403,0.630687235355983,1.36692068085835,0.878719160740607,0.619978502819345,1.02399662492215,1.07801533168654,1.18478424676722,1.12384165960359,2.31844396114695,1.63565359147091,0.0673024649887692,0.140394317400242,1.09708294739391,1.49901760070164,1.22715028932845,1.0127552422018,1.47080348507258,1.32083115464666,0.622345286334933,0.8740189820778,1.37211745054739,0.712101426070214,1.68070836995001,0.517755217012603,1.18241944572793,0.817002275103901
0.476417408545378,0.72228510249129,0.0333729582764475,0.299059721609809,0.423965543832274,0.643022099635206,0.303538729960438,0.066609123090412,0.695487854451576,0.693193220478743,0.781279343535006,1.16220970111498,2.15752521585782,1.17415523834055,0.152116338704022,0.175079678879653,1.18904953993955,1.08480225348053,0.635457113467927,1.01325324767963,0.642075975341416,0.427247835551959,0.836181684629013,0.0312569492248488,1.38754273481087,0.579174548714359,0.749416119178558,0.523618840688599,0.958394127514269,0.00442608522546704
0.760214928066759,0.833105996311229,0.0509812446896918,0.514051779958676,0.50359493153842,0.591161600216408,0.602072100562062,0.18426042356533,1.51538486011346,0.638285783584042,0.805564153463397,1.16520622283424,1.4538871021751,1.10213501506952,0.949401052951332,0.368898630926654,0.0262112060541804,0.740822721256887,1.03407518253589,1.02764361536977,0.33007494421131,0.216049766370792,0.126206669810404,0.181210167963629,0.694241658106647,0.799986814114176,0.648175335722628,0.07474160155497,1.26768442427295,0.147510392332067
1.92999292094084,0.572095070992967,0.260060782540364,0.625244332373653,0.688052113428682,1.10069748470381,0.220975780055891,0.438939912150521,2.61377503103715,0.0716450067121882,1.33341643261471,0.0639540564880649,0.472174061920567,0.401546362416773,0.98468906292749,0.231348126591591,0.0662012000822492,0.919877689616464,1.35325052953257,0.034092674639522,1.38532004540534,0.544305204778136,0.841015902990891,0.664431136315342,0.720804933169713,0.517363163678595,0.742874525634765,0.247535596887785,1.40300988900409,1.26812216346009
0.394446312307232,0.516945742605785,1.14856318103864,1.17928487580693,0.671466895171306,1.72945071020201,0.912202918904976,0.240030009030484,0.861628627597601,0.425488213194666,0.61485935811736,0.216121143038519,0.0406387335167844,0.676848655357112,0.830386757686322,0.991278873219551,0.0112198377752729,0.90532515012255,0.891104019257411,0.773361853572226,0.789098051548726,0.472037851534846,0.457480261312103,2.37690184323691,1.24725853541969,1.70925523444307,0.385600227612891,0.383729555834163,0.450937450272734,1.11850511463744
0.123034672400117,0.302824414906886,0.915656213996192,0.241772543360762,0.593300284033439,1.3440305858278,0.141692157390629,0.972858708039186,0.581373728242055,0.747054684164058,1.60113158887764,0.452498779536229,0.364983493124116,0.893618608524946,1.16464393666545,0.202527151685986,0.00751587634685705,0.133651223401206,0.328778948645438,1.0805624064456,0.702525372523201,1.03005500658144,1.01672707308211,0.792369841220813,1.44903354217581,0.2623804117611,1.66392681443621,0.194740679429836,0.950751206759863,0.481335794745626
0.348810724375529,0.697581301073977,0.367200117157854,1.28019612661707,0.92354537453868,2.71587647451771,0.712112906845978,0.357581708737749,0.00181567199099919,0.557415456908268,0.938399457060531,0.465990160292956,0.0231509095122703,0.593382209050141,0.00161679725863145,0.437301045602726,0.223962593210888,0.406405025862182,0.511262357711859,0.603814389986429,1.00146759783597,1.48064587887948,0.26300009355414,0.935340144191549,0.0195002129758442,0.0354034633548701,1.22085101595568,0.259092247811825,0.940001246279219,0.885359712611223
0.33177576410111,0.723989235275905,0.350110345089717,1.70264052832071,0.668206932132681,2.40518481473922,0.762668527184986,0.340560483667341,0.129224977434026,0.744580173311587,0.760140541397725,0.385809131953011,0.0398449089271288,0.379384216330657,0.200425345543384,0.203029503149655,0.084131978628943,0.0401621181599225,1.06729059846841,0.365254175275585,0.448711293137918,1.37141958594058,0.0701029653479997,1.08057161401182,0.342186395205388,0.564747385034349,0.864889348824589,0.102693704304944,0.769543147204375,0.477912357353291
1.16263726334342,0.561926639750578,0.0311268496903101,1.26759511989026,0.997584445028276,1.8990079896647,0.894596692469448,0.442410004499458,1.27340742382421,0.449776069528942,1.88803789502488,1.13227617048296,0.867525727552815,1.49477295379947,0.792136634088173,0.417428925428253,0.158565238167651,0.469920724325568,1.09556512676049,1.08196599386344,1.66917637631691,1.06029502573815,0.500806026508348,1.73577845910323,1.26526830915393,0.818096288593271,1.25143900757838,0.344274046712109,1.86683051622967,1.06145558339198
1.92762966568187,1.20536770101556,1.09777905291282,3.47116838454484,2.39996953302073,4.05540458530125,3.06888766328811,2.56767809166008,1.55398348747718,1.54877543005429,1.51401758761574,2.53518431589529,1.14910674933904,2.28969428725782,2.46310649355556,2.04911895489956,0.318890902378758,2.87746835703338,2.40846607260868,2.15696560997709,0.801394642480874,1.74512796908085,0.292427137696262,1.68271907800027,0.56800993899664,1.33054025888788,0.930303728803724,0.411552052211902,1.23786772652296,1.57465334786854
0.955137445228966,0.3817488638762,0.20180056132222,1.26707234308494,0.0680920423283321,0.424504352740587,0.128602238282304,1.35072743811955,0.360103862912308,0.254236732540516,0.258529179274603,0.117224575731797,0.121269437952678,0.174976998898661,0.414511476438232,0.338264248176838,0.538195887051077,0.513919530439101,0.531923902777896,0.226414011454887,0.387857645954111,0.376132022242466,0.114616422546113,0.885337039185625,0.322137639052346,1.43769937563816,0.331508295226203,0.346613434888205,0.286886460154293,0.334091715895288
1.12420118017051,0.135095430626432,0.405926346607253,1.69280045218464,1.50134583352965,3.52095819158392,1.44182074623278,0.875410376210078,1.15870299906878,0.690125439801916,1.87567557499567,1.54758053641863,0.390900395266054,1.60125544583746,0.873796161957507,0.907026152468504,0.122198054555261,0.725184062725193,1.20046792456764,1.324598327655,1.85225644972272,1.58398559000827,1.20247183767389,1.64061957661068,0.219482045886091,0.114005628816239,1.43152080444544,0.426277324162872,1.38648850223603,0.980387669171011
0.420301349727244,0.293614643550822,1.01466630299854,0.656742821286437,1.29829209098322,2.18188264414861,0.403338282836842,0.817110899424245,1.26647742157677,0.165584259858238,1.43971010435424,0.776181199889741,0.802117987194504,1.06415581540706,0.701290554300333,0.819104631121348,0.278115281166396,0.616605495802867,0.480064563433168,0.917981084701787,1.39556599749329,1.23655867714459,0.598017043929371,1.43610547667904,0.949914582446385,0.556550695796531,2.18156059732575,0.227071376470066,0.73572484608984,0.659008845112132
0.647366612697633,0.136481937837443,1.81096659005498,0.141242625208316,1.51386280047013,1.9582456256765,0.810886030598519,2.72746187108367,0.27654930087421,0.0498806718187159,0.998357694448939,0.00848769678541371,0.619481483700532,1.31191729528099,2.5174447238578,1.05967504040577,0.558374469081521,1.4217745862425,0.838320996224362,1.47813330933503,0.722944030323804,2.67512248958732,0.0608542482248782,1.48956966380122,1.16977448666991,1.74144684670396,2.30282994379692,0.509576181415771,0.368124454423875,0.714492397076929
6.59530309625694,35.2436138191926,16.4606815687335,22.8650038458175,13.751414783634,32.0238351783185,14.7761552400638,11.3058975197488,5.34899023333147,21.253335331736,24.2113011781979,24.2139659696349,27.5210823530763,18.0927205506311,22.8982470106639,19.0248741482276,2.10291555209061,18.3251927338399,16.5193396332153,21.4749141773301,16.3151602746742,6.78052683402859,20.9830957003041,2.18776589957399,1.66472376353786,2.56548258273376,4.60160011975253,4.43494256781596,10.6281016422629,2.45877515111605
0.45707437353598,1.55331920610445,2.85006132463332,2.85148411532857,3.35470551493185,4.75672745861761,2.83124326651841,3.1851355728668,2.53747667204353,2.42914018373978,4.32349997321785,1.61031410910883,2.70817755968556,4.05503917658971,3.48641336446192,2.28662686032704,1.74490466087916,2.29522835251129,1.48596983633261,2.52716110213139,1.35648171603709,3.6780684490017,1.63626768210038,0.49867997291521,0.364217244086777,0.746883619943522,2.8872963491511,0.944036078352875,2.33596236403938,0.666155708689359
3.63237641314253,0.268228916999786,0.277359594956098,0.589231546378786,0.78887279116166,0.469927833640987,0.410944532017182,2.14860128252138,0.200618691568826,1.92032474961203,4.2395821038449,1.98256968011441,1.00679397042544,0.410075101237939,0.97060898701944,0.19882167776567,1.60160670564213,3.03226602179663,2.0809361001302,1.60403569597929,0.192794573189329,0.198932475127765,0.503744897920067,1.2028422963539,1.07304222226955,1.48587155385226,0.0399366442118851,1.3911871060682,0.94875062750315,1.92574675142468
0.439545924236457,0.951065440501935,1.59167672989329,1.37856326927416,1.80112222496797,2.49678284711219,1.26517597978822,1.59258180974401,1.34476090489534,1.46133897426684,1.89572672739866,0.907866034004613,2.34645466066495,1.13343548486176,1.380530679332,1.53854700552678,0.2405425612834,0.8594743875288,1.00798179982378,1.22166448821418,1.42878613704356,2.07185990272262,0.833077785152381,1.09715156150282,0.881302908160447,1.23792437932052,2.30374158703476,0.614994422918925,1.36929098586842,0.68982812019266
0.312745928482233,0.358292016123731,1.65189611508334,1.62598738135395,2.18524227184959,3.14349901131243,1.49690736788505,2.07314160715748,1.02611887885329,0.985605859112871,2.12345290077267,1.08372037172062,1.34506640947433,1.46818218121699,1.50924985232655,1.46885103500859,0.512591734091863,1.17701151545799,0.991647147222525,1.75578708248618,1.11937055681873,1.66124476787016,0.995979765472534,1.1450792369059,0.7119172355525,1.11518439273391,2.45869728403413,0.596047821950631,1.30563113664684,0.813756649871555
0.0155781634117598,1.0045657974489,1.12417458402572,0.990546568399926,0.993414305448549,1.80838223177258,1.12591016307915,1.30867979256878,0.704622380707094,0.640987364913746,0.965033614436387,0.890474894387558,1.46992080159928,1.43358351501352,1.29752317968293,1.12435225264633,0.23227459951811,0.594829018273212,0.874275738160188,1.24885623796514,1.28881448566559,2.04669667647236,0.860327114653174,1.28798867746776,1.17588507033794,1.28777360228955,1.58671489131271,0.745016350548308,1.24107878433223,0.552702663821254
1.85317779111099,0.86804136107996,2.73350983364399,4.07509537633938,0.750061788176459,7.30497110191772,4.25179946995431,6.26334790877741,2.91082095288278,2.96501762136411,6.10050592740494,3.87282508866729,0.769958870776275,2.15473196870101,5.97858030734421,4.2017356238663,0.337540339826498,5.51432261719355,3.72376842202602,8.19777824820772,1.65531441971225,4.39144176782829,1.60340564448882,1.88194681945812,1.59240785224743,3.36370645301456,2.50381041784142,1.82827222763085,2.42765605432775,1.11212817774285
3.65558712261568,2.70401821475081,2.22764862851616,1.5699203490447,0.775460501564347,7.43440997635584,0.757961567549022,2.89257923132319,1.93347915359795,1.63540876993292,5.0872739074712,3.88601534051942,0.129299762841477,1.85891979768368,2.70250082992535,2.47253111312859,1.05130514001599,3.60048625835585,1.58109016716883,4.18672781405204,1.28695807780093,2.10936404092759,0.374505663319065,1.78271781752826,1.72716566300084,2.01805458701168,4.45655701002941,0.764703500721319,3.09431463080702,2.0383508228174
0.346941697465309,0.237740692554515,0.893859977574463,0.935279116204154,0.606711820390946,1.81959237633833,0.97741566130201,1.00729110857871,0.869651784088334,0.679213484792156,0.581255089404272,0.630149299759841,0.741601549063672,0.96328370529725,0.958982263642557,0.665145724082403,0.0818505822660055,0.343673011406944,0.529636372441677,0.969248208279546,0.970967884704531,1.40529437526011,0.545321126084758,1.08044482203151,0.934365810269019,1.24085814705379,1.50467547175221,0.564864772647248,0.835218391224758,0.314618787415464
0.169899061518565,0.614024072588785,0.846672679943739,1.09425875858652,1.16635452899023,1.21753522704814,1.03884828712182,0.943443660084444,0.79052835652145,1.25027281961274,1.33534006733207,0.455412817823081,0.330177413415721,0.858333347762648,0.834971406932734,0.740376106408844,0.490920236440823,0.754304936382485,0.896114017712715,0.636445857750642,0.910386714926741,1.12347394159091,0.618206837752778,1.0616278316462,0.940953303132519,0.733271640217766,1.08537703218764,0.565987004663618,0.690171978997758,0.59669819333581
0.204870665597005,1.06412375844856,2.64163586440075,0.778795086966528,0.277277374286546,2.01972634574788,1.04047174653157,2.30441851916848,2.37975532962438,0.502009846313587,2.67290800705549,1.18631458040374,2.04615269862627,2.19807232638893,2.97984956572474,2.53333809390104,2.55825959947575,2.71164249036599,1.88936987319455,5.91260589674545,2.48784125646726,2.52707751713167,1.00269261342223,0.730703950472299,1.67870222917196,3.54006584019572,0.837414668868625,1.96405853068751,2.09708586087821,0.889956857524661
0.325083908818336,0.708329602063652,0.461876822121101,1.37598002958796,1.28982852567453,1.86705989749759,1.53234238494061,1.39461104954944,0.3920248802373,0.551165206268478,1.26596961008824,0.462021070125193,0.660619746263909,0.788363077333599,0.814089455217454,0.497857470995525,0.0669669698210129,1.29873796225484,0.84024463685105,0.815112705875072,0.308948564005876,1.17244330635821,0.207086765071536,0.75077967646863,0.82958215814433,0.322668152309471,0.605145411521892,0.0790868214582209,0.476844711149053,0.00136006089988891
0.148965745389027,0.232543375443588,1.78733971512293,0.848095335491191,1.34394487819193,2.37285459852363,0.642698253856657,0.485498153244028,2.47150638219169,0.820148083744073,2.70342569215422,1.01445023182875,0.447397054963954,1.51352273309377,1.12610425258043,1.0394638267989,0.534066757951114,0.992646083693675,1.04035369067541,1.31343130998641,1.16632057578668,1.02420998191827,0.460520428384718,1.64293730778423,1.44879538741136,1.58164540588594,3.06183589259454,0.651202435563669,1.87200156112184,0.577306831684731
1.08085315348422,0.955983885584666,2.34843135083621,0.64940015336729,1.41557640164294,2.25224196308343,0.476310084628439,0.802983734437831,2.64752125263785,0.133338050503731,0.796625467765726,0.24878373501359,0.171886810717971,1.46595533471079,0.534876121050116,1.0551398278082,0.254966394976915,1.52515590323964,0.471707769930187,0.880528278959124,0.650765110892568,1.14597895696555,0.940927905554736,1.30150764205309,1.14234235794201,1.48361683408417,2.58252258477835,0.126126771405722,3.82201396324368,0.281148935173374
1.46973653901554,0.566742982625309,0.317272818049162,0.180523404145595,0.234691224230213,0.324753557561018,0.579716402624114,0.588228515817016,0.454441962874269,0.357030660170146,1.1348037478063,0.525178610688722,0.116153870713956,0.797675030854414,0.156725286006504,0.303260940936907,0.243665653713587,0.466900475761762,0.42632793712302,0.220387109597396,0.182989173676647,0.623085742290876,0.626826878575862,0.768875531862078,0.866671633641747,0.478439010199461,0.330887358207859,0.12417785530742,0.0310394676641974,0.211949467998446
0.331777573569801,1.4001450965579,0.596514959559596,0.0666240326057228,1.09964812984383,0.185767146462145,0.69470151186071,0.728355259762466,0.697316165310241,2.25513111078994,1.32011588346702,0.979367556002553,0.49093152747379,0.348081545957957,0.895643278851676,0.945069604891288,0.0261904516609262,0.591425530159081,0.880402052170461,1.21439739307564,0.408625529824313,0.701712587026304,0.348619063103722,1.42723747489669,2.52355567366888,0.977954734639671,0.0470647712372427,0.608572077220599,0.585473634914519,1.70445405933426
15.7112960611522,37.8607626170629,74.5209838827514,21.803712751815,52.181387136233,55.0123015928403,28.5796040895597,37.8232230084314,39.3696941625098,33.4564081944599,87.5133358716648,7.3617745546961,8.17578606205632,7.73227233586037,44.8511871003123,27.195851246611,57.5501801366316,2.67969026074263,0.266996657226484,10.6384027040679,55.2057343390956,76.1642532062474,2.46094635114331,0.340266968496288,10.6292919425761,67.4042051348332,68.0234733185408,76.5462589124329,80.9932749408045,89.525125389135
0.290169456255506,0.741684036735792,1.09884830857693,0.996136147883635,0.995590413317237,1.33773900673446,1.27575553972262,1.52986225086581,0.979137521208404,0.522119085097722,1.09315784366197,1.11177664576233,0.500717166162709,1.26040457363773,1.3443595378733,0.808984175059771,0.124881265294297,0.628131500565224,0.718942203173147,1.2397730422476,0.926337365132948,1.49632720576776,0.844421359100142,1.15393184731912,1.00308832124572,1.36356869872549,0.72317565169023,0.659729729451249,1.20059938316238,0.783141245262721
0.402789884227525,0.815310022002706,1.16720582544568,0.947351543059054,1.15306275000852,1.48761923048962,1.12632765151199,1.15839761646093,1.79272612120174,1.00204028458409,1.53877356367557,1.12223787822385,0.341540803962969,1.21973362741741,1.18068239295638,0.648148107898931,0.403036646254528,0.644682458656998,0.686368425738616,1.0179850195694,1.55072771001854,1.51448774400884,0.876567421070099,1.00889376099172,0.6812179418498,1.29282803901656,0.987972672923556,0.875467013615335,1.3183267741204,0.925282571470743
0.288860460004936,0.556402569475229,0.766304518660658,0.839106608608258,0.839229189174851,1.17851276813061,0.568369539225203,0.805934357235246,1.64291485777814,1.10135365264112,2.10436904101456,1.09446794790713,0.26817769345547,1.35644583047003,1.16023631351209,1.49724035722543,0.980123073829754,1.10936823217318,1.58121950949465,1.48747289889095,0.0464030814141139,0.290324535425328,0.142078770248799,0.546489459571863,0.732833865674586,0.798489221602681,1.48375537542734,0.00251201104823436,1.23587455094107,0.284740802217781
3.70598834521126,4.35488042058584,4.22727638583548,4.16217870558612,2.0303011205478,3.50823226658498,3.30103866882544,3.94388673902747,1.21190744033406,0.879099668886756,7.21348898616431,5.42019039365121,5.31804883091025,1.19566855454562,5.40957612995151,4.19426463874917,1.4718535674648,3.63391792054455,4.19602626248318,9.18147948768464,3.34530049125757,3.37498712435894,2.74818945822293,0.992848658040584,0.753560108503922,1.88893757044682,5.34592225842172,4.4972708196014,0.115176440937146,2.57249428450598
0.90666314126454,0.484689988435853,0.482821305839688,0.214963092738452,0.268073168520674,0.307678773369936,0.933640128900557,1.60160317760975,0.141360379743971,0.035226681105865,0.0793032353050557,0.154692419783659,0.719463395089985,0.145923989116444,0.32754826809769,0.440120680385121,0.198889847059154,0.569272247250883,0.218692733084588,0.983380107044073,0.735514398091105,1.37825500136426,0.250997549846665,0.707922069489111,0.653202303858878,1.60365811943212,0.282627959374497,0.392233063724812,0.277528080258977,0.294079654472501
0.567656622968606,1.08248079869418,0.894498441789808,1.14517351964903,1.50134918603813,2.00586550460772,1.31339059070996,1.36858203444009,2.69910117519008,1.33821653089529,1.683020548991,1.52531497288779,0.33596532950098,1.38058473711407,1.60330383352578,0.900530615437004,0.216107500395313,0.342458546065083,1.65218712012821,2.03900613437265,1.48314377134998,0.547273135508967,0.0106356536594703,0.384983402383567,0.583791123438108,0.985901903106545,0.996405543004948,0.837599821493098,2.18837769545878,0.970592328103668
0.630587394430101,0.630962576313184,0.836964210865727,1.2105104362207,1.15727697834354,2.07790580516144,1.51608839299134,1.94115840816591,1.62954962612653,0.661080006330691,1.28306987752875,1.63942674351895,0.50846802150287,1.56235090952281,1.7441350512628,1.0174943588675,0.496249635077024,0.775996422043965,1.25590093195587,1.83142232745967,1.20874668056601,0.799350635667959,0.141079392189201,0.388360139088602,0.765878145646917,1.0992232020326,1.22700193929687,0.750903041348227,1.88797315689292,0.60167325656844
2.30531077261454,0.502479579534051,0.412261588991398,0.655095917424469,0.626976761024822,0.946713522146956,0.999541379438341,2.24601366650809,1.07787257823335,1.25699730823299,1.68590764963505,1.36610706517239,1.14511771319845,0.389550681044682,1.08481531195685,1.3644553448101,0.997774988670222,0.235403680568083,0.219751118143631,0.826704994473264,1.11416393175047,0.949448217557507,0.649431902016468,0.0511607759823638,0.106317912768658,0.625626311143797,0.918602063442711,0.46859468193716,0.372290916109644,1.86828255883526
0.651129695565266,0.795154128829785,0.624099492651775,1.16328262682902,1.34480052656387,2.09490194523734,1.31670275592276,1.43579612608787,1.62986063200748,0.879675132139687,0.900753367810115,1.27929537853677,0.136933372672066,1.30583835879003,1.20847266577989,0.438436711106821,0.470901608621775,0.684617920565394,0.723230492347777,1.51142364635301,1.18554654416876,0.812925166913082,0.21407524769491,0.291119011480503,0.791281926195671,1.10879065877971,0.948613162798772,0.793026978290903,1.60492405399386,0.747574702269692
3.74845861718586,2.5964392941699,3.35752851144245,5.34485428391878,2.76555201463609,7.72110987398843,5.40207520123452,6.74290923467575,7.06262513546948,2.55154958317272,7.00062445737439,12.7512810801364,4.58634962194576,10.4744989280445,9.41572914606257,6.58973951530445,4.00671588859586,10.2416771640461,5.19739329092955,6.11444126458797,0.942648920442667,0.0154716448716944,2.58085469678356,1.27338554710265,0.574123016008672,1.38481420007809,1.6837578492226,2.28136724323797,4.07537735335037,3.15282203020135
0.0571998920381133,1.87848671694129,1.62936363713295,0.611362749369342,1.81833383649166,1.38257244578664,0.710864044121009,0.928445053041475,0.918940179258185,0.772440830801752,1.58966679513253,0.0679455044101905,0.448861074701912,0.415104875524365,0.530729828388581,0.175161271143332,0.113409305505544,0.291869132955208,0.0548429811444648,0.468737579203949,0.742482210758562,1.5165701489957,1.67336750597569,0.557647338072238,0.275732724400079,1.56112563225829,1.69882120353682,0.809363735161211,1.02406862784042,0.274573656494782
0.264235268087626,1.08507105096265,0.0198651130250065,1.88483698024535,1.47056434680107,2.40640579237787,1.8261326010462,1.81547368128733,1.38749024082271,1.01607300602514,1.6991196010685,1.26295330620367,0.394974031380197,1.71468214319505,1.63936367273536,0.855938388849767,0.571670232163892,2.07162690120465,1.42359165130574,2.22138752172331,0.238660599566989,0.206041384219707,0.0850663492702374,0.0140047053980663,0.623293062209546,0.332629052551374,0.978386514660924,0.313451675630376,1.49980552952372,0.68104387510245
0.117358501810114,0.503846428439375,1.1627115730574,1.66494382233476,1.37026980605557,2.21428633397582,2.13069735102496,1.86585870308395,1.07349306312621,0.105690770611066,1.92486514177887,0.793264081190753,0.120353099342625,1.13730055058914,1.27141856714807,0.905692243356874,0.750405391460101,0.747068222586724,0.682894843370842,0.814940050307162,0.684695283568103,1.02622057837074,0.964140423109739,0.809069112098176,0.818264534708939,1.00524500869704,1.5899554724597,0.398668888077803,1.46734305976444,1.75621620266446
1.03910377756881,0.923249369947887,0.987950986670573,0.442391200419754,0.401524155031867,1.69327292895821,0.694545870205513,0.183399502306391,0.311735588785538,1.7982907646088,0.806998400816079,1.9251305771029,0.208337546895552,0.256449878974994,0.548003591385449,0.163326864794641,0.626340825718119,1.28743604288625,0.788377863290887,0.58864381207853,0.342521395663091,1.08025928774294,1.76356526452206,0.661244856381946,0.652459931569468,0.10691425550541,1.78767077829821,0.812343636213956,0.0493296814280276,1.34138281962951
1.11672827171012,2.22390288371594,1.05252700877381,0.75928925554604,1.84872218563875,2.25406605302275,0.874652705303427,1.87984736019201,1.90728685374383,1.16750505902415,2.05079794402382,2.4075569934859,0.0860271157992824,0.930358743691441,1.16640115012289,0.342403911148968,0.714266671092747,1.98349848134452,0.750063017016307,1.3673674246623,1.08397944049329,1.28347978053271,1.05788430015474,0.68597662737731,0.158756447697361,0.485605011436325,0.53784964589908,0.603716467787152,1.41706930411172,0.778588902939178
0.562547022570647,1.8145936183939,1.40392376968048,1.26875833793564,1.10865985498803,1.72926633660898,1.6357857350888,1.94508405401471,0.525897227327632,0.449044302593306,2.63093240836905,0.617857666858793,0.018126756577481,1.55666382899123,1.29966244511294,0.603107262694088,0.623801864777363,0.49700068546936,0.125929637449854,1.15746191217175,0.963562984567235,1.52886569716124,1.17950468648127,0.519655725363113,0.0915780711068027,0.240992090595858,0.869926919008565,0.531737116029621,0.136640882821645,0.445779652971327
0.752742145791535,0.325106352039191,0.660647019141636,0.678798440835786,0.258794289471013,1.82211573659974,1.12382350665391,1.52508833307555,0.348108362846115,0.588303650393652,2.1836062683638,0.155437903367053,0.147379819552989,0.582765995173258,1.26127789049659,0.243829524282104,0.0539051252607337,0.238096350049081,1.47061710443046,0.753155022563562,1.99064141882214,0.85967782874068,0.480017341767745,0.127118473160647,0.271379336336182,1.08697341045502,1.33918969700126,0.0080336100090335,0.705823791457401,0.0343946612089599
0.0465485979679912,0.890472219799014,1.60746632149664,0.943047370925751,0.746301210011922,1.8349415005839,1.30335664277067,2.16346026787996,0.370889715074206,0.249064011272613,2.3659000191203,1.09749281698549,0.946667076774163,1.78321911797566,1.51889623669937,0.680228944000382,0.885001075093075,0.869743872780985,0.729780929245883,1.61221920604713,1.07788459407538,1.9267790266973,1.41073481113742,0.436961077119333,0.0598389503860046,0.461666163029237,1.33968833409227,0.604844730738854,0.148457335143686,0.37359985866391
0.595760896684702,0.559334923206043,1.31473742434651,1.15725401096406,1.15711165324058,1.57127173368664,1.50883113473159,1.35420868104479,0.806578880528596,1.30481021496868,2.01970992360072,0.88631859205153,0.333242303128333,0.929695402364246,0.995245463636047,0.854559460148348,0.367908506940144,1.33115670117336,0.852348153525469,0.810252930134761,1.08018693112287,1.45184534252272,1.73532694061975,1.58657912354599,0.757188963196186,1.67612696543591,1.29999839895065,1.24019601911686,1.65344564527775,0.374751320284226
0.0255353429202339,0.675249750158195,0.733240750244637,0.784378225775442,0.886712981183832,1.13081385991076,1.2070421188427,1.33523983249802,0.74509136886694,1.50385837511682,0.656824260540711,0.586164222110778,0.358477587180607,0.414140612061195,1.00679354376764,0.232103935522953,0.0379697497502793,0.981640131788555,0.398113028585678,0.816205408430855,1.10873774675599,0.343403524507875,0.452192755751945,1.24704315600601,0.927889097857281,0.869515159372276,0.0435546577383619,0.406738365050012,1.25597318659495,0.101669901009746
3.89587285377398,0.24101134303207,1.48632393517201,1.09436275288446,1.91640217403999,1.96958997547978,0.107714042500536,1.48290705097305,4.41669291807689,1.31663816156744,2.08982933007593,4.17349527192552,1.42887667041286,1.40586221070831,0.564920010085854,1.00653542528113,1.68993334046823,2.77866899885032,0.00991202060660952,3.26989761090756,0.755936683148467,0.837795683400358,1.88074693281462,1.1451082421001,0.109070451678147,0.145830260739033,0.913746508151347,1.17048226183606,1.21276887619692,0.513853472350948
0.679635963548976,0.988871938646989,2.03194393745372,0.870533316754544,0.779427197836682,1.00936067777305,1.42687138061793,1.61719078814314,0.0232195192238805,1.731317165884,1.76637939580642,0.813300257205268,1.0727342651823,0.601089052502221,1.38528674162852,0.764975391826264,1.03786268165502,0.226923853350931,0.56176498216837,0.843681984313095,0.970817770292315,2.0642889241223,0.501913840460959,1.36068587759163,1.47012656590367,2.18810328076817,1.86146979859079,1.11497394922685,1.11676052347266,0.20728421900279
0.268990050093272,1.04836163500401,0.679769685902379,1.30710641955108,1.08540194702498,1.39665028436936,1.50376490565587,1.28761960127844,0.954021198267948,0.293968980529365,1.87116977893711,0.242092366364174,0.186527692937719,0.441987036009723,0.455851763733288,0.0249850941395678,0.340171503597603,0.565209564668153,0.937311908379875,0.202942796244552,0.60710963384762,0.302815800588291,0.375452014669754,0.378476150591705,0.241920560850647,0.536719533805386,0.775068525472055,0.469748215495871,0.813906883958762,0.121504654439372
0.611635636266276,1.30882757891832,1.10788147611664,1.28972115515677,1.08329745370664,1.90602009162584,1.33609633265151,1.22975272909626,0.998430342053696,0.999926328160339,1.53437550270845,0.919632520366162,0.0117552948187095,1.4296222033096,1.84286389969016,1.11735372157085,1.34095420349974,0.886065901826629,0.955826693014135,1.41116057331034,0.589483705649191,0.223053571347607,0.693132528311903,1.32047085861968,0.839894174803131,0.688589945152676,1.25486159236913,0.665885224409566,1.6847452429964,0.303220502880704
0.171461421078149,0.329765113554752,1.40776350888763,0.801767547557666,0.40817597665654,0.463650564319532,1.2498909445447,1.64455910174226,0.768646693125023,0.808553019264466,1.97600240563457,1.5497991176597,0.2601484417797,0.178679946347968,1.11651436369395,0.531847921756268,0.272724171268416,0.295298298598498,1.05697717416255,0.474566039780551,0.740452441928535,1.82811744150425,1.08232361396554,0.446729925866648,0.662045741940716,1.55194906039748,0.256115347407487,1.04041390822214,0.264785974848775,0.258163761334667
2.76182128705955,0.407896969121192,0.110894937870889,0.202339772932654,0.877242668957033,0.732677611241309,0.565280102389875,1.26022755200852,2.00062332436368,0.105116677256517,0.234769826694572,0.963788654676032,0.927883060798238,0.201727032489398,0.0114829219641604,0.454914317759151,0.970132373674144,1.99247987390571,0.918214312621588,2.40990773459175,0.455802803109739,0.387153843792098,0.499273815247616,1.39781611615634,1.16027420912206,1.36909437333694,0.111463932096207,0.414120272197362,0.86587713465039,1.2915891473715
0.442700274694881,0.886622719900218,0.753596815375057,0.515385720285045,0.67952246920079,0.529954031530286,0.699866989073003,0.974109059015179,0.326100960881378,0.363364032936069,0.74006259948713,0.959275446819562,0.195678583856371,0.0320040333477515,0.81072170645022,0.160319416825802,0.407247012831994,0.495452584073174,0.0607378051957985,0.50563583408941,0.199208922880193,0.263839106719115,0.674442940145486,1.38823679932788,0.996522461937765,0.907162126295846,0.96145564904224,0.469849544703112,0.428885259006528,0.0108934327289235
0.394520845448613,1.40680178673686,0.725875097824403,1.10621152534258,1.3135304210121,1.4798926600794,1.2689321940869,1.84304219775369,1.42936487706843,0.238484974230483,2.63045008774682,1.55319664943853,0.563025438606824,0.980923171498297,1.70162305317632,1.22615460648017,0.729460254552203,1.11125917054706,0.37938998792454,1.48834340732427,0.597173388638719,0.707647318502381,1.0014637023737,0.804531477518436,0.383243877312671,0.889138257299234,0.994014519989922,1.3578932196267,0.350391338693003,0.255888629814974
6.45722577254814,1.55662977127134,1.06036284260025,1.85481406691412,1.26786350235159,2.2119755831719,2.11495278012345,2.72879260270911,1.01525331333331,0.369153664932963,2.54433551946739,0.525655627972492,0.45332837008376,0.969704455743533,1.65038650672825,1.0941966388925,0.366213847587814,1.90018729540706,0.687523312279993,1.08146319504105,1.00226334755297,1.22577181053365,1.1731595873726,0.331954760223475,0.267216169056797,1.92954187533201,0.999903445608929,1.49862832343212,1.29901282666315,0.00426475258731165
0.779849175948712,0.949524910304721,0.954280045734655,0.830010893920854,1.08862511531217,1.50681092508162,0.93115133995346,1.39633131845679,0.932147389823633,0.252152316982007,1.56581123548719,0.976522841895749,0.548138469016698,1.13345979158102,0.988664186060902,0.577230519501052,0.722827127162161,1.17405187787957,0.261497223223036,1.03669183838324,1.15833468368121,1.03816453599478,0.972824780857236,0.608463663760338,0.149982262060868,0.787230792557946,0.719995006773267,0.659005783993409,0.318587120765757,0.420644338036792
0.585642333671251,0.774140972347514,0.532852020761947,0.422311498766959,0.552738375685045,0.735844849138516,0.163954081370098,0.664152916738674,1.04929855081002,0.446704627133895,1.60026311990903,2.39336999076555,0.110959000500609,1.48045233906754,1.28211937544273,0.955903714590892,1.18739499325346,1.87260103351137,0.243356585084242,2.23624046481073,1.69043130823168,1.74791444898027,1.35337968164197,1.7232038037751,2.18080211356056,1.74161869309594,1.88904384045951,0.124554594233748,1.88127263369262,0.032603873768007
0.982507632193245,0.877896210045059,1.17094500394358,1.38181343586518,1.42705024920299,1.60694132538995,1.85874867840824,2.23896003246955,1.64898588961223,1.12595248662984,2.12410911150802,1.28457867333554,0.0559195709068594,1.51798260654933,0.984442943805802,0.652797326707249,0.746484528013458,0.577506916449827,0.892561165150749,1.46661340318334,1.19583046934535,0.523435435732832,1.39058584525183,0.445401143939704,1.1707819774293,1.63941093669348,0.800557764845705,1.34694787148181,0.42452345272826,0.577146107945013
0.124100688154533,1.2193368678305,1.31789787650269,0.547974654596031,1.71923766699095,1.70373743019794,0.798715875206878,1.06221870337956,0.7233305292644,1.03713989135911,1.63089874445028,0.202967863491134,0.684889930206562,0.277438950446986,1.4514791632416,0.214723595083617,0.134798807930383,0.643287183458195,0.723241432628891,0.269525137520014,0.282845214184198,1.01594375148933,1.68814689754234,0.409514034593338,0.722956364870672,0.634226230849132,1.49313377626575,0.320820798752578,1.12483356261318,0.0813772542521751
0.822035781690062,1.68501997235788,1.39680085887727,0.950069174931277,1.93158063897304,1.59985250131685,1.67648435013806,1.98206418944816,1.44428732095493,1.35205703582209,2.03978950159898,1.30948015329849,0.640120455009118,1.34521742659944,1.2073192469978,0.444469343248751,1.70404290131051,1.27866378463038,1.32979826486132,1.34367404600164,0.955921094336914,0.770640265537866,2.18722963959731,0.47666994515439,0.20729265692895,1.05125349008861,0.73402681825649,0.525436715971495,1.66571369092199,1.14333707642814
0.180565920348542,0.580682339543734,0.611984510102317,0.958316136096827,0.640690000493445,1.41074492048408,1.22119498321935,1.51941532958826,0.842853274932388,1.06408970486686,1.13497976133371,1.15370929769269,0.898650247770026,0.995104618873169,0.518864058529373,0.117044029661165,1.12465541915794,1.02673149478892,0.455640309675254,0.93307515021463,0.530677062088853,0.314304797719984,1.14955572857946,0.323183188786788,0.428257626990109,0.600863322808645,0.33418167629576,0.139315844933296,0.938607269897066,0.988645737593987
1.83338211048475,1.13467643029902,0.469557455435921,0.146335108298845,0.914910986026621,2.24690860309984,0.456197930791253,1.03731647170779,0.641014225362575,1.23541842775082,1.06515689282976,1.01644985196226,0.397394896678347,1.64166286653323,0.870868522561446,0.472183171775197,0.564269545961659,1.04113079103825,0.337967847629448,1.26669820723256,0.762824130597209,1.84121714328693,1.95505859438788,0.402026421736827,0.734653148610144,0.496287030403737,0.00216021703475474,0.525894470726676,1.1288295307399,0.438389390796875
0.33964991334042,0.981371908162259,0.172026555949117,0.290785128577438,0.834604833056946,2.43783516769562,0.253821320852048,1.22127594176657,0.532759269389972,0.941660203854787,0.532225480446323,0.658734634537528,0.360582531797982,2.01232737993468,0.90303091037207,0.180560238860375,0.717447713157248,0.940640827456242,0.550590632335689,1.1569468160195,0.798695735140842,1.43063338414409,1.59429557762939,0.163847004087494,0.149043667815549,1.08465319352497,0.0713868264445583,0.502793535536798,1.05823773723415,0.0360050261019546
0.362166768603109,0.476183090746803,1.00736120016802,0.961442713157515,1.05615016501502,1.51714512339133,1.31970207796609,1.50160356157329,0.790079858069847,0.121016813537648,1.40681842458477,0.858657501781383,0.362004779910408,0.756213732455348,0.535270336089217,0.463051498895693,0.348502392277913,0.872769054666084,0.452835270606605,0.655014354825101,0.432600753973106,0.364832076034154,1.30760237390966,0.772312265636893,0.378540484946744,0.348848446398645,0.39186492395325,0.127269041134879,1.21585444447479,0.24846091384897
0.40701707253889,0.529744975191149,1.31213624184753,0.576149560755355,1.0314939544933,1.3367368850896,0.717295693868678,0.615055677869516,0.415700283650073,0.72460935994996,1.36810091941372,1.36489850303622,0.0798005503420249,1.22886013262959,0.62236418802589,0.210303245234397,1.00646882735952,1.31077458100234,0.928649536853794,1.07463333705996,1.2144376593492,0.965515171055595,2.08911615955178,0.55470118515277,0.482061163885647,0.64559350082509,0.373753866358712,0.0788624934890069,1.27490646277333,0.305793538329814
1.53492505463773,0.313346988289464,0.906270017028766,1.11041493481626,1.39431865672267,1.54943005794187,1.22589805297976,1.59441031261725,1.17103551792918,1.00410809539281,1.35777434159346,1.21921279841274,0.0906702870259314,1.41153901474063,1.73863546883707,0.759169385788443,0.901451079904302,1.05770221540255,1.2013168547704,1.4964408282814,1.74697857338373,0.770944269321145,0.460949831983556,1.49869366509848,1.5153762667511,0.965826954684791,1.42640125586382,0.958870055316342,0.632456382251393,0.328193760272707
0.362564130345956,0.252403424928776,1.64265807587838,1.29353102973581,2.07782815556892,2.42070737807938,1.92549457073128,2.09858967129373,1.47427111677427,0.983578871242298,2.66916941428018,2.15344991868899,0.567013165123795,2.17457210032353,1.38111549463477,0.894997492682318,0.36113233037091,1.84398313752122,1.7543262149259,1.89148245399653,1.82130092149906,1.5206437894792,1.91385884056726,0.725575089218819,0.520406524650404,0.775631014858533,1.25909308270921,0.59753701513461,1.53236293538444,0.289999482506372
0.200297192458669,1.19158477703491,0.904661913281329,0.738244280513908,1.07588289694237,0.855202682598386,1.1171932424181,1.39972467785138,1.03090640139322,0.845200676805992,2.02874748268761,1.45796866727612,0.163185160422863,1.43963203686241,1.10080671206086,0.957756468038492,0.536347232064437,0.576648531712602,1.32093228582502,1.34660102607319,0.597662648056808,0.516672666686764,0.619723843602608,0.556592367193408,0.926039867597215,0.311723761637799,0.0463930266016066,0.256056494282774,0.656564042750831,0.0291082593754914
0.796838421737148,0.833589688475951,1.26940002916568,1.26122731164611,1.40811603578331,1.86871797953791,1.61442877006215,1.81165579751569,1.26256666530933,0.408584149970352,2.0334361539315,1.40137120720001,0.440982108781796,1.41057878573173,0.99570348659967,0.850699105193626,0.187226184748156,0.826563458171047,1.24822814354932,1.41050701408123,0.670717146887797,0.913197772505027,1.25702489315777,0.609637064530343,0.234532023591549,1.05378465260131,0.751024979885699,0.365265011336087,1.09903768323116,0.315726266097666
1.08239237903853,1.34108478420792,1.13415469707912,2.01234510438741,1.57555096989311,1.66604856819057,1.7256860318811,1.1503973443991,1.50663699235567,2.13431115130952,1.5829851814553,1.41325512220791,0.136015684432725,1.52629272566458,0.7581771077315,0.743897374788979,0.220032156062269,1.11403011574419,1.3331010807284,1.33358820122367,0.443161946411648,0.747605285829326,1.34370040937556,0.894402150965365,1.61525836634165,0.634211248098751,0.244082930888545,0.138366999722331,1.23958444422237,0.0417758025466511
0.442296639841717,0.894437973480868,0.818109119891664,1.07847761858766,1.37759592694996,1.17894084159856,1.28878932438534,0.997563436929318,0.989768637345786,0.815739740381405,0.40304793052961,0.73590872527382,0.564474882626283,0.927663459475188,0.481793104569503,0.646562047535029,0.132118341918591,0.440837749245339,0.857026126328175,0.713668558015922,0.743387273311053,0.284590146096844,0.427195097654255,0.390868316097543,0.113515101509746,0.60755606428546,0.971845417196485,0.36653326314539,0.523550878448518,0.860300571031184
0.976311398997005,0.295988778235613,0.931712343512452,1.43415988215084,1.4916216901578,1.73914336974268,1.84525879245694,1.69567446435933,1.14484258064451,0.640346461003255,1.30619619633665,1.3588697516225,0.0513925399202695,1.34785398067751,1.06460537363203,0.634560881500945,0.161058462994847,1.45770388783781,1.15160421411017,1.4449830497428,1.02051507592898,0.863923429432219,0.608234196466564,0.350499855093405,0.0442485589096414,0.901129114244832,1.06037059246795,0.183918586557001,0.790920497400934,0.194200904156125
0.631304340102136,1.50750158340814,1.29727590473098,1.12978865047278,1.6155820518427,1.73404926872741,1.29521743753972,1.39286481433767,1.43066638472172,0.576008324318883,1.76581552230316,0.994413922385736,0.299449835157159,1.48319014995046,1.17918027879505,0.805858562462686,0.224363502341684,1.54007113128251,1.13761595730406,1.53050810093528,0.841910161386289,0.628398694083109,0.508028494360739,0.590114656191937,0.379004657717389,0.684449965935314,0.696136394148534,0.813844320117102,0.675776863133938,0.668216280849571
0.82593269312927,1.16618176901942,1.6091206680194,1.26605493241242,2.03445944191219,2.41261479332294,1.52020980313775,1.4132080302314,1.45784490269856,0.678037233700395,2.51252768713018,1.67051373972404,0.185507202038235,1.82118233199705,1.78915520794739,0.79262090382881,0.280673302151862,2.13346175249295,1.68294105301424,1.96012344931274,2.12157009348532,1.11592436144054,0.704064581368662,0.765438546962534,0.974766634369895,1.02382112913244,1.58618547246995,0.594732937243216,1.15928851264013,0.104998434146977
0.649908059273357,1.50055633924115,1.27063683114077,1.35171612895092,1.30533290350636,1.71817357670734,1.68955821080473,1.41154194837399,0.963952397646926,0.524639527918815,2.0610470687448,1.11313606468934,0.295461858034144,1.12482959645123,1.54402951096605,0.639662923960279,0.184303329509003,1.21039765414596,0.768538675594436,1.1365743590467,0.809410217088449,0.948091293285159,0.190473535927167,0.0227510572475235,0.903816455227062,0.968718086762677,0.166139319225621,0.768058528808931,0.635118043865293,0.499679140611048
0.638803286041621,1.20104211078307,1.71814616336846,1.66220798983381,1.86535012895038,2.65949883597795,1.91400246111064,1.8398306414005,1.46581361145101,0.595314552412449,3.04281811992838,1.32205650570513,0.752685006988999,1.801022126259,1.98282457775756,1.11525749036315,0.178013140218919,1.59069785711228,1.51319914612739,1.81319731536838,1.18572102027757,1.37121377177259,0.603247775135958,0.179966735249311,0.230936886979095,1.40177446174778,1.1491142451457,0.775013489286624,0.809674296204213,0.533083454640043
0.0830220481135978,1.76715594871973,1.71256796687998,0.800326464185879,1.37127444750546,1.7219394107429,1.10547665920627,0.249369069135764,0.479882599694367,0.0892308707524854,1.90586512117064,0.235678561373414,0.720679803443537,0.726655361823329,1.43363870953223,0.710057373639379,0.250360848413581,0.987818129187371,0.825332378957699,0.935165083686051,1.2257944822856,0.509886228913664,0.192466349725003,1.21865832201456,1.38063793535343,0.981899585974065,1.64511598568043,0.859975894902706,0.393298942076076,0.397630940153332
0.930158296192885,2.16145095241942,1.98639805192787,1.37908111552356,1.99854346879616,1.99828612386077,1.65301568151807,0.87198707086402,1.07421900653278,0.377793337094004,2.31392244753414,0.180971369235439,0.422295648440594,1.24898154511338,1.60252384141821,0.826600134316613,0.690564302046777,1.90361606356455,1.35562244020079,1.14687652035691,0.829994595055155,0.781143415012075,0.550862702091925,0.612015535200364,0.868240683271958,0.770496325878851,1.36392751835722,1.07250291055195,0.57673496291362,0.585317868980054
2.48345887882868,1.02802808638078,0.166303012580289,0.907160330740056,0.895915184294218,0.0866908114685734,1.12411452872151,0.838902188563755,1.01456743567927,2.03289472777534,1.25532101379357,0.1688488751324,0.269032488014778,0.228156776850387,0.382319104325456,0.152305803888366,0.293835985399201,0.396906993881964,0.424315566570112,0.0775532353092883,1.03357993163113,1.33364674352875,0.299443102421411,1.42913021664059,0.055858290445356,0.426578741558907,0.00484365743566755,0.064121770949314,1.16851148692664,0.936336149382063
1.09665975926789,2.291683831055,2.08679978829554,2.31857237064846,2.17493161981304,2.41322085963583,2.4563705662561,1.75154478483996,1.93045348106249,1.22692087922929,2.67538178321508,0.94742527724468,1.04244450970965,1.29917553244598,1.39370443062957,0.799293527380601,0.311460588202944,2.46193486040513,1.18546242893501,1.45606238239341,1.2995735752067,1.55308530247839,0.299952985286913,0.851944432070762,0.978278158314695,1.72757591459861,1.08594292428647,0.712245167459691,0.543559788740764,0.990466802194995
0.525218818943717,1.49492499794491,1.38183480538673,1.46535638561503,1.81295522305633,3.33530570863639,2.16105121137462,2.3645553149999,1.67559562032971,0.422129055580281,2.85723010498166,1.69756990091799,1.14675678589399,1.97379927884958,2.03323107461886,0.973126062571336,0.174825923337713,2.34999290721799,1.35174932399131,2.23766709860903,1.36792530761296,0.911416685108945,1.03755943936435,0.698550792150003,0.349426512940932,1.33518326419541,1.06474160849607,0.649444512353493,0.863660539977436,0.131309415125585
