"Merval","IBOVESPA","AXJO","DJI","GSPTSE","RUT","SPX","IXIC","MXX","SPCLXIGPA","WIG20","GDAXI","IRTS","FCHI","AEX","SSMI","XU100","IBEX","FTSE","STOXX50E","KS11","N225","TA35","SSEC","SZI","TWII","HK50","STI","NSEI","VNI30"
0.719734416901727,0.615596484995071,0.877673489314108,1.1473864386599,0.466241072532465,1.03010587913517,0.855118036664973,2.2467986925674,1.71700123897662,0.207825459305304,2.54992570257032,3.01559124172628,2.10138936659607,5.16043425343911,4.65368936846004,2.88015215454382,0.719805848298183,0.00747466982983252,2.59763948658209,5.53133075427559,0.670683236041863,408.451024798049,0.504787799840059,0.558882251985662,1.96679867547221,0.397079831915104,1.02554634234369,0.878465270394661,0.344219065132795,1.2852393898378
2.31812102045152,0.969943521019243,1.11679492184593,0.294355149546829,0.906790401501481,2.21943428316622,0.847744567532908,1.59096504886123,1.47569232514205,0.483476158316074,3.42992185192176,1.11451490911741,1.64435116967121,0.459183978743314,0.965430377147874,0.334809848065623,1.83842827223143,2.80003019852955,0.83581908874704,0.0528793660048857,0.667067092246987,0.718010169006276,1.51118133728824,0.502388096211976,1.41884609171937,0.464491739080658,1.00647975693827,0.573127099685147,0.416119191171563,0.174384161706318
1.16647234935175,0.0488141079695701,1.52987666881738,3.57002627102201,4.58249408721498,0.307011222414841,0.0691765575540111,7.05206619546745,2.84201967102882,5.62314805095872,0.956287498658288,0.0995621935570248,6.34802283488139,1.46182008176809,2.78404253551891,3.30155465062316,0.150131736186543,4.67036562175924,0.104804981125114,2.23201603960843,1.89347700806372,0.105684333151416,2.59907585225288,1.03734698946756,2.16609472269564,3.16182882672449,1.90636967715944,1.27286459231857,0.238735916820628,0.122304679585191
1.16321579815319,3.91614354722092,1.96875447488255,0.240469214166664,2.83363624849825,0.678298001908716,0.40713093421539,0.488400160970686,1.04091406849872,0.690334234849215,2.11354115132748,0.694264522632935,9.66302403903732,0.816261578085853,1.01266507740178,0.768059571548553,0.982722113640228,0.313175921330783,0.186316475839438,0.930248980596979,1.88771271268613,0.17010968064413,2.54031708733874,0.419305437495535,1.37686160391009,2.95794771420309,0.921135289062725,0.249898613788302,0.143690124061516,0.681579491353107
1.40996848472968,0.0163503508588106,1.44970645952798,4.25445164360913,8.93136752305367,0.192041102639274,1.73961810096323,11.0711736876866,4.08873316891909,9.17086078546722,0.262920406910219,0.0530949752978475,9.78436259080059,3.04643351759784,1.65050150979026,2.60397105856938,0.751869353068526,3.49449175674201,0.420326909857169,3.09592954486768,6.83989040808753,11.4491603782662,1.59861365542937,0.492658772446066,0.263336622788384,1.68373062715196,2.42846877367704,0.616306813654967,12.4225606797438,0.421470872190293
0.345240942748539,1.1946346189646,1.61127259733571,1.64453611590099,0.987193481295197,1.36791458117365,0.185703942244689,0.532911138921089,2.81479088317784,0.619005470171458,0.099342205570463,1.7981521137355,3.19298949316629,0.0225216787875276,0.28364769941292,1.51254352988664,2.90268434484185,4.70080249976204,0.752778951097596,0.326559941546782,2.25453790258451,0.378886546444802,0.567131895949731,0.422141603459664,1.48803566040165,0.918383367403076,2.42787040224915,1.99931559166618,2.87625250692103,0.750217965998926
1.81111994077375,1.51344524666074,2.08055684039563,0.0675987008599193,0.0924525922612727,0.00662519041723241,1.2015051224329,1.64047576594625,3.60153765314445,0.398482806447249,3.32074843905615,0.11553287479413,2.08126778478878,1.19783502259204,0.0252839482987081,1.11594515062256,2.10010645775931,3.08424111700797,2.16094655511409,0.845856712210217,3.52001440723878,1.557633504623,3.32787653469056,0.758160828348822,1.34097745454881,4.5290967080888,0.411885122146025,0.193828620357405,0.502517006083969,0.471424049961971
2.93702562233827,0.358383620890753,1.69128765946381,1.11444818128434,0.126389529185487,0.122856545337163,1.62642652982598,2.62947129002813,0.517809457900523,0.0217689599498058,3.31895181008629,0.568065743567889,2.21606559831133,2.79998239177529,1.15107514015853,1.71534852001422,0.4679533333915,0.0286885805882315,3.02382213417145,1.99422329743944,0.869445044975637,1.1911614944436,0.743990622967231,2.102108391564,1.57728267668195,1.31882495533211,2.21154572999771,2.79954381131008,1.17140675370615,2.07520765477586
2.70447600955563,0.229514058836078,2.45089529396404,3.71319535253466,0.437068983592122,2.72391841881121,1.99716202286685,1.63657906611138,5.4998473806619,1.38631024091608,1.93933496171427,1.91007944552467,12.8048249994527,0.565886785510853,1.43667519405868,4.68705527835362,2.69736915759953,0.142318231455262,0.375544940321993,1.07583551626691,2.21543716409145,0.60048522247481,20.2173999241208,1.44337982662341,2.3407051387114,5.88719412979733,4.81481462012643,2.1014315495382,2.3850278918158,1.88000139182527
0.0105027686819577,1.70696518789717,1.28567411249372,0.951298646609761,0.176654467440851,0.422972040470259,1.42389282984241,2.24611164069333,1.5204851508546,0.559368653257388,2.71279815990941,0.0387359062763706,1.94671035561921,1.29614251946158,0.0895518526394449,1.54275006593872,3.2791910261454,1.53303233225773,2.95750013668804,0.998340084478378,3.38098544944886,0.946545365781578,0.563360810116268,0.798155403815296,0.992398270607518,3.46420976226042,0.404423070092551,2.38549923630263,0.172004133180277,2.11397850884951
0.149144152326699,4.57147032641933,1.79212299947672,1.02692127763559,6.39928641570817,0.236403864704568,1.47607300244728,0.90410980533728,2.6044867664583,0.639066180575077,3.15999296379482,0.717120001527282,0.0506357302655764,1.25278364547224,0.942072486509411,0.135515693455274,1.43786798843042,0.837704142860882,0.898046621046098,1.22162418171079,3.28006292243483,0.497681421694116,1.87783281888413,0.822217601532951,1.22473945079064,4.57072068990723,1.01738943683332,0.655863023690581,0.477967122552394,1.94154259369543
3.69906325641509,1.93526611766218,3.06540308872731,0.444207855998283,0.551534060057503,1.19587405191683,0.429220104737877,0.614428641124697,0.628811848966403,1.30671451173618,2.38475213961558,2.67552084683927,0.211475754084272,1.14273165939009,2.39256054884268,2.67919571660401,0.91421848276228,0.699489848629826,0.290018639126425,1.53754789218535,0.873806342695617,0.0213356314684685,0.495053717692481,1.35060695198845,1.18845333975267,1.01651446305427,1.42739157563853,1.23579279705346,1.22970396805866,2.08929042962699
1.25287644634343,4.86820580416031,1.33697722438444,1.15843066808124,6.37951408424795,0.380761043314211,1.78589970644759,2.62906681097512,2.66799503973727,1.76847774267035,3.9590588960511,0.015808369234131,0.319892784413706,2.97168363245274,1.21504020638613,2.03839464640415,3.35417423696462,0.829225370967344,0.246837808965809,1.82201063181835,2.98270044574089,1.93077890733561,2.51498669441552,0.555439921868089,1.31150810921874,3.92217604048161,1.78475941487956,0.859433256320886,1.46304713735686,2.02688735550646
0.961967167385989,1.47545480525137,1.21032733589826,1.91823476901276,0.178300217114636,0.54074882749658,1.8736322776205,1.43599526134734,2.95729181590738,1.0320893867528,0.730383898783134,0.443026213074885,4.01874014776466,0.465364955160073,0.561116632387281,0.232042658800177,0.888113948462638,1.11367680688328,1.20518177265448,1.56229284495063,2.0867299661564,1.37586931414406,1.06718240953789,0.50986359613038,1.3657628784655,0.550705601642705,0.486851636504147,1.63673508892109,0.108492071872079,1.73553042188114
1.42544129074259,0.715233576681429,1.68316873224712,0.257322940769624,1.65304552753503,0.855060429045453,0.796008474169562,1.13365273218284,0.304603973212122,1.08012610023556,1.96269334519369,0.758169401751912,3.85045816865169,0.112562353397946,1.85664172532138,1.96917961316877,3.16746125983842,5.02609459627572,1.28404296107744,1.52309362372648,4.28013064242759,0.494851903411354,0.953713061106954,0.60103013241533,0.93025115013697,0.967924028008155,2.45973485426168,3.85394565833794,0,1.50269094017491
2.12274554930871,0.831981759717332,9.59692741342666,0.340891801489225,0.533838938336118,0.806595731792356,1.01918850142474,1.77551776660392,0.577854945550517,1.70502535694363,8.28655000422387,2.38805684682305,9.56113394181022,1.61561942051761,0.406563332829374,6.05606066352715,3.22671584946054,5.35451706878099,0.605470978602856,1.13050300726108,2.53196597593231,2.25893346176938,5.62771435566214,1.26949689461163,1.79710350228263,7.44429263996861,0.4693737646454,7.81650797850947,0.896068642861371,0.368644777742682
2.97657929019878,0.617883874157646,5.91911674742588,1.16698786984979,0.446176725160768,1.32028243664662,0.854876017892021,1.39728458691112,4.0553677815133,1.37953040910414,11.7958196451727,2.50660691873434,9.29458650918384,1.2015651283174,0.039139139028007,5.42478498172028,3.28834851423869,2.05989734549554,0.568052848610888,1.17597688641094,2.4378316789439,3.95137944299421,4.27721808205452,1.23849775744722,1.7736025045848,4.62365802188479,0.442338638582998,6.86628310012029,2.477025364262,1.6841708142125
1.20005856435658,1.0785026321459,1.81030990108261,0.550373012917325,1.77778907341922,0.346196001258827,0.841772670648528,1.11968300712442,0.381562983039357,1.21418959190295,1.81727279626859,0.835026884877834,4.64011151183234,0.134405984670894,1.7639755481612,2.24868398401435,2.75265360300516,4.58845518146506,1.34800320889103,1.9744865641945,3.46103025998158,2.85219965133106,1.45804870603434,0.975605527262396,1.41287151459072,4.38963082223166,2.62312930809106,3.53864615426325,2.01202318001898,2.27102752982908
1.39640262136349,0.598093966532647,2.71040386932109,1.88094167920074,0.253303949163617,0.506409032677401,2.0942914882773,2.07054149300146,1.78421014084282,0.975510292799076,3.25143601825426,0.361177227322566,3.4807527187691,0.446520753910496,0.962514160778283,1.02238794339959,0.980286221780657,2.57246951711208,2.60628431794014,0.63939216473528,2.86126187294579,0.946276590288879,2.49341584533911,0.620123923098834,1.63517298845458,1.12902825969143,0.443209006319447,2.58215962266117,0.626110160637868,1.99268424122922
2.06599124722807,1.11525161210434,3.12143823838321,0.546409342356103,1.01698645632289,1.33444122600838,0.608479253267638,1.31824998629685,0.79737369888894,0.935362399374832,4.22254773818456,2.1107096345244,7.8951744296151,1.07225383654701,0.829424059569876,6.38775095354771,0.879380199303541,0.666476223200661,0.5563932078882,1.30444570650119,2.64884259111349,2.95185350563924,4.52927051541484,0.185202461338515,2.7692315338911,1.21039299100068,3.21284450840557,0.507960058106869,0.824361082869825,2.08025875710633
3.51856802101621,0.498008472647909,1.68762249612118,0.77175304601772,0.0996682405776662,3.01544039025581,0.98520726759,1.08772754327395,0.889209216535102,0.160801244622461,1.44340155780168,1.7844315557914,1.00694638769465,0.150016305163099,0.145249230929864,0.694649195476635,1.03162380854414,1.12658447861262,0.0307260370725623,0.871691689284568,2.87484941133458,1.58129151594229,1.17684624393715,1.30518547046951,1.61886127879248,1.7524268466723,0.843112934268326,1.15826010032772,0.700368741413159,2.14253165954764
1.22326417316649,0.551192283840936,2.53396385640508,0.935794808182038,0.040231574448707,0.254876713047319,1.44618968823421,2.15089613842954,0.0410346175245096,0.431707023973782,1.01760965859311,0.12290117200024,0.424752673446024,2.80172662491088,0.948700091399038,1.59411437809591,3.5801566933965,0.801720578700352,2.75486899028131,1.49533771185549,4.80416928949958,1.48697582693442,1.07728577214893,1.19608757637785,1.43765382809218,1.53643592668082,0.860798860431097,2.04542926898627,0.618730196648722,1.78947366459984
0.149907296520941,1.73216741324397,1.60351076196823,1.29376110389391,3.17218783496139,2.10983627845074,1.90898315645834,2.19432440219869,2.82391602759439,1.33405252695676,3.88535256562213,0.660367723158315,0.703332173588859,2.09447140715777,2.63360984730005,1.88132938951941,0.930463224407768,0.336314650032352,2.73890154921834,1.07567308368231,3.51206669339156,1.53469242205526,1.12402604616247,0.973128946801518,1.23061432197259,1.35008716861978,0.861621381100605,2.45113440208473,0.466582128270201,1.56740106632208
2.83590052709146,0.712241083626057,1.79898757355517,2.61481564206087,2.41443180744193,0.183436590202149,1.742120849997,1.00137613944106,1.21088406372133,1.20762528840643,3.03760231181638,0.739497386775582,1.55130385419518,1.49117150332854,3.80597301583506,4.17881567305877,0.448330876586256,3.0743894995939,3.02773245710344,1.66034589459568,3.25145429097122,1.45371451000386,2.05012633414196,0.860934903919541,1.75673569295609,0.708684217902194,1.71433204118265,1.56212870602086,1.30823349074886,1.62371111975443
2.4119396701419,1.5933068619353,2.61966011308468,1.2542593490621,1.74331619463089,0.678058391024604,1.03159299088622,1.05787880520708,0.546834144037825,0,0.628668353914964,0.749329705955156,0.00284762018522001,1.14859448635117,1.79042685097052,2.20612728421145,0.197445128181328,1.70110455086245,1.35040999301644,0.348922469008242,4.33844379754161,2.17037738438101,3.40134722303822,1.28258098988083,1.68878942141041,6.79419041332968,3.43775128101351,4.02328138406406,6.65559378493895,0.969849680289648
2.12189888573323,1.12005137884263,2.27493067969258,1.24504644585984,0.629119100146247,2.50984835326113,0.628151706743507,0.398971296895901,0.460297402492987,0.0179414363359825,1.99355410708934,1.11016198130552,3.21759264574724,0.0600565267277278,0.886539240124192,0.653797169428343,2.73658410237609,2.26599635101101,0.432092495969624,0.589917403462841,0.291846962191807,0.472763820861905,0.759234172094362,1.29095631124093,1.16274065411038,1.20881005268027,1.31970557768187,0.734950361448189,1.66266348950943,2.64625166089751
3.12834056223033,0.225887181735676,1.7116365129128,0.763709315966308,0.242597503013626,0.407100518296684,1.11056097939803,2.14382237051466,1.84318682762676,0.283087414150096,0.804532088754734,0.264600713977277,3.13950844212516,2.250655077431,1.34983606986722,1.56523728959373,3.74824082671813,1.33340180459515,2.67086864739599,1.23445132245225,2.47730213000371,0.697663994439465,0.367633134929654,0.612084715459038,1.91676410396867,1.40762423108697,0.566292745173903,0.157461695893385,1.23883546125346,1.67248788929478
1.50943443357218,0.220755456799881,3.84994722149845,1.84405424908297,0.651007387493277,2.29117398332765,18.5945377305066,3.50595397543447,0.202384780098306,0.738312223806365,8.91050904139811,1.07459584628642,7.9322402718959,1.43678165318944,2.572955404436,2.71636441298534,8.57005459878841,6.55781678095572,5.50501796173108,0.309444083953148,4.69206455116413,1.97632523257702,5.51172692029023,0.361873599950278,1.82812706180772,7.3216900216232,0.975986790384885,3.81913987581364,6.62418957467857,1.08524206687968
1.19648879252644,0.642551188450269,1.49005190522952,4.26240636814361,3.44472339405758,1.86000742356743,1.5172903737442,0.0379728849312298,3.20810595041021,2.44833342405365,4.31534812051904,1.20517777181266,0.98696272361935,1.75259575306696,3.5147091688315,1.74065083148849,4.28997938622803,1.9579557225182,3.74337257203205,2.07940937631058,0.709390109082578,1.59318583368337,0.409539413473471,0.0158273070601282,1.9103598134472,5.08515283729646,1.23745873113129,2.22463408452203,1.37066627693583,0.856998577064743
2.744398402821,1.93930551593917,1.10333481445796,0.571077547772571,0.915488284233623,2.34565239532912,0.69976469602856,0.343526251077511,1.14141749476982,0.266663760767658,0.800216122566578,1.32684826965885,2.95488219384202,0.00411872590028595,0.720168364819205,0.611116951743296,4.25514029150496,0.846347035785275,0.446459188177083,0.545489171677433,1.06043294684913,0.412536999360799,0.614316099634947,1.26615962848443,1.27532432452765,1.27100970908991,1.76852823108458,0.737439601734987,1.85556787730398,0.971664504578595
0.750934618883926,0.0766688422724857,1.15608721267046,4.56928425981007,4.54245814622395,0.242803240968234,1.69266343070665,0.75647847474351,3.14742700446936,0,4.70382400252045,1.17120085491047,3.92513217790932,0.107502699217293,4.72504241728189,1.93275466781928,5.22745649463086,0.949585899746141,3.27056171885829,1.60493503591292,2.44915736428315,1.5643658245855,2.03939688865522,0.0138935892045682,1.97772384586232,4.34947057252969,1.51807121174907,0.627102508369268,0.167678764429674,0.991612135034717
1.61143060436247,0.565275293472095,0.223889550818559,0.752130649557769,0.24865837931094,3.13192353845368,0.249276492146215,1.26764877767335,0.751865996827489,0.308426368991138,6.84239453617783,1.61022120546726,2.68876399414525,1.52239026225986,2.23811410932603,1.40603718177814,1.21211942398816,1.33599206462653,1.42905360834148,0.264162809936751,3.91236652253843,1.35994374035729,3.04743831310126,0.696616173118172,1.62486670396637,2.05492604513387,0.856821016433086,2.77921930030511,1.8712711459777,0.765231226781719
2.13401043854926,0.445674571264098,0.650402981351171,2.18234651050177,0.178085091745322,1.2264081066573,2.90124496310257,1.03326209254582,3.22160276731074,0.970126694711235,6.41675976023639,1.50833210300537,2.21238932460303,2.15713094333803,2.69123845463901,0.517529334221306,0.894071131622604,1.70225807021049,1.45702329026921,0.933487882634081,0.687691750961792,1.91344623530971,4.44824323564723,0.741500411438388,2.46875221638682,1.76573334426874,0.425016967959922,3.01788027912831,0.36627507185379,0.694463567784807
2.04880316840388,0.197430136969611,1.6603189900912,1.85414341137138,2.47639814579887,0.761873879291526,2.77628533966147,1.24705747123679,4.2233718029577,0.316899295988449,2.45348346443022,1.33640399491856,1.02000743178437,2.21075144825065,1.52369966110106,0.255751330123639,0.0774483554964584,1.44719225843859,2.59636786683697,0.377133565273255,3.88610916452518,1.10160741292406,0.601617717839175,1.35158197215522,1.26844469501269,1.50818821029823,0.0316752563567204,2.4740558484155,1.65306135140937,0.753129273797755
1.09941298871722,0.147197862552836,5.53354805406739,5.18639927900029,1.05721500368591,3.5536522086227,8.05002557940123,6.03008160464475,0.282548761977956,0.320241598364121,5.6417419106952,0.746875207813913,12.1942124194775,0.849381345294026,3.5650141954523,1.49739206126533,8.5189839125549,1.97299473455311,2.1625709613492,1.12713208055963,1.68552158915591,1.69687699983817,17.1892090633254,0.798209016874804,2.01973895068606,6.238027594075,1.29077738224516,1.03673509497681,0.279580722382021,0.7605052976449
0.806011963973384,0.622892276522422,0.549760574038715,1.84207532259941,1.18255526387684,3.06495066131366,2.04436621068598,2.39098529132127,0.662192169957527,0,5.67110890855705,1.24945063265693,2.17193458537908,1.8058999104483,1.24444042893354,0.805903117298765,0.57101098140371,1.33077213060308,2.81450815211551,0.212149088843103,0.950954169448531,1.37011676966378,2.39636548776194,0.723083421471264,2.32371803454365,1.00529886023507,0.2620780284573,1.27858649163123,0.901813764179689,0.984534347885106
2.59113191268521,1.24511052269392,0.216014239572346,0.990207144857923,0.136843072120808,0.666054123375059,1.35764071091159,1.04263637636473,1.89884173845624,0,0.0494455171293971,1.41599138772115,0.544521883295937,0.479357461167501,0.527069310149308,0.841571180865642,2.01297714699658,1.04853972694104,0.23564588362666,0.846591392477553,3.13159399163761,0.565279036034098,2.54602860254718,1.47572762370083,2.20913837355928,1.01098908493038,1.36758095732355,0.0143434847025481,0.385376985423229,0.70118144974734
0.564635117514264,0.683463109340459,1.91747759276965,1.12477752840621,1.31786990171636,0.426703521206922,1.85331823642197,2.78651245218884,1.91406771581225,0,0.976011410171249,0.384611400407232,0.944483394779802,2.1136891052762,0.436985533976151,0.794986586850777,0.634813600067558,0.895390852152432,2.62364017059396,2.00924334223219,1.23357693904719,0.424956885060212,1.12129646994494,0.643993894455401,1.90353133319634,0.629793519842157,0.211386246077872,0.871636375547503,2.24664016256339,0.718318047947664
1.06625821430363,0.237478231329604,2.08059163004329,1.10234187064473,1.02235925088921,0.415620788161657,1.44734967188731,2.9558746502096,1.18641461441634,3.07703429153535,1.87679140789584,2.03151973937505,1.23747137238077,1.11273479381844,0.0525573085875053,1.48482376845242,1.31037721940384,1.14991627899305,0.743219082546895,1.05859164652436,2.31125334046067,0.352541288342456,0.680624340272893,1.59950075150518,1.22044140252927,2.51122228111777,0.683663014215004,0.492849214190787,1.34728232122191,0.610880974348689
2.18919870432834,2.19381127087902,1.2057166221601,0.500849398876718,0.711453669310404,3.25497240042177,0.21500095805078,1.55773768764529,5.70493110122974,1.0480008835878,9.0972314601691,0.0995746373567228,3.28799255248865,1.11860084366767,1.30511823912711,0.16554793002508,1.76190969811916,1.379281116176,3.61464970131792,1.53646267767189,1.19966797990723,1.49315307397343,0.916695866024716,0.0225816745042206,2.30903074892739,0.532290193820998,0.508314281344774,2.24634444020146,0.522955324377097,0.463747163194685
0.593267307119075,2.05710334494091,0.351925811254349,1.24790804660923,0.523465020553566,3.00268262912571,1.5248657278325,1.82230595616073,3.64571779185361,0.32499989700084,9.73589377145593,2.71499085992946,3.87358677370591,1.69487455427955,1.10270308279824,0.806858184777022,1.57403897850575,0.973250886043894,1.8109607678554,1.6083266618997,1.23564909877314,1.42430333839412,1.62394442770592,0.00720070961361179,1.8276159913318,0.550304015476082,0.332076535301884,0.806996769373873,0.379686579557594,0.275473555202157
5.74909489421287,0.991494557914051,2.02438612062067,0.8479362591047,2.33369609136746,3.63434741258435,1.35281492158403,2.37182876322794,1.00455527518203,0.434939341270826,1.60998320691872,1.11575345299903,0.236905029592822,1.71733670841701,0.708023132170948,0.733368076086303,2.0733817034316,0.60637721770962,0.837633272844223,1.62901192024035,1.72797861699423,0.747223584129575,0.87146502633408,1.12504393552032,1.20266218925084,1.9810166600171,0.880830489998128,2.55255496154714,0.105669998965446,0.527507670538881
0.685514289973534,0.38578042133555,8.73665011655354,2.59735629448045,1.49802247166274,1.284259744627,4.34742946583378,46.7494375281482,0.419931295999338,0,1.55556584921105,0.38827742028291,42.622594897228,1.53937874160417,21.4490929241935,1.56724031544681,2.24854508896058,1.41742115318232,0.933602288686654,1.99829227357661,1.76026037191153,1.24277820924902,6.52208043121713,0.540765111181731,2.60727872513722,2.39165416464414,1.38070743387709,3.71321184388995,0.215827563382068,0.881982552429092
0.401148537563048,1.90090656047345,7.03385351900676,3.09667053135013,1.57259690379581,1.35968610339241,4.22702843570068,8.76014751848141,0.749832374959935,0.538196670843518,1.81856624261024,0.391233918580256,34.7482874898921,1.43428917856689,16.2487893832004,1.56355440097547,2.75075476543711,0.907617410472151,0.883402353528944,1.97853039625171,1.21105163589274,2.11284120035435,6.46222144284165,0.758354241334429,2.53716664411836,0.860760193882069,1.35303015728246,1.99090854540745,1.99404606880471,0.594325172852672
0.404378096007557,2.04057099756608,2.05023493543923,0.863780195508024,1.36587208097782,0.282125022308645,0.892697757297623,0.551554746408571,0.775421362401576,1.58592890300403,0.433748220223898,0.406747675766354,4.08257630433965,1.47091058912072,2.21582717615607,1.50210356326722,3.00432608324809,0.925345861555909,1.83403151867298,1.61110303678929,0.913624613828895,0.832259219279819,0.263686216898835,0.212031671935888,2.14238709645455,0.580309747389834,0.968859510648707,1.40337802967391,0.20908208034765,0.468224854609639
0.627298176601057,1.83185731281965,1.69139709002124,0.620788814977053,1.93404655155827,4.74608913104798,0.308315969706301,1.89340482071506,1.29537412458037,3.30840441808692,1.54180238242173,0.697492893611729,2.58914167707011,0.299222377113668,0.955975106168117,0.0168713347622193,2.83917371771898,1.44537472879511,3.55159909819889,1.04448059289524,0.877668723976772,4.81660892403804,1.14684487604648,1.11940510157371,1.97469984946829,0.244013076074797,1.12025735263467,2.26731848852516,0.676405153261902,0.515647093438164
1.49362058517343,4.24396002867806,0.577175696034501,0.722358706705037,1.51819707577626,0.383159863646787,1.22606913558776,2.77098223257699,2.04870428857506,0,0.575582140981427,1.27008655369714,1.09456688622458,2.49913080452778,2.86157193893479,0.261913536452702,1.84800146501882,0.669400592173898,2.08074537488482,1.50247950136451,0.704070136823687,1.06527161832934,0.823367034708934,1.71660670715344,0.757266864155848,1.59554996069892,2.52271942317229,1.13934637862738,1.73532569726756,0.744508256873325
2.96313608321887,1.34549147089004,0.369279408740464,0.706541015388837,2.31266299331427,4.44660327650397,0.342393690809949,2.05151501245039,0.654193704179758,0,0.80806669891503,0.0489407687363063,4.1410964242311,0.806552741187792,1.17924221821715,0.0727486259778395,2.5764657170733,0.706602438650608,3.83559879431452,1.48516809357621,0.17576695403923,2.55582175767759,5.71170511689415,0.466632126511875,1.32330386962275,0.720338541207313,0.331113156975285,0.169392235515909,0.306273474732181,0.519016386816155
0.0707787729862579,1.79148967552536,8.51028133735923,1.17599579256648,3.07323788372128,1.37416804903178,1.38346973039449,2.5387825627015,0.629567695100107,0,1.34973211467204,5.7176598417689,2.26298844800579,0.88263128403509,0.754244550150169,2.02673716227839,1.98534032596286,1.17487627157421,3.02293876112133,1.71396561706459,0.705340851455046,4.64578887955935,1.54743791154938,1.26138703579849,1.22111206017749,0.76254803011979,0.731253286098615,0.058626060545781,0.20639084384921,0.790737390721122
0.117281754081225,0.457702552321071,5.49806109311923,1.31493997931527,2.55224569154982,0.799082965768947,1.60341246174944,2.60891263163171,0.594159623712282,2.19844528538127,0.531705662491416,5.19269254569042,1.41524463593642,0.870646342547532,0.531136605566672,1.52578265988414,1.54786576055087,0.899548484098269,2.72871995569127,1.95919322909355,1.45586937784932,2.81100189334166,1.68393962741848,1.19604430855944,1.24276064439381,0.876334036687964,0.213918955718637,2.0486642850455,0.239492676460562,0.790412104509736
1.80267622061483,0.945313316641958,3.12433229386341,1.59814182618626,2.5508119215697,0.799753711548601,3.3997610021171,2.45814293266339,0.455124971045337,0,1.02865033880521,3.56305925280524,2.01590712844573,1.5400331593033,1.3142383543659,2.08596832195704,2.70621817958173,1.89730391473414,4.22729060701744,1.27516228493886,0.15053781433745,3.80904711395342,2.73763283361492,0.323338213062112,1.27634112316838,0.848434511631453,2.06042314500663,0.576092263351313,0.24820090519484,1.03622940083794
3.12336789899441,0.0937589316897662,2.90559353721413,0.604524146692408,1.57292297930587,3.55465869700866,1.20181668981114,2.03960130060661,0.982968850253377,0,0.531487769751851,3.45493793292484,0.946897239256068,1.85146775108967,0.13850413948311,2.05509460530734,1.65290415734711,1.89666161295688,3.17680713594868,0.287793424708197,0.0356931624654278,4.71388921301823,2.57730469516933,0.528720591253633,1.36307494168205,0.83145548546101,1.89618645886396,1.87185099869314,0.0803496145941445,0.733425857965112
1.98033773506171,0.230444520048627,3.35834952769555,0.725472508587779,2.24799706956888,3.65130877602758,0.412078965352753,2.03944858914657,4.83433125152486,0,0.753316519476356,3.80451706675788,1.38547376405936,0.758790431968916,1.35137534969043,1.2733668172248,1.877418165199,0.686090004663741,3.98746023629207,0.495913134770187,1.09660642753257,2.97932877979355,0.399645292262836,0.944577953943527,1.11073743699581,0.565504521890145,0.0673744311659933,4.55950984578747,0.272829079001688,0
3.97267417924085,1.46739952180132,2.48439206558877,0.558754313862873,2.26138196605989,0.190888464371351,3.52413291217129,3.75914252122155,4.93521791910594,0,0.608403326395398,5.52844041399682,1.65580476780806,1.09712679960292,0.675091705100665,0.667150057538584,2.20584383391697,0.840612723894264,3.34093053018903,1.78392384402063,0.854033705003077,7.55090648073473,4.10078637644395,0.863751394083395,1.14630249312724,0.463270947813319,1.51783671420453,1.60927414331924,0.984699568685694,0.715325714101747
0.259121513321214,0.792927182869805,2.02010608491501,2.27569328331679,1.83591438069433,0.118948455808691,2.39253427321553,2.60483828283773,2.42115528289805,0,0.856013617482588,4.30136047087537,0.254030926461233,1.05535203584288,0.0139854015718467,1.03614181516215,2.66144054127208,1.54662772685128,1.40447814771572,1.68567703752348,2.27231858983671,6.85047236266304,3.57846350453921,0.569026724084116,1.42069062328206,0.65053933730102,0.643702279876416,1.97776770572122,0.120122227677636,0.600419646632353
0.938573422541907,1.08523842216926,3.20889553625855,1.61967032851194,1.78273529556533,1.0730178891942,0.383688463525426,0.815720935105945,3.70505223275965,0,0.835157975785176,5.1765881029273,0.431919178638186,0.292691993235948,0.333444752080526,1.14674183052986,0.0555028940879608,1.37170982067005,2.25060648868773,1.38333093491928,0.0615000812475972,6.2191940096152,4.37742963051406,1.37041635170105,2.25405688162292,0.301229158376438,2.37450650525244,2.72774799472091,1.29364247034054,0.718219629504907
0.905988438279662,1.20240560568678,1.76303505034955,1.62039065756089,2.10173285067896,0.301337818332012,0.0452308343388921,0.709606478580101,2.54238705315253,0,0.309043740960309,4.82549468796587,0.921632492897906,0.375999014030083,0.0524236437914447,0.674559496108012,1.8401026206883,1.04730477024606,1.42506219751482,1.79007586244052,0.195981758573077,8.22418445513904,2.59485118384623,0.985904328183714,1.34839734179955,0.00948058838894437,2.04790522352667,0.172737430354959,0.255968411222215,0.481850506081676
1.12311546843482,0.559268967754278,2.4064288714797,1.09584691303703,2.86668480959772,0.483064727979801,0.471835661777555,0.865263828030569,2.73852278833527,0,1.04835104753407,5.08838078865852,0.154804349903704,0.258536250262189,0.258432773589802,1.19748496051116,0.281800962055013,1.57064190320215,1.71554026566685,1.66117605981203,0.857394605279235,7.39568426449133,1.01731509424749,0.936672828781113,1.43058032794176,0.297914087771202,1.84681515092617,0.605016406385344,0.282327867568309,0.367188069738203
0.365141268353154,0.596028753753565,0.640164027648209,0.021695534878158,1.81014985698852,2.67711769532602,0.0658157479904786,1.62865422012864,1.45980725110632,1.30600661848129,0.805940614084859,0.789415405678109,0.479679409875825,1.02151543805198,0.621289551921512,1.44011632452292,1.95764691498506,1.14430082473019,0.125970334778282,1.29759166832619,2.05601628079307,5.2669492057461,2.61694909303847,1.71577922576132,1.68333292991642,0.636688718344127,0.947918332252751,2.32422078271549,0,0.685611931749959
0.698178985885963,0.76008148490481,0.656269869458658,0.602796170170529,1.98486920873784,3.55001928069478,0.0139518687681773,1.12262941489163,0.766878436832827,0,1.50067492034183,4.36561447564824,0.0660584352119127,1.13079342733757,0.185355943097437,1.73639192701603,2.04205370881309,2.03286791882633,0.488006913172361,1.83479025953629,1.91414624557762,7.39588207053137,1.80757158226392,0.939563201483332,0.802035677695796,0.375893899175568,2.61765394096544,2.77605433288,0.304617395221823,0.60659877539106
2.08460783832073,0.549319392722441,0.0208086007729866,2.55468228244732,2.58275418536554,3.12659886001806,2.43040099608332,1.38021109053288,0.943076581455031,0,0.520858936068895,0.0692677086281972,1.65918451209393,0.77823089222514,0.665907094457481,0.476543076891246,1.9473720009865,0.864518700966465,0.266396984491749,0.840905957236113,1.44536916604959,3.33038443344364,0.560763667676016,1.12024639618296,0.964715172002406,1.20717334373553,2.54016669238369,3.05984414312272,0.40263751081939,0.102113808500567
0.434908371680289,1.78524447929408,2.9059865596265,0.666221121740444,0.737861605932151,0.0827250626913197,0.113059995801553,0.642332331612809,3.50681177564872,0.393573044942642,0.817430853438758,0.979535234004584,0.712312062245041,0.801882702367126,0.156798893812557,1.1845820274029,1.47985160832991,1.20158042631456,1.39354942928113,0.684858991821763,0.85781940523839,4.98974976610362,2.35257746062996,1.48237230345665,1.31969149646961,0.39628675152015,2.30539971283913,3.62976806048309,0.282730982552304,0.0980086736302603
2.47893288903601,1.14402788471776,3.92064563116026,0.15700761000123,0.0635257040963072,0.504370471010923,0.112544201253979,0.258345014168108,2.69008641687765,0,0,0.379809589222487,0.381558124120925,1.40673432617532,1.6019459205147,1.50155963404284,2.01764466705721,1.75136586410151,2.06907871484177,0.791304101037454,0.347546352216655,5.34908029964447,1.12026821004645,1.60954938448604,1.57222480630085,0.997353188307114,0.739787486627064,0.339906971721106,0.329517554414132,0.367004326136901
1.37727696495145,0.444242672502918,0.859478449460081,0.921210884116008,1.74464764105754,0.237042313094071,0.183103546264951,0.725709048249098,2.65400446601025,0.405914183741278,0.0814425496154721,3.76598869845418,0.448346333046187,1.22523500347785,0.177427483121505,1.55496794648596,1.54208239132439,1.18197487767912,1.00555925010842,1.69338710662873,1.3654268229558,3.55006607103839,3.76273700127898,1.40642953435075,1.36775043754693,0.171981414146114,0.493862645895211,0.438930743175863,0.429474050716143,0.283481590476715
2.50773431678127,3.10118142540923,1.58555388870733,17.7032704918575,3.68634047325447,3.5665161554158,4.39399596112241,2.28115837756842,20.8723075552946,0,0.217547627416449,3.37813248690703,5.567783280177,1.85870796498284,5.49178073065866,0.19890665256385,0.148739458254995,1.62734542295771,1.40783476329118,0.456028644084339,5.78041183672854,0.575121414313238,2.6720373665303,0.339218723323173,2.01046009083421,0.649635671713076,4.34423964379046,6.05296341343533,1.44294575124163,0.188661010909883
2.59347617260246,3.55599595328576,2.45117044375675,1.89011951001691,1.58912077483009,3.58217613217778,2.31405884509667,2.80270802479111,1.89012102239014,1.8914555611808,5.00508759559087,4.28212783782972,2.51015567834584,3.01661110734003,3.11444486329967,2.84131430267233,1.35676653591435,7.85362185290477,3.03343397251157,3.23594118507159,3.1831592317074,1.44704056743276,2.18309493328443,0.388656534855376,1.87334416651441,4.08994501457892,2.36638861076562,2.36982575310213,1.12005638828661,0
173.144169357192,491.042894728697,1.2941488770645,25.3962936418886,0.0576324292576902,255.707507587766,46.1416877109482,151.623428008905,18.0255505467553,1.1532176074058,1.41291282085218,1.73648251059611,62.0094139374107,34.8215059215934,6.64917061432071,0.326584228745739,0.179374118580211,0.206932212049777,0.458563012154798,1.97521047658053,0.226840949300846,0.254837123729778,0,1.67297510908323,1.70695291214517,1.44545332388164,65.5215624632905,0.328991566134973,0.279501559419229,0.0696841062702176
3.49608891664736,1.43597038057771,3.16598480658905,2.14905809992678,0.138530101680688,4.8640382632855,2.88516110134949,3.72699510244861,0.593341881860177,2.18220111398958,2.0409899300114,3.77961973549881,0.198884708694926,4.3788756258833,3.8499437835454,0.539252270556374,0.691345317664845,0.0407531088553429,4.49697819319598,3.44554395233706,1.31320234784043,1.75181756982491,5.51231928188841,0.281021637020686,2.09173956292433,12.9141550403481,18.439396162219,8.26131859410426,0.668222589967199,0.111515364223549
3.40972545724602,1.38186212345227,0.985457298658289,1.1224288703767,79.0654270379018,2.54204964282892,1.47586221574941,2.13479090932076,0.255220182203994,1.55816729528599,1.2712125269861,0.979705130663795,0.337407462578608,1.90851112028447,1.87862429293966,2.52997909314451,0.829567847124896,0.252039286295639,2.38647399016952,0.471723606302104,1.07649125191651,48.8981256718732,4.91942655089987,1.46156996378354,1.56752427857956,1.20767446888778,22.7308123643492,12.2981203369238,0.961026368246358,0.100011999226478
2.67708346993066,0.301223984143026,0.435249907425998,0.214382403504772,0.513641846532934,0.144985933046622,0.604209702156992,1.34007219102057,0.0743710525150774,0.485340054584775,1.37352961749032,1.25398397464133,1.77180542999026,2.26710801260466,1.07077807149849,1.88916293035843,0.7746164858882,0.933165788914424,1.01441848328592,2.8110422156693,0.188112942339947,2.67506004868279,0.00671492515277348,1.09026500276296,1.19643136781943,2.12105507142662,0.740146003794061,0.449908294921054,1.56913278353014,0.066792355470761
0.507312884348963,0.530782020923101,0.283323282706573,3.41982684171168,0.480699747595341,1.01885402180364,2.89209612936263,1.21442815485143,0.954751307810714,1.25096614172782,0.78629703824938,5.54112420687221,1.4129632212516,2.44216064398507,0.459559211079587,0.0475506547138268,0.85354468577729,0.112502218035921,0.906477527934008,4.62719924467776,9.26380558557166,0.284823196555454,13.16197002887,1.07147575001939,1.3420009065844,2.2244318971816,0.82693195428168,1.35624487380308,1.24266283246286,0.0858340443920907
1.99431773243494,0.870566229264784,0.458857820917848,0.18119376564063,0.822269464644219,0.159433871902042,0.525814229103185,0.817653425702604,1.01670714201934,0.0232013835455385,0.530426249611813,1.23757253409712,0.710060597016081,2.17009203406479,1.1497884365081,1.15052821915226,0.75188241786536,0.925298164948809,1.04629342217918,2.40943526881999,3.33756952834916,2.35217386046112,0.181796247520626,1.08012954435974,1.00166652735005,1.76966349767657,0.247069847576475,0.980007115763476,0.0527427585670361,0.00106310518169291
1.74802365244504,1.82022508712993,1.5731803997616,1.4067266393289,0.676227827688909,1.34331419942409,1.00341741939306,0.913283312835985,3.25481650233994,0.941566628997424,0.999589332369362,1.11886776577375,3.46017473937363,0.630215601778808,0.0198238578180508,0.684512858404814,0.306422261040137,0.682854563035999,0.201984345136987,0.0857801309589551,1.94089489322483,0.303306233302017,2.77133545910292,0.288314509969075,2.83724861997826,0.892942780085052,1.11692014986504,7.58344794749268,0.0681090580483198,0.226700995924458
0.709739262288098,1.01432655331462,1.69953225843768,0.658101139500509,0.639759658109794,0.0660987603813566,0.0589913858330911,0.53220885948614,2.13253951075935,1.48167566128893,1.84880034735301,0.438160628919413,1.02210111591695,0.0738229252861229,1.13131492520616,2.48970159773716,1.05694159340415,0.00797555216935196,0.169223857513427,1.53492652032161,0.661516665661072,1.89631040610146,1.61246368390579,0.0491829275516582,2.03656879471506,2.00551608425591,1.05867923907513,0.87975497314045,3.6475489719936,0.0292715127059298
9.44399823044284,1.87688723640697,1.75412445563768,1.35093638976411,0.653374933595527,1.2535512730874,1.01579582407861,0.663500731995739,3.34337621446989,1.24695714054168,2.1380361599229,0.645660218827775,8.96716612947831,0.453719646035717,0.151093771533808,0.085434331209649,1.02071666095908,1.92687607016903,0.779502373533926,0.085799472767202,11.6257793110053,0.295885292928528,4.62580221678977,2.78119224368621,2.03961753732067,0.995232268168516,2.21712438376609,34.8849557813101,0.583487947374134,0.154411127210496
1.16799601798708,0.0126104397456772,2.93632133271138,0.460074386928398,0.892293262369128,0.8359230512888,0.848659950868741,0.292607173914607,2.83017116141424,0.904233983251178,0.258662383889457,3.79592509712673,10.8836602377422,1.42599670682663,1.71015769990741,1.4348466401367,1.19873035146337,2.27157320790403,1.61182732629426,1.79691246259163,3.10188879519744,4.68404879161406,0.703783448710331,0.969316884316715,0.971732975350893,0.599223077982466,1.24353621472789,0.765803126067656,0.701115979731977,0.290191344850842
1.63109326604693,0.808334134443169,1.21725803523686,2.51569693955063,1.98399313618773,1.62742778105832,3.42086221275064,1.32756074165046,1.82529014521138,1.57332439650793,1.23342595927321,4.98253936043005,3.63251473368429,2.65780774068158,0.311602309234588,0.0592516789822907,0.702810850452477,1.29715992735611,0.81756133162145,4.51850847063079,7.86205408726401,1.34411832821465,3.18154202332955,0.899927217222903,0.945457051685054,0.146895162938681,1.19086030036084,1.63180259337651,0.62197645615251,0.111992262791133
0.850064978912127,0.90912897827886,1.23030297593675,0.42320641116648,0.209913584591883,2.71401366028915,4.05176304185497,1.86297250953099,2.36208971022318,1.50343346603529,0.749321729384764,6.67082882974881,7.01877721860067,2.57857437065033,0.152559329117041,0.885500863238379,0,1.42346752866925,0.58456809170606,3.89004830066452,17.2694933144001,0.490416123726704,5.98931049768697,0.086987712500814,0.103856819590016,3.55993873774316,15.9098614071868,1.50027306499166,3.36040646054873,0.0588308089842279
0.150676956372835,0.400502010416381,0.502285507816904,2.99102346456555,1.68188883549985,1.08864615385295,0.0484268029398895,1.47430846778843,1.8610088250887,1.5881270756435,0.133111017320516,1.7449268179741,9.60478550719316,2.42452990139054,0.0258784918936133,1.23107795327863,0.842617659695201,0.525245803852686,0.855390240425804,0.472669221312364,6.87446074669209,4.52035647988993,2.26328361626859,1.02724485860491,1.49380165594444,1.92110152653309,2.44590579256233,0.668615448424198,0.321471175132195,0.124868107197041
2.87531817183747,0.869164963034667,1.04346557315356,0.538670277592814,0.969918332653873,0.0362747736227375,0.591225053072594,0.615161400411699,0.326482207780078,1.52301444963924,0.624312330892357,2.1402275624594,2.29250972899411,1.97953117996989,1.60312469223676,1.03441632224451,1.09045323449763,1.7734425026651,1.33751543063555,2.65911491278871,0.164857904715829,2.78867177895522,2.16927499449105,1.02019233261367,1.34551203547387,0.742090257015209,1.28546334641441,2.0274753337899,0.621841966958979,0.0893477261282639
0.139182057438181,3.47803303554596,1.53264857624026,2.18054183370358,0.224354133326899,2.26868702678679,1.72716893080705,1.23998236867566,1.64646282742039,1.04160724457697,3.31712399580592,3.28975169615478,14.9952743405481,1.8940402995585,1.77016218058227,0.19926775122727,2.04020167051289,1.30086211476576,1.7607281078183,0.494152132528613,34.646822411274,1.42989419024727,30.4485983872934,1.13750976906615,1.21313309698055,3.59119963976101,10.7058424764011,2.40110579679367,0.0145855377432789,0.0341284917943519
1.17184988708155,0.356482371512201,1.99858929975026,1.93863358101952,0.94382985836499,2.77725986984449,0.169452764893345,1.52012224641883,3.02465785957073,3.51362215158603,3.18684027294904,6.31706355081004,5.48072009526979,1.61566977851501,2.15146713811782,0.229181013769999,1.26048269281246,0.198360829899513,1.66796048426424,1.47900965622024,3.95239233461282,0.442167426699223,9.92313229378761,1.11810983580001,1.35205524887067,3.52122718677655,1.96825537065648,2.53076244340321,1.5878421056508,0.22497017435066
0.2235003929473,1.55413077293016,2.39630460251338,1.11828100834991,2.63832760546446,1.68050485578426,0.527222670642138,0.886482517779253,3.73955071063484,2.69152317866776,1.42725440330072,0.649997098184244,1.3613308870411,0.861017094909935,0.891411862692347,0.10606708627278,4.06345370973908,0.891104846243603,0.179491436395986,0.0810581867474159,1.58608858505061,1.29422672051212,1.01109361990365,0.91593022512736,1.17224962372208,0.740667570382378,2.22427110010313,0.249668445779731,0.0324677878374541,0.157063816775835
0.0184748882238816,0.244826957435969,8.32245069665947,3.14549660859332,0.96627988309853,2.35630589752967,0.000846122506388222,1.0916844903304,6.05025593173748,3.70709872579202,1.7567263462587,6.11936059949602,1.66995716504644,2.39130419851172,2.60229700420667,0.0322516868827655,1.11689140425177,0.252612474349832,4.81882940837012,1.74273768807436,0.511871553624597,0.379197035427858,15.3035251507791,1.17810834754995,1.39008076761723,6.72553105137532,1.15816856784455,3.15455224092356,2.71399326916862,0.0815440624481242
3.70951107386083,2.16621283306377,10.3715749095609,3.34054778644816,1.25603879476341,0.201065764022454,0.836920474241054,4.47735820065773,7.38548650196869,0.104766579185185,1.87103695421323,3.78451643329412,4.47984955807726,0.0832153471197784,3.78314803821479,0.109673605693617,1.30684635458363,0.891462173371635,5.45938968364763,0.581084303912444,2.01367921599268,0.0168295056736508,2.7096692221965,0.685406685992587,1.30836441756772,1.39234734023108,1.40527488100419,0.0419555561535884,0.0918966820061069,0.0322351817832997
4.81053551719276,2.98124428368286,1.80596795931806,1.80732561287753,0.609327034316668,0.429913369456367,1.94350662582898,0.896995313691516,0.655374820215694,1.99001913632752,0.0503087808744847,2.82558385314746,2.49288721919654,1.50179942192002,1.96121457642855,0.0565573423354717,0.0820306728170127,1.49587312414278,0.761152470583952,1.04765556420118,6.32496225384764,3.03138520064643,3.30151503230207,0.145430521389557,0.763846828545535,1.66462017859735,2.16691988399653,3.05384055717857,0.385677478441267,0.0510637804529256
0.980092134367419,0.165822239944371,0.460042033614318,1.46211763864121,1.51554865126352,1.46620834425759,0.265128119384003,1.26437628040643,3.21355609933107,0.611351794938613,0.0746573163743851,1.1087367647,4.93958295982406,0.503408446352134,0.0990225804777364,0.362849007391336,1.76955332989768,0.877770255096271,0.297983816885589,0.0235323009818469,1.64601324959304,9.45750472615303,1.71239816533109,1.23695176576051,0.96062807848273,0.229562161199031,1.61592647776992,1.75260929155158,0.0732907841500012,0.0587936489018116
1.67759772257286,2.22346570085099,5.60553094715697,2.28336984360785,1.25910006324648,2.24697978192675,0.0171252740517382,2.07983945620442,7.27254443849489,5.26712931740151,3.15586470427871,5.23350053894618,4.6358104349352,5.39412180886287,2.85448047616752,0.0621733942671589,0.479111969200787,0.0873208622574136,5.80660371868276,1.01919978792071,2.09663311611757,0.37062505361038,12.502688616743,0.947644568418626,1.15349462001279,5.61628423748867,1.67734639192379,0.54743814207869,1.01520830291923,0.18750565778302
1.82090095363602,0.578063718070378,0.345805628990625,0.390992558243489,1.44225057057979,0.0414564754032574,0.000312947720303307,0.93796700943568,0.786487057001525,2.87722198798166,1.29280666937215,0.431469621247742,0.807337426489582,1.81118391907471,2.22719856784254,0.984763552550749,0.25815080109298,1.39822339433999,1.42995079620191,2.58517761853124,2.64192072302311,1.21819050496487,2.96178854513158,0.896343235598118,0.776476843672664,3.01656341437621,1.65959601833373,1.81119744670246,0.737759209243655,0.0831645827261787
1.74090768758584,4.19156045512947,0.829384796114663,0.261432832603124,0.376972830135377,1.15636730562357,0.321901287943384,2.17326039151346,0.446847900536096,1.16861589868498,1.21578303962328,2.11500281257469,6.23189335874087,6.90411140910551,7.00123407523324,5.3130035647661,6.22815362986887,1.35574115378866,1.93678040190171,7.73474801259962,0.664119118174463,0.983552373847547,3.72788605329482,0.860654664700938,1.17055461993804,1.41110680954458,1.92992792421275,4.40912228881271,0.725748455507437,0.11333233789065
3.20321352770561,1.36054419039569,0.645743863543231,1.01213558042703,1.2171151965799,1.24754360936057,2.60776285007172,0.67432170603742,1.97829618480673,0.124302723339113,2.06896259755119,0.806201575953898,4.99265734544858,2.12696868052627,14.9138244252403,0.721570208379714,1.55065303538628,1.45476416383828,0.9634160304976,0.324838320190668,2.86975870537788,0.314020006765349,9.06556506509951,0.910841513876958,1.12040084291876,0.36234208316433,2.54617384662621,0.0258977576671077,0.0920671373544919,0.0989012590250939
1.68780309090117,0.526471366689108,2.01989972630667,0.429598465357552,1.71391940136532,0.00379117947247748,0.127157170045925,0.0281540165628424,1.58237749845384,0.264161272945105,0.28906107777284,3.7898146252267,1.70896114490196,1.79581971677133,0.517147332225126,0.799264261583535,1.21160799680628,1.93422614035126,1.33527678693828,1.32869244236637,0.1779755854879,5.71896791798638,3.31170653630269,0.701178238477519,1.30800487494673,1.77440600805772,1.16733194758048,1.92067148816404,0.610396385430761,0.26068625032734
2.22332422737526,0.347097202225858,4.03657007434732,1.69564404206143,0.977477883190346,2.32431724095487,0.195768425939022,2.28702989216316,6.55177063835545,3.6916105376692,1.8382711895946,6.11637114389991,5.42583199949007,2.60164113805078,3.50412266961362,0.0995453236703017,1.12615173087641,0.280086817631145,4.94524026929347,1.37494927919166,0.637464627864558,0.934813478436097,11.9250036232882,0.805107745081213,1.05236517092234,3.2308287731289,2.88178178307327,2.67655185489092,0.932917960459972,0.365782728426274
1.06148582356815,1.15196199349709,0.483952407645423,3.28895183065531,0.359025611600445,1.47278638282527,0.103360021462232,2.00022319250796,1.7083541608426,0.984093199418184,0.0611682350908752,0.431271934666717,6.87319405261553,3.32470349824866,1.1963079652885,0.567278927570221,2.23679848715744,0.534657034081776,1.59631709161777,2.5621162129973,5.94036438952849,2.32689729270703,1.41296422864816,0.924353915489581,1.43684290477827,2.11352900650975,1.88219478871097,1.06454070797937,0.654225302421235,0.36316350755271
1.77537426185867,0.821725713654895,1.71338925608929,0.427260244456274,0.816561328195884,0.0748296950946799,0.509897184630721,1.02606905445444,1.89983863586664,0.577902496354344,1.18124742774522,1.1345878179468,2.03308260019117,1.62089137705865,0.312033385391541,0.94174709527089,1.44726785006615,1.30747269228286,0.0931213919402688,1.77014407898607,2.76869048955924,1.59570514354656,0.833226085940286,0.830814906980878,1.26714585055516,0.496173809691074,0.0508368328609439,1.35249857139846,0.296289417987725,0.452304839393946
2.78328138589339,1.01653436819298,4.32252717682142,1.9026352268881,1.25225280465893,1.97250404866587,0.676603864351716,2.81895284394271,3.2530311346737,3.83033690241899,1.61682782678736,6.02739832606591,4.18329326713131,1.65488964156976,2.18743374094836,0.256911079350388,1.93978922155412,0.0287659938045487,4.84825575429228,1.17577386406255,1.89315322361231,1.15026241249889,13.2949936631718,0.748741782792664,0.627894368716039,3.31472177855138,3.36973680876346,2.41097242767149,0.81540266801399,0.404980026295608
2.40116702828485,0.570982853751932,1.95029372779962,0.61897322906681,1.30421602341306,1.33002958170968,0.0648863815751057,1.47295484454435,1.41606272132952,1.99721160230757,1.39783463443278,1.5911223992369,4.07129732370099,1.86115257774992,0.35950396815296,0.0109825924427164,1.27595172492152,2.0040986622634,0.250179955938626,1.22173786861744,0.065192635235213,1.78334462484692,3.26064016768624,0.921271973145661,1.35048492226114,1.60406298022368,0.441960866521483,0.468832771552183,0.197307285366875,0.438541711649819
3.20630310860159,1.31570108325339,0.864612792259695,3.35687919631773,0.450863824935085,1.69162394564998,0.245333763984886,1.00577388447683,1.14814882717046,0.87860845231161,0.122517376533819,2.23041618632071,3.59606302469913,3.25280996425328,1.05120398765787,1.04127176293805,2.00512157871896,3.30173359859872,1.46216355197341,1.66110524884308,8.8662629912186,3.22106517928713,0.618574682284861,0.630634183466129,0.938411574426165,2.33169098469046,5.47649384601471,1.63067950337018,2.73431923864656,0.401281714106452
3.36233908616731,0.833307291007498,2.14505675652567,0.273947743570154,1.29026535490311,0.604115605443568,0.0321728025195866,1.32070887501623,3.14885592647701,1.58095691663238,1.60571503862618,1.14201601036033,4.0964900408966,1.25760418328266,0.123355162900115,0.68054193367861,0.501794346195166,2.30965421071965,0.286227398149844,0.970822277880937,0.42160010529532,2.1651120416692,3.6115459563651,0.681028593393273,1.16007032846267,0.668822736522901,0.427864648304441,0.494990011446356,0.994304652434906,0.383571796394738
3.70723401670779,0.0491198368194491,1.60908027924417,3.36648334381673,1.37560848314761,2.16269503751427,0.0493051402637046,1.84903391806317,0.629345680754435,1.15930539363758,0.0654274948721174,0.752946432163014,1.80892842102479,3.03919239837572,1.29489945397642,0.278809887406304,1.61779143658985,0.73964265185111,1.2786327293298,3.39028501970853,9.19993832534813,4.46138032750779,0.51173894766751,1.0052530591146,0.812221564731148,2.60571605946623,3.8908808176299,1.62710799739916,0.676435229401485,0.465460834506135
1.21469313602747,1.32341135104972,4.33623973089799,5.51273507087323,2.39670529222591,0.895899696417141,0.0687456775687149,2.72506544089781,6.426023378111,3.49596580200254,1.06404899811035,1.61777797321595,3.4058519892107,0.00846058560266804,3.00280870204582,0.0410770123580355,0.904201639709138,1.04392599893491,9.15442693001365,0.171395496306317,0.64882038861618,0.14992923406405,9.22079671836344,0.763705037884276,0.861385594467794,0.478130321767267,2.39271957967557,2.3746147372648,0.963741808910131,0.506273711090465
2.76004142156986,0.804731953890398,0.94619887899073,1.79768949202256,0.135656844301719,0.891125657253427,1.3226491429308,1.28672718594881,1.7219159360426,1.59501215516811,2.42932973898802,2.65435421435759,6.95546660779464,2.09059436506733,1.43495517219371,0.194693039899809,1.17981190719435,0.644981520003585,0.996642546845237,1.92728723168153,4.55655729669879,0.708591850100123,2.47489443169059,0.661464432076294,0.80484225196603,0.995134873159238,0.300529325619639,1.12908320714219,0.733144856057704,0.515810606620828
2.08527438649886,2.3736234611481,0.89103490916623,1.05840884647044,1.45152769223452,1.39724443398523,1.09262910726128,0.604241020673633,236.865053490714,0.165266531431885,2.36042742289363,0.839193274461012,4.19255596084318,1.87176038718047,0.712382923054254,0.840616559224018,3.44969138175596,1.36841437238901,1.00429941048195,0.220243195285707,10.9743389995826,50.5311282713663,5.9813702377524,0.877698574505708,0.976225978543291,2.00442339154759,2.25760576820006,4.31136665793425,0.605544577643442,0.429698042575006
4.11454022198117,0.40244893529379,0.618060056163228,2.45692065307602,1.91047794488259,0.400660303500858,1.75414724629051,0.715121554516978,3.221016418218,3.545057930446,2.97290412105424,3.46377034136635,2.59019591952402,2.38783581973948,1.62097487501204,0.0659965336000101,0.211661284914755,0.275351092475116,0.873194952367774,1.87228759236685,3.39644686071933,0.79566680566571,4.02542636586434,0.480114031744659,0.902668272500253,0.698450071114147,0.0925827784873404,1.31259005868786,2.11768386309805,0.218868846395504
5.00097158462449,0.211796136861344,0.966095182731151,1.13770797183699,2.44415757416853,0.718905495830186,1.52570847974231,0.307955716648964,0.587417878786366,3.73521496352774,0.635129264049632,1.94380711998686,1.06055629447684,2.97659130376112,0.894332674318493,0.0582616438974487,1.0002322099758,0.6077236864614,1.04553090685818,2.6003211135096,5.43686507929941,1.02325144208864,4.24098209775959,0.4788701720502,0.755398573714645,1.02983671797784,0.107631807923843,1.25090034103222,3.08905194754683,0.340530680578351
2.40450409386181,0.936463389375345,2.70800903355979,1.07107440843408,0.858946607835801,1.67045153594328,0.765573703516781,0.714762728328303,2.78580881095984,0.0271231234389355,0.547824674708211,2.80496734102778,0.727290762397533,1.12115428236911,0.0180713143724594,1.16998227827853,1.84715272691589,0.734875582871089,0.794508702145357,1.94176561049219,2.45509081344857,1.36163020826785,1.12981231999664,0.397078474038069,0.756492697093033,4.08461350185335,12.7839987491335,1.82191725338399,1.13051196972627,0.157731915961287
0.400823587506317,0.774564878748598,2.96541092326898,1.00897109251407,0.626649974683529,1.74086524902594,0.292458340641794,2.14233984090497,2.79571330408925,2.57691763370781,0.75083977167057,3.64494783547697,7.63501005809139,0.527540505924247,2.00082954025261,0.771832877146829,0.739986559232844,1.3837329494234,1.61418186274062,0.92272361381739,2.52796569638168,0.453563005666146,0.360543423155077,0.23881644157865,0.949463216247859,5.99469295813863,0.678952448600393,0.572829041506943,1.05813373958398,1.07952314460226
1.62295696111896,1.58842650295346,2.60316360759674,1.52109381280754,1.48171937517536,1.27244766207917,0.105033340609022,1.15577003187543,1.54601586946387,1.08302885808271,0.266308713430177,0.200551153010374,6.62215186523874,3.92029911592417,0.62246740426785,1.74472466235109,2.50140171932814,0.667554411858184,1.22083753066963,2.22539985998697,4.39902570419597,0.313994158137312,0.494974613445901,0.196607820852966,1.00000162908788,2.68889381686235,3.53224213633173,1.72470211808409,1.12382296958712,1.25831381412545
2.58957884492963,1.65755199398152,2.04284836861846,4.33740275886366,0.481122372522248,0.426674025141816,0.0193554474599849,0.718446088626509,2.4772500006553,0.672872373611766,0.217859913879369,0.642952691929481,0.151143232580385,0.629062422526472,1.31854658062768,0.659542231359107,3.22047244128141,0.0220275547941764,1.19398382151452,1.94903464194009,8.62828819397581,0.380376084887202,1.79694810381754,0.924174927437238,1.52978822994925,2.23812814224419,0.462686104771094,0.918681298132729,4.01510814127674,0.31867131435143
1.82619103088376,5.83999654550921,1.34643581645996,3.59047875974243,1.04115374941369,2.09910274943423,0.565356014593261,1.6416099038089,1.287587388571,7.88541940035954,3.83921062161517,18.8050661440439,6.53398570037919,2.97261959837436,0.816167929155076,0.204001632912861,1.75326491544184,0.389305361810643,0.566480467536904,3.69535083117765,5.37149367385827,2.29927216019009,3.79639047917675,0.219904066841953,1.40518542820276,1.54383026558381,0.691827299793721,0.176028084839978,2.99678149542304,0.703108299525337
2.24170253196124,0.831968945076878,0.609208280445768,1.95241923113048,0.806169050263529,0.926856978346013,0.749626217613047,1.68223851457177,1.1774252264644,0.911480450672918,1.81510063289354,1.49713133238603,2.81322815659581,0.496613415189067,0.204208491099125,0.0596570258785689,0.852513731202816,0.336146102204662,0.655563556173121,1.62892851125328,1.25851527766047,0.408458751086313,2.18775929821581,0.320664396022458,0.790625570397606,1.70698750638291,2.17693694069121,0.835038816968092,0.12024851385989,0.238930895685849
0.0432417499819087,0.773393629892136,2.3436527975211,1.50623862938989,0.982603685873967,1.86036175053512,0.621930378615643,1.72314061031672,4.66821752800431,5.44289828817293,0.22748479661509,5.20509298356222,5.14339233278703,2.86590246880149,1.047952080756,0.300988791707709,1.037313083387,0.177802243172473,0.35820867084166,2.86146981893019,4.09850583659445,0.251129400132699,0.0650996858143147,0.382077588357371,0.725415926681989,1.47497651851922,0.739962566240125,5.08165372135468,1.73698956221264,0.598187037347291
4.04331702799099,0.794609647617238,0.329120601137081,1.89835934250381,0.55022971620362,0.0888611436483137,1.24022122553725,1.15326352242928,3.45650960131736,1.49246619251629,0.758061239769737,2.04642294981563,3.85156366299539,1.63586621420813,1.25422537090206,0.290062421714567,3.08819786215185,1.57094484361766,0.879637562332512,1.96482498135809,1.86374578981706,4.15870818571715,2.4611271732465,0.263822505889848,0.88320651249612,0.722140749477692,2.1924188999173,0.747081469696079,1.37886587768044,0.229143602099027
4.99001161404395,1.42387363473723,0.537134765981393,1.74259225960992,0.58508049062948,1.39434130290489,1.12613321827966,0.739016304429076,2.84859544010082,0.0845405472930398,2.67059326825525,3.25680147496112,2.71771050555955,2.63744842585648,1.19592746228007,0.158490224679842,0.289558144193486,2.3977244321415,0.865736722806893,1.99927418222478,0.898218550847348,1.6541608059944,2.35551962779721,0.531313829045644,0.939418895974739,0.597912309636719,2.27959486891954,2.25227083953462,0.471110270097954,0.349146160942865
5.78686226662227,0.453816162331283,1.41990661452518,0.601937093019637,1.3685873906955,0.408331650881945,1.51952520728515,0.621941419251606,3.04581452859447,0.490962763761765,2.63485055301803,0.365372478761228,2.7674258299935,0.374712368586779,0.930587425324086,4.31947310798466,2.21094670947903,0.0930633630740524,1.70066313663726,1.2833635729517,1.33085758462034,2.12863311248028,0.0201443533025847,0.817660234617604,1.06506931409092,2.58173364243089,0.514103427126284,1.00627360035482,0.58877956568895,0.495260188067332
5.19071684593801,0.699825311950042,0.779133074144158,1.6735411228211,1.24796726192383,1.71502939160955,1.98564422724232,0.442533806255964,2.54766794804844,0.421679029730469,2.46044301544185,3.71808221623129,2.64814351237845,2.73947846408676,1.0690028020502,0.13213450219177,0.320011257696972,0.617080978960179,0.725386057579765,2.23412801646731,1.68517359358593,2.22743762776501,1.36706453893946,0.840025249125437,1.43166915108351,0.553415326660006,1.3626183118143,2.45602104084181,0.640820529376857,0.35548484634995
1.52282309201553,6.08674821277816,0.932608180427214,0.806871577517536,0.0820200571015155,2.89124383383355,0.841372636720658,0.354800905410794,0.928183667019796,0.394971731508795,3.97546066350005,1.19193962801605,7.83029554954594,1.75124891678356,1.37235745646053,0.328253102225179,2.19338657175417,0.122908070383201,4.16214145146677,0.900626058389037,5.10461903936988,2.78495297722449,3.75588611613764,0.324740098396689,1.169803131162,1.02567073335975,0.58507400360214,0.340338644216053,3.95766274445691,1.21990192739321
2.53613696427293,0.746032132370354,0.0435383142155948,0.872155886556356,0.791207278256582,0.254683356384197,1.0231405335228,0.980930137957037,2.87361884339067,1.39593514834373,1.38688246765116,2.28533399737595,1.13450333803174,1.42127642720927,1.15017122912508,0.383575194908532,1.90697427317522,3.72316724097095,0.801932900466624,2.01121761793077,1.84292360373657,2.30930561125191,1.36245106462828,0.716623388052677,0.932072079215103,0.0669249404106615,2.18187427141218,1.0681103300778,0.686028721220964,0
0.708085672836932,5.55410595056476,0.601052346966119,1.38832059442395,0.174297665056999,2.4849765498882,0.794837972319623,1.21960063959623,1.11375252934396,2.87768038045966,1.80505553360797,0.648331356630024,6.09223154236666,1.28338364324144,1.0086727166923,0.362381521852293,0.196177265396528,0.0946835925272399,1.34356793086683,0.894313836634561,5.08429033162077,2.81751412317625,2.11649318180087,0.362234626102028,1.05256680991295,0.520594613304806,0.559185200475917,0.393140912757876,5.44390543083628,1.31214051088245
1.26898179809488,4.48844134425069,1.19966234661514,0.500951615643106,3.18097293340321,0.0568112795072995,1.10561576843028,0.709833043648337,11.5605237750161,0.379049335562254,3.60759681915693,1.19369152239912,1.34492506075,3.64565880487098,1.69650317749372,1.33278722660182,5.05934399780557,0.685587709781348,0.163242702926017,2.48970914548627,1.37434975832759,2.74193009117258,1.18982955234208,0.819946637993987,1.16164291055538,3.09224772519377,2.51830704567269,0.504161696296022,7.47534100566666,1.11936371872432
0.230613960350309,0.237261340112883,1.32496937946926,0.0941315888858977,0.749953263357801,0.379756132890598,1.65188473317398,2.43150263131651,0.160936252269509,1.15202095182023,0.537747398095668,1.12759866042492,1.90854688902511,1.37494592474846,0.991548947348228,0.0921303720086735,4.47558976586154,1.68113931934038,0.50181685766972,1.92801918664698,1.03278441818573,1.63174804680776,0.462349512014516,0.767557731251405,1.23844017913771,0.404804338129101,1.79902496476523,2.08205670679036,2.08043628339774,1.55584003333723
3.67505994701592,0.0243494532776721,0.526571193810731,0.221170130995074,1.63371150120913,1.62887110276345,2.44582578830206,3.88059976926248,0.817412313691071,0.599708885314304,2.52069031653926,2.0839810916465,1.72335637560991,1.18109195971145,0.0733219128200075,0.162128850021511,1.19756864807186,1.27151976981693,0.534158323778353,1.88262923390478,2.08602520643628,2.18624350609926,0.198382336826242,0.551193221882951,0.716913890480137,2.18627990387035,0.00948592422897018,1.51649722905935,0.843164236674382,0.353746847674811
4.89517720569135,2.76848378403292,0.638720839415703,0.967134878431767,0.0180797178959444,3.31400703470359,1.70459551480886,0.189355624455532,1.59417482193653,0.320203299963061,3.56289485429232,1.59445852216991,1.84288878066822,1.93982564555325,0.859490045667122,0.0137826355163233,1.13881355211024,1.39298725907682,0.946834029291901,1.21796957006259,1.23970236634558,3.11434576678175,1.84701380596371,0.499770020801801,0.854688251844235,2.72613477421851,2.11066435475234,0.65971193467403,2.79335000112593,0.770755782776519
0.608759661599382,1.17624454355863,1.39572226735862,0.563748113374261,0.775239412473812,2.25447144762846,0.0414452135440015,2.26819078315306,1.25063635726121,0.951036098065231,0.532700790687605,0.0291832030958912,3.48949538900267,0.885388953460224,0.473433138640291,2.15328700725588,0.130926913375545,3.06901309427643,0.280594570660691,1.0597591291731,1.88248857091739,0.405786370838375,0.967620502212143,0.740909873926525,0.711950530838827,2.23784533821093,1.48800686061534,0.854050489309797,0.999295941101254,1.03845574134636
1.94551021085933,0.494141442160252,1.47339684997002,1.66875170110811,1.50249846799204,0.267640316205434,2.29575578459267,4.53796233460657,0.448409767765841,0.903516483706669,0.107851496392303,2.09288853417875,4.31879918430627,1.67940721539571,0.0779137264124376,0.628023687922538,0.0450831322697216,1.02389465869254,0.369379036783561,1.83086203321821,0.0155247098887144,0.527227567121399,0.932760609957159,0.530191324171593,0.642260169905554,0.796300118496895,3.09914414471895,1.44714463949173,1.5361172378066,0.546357453305921
2.23996685851266,2.83168825167185,0.514549565482243,1.40326955322151,1.23056690154561,2.30492922605232,1.83019406094683,3.7675570850091,0.454989602266873,0.777090734480648,0.23734989328069,2.07607758082379,2.88248653345416,2.14587089115319,0.226670659139773,0.0254099415502649,0.178786296815732,0.895624256877847,0.598515150231218,1.01479103933889,0.83796307494619,1.63785960533411,0.229067865337147,0.778501852961641,0.887348170487591,1.56280740971115,1.75501572217392,2.36220594606196,2.11680486038026,0.801328798792009
0.885149351025476,0.623977076704869,1.34587711014654,1.44018994121381,0.348730775213555,0.329238747548907,1.64182020500699,2.91856801784716,0.691415517334392,0.655309474663685,0.295359498433254,2.36404443481006,2.03044427348749,1.62280202118487,0.132399242841549,0.0450526085488569,0.620398013547032,1.0152402423789,0.0737134639045123,1.03611829425917,0.925553342261811,1.23789190264079,0.269358752145657,0.931607233718393,0.695175389255593,3.60714399923141,0.510886061064277,0.523002869399741,1.53845246307003,0.837360834306963
1.38850890355744,0.040932338111572,0.568456058217664,0.521317466076335,0.926775529104115,0.28289682209393,0.993392924205239,1.91448671302201,0.593298068220117,1.15086329945656,1.99732723313798,1.65408338689636,0.989801907032246,1.92192865391363,1.55871665424744,0.617480136080892,0.186427743150077,0.209812868013875,0.64234456550198,1.63790277067493,2.27552543217891,2.07068965984233,0.92489736689379,0.901218562796919,0.808019082602767,0.619834076595748,2.20916988596491,3.09524530881657,2.04945573992244,1.67319461384971
0.196485368472476,0.0810983520838396,1.32087296083994,0.502388076245398,1.20656555577437,0.488620479109862,0.829000344617604,1.48473820354546,1.0139854412933,0.605537157105051,2.71781541719752,2.16408480373773,5.61768525392781,2.05014110879126,0.164992220591435,0.055577156020192,0.0316053626462486,1.04593812248123,0.553408765883467,1.71904721716464,1.70279424941694,2.24415257975896,0.603721862890669,0.78393008530535,0.652083746655893,1.55168923634884,3.32809582000391,3.40479339776871,1.15401106729863,0.512382915964113
2.28898664470928,2.81153327243143,0.870388245731924,0.515602101190101,1.32861603641706,0.19048234555224,1.54145341762585,3.01361980797726,0.779146764395262,0.988834235105845,5.68701478334999,1.93158140654213,3.16005846204342,2.4790265420115,1.35236346712503,0.675977268743961,0.0501120168334959,0.892421140211609,0.892228082989543,2.20804492857677,1.31390560771817,2.63536760252641,0,0.865738998278076,0.720657854619965,0.265266843853448,0.48623305762582,2.74869293054892,2.53331208212719,0.622407203088314
1.03422033926109,1.32493340202525,0.33527206121469,0.575122421499462,0.864389478526273,0.0978899449806137,1.53215726813076,1.99073333301182,0,0.0510599291858717,2.82002304560604,1.77503422224173,7.11226481997608,2.56872384328257,0.658513772931505,0.664124316543847,0.148919627719125,1.35312658043162,0.707363290178249,2.39919875799311,2.38550511605928,1.89246106256225,0,1.08346015867675,0.988235926535679,0.736512171202259,0.418716394573808,1.0872675522183,0.485110813172504,1.53417843514965
0.650900070332262,0.548380541886492,1.403197504631,1.39800374452891,0.524572679508342,1.67087771391313,1.5227028506541,0.194548180121249,0.865570223193622,0.928993594211009,2.68772472300165,2.51098633378317,1.53425725554052,1.22390180805862,0.359190518220324,0.185329741697546,0.553985680193452,1.18843307034176,0.402377171422219,1.06480000019909,1.67272543617324,2.23299936775173,0,0.787726062203962,0.964290516999733,4.00537872595028,5.48469679461909,3.35054724521858,2.18600862251883,0.300530049086893
0.59931740968749,1.57165084383544,1.45855998130902,0.566561344503947,1.12166499241528,0.612432147352879,1.41891455721452,2.25713796781378,0.21022115845369,1.05467524628814,3.1420226365816,2.04965815054711,3.27394571987399,2.06022615753705,1.65071167714171,0.342995317803041,0.561148406495746,1.79056300080008,1.42161171213668,1.88563397352489,1.96608066618518,1.95099611004167,0.762171184758643,0.523656901230943,1.3680886636874,0.730373944889998,0.875316285687034,2.89693177496027,0.0837789568412148,1.42727423061138
1.90639438733081,1.45636569167587,1.49736817506978,0.57479282600948,0.98666246147206,0.503697969368692,1.43661658498559,2.10783447068754,0.503737102378221,0,2.72144940444365,1.94663582486259,3.71075324892599,2.43375549303293,1.52759093249591,1.52941157495507,0.147385354814615,1.16924178558127,1.15550209631763,2.27812040531477,1.91766354330596,1.38074087274155,0,0.864044079379956,0.588063571361079,0.698501949966962,1.56275238521687,2.58283030417975,0.168093821057939,0.440129963295205
0.938328670425909,0.901992628842361,1.38677805583794,2.41448295583496,0.886586602276739,0.984175647702676,1.47732788061877,0.186544367283842,0.989960579559708,0,1.79673094128097,2.11521273641041,0.0640112436425914,1.15432074530565,1.2502131576223,0.194502243105453,1.59263132652973,1.76907354100929,0.0299469896362258,1.01638843883373,1.59569781820255,2.44942127628056,0,0.517802166831025,0.621164738902998,1.08565269361169,2.31204874781508,0.495549814525244,0.964640565481565,1.48332319858197
0.0127888057030133,0.664790062284715,0.278733446950288,0.93772040368511,0.512252963972293,1.42808441428812,0.889740880522445,1.13563727251014,4.03879354542818,0,8.53175504696023,2.34130279313844,3.55318886890713,1.37689322246749,0.217476498253157,1.02090454449553,0.204037775645302,1.08922719629274,1.95677268355766,1.18431181005163,3.24613084810668,7.15993343074245,0.639682918619215,0.578741500969374,0.835051417105301,0.71187964975931,2.74413314651532,3.41874120070854,1.42724849053583,2.62728484959351
0.875308180638161,0.0840848666084798,0.874815398405302,0.864827050467134,0.606516172697121,1.15187747308939,0.802627214974687,0.954987286242781,5.35503340512145,1.15129411271699,12.5442996790719,2.32907603238339,14.2402564186986,0.893457233827321,0.246504733255701,0.123632611306101,0.404795255133225,1.20240080688173,2.11028368126515,1.07423812049641,3.12105448758164,20.3131698490366,0,0.742474550786259,0.59449060190282,0.924862679618304,3.87130960290128,3.9261005263762,1.37413047551757,0
2.49211388172021,0.688732302656819,1.82553009635975,0.936691781951244,1.0342814262962,1.18219601930897,0.648400031570432,0.772782574837961,2.4439317361641,0.0829465891144729,1.91101547119153,1.74351607410864,1.49590915514026,1.23461056387235,1.39206454079748,0.173473720631713,2.3154690219764,1.96351155259595,0.142107672836227,1.94308216387268,2.20363585991345,2.8980745275048,0,0.481533385888149,0.44165286634641,1.22321068740544,2.09505426549576,1.32437181435342,0.87183158206867,0.492303089942311
0.125435604376674,1.68846962197069,1.45405743548452,0.560122475559087,1.04475930762369,0.558277801305194,1.01771238138859,0.802009422484008,1.60946082356213,0.967005311454239,1.4463332412969,1.94299130675866,2.78403771505073,2.1979805802783,1.36912649236361,0.492316045091733,0.502521238060613,1.71244420549699,1.75320119034792,1.98743373392763,1.99166832783028,0.574874524606235,0.483503955654625,0.38802892672563,0.399164719131982,0.665703305064398,1.7600082281283,3.55901800774487,0.183791885528251,1.65702662563701
0.330549445498589,0.982740606106501,1.60256980221691,0.509700800731623,0.766236334450959,0.0547581895949045,0.0228061909204627,1.24459204955828,0.266943052589966,0.92122432543587,2.13458415811673,1.71377866570468,1.79630417361999,1.48255723752864,1.40995382433492,1.30937400776016,0.338842091505544,2.02698115977511,0.530257389424309,1.17341712638107,2.44659022648686,1.84773354862177,0.840629663285174,0.796680991805713,0.404531771806162,0.838416609658051,0.299287840730957,2.07852688818007,0.586636147372268,0
1.08238901877879,1.41462619641668,1.93809108753013,0.694959248721007,1.29949529300782,0.867873581861939,1.62031335872561,0.870911021233609,0.795917196969668,0.0093362916923029,2.08514730750224,1.89271868964942,3.68940520562148,3.03965223388326,2.71024659813601,0.197784348193397,0.16186061891158,1.12116400659252,1.89047136054453,2.58311668974391,2.20623216013299,1.97472843624186,0.664356084246684,0.576416572413484,0.528766979493904,1.5276333796168,1.2342632703152,0.508760877794333,0.408006774506241,0.745581952998743
4.05964555059044,0.844186196350342,1.47020355384817,0.18699742540038,0.626340596992036,0.668424631530885,1.7494014011116,0.782728554021496,2.08660274393799,0,1.46727673274478,1.21489866819885,1.47666323839274,0.817698890148204,1.27631006812211,0.493870042723953,2.13405320507769,2.36465257575107,0.0397652005919082,1.74710163376761,1.78039282011232,3.05751206031528,0,0.57296980853234,0.52246338291236,1.43557100832154,0.633688854271836,0.536073770651253,0.766710872980925,0
0.395719347704774,1.44940323550098,1.79095805104811,0.508644979748585,1.00539714840925,0.406209675049634,0.804003845077957,0.89519706193881,0.779244158621151,0,0.442610529988805,1.79170666847855,3.10220610596409,2.19030425787924,1.65263468667239,1.00326354284677,0.0595330415517244,0.74881175357765,1.34096076220003,1.69304605988659,1.11671626180335,1.72496797512973,1.01688597213268,0.604522185732393,0.696463963514483,0.773267571714484,2.57533148547033,2.97896604937726,0.227827813111763,0.252615400098626
0.645719207007827,1.1082194620367,1.37923089465657,0.46184109370435,0.789376600584071,0.220710473323954,0.043036839827315,1.28628125994206,0.819818640862137,0,1.65102779051798,1.66132930439597,1.63130065164322,1.66332284987958,1.3358938085292,1.11334846903571,0.196306894084482,0.320568773225079,0.644620888314732,1.44533558552514,2.28305385791563,2.00811276772075,0,0.545162550957984,0.748913622703556,1.13500206067757,0.185551123297375,1.75471139556697,0.837011053687481,0.586963711056007
0.906916931085923,0.494620841893424,2.1641440326506,0.70142247590548,1.10280240129678,1.44680369697376,1.74801960771917,1.08585554601121,0.497243174376007,0,0.919901480860325,1.40376431724203,1.96769805719711,2.37861216866695,1.09007972365527,1.47530227803857,2.50320113527253,0.707599177325297,1.25561887872054,1.8971716621574,1.37467747344844,13.9680254136953,0.248510570290593,0.513906551643926,1.27059553685554,0.667511617423342,2.97486347642662,4.36270517385467,0.411923881563264,0.199262129829346
0.480430070361982,0.891068565198276,1.54759057279616,0.514372572812371,1.18500728193967,0.172867782095222,0.653610200343206,0.705690252022726,0.909044966925069,0,1.38104993204058,1.7874743403785,3.8497046074596,1.62010352208137,1.27443842503679,0.226108609633027,1.01886678069082,0.270284042074511,1.52815026154295,1.18014160465028,2.27529713992066,2.22822828961783,0.413637123265922,0.857129815929189,0.380920523949954,1.58190498990927,0.85205594988764,0.819544469740217,0.977042898618888,0.248021803251156
1.73366137853739,1.62651673248108,1.26439717100513,2.78181297413223,2.96922223446918,0.411145927068345,2.00810251435169,0.565058283381389,8.75494524999853,2.20339552135537,1.81768182259966,3.54684474843248,15.2844046411568,4.56469227449169,0.613141325860082,3.2949807263139,0.175123592037528,0.551874030424198,2.17666291711642,1.37093079784907,1.87425309177662,0.106873599845597,0.410776203417332,0.757738786000493,0.895024673419788,0.233187201785301,10.1297786563153,3.64321662531333,4.10699562550517,0.390978186509075
1.84623553263689,1.74022464532565,0.881921966928727,2.56791432272554,2.98230206894867,0.997899896407231,1.69249516165531,1.06666539739313,10.3631282806448,2.26912416122626,1.44927248386715,2.95848968318516,7.26919987023276,4.44753626558018,0.532624318937074,3.86647727698588,1.64511170302709,0.961936869354404,2.1585198065424,0.117400532410903,1.45922172495005,0.883092563633617,0.147144576784714,0.728288314906687,0.959122584111698,0.232865668118501,1.29433518068254,0.0956612551637234,9.21570435137152,0.314530699197657
1.0474187351765,0.153098764697272,1.06994691246648,0.751724771035411,1.41873081743239,1.50639444957614,0.506204123301837,0.975434475697166,7.38589436282143,0.0304143045090095,1.21394388896259,1.86618713560998,9.2061918654565,0.845806690330576,0.1721426308034,2.41591555956204,1.66032565828261,0.704217267888083,2.00017685865855,1.7030707885281,1.51455500997368,17.839269862564,0.647903675838487,0.874081462192168,0.752556976993605,0.275263408203551,11.7957026290913,3.13429236625949,3.68971649938937,0.627776644875582
2.35584168105467,0.966557193317616,1.21802693080432,0.576526147753759,1.162094550794,0.172783506844526,0.387699944551027,0.533621104501142,0.521421745363661,0.32916691051005,2.14670401540234,1.97206210437516,2.3176825955347,1.27954681972776,1.48700169706063,1.13391044184419,1.01586620218528,0.373339046831364,1.00989161307405,1.76053264764083,1.20184536901081,2.07238638216814,0,0.652539815243397,1.08285180580172,1.0069704706303,0.38416348716708,1.16438702765174,0.817982252326974,0.817947123297961
4.44979447166296,1.60004794928165,0.23895885267822,0.37894265178102,1.65916840695334,2.00729436141587,1.23314023418838,1.49187130200946,0.788592497574768,1.7061243353467,4.2329127575982,1.80927959799615,0.134630679393008,3.18568336008446,2.88041091944033,1.33349139660601,0.650570616952708,1.68299346491883,0.376562782139226,1.59229608666408,0.896192455071983,7.4624150301786,0.620519646373373,0.524148704734378,0.66732944239755,1.2672447472796,3.47358574254791,4.43145023117505,2.18652974617679,0
0.914067035171047,1.34325043805153,3.24933177755869,0.532058887183796,1.27084260441145,0.452871258656385,0.748691717103076,1.06106631983702,0.658407794825653,1.6164899442983,0.883407732582814,1.84001397758221,3.58685305285251,0.110804785069286,1.35984211938258,1.11064107253086,2.07884948418313,2.10126517813171,1.45398289307365,0.244254648078506,0.319951691486366,1.28934177747612,0.578817893381337,0.725484237799937,0.473095170794515,1.37089965009424,1.68700299969235,1.76179456981075,0.291059119163307,0.770171644253232
2.22055095448449,0.421422008202648,0.382151584604351,0.849741231819407,2.91593731841434,0.670071848814867,0.758047110038486,0.550637529342111,2.46664873310944,3.4532618541418,4.34606075540592,1.86585090002843,5.69603391130779,1.07653142147815,0.205489110485073,4.32180803846718,0.59982151040827,1.00587598143824,2.64275440382581,2.12221781208162,0.438063847708531,6.75563708584789,0,0.903744797432197,0.446823074606702,1.36651816214564,5.10870351235475,5.38991155960414,3.63755405875193,0.54928047553705
0.597730193061565,0.992826122553192,1.49739455168046,0.9827863863354,1.7219278922643,0.511528230759608,0.155360785546752,1.37784845323462,0.222727983114314,0.832056324221842,0.295940766202153,1.71216859116582,0.341345730490042,1.34696962446279,1.28839063040238,0.851356101890892,0.74092690048301,1.91993573938767,1.23964614512991,0.161991759558183,2.39314824933349,0.256675821302747,0,0.969258192772575,0.363037626863281,1.34023276832757,0.076407876874396,0.782444386645272,0.427356031612943,0.788876547728705
0.0341065928400326,2.07466744326887,3.74527533744985,0.389511242235817,0.905775535692624,1.07670663072693,0.421560790564024,0.983232155130765,0.30126635805072,0.916279487521529,0.195782945991686,2.65977089328367,1.56441526113357,3.09131393101778,2.04189614155477,1.38838384940948,1.34015082603646,1.5170528700303,1.49733312454097,2.30467519187638,1.20636946874425,0.426355026135343,0.071648268276829,0.917401941264848,0.872389679484082,1.14526916515044,0.322064726066865,1.91265930381119,0.947836284993704,0
0.0577610652481185,0.507037116197258,2.78367664636379,0.99730272638299,1.89876558083778,3.65527437766474,1.64400835144988,0.852332257277057,0.110360389383347,0.762457450813178,0.127317678591621,2.83221350299896,1.27056942727025,1.12396607240954,1.9121756029809,1.22114884223618,1.53985149953503,0.2958059788007,2.28483972468025,0.414162144330892,2.21447709819881,0.298769023796665,0.119554906389872,0.743291721853357,0.596062112785875,1.61288382669673,2.64965578785508,0.894972929233421,0.918278501549898,0.866072959313563
2.38859434179144,1.09621813562584,0.633541340578086,0.589330068195566,0.830518417071042,0.366373840879177,0.039812737736876,1.22837050975525,0.0109580302342193,0.7997515839885,2.62920783116923,2.24665132472347,0.70757995686739,1.82913155271324,1.29361797633415,0.795170307234011,2.83609083218164,0.882016630562389,1.04430779815715,0.938296640791041,2.51123175521422,2.93692535982885,0.246324656759491,0.998817751758593,0.544151352080845,1.52158949131439,0.0212594357398776,0.559140370500934,0.656106098883366,0
1.81955093545784,1.0734655564278,1.56569429419968,0.375197316501746,0.488181379876018,0.339682855727378,0.11284902468262,1.81763314772471,0.542847587629929,0.788824666292903,1.54610935840785,2.03194729256454,0.511660433340075,1.89459828010266,1.26322229512932,0.936370692158948,0.742660475395361,0.585236525515806,1.09690407785285,0.774169564083563,1.18790682505373,2.70733670055387,0.0384045782834323,0.806352867463188,0.588725643130267,0.0443165365675716,0.251063458679842,0.342092746395149,0.113921180003604,0
2.75386925866737,0.286497019082537,1.04413801997772,0.782167235573388,0.402162351409572,1.21439827499222,2.18915238190486,0.409086095133653,1.21537112098374,0.677507752381041,0.414826423611144,0.224099822848761,0.806348466640774,1.0397730876303,1.56363659865291,2.10103759835401,2.05347005502453,3.0254446509074,1.46903614259085,2.26417054363651,0.372421242030754,1.04206516377085,0,0.854952537524911,0.783216945096746,0.784408726639033,1.5385055491508,0.230510585862229,0.60803665503851,1.16376037067739
2.32076988589909,0.500931976350064,3.0576370667927,1.40593037113667,4.64034547415613,3.77415415556239,1.86650246645968,1.23756648818692,0.024811006309801,0.497716120059782,1.3593651833563,3.2217358239253,1.19756927952268,0.412260323574726,1.81374814336161,1.43366314389188,1.19200803798401,0.154536488101031,2.32720271245706,0.35271638317084,1.93971827576109,1.47434665800446,0.111911704860258,0.772356584887767,0.469902059286082,2.07231971805571,3.92241807666605,1.10558008302059,1.12771933783305,0
1.10586650149587,2.09532438759305,5.55179373164887,0.0861552888991517,3.95622386229335,1.09055978421072,0.486644743885922,1.01220807820015,0,0.695074648171752,6.62993161214221,1.91844385722189,2.56160875408373,3.931532389318,1.81433784608225,0.756725640915863,0.266980249448154,0.0937955201139405,1.76607284104927,1.99430553215847,1.76214354845379,0.490185201352158,0.616018380058992,0.847980784098572,0.873135575241309,2.00298188157226,4.62922252254167,0.942902398137261,3.54294737104413,0
0.836922629638134,0.100011816019178,1.19499787474791,1.54832554719178,3.05046328490695,2.82403608050607,2.03485856469783,1.14989801776493,0.745822355759504,0.395560758861342,2.46410213334789,2.94745717174545,3.47477945014122,4.26098078435647,0.692083415200744,0.66136671263551,1.59271123056872,0.170685622050308,0.549093231513213,2.35165228113506,0.881734575671326,3.95883176569603,0.335888449760772,0.863545875179162,0.528320041447254,1.57601429113232,1.07327225181427,1.72578836880601,2.43633745381593,0.240680818917517
3.39462522353303,0.560544750841318,2.81386892019597,4.28588162955801,3.18091939696566,3.50011849113242,1.84095945092796,0.41021750748566,1.33775359101177,1.34480215608031,8.53144935902281,1.23559802779938,0.458516736358776,6.6916857298303,1.06799077330544,1.93481786342306,2.8388834216385,0.0487050652628592,0.477945619290606,3.30655119169974,1.29561364495171,33.6294662005655,0,0.640355149636009,0.655886338314736,2.56073766904248,1.17595370023792,2.12165759539117,2.60040010813914,2.16009112746681
2.80191210039869,1.93290891975639,4.46528634248309,0.0911926956619864,0.787093907250096,1.37950801139086,0.299515108834706,1.02418540060189,0.102143359461894,0.618699874664225,4.87325000244781,0.903309509649429,2.61561874935279,0.930775978588736,0.259657202636608,0.96284414198959,0.81182352409978,0.725137943476008,0.488274348135739,0.451210233539776,0.259596694550723,11.4646045418094,0.591113500330762,0.622973709641864,0.717276151055029,2.37541045773565,0.548759134108311,2.91229918076157,1.32455405471059,2.87634726817724
1.44575559584277,1.02474618047589,1.35696294923317,0.819725961100283,0.488272061937079,1.29382622059598,0.0334239960636588,0.173424712104414,0.957750631604039,1.0838716635082,0.571691030976581,0.192980002640253,0.0129234068432691,0.936197261255842,1.26744688204279,1.80318740212777,0.964215051607832,1.75770803601567,1.11088849330091,0.718857487096987,2.07530489115326,1.56849137557356,0,1.01760412055921,0.514243908937683,1.17104833788688,0.868153674847215,0.611859623099472,0.770440325842754,0.397556318621254
0.646146029332722,1.26267883497321,1.42467806436673,0.716733941538833,1.27773216364528,1.27981604822547,1.70383148943907,0.865468577365771,1.35789809541665,1.19754931531279,0.171081058725686,0.353882935482302,1.01209186161158,4.08312604053361,1.53427544319945,1.02471031208049,1.44354585216515,0.666864034118731,0.689361031627172,3.27921193601024,0.546630199786786,1.96921526859114,0.168590189180531,0.984122513296296,1.08613845310663,0.87497743505219,0.804270304214626,0.505385341907309,3.77889144567336,0.465266403991449
4.21833536777079,1.92621677123343,0.012639232870149,2.53158690139013,0.894269818889016,1.4756898529585,1.26891606267356,0.0291861766199926,3.74302512609589,0.410062530109183,0.0836806066193924,1.20690229149005,2.04346334955167,0.869243082462121,0.711964834436295,1.29993032447901,0.977951456297646,1.26064963328412,0.606907207918454,1.73501507624388,0.53263521505789,1.18539957641896,0.181100047717832,0.938159618330699,0.72508367851477,0.397003945090162,2.64133498468298,0.547348263189745,1.84834410007581,0.974507075319577
0.964381144492528,1.20697393335282,5.50482143164667,0.266219027663137,0.76651357319043,1.07035185494494,0.0212015756009084,0.791245512969523,0,1.1513652994059,5.6985019647766,0.739558642309754,1.00727397678212,0.854887525896802,0.303810324589717,1.04582694660675,4.45137002359932,0.536191088390085,0.402148501057166,0.0726843769471515,0.189323137419349,11.9928323870659,0.122948982027344,0.898644151355025,0.581002368422106,1.75102813442002,0.537037715122759,2.18045202170867,0.834081012412489,0.484642413715983
1.85691560247215,1.77296795497999,3.36149445590337,1.55713356903969,1.90102704091166,4.05043535100276,2.28520116481584,0.930483351409344,0.89097867331977,1.62573291345962,1.37649902724843,1.91076892811863,3.02967318057678,3.13815807724788,2.19373562744583,1.4994441452579,2.16836667586537,1.85882825164122,2.03086934121393,2.47451627861568,1.86256208323871,1.68673821513123,0,1.05894173153426,0.420601576217822,1.04463178817381,0.68252020124794,0.165126794812157,1.64270535506662,0.288072819902208
1.7183568667612,1.1873564110563,4.97814693407246,0.158662275170608,0.759326732600173,1.16585375781173,0.196516996546278,0.557377839787914,0.185784425790718,1.10757578119166,5.46094750743907,0.73052318446982,1.97777197311746,0.954113252402865,0.243602707261587,1.48970670531795,3.5721749549688,1.43895523824345,0.486751094754075,0.359919926191332,0.0360469485128428,4.37906151369394,0.148205111542985,1.14014659714797,0.932424608740992,2.11352043645121,0.491610424896799,2.41232376739479,0.859386376066018,0.262825490724448
1.9142722248208,0.237372921565137,2.81737783555481,0.429553667837199,2.11001676071997,0.470650423500849,0.377185505380483,1.134802207124,0.71207629572498,0.229533576802498,0.939215813874541,3.10435857000861,0.885609073540956,1.6071092193594,2.24823314924507,0.0355310346718589,0,1.01863756488223,2.15585683303537,0.599551226816562,1.34804385864064,2.42653448972667,0.379576915829037,1.06719059756184,0.256898672383661,1.26034048420645,2.81202256502497,0.155338918129209,0.883032534037604,0.392544990968139
0.163419396038714,1.05901895459335,6.46227300088368,0.628528880740538,0.746540736186904,1.91462926353371,0.127739270815266,0.710045727876987,1.16420003321386,0.670741123554686,4.37364317871276,0.77616814289732,1.51512003716966,0.788776355457341,0.28480512374133,1.40206573766995,0.830456534709522,1.50992132498376,0.605288939541176,0.355502589158612,0.0980786677157789,7.66374325341921,0,0.344070786679463,0.362390592570437,0.743448263191345,1.32039743609406,3.90624555466877,3.26826841803438,0.531433820550898
2.11895036739155,1.03179538834706,0.590404929229416,3.05246125151122,1.04458014838238,1.47961200853886,1.68350391626509,0.369380516325135,0.681803116453502,1.18217221599663,0.164222729403535,1.73452708300547,1.49643193349376,0.666103441543185,0.73824421680707,0.782342239644861,2.84052488876505,1.49647924145933,0.0074579393007294,1.76976902399595,1.63693113570628,0,0.320707035474362,1.06702436184903,0.235432900587014,1.02247986116465,0.257379018614582,0.866416265037215,0.633834826752406,0.167490663277796
3.27405397879255,0.270358722917103,0.828493882471687,0.430136640112181,1.42574247183488,1.67215555232345,1.0838124411782,0.766340197812567,0.596637519270435,0.951471188736037,0.448798267725155,1.90114679527541,0.782022664905697,2.3826857812421,1.55476560013826,0.345062746224142,1.59282959418935,0.74471366913517,0.354458050937639,2.97756665095047,0.929588191579256,3.05787848842491,0,0.00466431306111452,0.448598799716496,0.432009344436112,0.750463315156238,2.16581701165648,1.19063086803741,0.0274419085320185
4.79033104075823,0.957853764796434,3.67916554380462,0.464213875981141,3.29689051941859,0.291344087430984,0.141908690324936,0.656979169355486,0.730082795938768,1.34186909036346,0,2.20621581414798,0.57368780129589,0.0767736455001439,2.2504434764566,1.02826784866896,0.554712299334942,0.599669839989505,2.60922778202366,0.756913916805076,1.59751423862777,3.00235042353716,0.0416833579070152,0.0517636964313185,0.459568440244239,1.19321938900689,0.43423062028135,1.51927427291335,0.218881171010692,0.00297561458670347
4.11779665436412,0.630719049719485,1.4257546078844,0.936572141773501,4.17523112423094,2.62225836636663,1.97756353267791,0.735362962637364,0.160428564258291,1.43214895891577,0,0.702956370902718,1.19219680748018,0.521383077562448,2.28228137380267,1.44666687724066,1.00763986281114,0.67913235248772,0.671881517769252,2.13803776267219,2.41911826076288,0.264632727629829,0.0246405548475004,0.23016827426062,0.828413636277611,1.37111995662954,0.701070758738256,0.406053352383836,1.74249643171309,1.9482363343683
1.64595056503681,0.702050489650771,2.48211195470849,0.400968137153061,1.1971980593806,1.79894133293645,0.177649904407367,1.6848679738103,0.414004764713278,1.50784384258642,1.31585442273303,0.668608531688868,1.21437676318634,0.494546779977242,0.353665569873251,0.177891928160709,0.856806794109454,0.614589719833818,0.454899442413539,0.582732206009044,1.01829761450167,1.40731356599695,0.321347335724237,0.152204018678357,0.946025148557872,0.346589531000053,0.943205306872898,0.46074616597571,1.50824829470766,0.050699795629405
7.78702202966455,0.551511763087533,2.20015786066845,0.981201805391998,2.27457160293449,2.691542462917,2.23858164928719,1.5739929679892,0.798338522250544,1.66621175835159,0,1.35100523841089,1.9785714944808,0.390928490682148,2.26394092707168,0.357862384918292,1.16095957621709,0.0850768249492008,0.229212331615078,1.73805107594614,2.37817940240812,6.15613043966837,0,0.0295614274448376,0.871052914272982,0.4709996203034,0.820998310686985,2.15218739760357,1.316584886679,0
5.10676602239192,0.831802719008504,3.5674730880683,1.1536991818538,4.04237794719178,2.10816297068342,1.46090341016311,2.09349858703634,0.16931012788569,1.60827652459117,0,2.60903173474477,0.697948396658976,0.273736872010612,2.39837301444949,1.16404605990571,0.787848647631849,1.93303486504347,1.83784708488109,1.19101054845624,2.58870797271773,0.26486041552308,0.150320258734963,0.0398761426805462,0.77177155287117,0.421717149210753,0.642336543474784,0.689147965804902,0.857003905495398,0
2.96353179197237,0.301471661813899,5.03114039793689,0.246034048859064,1.19044724806027,0.390030362503247,1.22720630923906,1.44416268499199,0.376726660754651,1.11562503280722,0.753575808802639,0.246609608418342,0.311133325207019,0.457492397605281,0.386640743638326,0.535725567698946,0.695721093201208,0.67622077449493,0.363556545174191,2.80255816023153,0.248368121975648,1.55724191951426,0.919657466110659,0.00808675422250595,1.66582783850319,0.879432057747603,0.735003650274092,1.07129812556559,1.7529866444482,0
1.75308050967253,0.334683642438772,4.01849161741326,1.26663250507197,3.58451709142922,2.70421828665369,1.46330556516372,1.45681799646306,0.841140698453798,1.72544290897543,0,2.86770449072655,0.956279225233171,0.430746538406215,0.994933059432981,1.0651994433235,1.37555249866246,1.48991281403661,0.380679697234204,1.47575733761695,2.52950279358666,2.54898184105092,0,0.48706984617999,1.40355958105022,0.880918410792569,1.1377970929381,1.2294572038054,0.764745883701154,0
2.54425032162443,0.839872957339313,0.0310086416031629,0.778933989724181,0.153276968460035,0.052452898571413,0.00491768601573991,1.00492697164073,2.97038232426909,0,0.449382376132355,0.370439141110803,1.81113628599707,0.360457312782206,1.28765243304887,0.779025929338939,0.605965399606821,1.43894426532687,0.460542678219825,1.17909144600085,2.13872553359142,1.99075241300917,0,1.4863153067205,0.78754473778362,0.847382974624591,0.15381951289527,1.46315140224901,0.0210317577003119,0
0.420832627133254,1.01939885690283,4.29576885557916,0.478564017800696,3.14938539875467,0.40820376832553,0.196728096607171,0.341414516481077,0.138556614342116,1.1316549570669,1.40698979818082,3.11841167396303,1.47208815999121,0.276615550580297,0.912947436122213,1.07814894843508,0.578942791739177,0.69034030841424,1.93430394235964,0.760456286593402,3.20440614451423,1.36920562060249,0,0.0066836087527114,0.708482017126266,0.817909505831186,1.62341124347365,1.32736669617037,0.362201662886022,0
1.31499469280184,0.639674142837244,4.12228623430848,0.812332469927653,2.65472914698973,0.066460017020987,0.576724580162249,0.142871126402335,0.150069089254583,0.0209764234421003,0,2.85242801063169,0.291370753989933,0.742377539546792,1.33342346627375,0.914700163689811,0.324263887400707,2.33736089210602,1.50623287434367,0.745887085982844,0.562965616711617,0.276352296844908,0,0.0487248612437115,0.592312007782657,0.55033796400365,0.694477198900875,0.947559970997805,0.862630334221028,0
1.27951359110162,1.14636912035899,0.076199915011867,0.581027002258782,0.11731889199112,0.245858560000154,0.410690069502743,0.0998510572500241,0.616165775511296,0.885253833936427,1.34561593747302,2.27180306188098,2.04656540609504,1.70503285774078,1.06999822081379,1.45832907477302,0.940194586341634,0.0378904033563712,0.699850732683859,1.76355009192074,1.74947528110425,2.23766104083185,0.0401915901054963,1.52910422867657,0.956627481566274,0.709669059690136,0.292484537968753,1.01663676563605,0.476467067722654,0
0.342735679469346,0.300865657702104,1.27584682649649,1.27863021825419,1.13446268066988,0.761356558441499,1.05949610005728,0.332891756442715,0.717178697821762,0.558221301696919,1.92442852588692,2.26485945675619,0.260025020826725,0.640021794484991,0.186915512017198,0.518234591103349,1.31126625625924,1.51601452390716,0.662087470327642,0.869616119209709,1.65292827021006,4.02392872679922,0.984010030336545,0.0747643195156794,1.0242466668396,0.537945234892862,0.700802960184001,1.05887636561102,0.804965779808852,0
1.34271021058545,0.427425100441169,2.80837896105451,0.581685906022831,4.00669868131315,0.695066669558722,0.389897872890942,0.702650102435235,0.23720124542146,1.32865693118868,0,0.338705447252805,0.846805142758693,0.357105111004112,1.15847470293047,0.312250390820101,4.92489598776283,0.259826753850043,0.431154515534691,2.42962040842236,2.83172264924611,1.88556731015176,0,1.6046123491388,1.51554219212463,1.06228837715963,1.43750118998041,0.471672284174108,1.54073961479025,0
2.3475849131675,0.668303482522494,0.456264152599953,0.419149259417701,2.70664895763869,1.03712594083392,0.226856195991004,0.419727337060113,0.149160626153208,1.45896723646535,0.578995002091849,2.0926415630179,0.226984484026764,1.2530506574468,0.310234353861531,0.456714257806323,2.86283454264321,0.275887040052158,0.588937190264152,1.18526997445352,3.43214058585701,0.851205248808508,0,0.529967162721459,1.00868177328661,0.735727504016687,0.858374154499348,0.925346061885046,0.785806588374461,0
0.272180909475849,0.640498497292083,0.550562731199841,0.433940666157465,2.37092266783288,0.90279717325779,1.13828129559632,0.262876462143886,0.000134068907173678,1.16866905918682,2.29287385802862,2.2767700917179,0.79342143638925,1.37125890251603,0.736254914918155,0.623877391117906,0.438120299964965,1.2986482205262,0.477432247458268,1.87569342711186,2.47053318469277,0.080254055411212,1.58670856075938,1.83356931161796,1.19828074299258,0.786105829313634,0.0406798193902363,0.337770099541241,1.01749948555791,0
0.23929256197342,0.202187178683057,1.70309173210272,0.567762570758298,1.44151310116166,0.806310378395523,0.364007578476038,1.73131527715229,0.763235176001319,0.699821819120797,2.13339474333706,1.6357726649744,1.57930896794564,1.98009170652306,0.511202637928867,0.805314343616175,0.18491461979325,1.65756684785026,1.50357720971703,1.79713007755256,3.45853190265882,1.12485594127892,0,0.475849701640691,0.652824168217518,1.06721510931717,0.464622209440771,1.08497582888523,0.507966989146268,1.07408062978257
0.280325892988054,0.667652606714464,2.28873811822473,0.725292888042272,2.98533764560315,0.930358181093991,0.674423377673089,1.79039685949504,0.24771315305182,1.63392406070518,2.43390518658174,2.46000579233533,0.893816646830625,0.965747344201577,0.624907550100487,0.430180695088803,0.569053660611969,0.482865665571954,0.604557327132203,1.90698470213708,3.01693707455956,1.7698450935287,2.60536833658139,1.20601443046668,1.49026452612526,1.14386723641734,0.41010040536016,1.09236358984709,0.477560425362248,0
0.526672961317971,0.563593982300242,2.88327510533707,0.796847961491937,3.04380515204329,0.903875069079085,0.951912778077756,1.83603420709383,0.282894585521183,1.22783548962798,2.33878526767489,2.06995570259993,0.984831181467216,1.06405411072261,0.770969287050894,0.5891030659004,0.0570422428964152,0.554669917369346,0.507463275860727,1.80571335819015,2.16657362980143,0.427210036925644,0,1.24951711821711,1.29469109693796,0.998958974249369,0.662999437394391,0.250076872372334,0.773038041013516,0
2.22091891358222,2.25963084393162,0.730795522545807,0.330286380866424,0.00781623870656489,2.70721555294649,0.734680173656891,0.428452797714022,1.19764923975022,0.181127449313172,1.03588599597443,0.167549479648268,0.962330745692571,0.690476561982014,1.07505019200458,2.00772853330533,2.11833763471516,5.2509057257854,0.473045668141643,0.718991158103015,0.942992809171494,3.13972874288822,0.934761165882952,0.993844256106519,0.579274832438528,0.981094518755602,0.436058228602357,1.2210832943914,0.772733013593798,0
0.0297139641750427,0.621913975895232,2.75689030610214,0.621082413529992,2.87882468005883,0.604443839604474,0.539760110716168,1.65730351499123,0.162461763975888,1.61064040402824,0.925569633731494,3.59631583356125,0.997426002173633,2.93446538214299,1.21260156458093,0.457951444729484,0.0873933343575213,0.648885808503592,0.546064010332328,3.03372960270288,1.77683927034762,1.98178774631509,1.68587057350428,1.26891793079024,1.27160813641032,0.343036790475398,0.869806395399365,0.725603570545891,0.402403593374518,0
2.26303870872471,0.0132351083969858,0.376470622580194,1.87984021661051,1.41658022249454,0.782414801632026,1.11797567983658,0.52116027973036,0.0296813953858925,1.34645309924741,0.18880890338947,0.616388222264764,1.11208566211297,1.66283642150559,0.747651733205513,1.23268838825786,0.0353809715404795,1.24436477409381,0.551975159633417,0.724135634396409,0.548444807731932,0.986891824782297,0.154431832249938,1.0127777047782,1.31203529984192,0.376281010908359,0.683933476359327,1.44389622160107,0.437753757599362,0
3.96632023876617,2.26212999935697,0.553233897210306,5.34043401134483,1.74097887602884,1.22554110154446,3.43459138423629,3.47407686131855,1.53733621845241,0.545919965246678,0.329563416011122,0.828586537688047,1.41083085415128,11.0645960524685,2.83664245403678,1.39345477523331,0.664626525687073,3.6315882667238,18.3580185497449,0.706681607805918,0.369573673273789,3.52764206684427,26.8752912267293,0.506304572161789,0.721263929833311,0.0146469746039701,1.4443532966066,10.4453106450585,5.52707621979961,0
2.18784554467256,0.823360239063096,0.9540243898271,0.526618545280626,2.43822131528808,0.748584486928168,0.719538779607748,1.81847136573732,0.112328236526366,0.745307280529963,1.45670305873205,1.41257691611062,0.290549799273694,2.13189635444108,1.57935210504238,0.596581326929832,0.0332648880131575,1.68168564325299,0.382386174305065,1.00088685089626,0.29800032818738,2.27120260990452,0.624169648595353,0.958759362161246,2.27828782975234,0.363719442983346,0.779271481028621,0.337236720243028,0.748779339751309,0
2.26750581279553,0.602427151497854,2.39199101309387,2.60659141293737,1.42418259860873,0.494540267104762,0.946888468813564,0.190609935489582,1.37390636363655,1.10191510882453,1.82420951420213,1.53964927322201,0.955988322131831,1.85912949478885,1.05435310060763,0.946691942543084,0.15672644945135,1.79155040194887,0.500439484818065,0.830337070724983,0.281622440196284,0.691432427449645,0.831024819728095,1.13066233959272,1.50216696393183,0.407308250806941,0.8558560677906,1.67626672208487,1.92020930852615,0
0.137947216507084,0.0770539992838378,0.441186341991207,1.83402293626746,1.67430334963894,0.91159192560062,1.2026087082144,0.54182159777012,0.620141983978206,1.13247149569016,0.257716013950215,0.000507259022866543,0.446939880711211,1.79654075643869,0.978174424414627,1.19544332555632,0.0472904764587253,1.54005927920201,0.419585031502618,0.826121041208465,0.321464359230217,1.33872401337897,0.125710382140791,1.04091716645765,1.75393351975359,0.470845571822119,0.611322630380965,1.01178229663033,0.00993769596973988,0
0.706511810442329,1.57373902011248,1.78769446939114,6.12732493082608,0.015929511425335,0.119913103952616,2.35835468336152,2.22135223780253,0.0576928839332945,0.488363834572476,0.438508858402767,1.10067901669971,1.88578438558521,0.0402757229658763,1.24706712395905,0.902625673488555,0.111016847229202,2.45763862735618,1.43658707533432,0.855710903594229,0.0484701273186666,0.489493644564984,0.894029083020148,1.36341684746342,0.686675255188887,0.342272382820271,0.0347863332069162,3.69504711224578,2.16414185118447,0
0.740573194634289,0.99523051571849,2.1253945829577,0.818838885046475,0.750538679495156,1.46734693035844,0.805857748344676,1.61773983969819,0.0604263426957933,0.0139039729081836,0.0884495880477608,0.192998726248395,0.355087690540679,0.840988338500692,1.52617903527392,0.844750242878784,0.525992088705465,1.86107352175513,0.7282380593734,0.674727691003696,2.68131962328949,1.76745238553789,0,1.13040096415903,1.77035748852705,1.03984029154816,1.05662672091124,1.0468842614717,0.20511580151791,0
0.033808699932214,0.16126351939658,0.681396606060723,1.65495547287404,1.93222323984499,0.432645579232879,1.08488474084235,0.00573858385113203,1.93612125937114,2.92547637177279,0.392459181353659,0.907101045714429,3.33974223572894,0.0911133159752781,1.22148737302894,0.0667597843942931,0.269855976509704,2.38239034908289,0.638035250217539,0.68950194583364,0.047923462825557,0.469263130805081,0,1.03460883772595,0.382815934379599,0.528626306701739,3.04388981041816,3.2266412552878,1.04438287804421,0
1.64367461999994,7.10793744870056,0.553586276792171,2.24559753263164,0.0116088355100142,0.541097971510205,2.54544370801395,1.27826013874176,0.0619377089111466,0.771423655597093,0.389977558430683,0.851055403275436,2.70986759582288,0.211022439671812,1.90724910692434,0.265711880424823,1.0422118725411,2.3233097227875,2.10560728257046,0.972640411736712,0.540364561808451,1.0973806607883,1.72005222113898,0.410668242191791,0.567951975642537,0.517610679544631,3.92999559630014,4.3948485115937,1.16895090438229,0
0.944801564779837,2.65504745848556,0.649601090447451,0.597596121707988,0.674897354679307,0.979553326860289,0.417951677882244,0.0476271598070043,0.742385898576278,0.135533958981163,1.71084237974892,3.24992728233243,1.23291408866686,1.01918021213045,1.34700586865698,0.344167504798533,0.850611961296156,2.29583137286583,0.533260433983976,1.56538952879505,1.18126490429944,1.29194225755187,0.430143348098177,1.3359312127239,2.04439246988341,1.15180505091969,0.526147865287545,0.473096065407102,0.161243045195647,0
0.234465158490576,1.80770896050181,0.143056971385461,0.225548084694186,0.961396612332981,0.175729713511249,0.164390659187004,0.427144848823718,0.790586508560879,1.84254357798338,1.41104200836448,0.144733031505123,2.77233589350419,1.20803534064544,1.63432984199156,2.0205926543458,0.644973920281468,2.94305132472145,1.00511827457291,1.44063357190268,0.0958878363604838,0.955733807501442,0,2.0700888461714,1.75011297439682,1.64174501955914,0.351287786087514,1.16833389785424,0.243420024008577,0
0.0310797826930735,0.791033402484008,0.607597598934319,1.67128390677184,1.24102554004932,0.795704007829728,1.30728750220085,0.912597408328726,0.0475542186448698,0.800474318917636,1.64610160779295,0.023547943241871,0.309169272150624,2.05435559724475,0.790197754157142,1.01120167916423,0.817818925940911,1.11204718769452,0.579395051507387,0.551848859612198,1.38362996909019,2.09428017264343,0.78520038428567,1.32927626200136,1.32339419867721,0.84731037878578,2.77011907530035,0.53431000303613,0.255085941785643,0
4.90098175386663,0.464612914401662,0.2757819961394,3.13270287785088,0.48362652951354,0.735720459736381,1.55635220804629,1.03988655010872,0.697011949250202,0.115374376050241,0.325983957370806,0.479138302588205,2.27484833710868,0.0210039966024784,0.320655665059157,0.113613037710838,0.0788382935704986,1.44237491046413,0.730166241580625,0.571081807230157,0.178568515029272,1.80490011891477,0.790325947537277,0.249812351047629,0.670869899032291,0.386990908376915,2.20234137248235,3.12297533810699,1.10056885886766,0.522838634039012
6.70521953276862,0.466658593160384,1.57420717971115,0.0720461030170698,0.611714693145277,0.119690685219225,0.0463732675138289,0.483288556341269,1.25411879413223,1.23212347489491,1.01839900626814,3.18744536715933,0.557926398149925,1.36187480089847,1.70344375527209,2.10987726873718,0.901853052566455,1.25415981755767,1.03269329457146,3.30259680275199,0.422517194027275,1.82832424133477,0.758279718185304,1.17716034607834,0.958228874015916,0.689339776957291,1.38898932869027,1.44806048469003,0.243212204639933,0
2.06240072394131,1.84744219350676,0.138887458993835,0.223564410185361,0.542733952818407,0.162640481497207,0.237820952984436,0.108908651833225,1.29240680329117,1.48440355631041,1.44981709987568,2.79483872603806,0.622797178364569,1.40497099150585,1.92023509268313,2.07993968925924,0.20005275293186,2.28301930817495,1.39214792351486,2.73888493558361,0.0242750219859043,1.79805165613894,0.752959931920288,0.680265632442102,0.429371646019812,0.976643948960341,0.60254104360745,0.221590822937507,0.155913274901166,0.151997063213935
0.977186105081711,0.213071946623392,0.303310204889642,0.443435372732482,0.388669605840011,0.805204589106096,0.565586698621109,0.504122584001294,0.62910192308413,1.39343467144956,1.63869812227697,0.313423529887422,0.807345465688093,1.85255736710251,0.655527845009146,0.329831083329718,0.836713765450332,0.418006957160388,0.249391700472047,0.471449598500625,0.866188795838657,1.74515661537051,1.60733287165982,1.26530312196058,0.46070444863521,1.52230795209242,2.82870562146113,1.22210604754403,0.254412082262856,0.662719045236165
0.653080380797551,0.635947994363497,1.01782363968779,0.90481214804636,0.138860453165238,0.867831665171507,0.627778457450194,0.296791088204491,0.638250283710229,1.13498810546714,1.66756225914265,0.532189935833269,3.31270102259888,1.72004369570831,0.573886321394349,0.291831999928793,0.615489534641116,0.932548810496113,0.0962923140497765,0.390603710045315,0.128038179871226,1.67073306111282,1.24368968177541,1.18465544959464,1.1641889449036,1.21653038944335,0.585579430431176,0.283101475150107,0.481040077005644,0.315201311722768
0,1.41249495240117,0.376468729223608,0.326060042445372,0.0622986193443001,0.548726224892555,0.240909068382786,0.291315269212689,1.12244424468249,1.71145716056922,0.089036860914806,1.56560097013415,0.456417649709696,1.53780782000968,1.94123290366437,2.51733261265254,0.619831314679151,2.57654150711167,1.27274120598496,2.75949015908631,0.317288214553476,2.21190285578941,0,1.02695236636005,1.54369459682246,0.473924387455694,1.06710436116656,1.24507777518726,1.27841323503322,0.115377574482647
0.0421328314316956,0.451615510327639,0.496166652252912,0.0396528554931208,0.312559319667215,0.674160968560066,0.164031830058387,0.264321215619246,0.514223231506951,1.6727887326276,0,0.459955087508944,0.947863859370656,1.75466091793739,0.567670834420345,0.305598914373673,0.667762695354943,0.562631337223059,0.288247950218593,0.359562196421716,1.00155506423417,2.71017254295635,0,1.16852353901106,1.72133318223577,0.500098446434631,1.76527592349794,0.398393333318467,1.12541766229102,0.334232123676605
0,0.369283292779785,0.271322593508641,1.61390925303579,0.496552976305469,0.371420629225041,1.84402504126276,0.795982158213793,0.59880882726859,0.0271367993678172,0,2.83622815418503,2.63392172729002,0.773725405597003,0.665796633150415,2.03136465257798,0.799724298178157,1.74706184398704,1.44526859385323,1.58316381618688,1.77586350716421,1.57444338949486,0.135687335824936,1.5338179762744,1.03889624753219,0.554185467411181,1.6239350904954,0.816718071833866,1.28914519767019,0
0,1.1704025355155,0.346674294607936,0.230793194221354,0,0.98048859100924,0.259873032149643,0.305470409884514,0.718572100401436,1.36874169337205,1.06239862738471,0.324713790258015,0.801344453314908,1.31543418156735,0.618931800951517,0.290121700048642,0.521982967762998,1.10453762237277,0.31795836075621,0.445246779056463,0.943548412538751,2.32434758584062,3.56080819601193,1.11385943087693,0.862701852828399,0.516466127697852,2.59348622432881,1.05211233842285,0.229959250773547,0
0,0.252587756516193,0.0562983088895993,2.61994801447602,0.488174954017872,1.32167647089007,1.43722367812573,0.745984908842799,0.501266897331679,1.86973928440885,0,1.58445557654873,5.23250902839474,1.65313519292688,0.412584197732568,0.0927511314045102,0.473952572403893,4.7600044057312,0.489243818483534,3.06169818221067,0.447494807179873,1.80346070267245,6.87656732831365,1.02036034500653,1.10754440263979,1.03611956868983,22.0797407045216,0.819371845420729,1.03519652257807,0
0,1.1938270541708,0.38324309605419,0.483547597403575,0.241727512029739,0.893721206858542,0.363103145447427,0.489968893969664,0.188722261229039,0.127088928535744,0.724937972959854,0.659632296030859,1.25089493275528,2.16238858503796,0.532005753932621,0.165552440141941,0.56524580678208,0.814575483921951,0.272946563557618,0.426056960224354,0.605637402355265,0.636003331282906,3.32523120026885,0.84067445650387,1.15027178394308,0.784134951235341,2.42514889429798,0.0928898724297732,1.34000868354934,0.0498607922698655
0.673147421404348,1.01657193016545,1.2345539962244,0.04833830371415,1.35712056673717,0.544858275279403,0.155931215746569,0.0441567813846747,0.924727338723578,0.377063956862542,0.352474708217847,0.256860206386001,1.14858943594197,0.110024037360272,1.55405603577604,1.62528765805674,0.626144044370015,0.332314847117175,0.726785715897691,1.15905386058866,0.302345654337808,3.57593865278844,2.18093442555782,0.903216753534916,0.974912569220181,0.832460638965665,1.28719234302433,1.75547037080481,1.42781226894983,0.00588777030658519
0,1.51346240683664,0.515690100476102,0.558894218266608,0.119704549815466,1.07706342809888,0.490213822788788,0.638416268636657,0.0317486007653004,2.99825331538186,0.461053176581229,0.713830372519032,0.889374003329548,1.08125774572947,0.275852116066727,0.141334344662514,0.851335865848205,0.672979839369297,0.519813899156336,0.409268615884764,0.960048137954289,0.671892329979937,1.92692033197224,1.02457128896254,0.985564200671939,0.782661050138434,2.60801278289248,0.229831751999699,1.5025813579566,0.0241813823420455
0.153713899071604,1.49667503844471,1.45284086940167,1.49179016713843,0.191265608291677,0.468935608504022,0.950574345430441,0.571115369901249,0.739507300283799,1.34811286865656,0,0.389485829879951,0.460678230857322,0.833202992552182,0.637645092929762,0.273917836377197,0.215497931354869,1.14274986366625,0.350352139820684,0.485137250260967,0.181735208358059,0.635076295136885,2.83631128838473,1.73948846442022,0.717469328535186,0.555424909338038,8.46309888266433,0.416698457459411,1.28823394728082,0
2.89769708727273,0.646890981254177,0.53531586743334,0.477406789473783,0.194572664765323,0.713564091038587,0.24205360549899,0.425344799475947,1.32560031064025,2.91271441295945,0,0.718015239429529,0.142154871622287,0.208400991467193,0.35386888905994,2.03232052024385,0.390785280229071,1.90939822172453,0.913725312214878,0.362833316938967,0.486601764562828,3.39023149432507,2.00507971038222,0.995050079100078,1.62544900043804,0,1.10939439000185,0.591145810376099,1.28410928252053,0.0839569010783823
0,0.544602064472126,0.0775636784807942,0.808173984127351,0.333023331257755,0.810547328839984,0.172544572257652,1.28760262458885,0.155437551768433,1.23492721953779,0,1.02288508740578,1.32039273467606,0.567107636709721,0.976198022780389,0.641570695437743,0.108454330424938,1.41681344256759,0.110441905514042,0.51959091577011,0.311819368407781,0.389977316550985,3.54019439695936,1.20312613236268,0.68224647725127,0,5.08034537839891,0.315732094125312,1.71593130141764,0
2.78109665594836,0.186295341161033,0.130682097904968,0.939950078430224,0.216794293616004,1.0836069073117,0.0805079532559798,0.947464142333887,0.16844487139109,0.75931832417671,2.18869897954225,0.643677315150221,1.13642922776194,0.319902087703646,0.909656426893528,0.959927608723143,0.246201421289561,2.04749182377081,0.372011270989531,2.6813468788114,0.409687673642331,0.378139448046416,3.62589157576027,1.500709671498,0.312082876423184,0.274648357145295,9.95753725465903,0.579486502843676,1.83893788134415,0
4.76424683019629,0.496181373676045,0.569135182312886,1.10493779734838,0.667293246136764,0.700413080908927,1.02785545948129,1.01741820668488,1.15051210548903,2.85062103445031,1.41834396198351,1.90575004740277,0.410490800084798,0.351593822424555,0.883212490334687,0.59608658173458,0.606447387497728,0.785992664974278,1.20835311328249,0.339628450320345,0.683772169438446,2.49730963676837,0.833383280740416,1.00589994095077,0.579720237827706,0.964672743316127,2.78297205074775,0.581445184550376,0.324235257126439,0.0712621202686225
0,0.374692544367681,0.160530936107282,1.07882396163722,1.82183331857802,2.35651821254314,1.05687878416227,0.723850860373202,1.11590500339789,1.03511448310481,1.96319547610101,3.05102145498529,3.2799092427708,1.57338362360003,1.83344905016037,1.13716192903562,0.484518811805284,0.670992676073144,1.29161983114778,2.51489735433033,1.16956106777723,2.19604556655636,0.100310761724332,0.966909668435123,1.61440178190876,0.490092335346634,1.71027553053914,1.32793877153467,0.811926466231058,0.156785407427253
0.322396958998468,0.411362088387309,1.24239500206942,0.575587973842429,0.145693339987364,2.06612074264738,1.14209819587565,0.366206362746812,0.681094174266984,4.62004201444569,1.33970441532633,0.368878333233145,1.24812973520316,2.10809022501403,2.39086078112098,1.82354116866347,0,4.23991128169799,0.596571566074849,1.94322311024153,0.738444239585307,0.261581553802081,1.62525611131526,1.46328673530073,0.96164778656623,0.178858102854009,1.85943124641826,0.468635307899832,1.28631770718743,0.00803549953362498
0,0.809845100450705,0.0731016927464056,1.47454184325896,0.44637455650021,1.18024004091675,1.31194972260768,1.21919012781681,0.24392006013957,0.102353796959209,0.195768864350648,0.986992307229045,0.255415395273029,1.00781700176527,0.796024677076548,0.318897176828293,0,1.35549403303304,0.409139194371576,0.498397628088481,0.379577715952228,0.396326343024207,0,1.54802960589125,1.45614613364371,1.38158310268827,3.03376726612328,0.322309393149261,0.778984968793071,0
0.170395944392029,3.33061930653288,0.859291288366943,0.954044776114787,0.402267997655218,1.00853768712852,0.679013798786009,0.985115499190855,0.24282218152041,1.34936118611872,0.256684000053129,1.97305421524769,0.459894289172324,0.576813402477405,0.173309104395316,0.521047668117893,0.433775461234186,0.914098307119063,0.503580315666188,0.501199106405277,1.02302501897316,0.700090888759977,1.7433995484561,1.30215800349736,1.51946604941373,0.557326533411331,1.27211437380139,0.714017388631143,0.985496777037093,0.0166999873988738
0.00702583926243509,1.33069728924919,0.315199237887214,0.989546841797312,0.48586968397509,1.32445398649839,1.42808012191301,1.47109930769247,0.282822112020824,0.602886665747633,2.55225028704765,0.320138497270488,1.1353695289326,0.00888163011514359,0.319421623501194,1.04623800804462,0.775739145270653,11.2893676684482,0.290643599549111,5.41303333767934,0.0678854989169002,0.216122200003831,0.0571080915372033,1.61136690866694,0.699241233566399,1.06791470732252,3.56680064542176,0.457473633518579,1.11513611844716,0
2.02512959822358,1.84885680802424,1.23802137860408,0.865927527610796,0.863539155231815,0.320939909113728,0.520141301383713,0.956066858119515,0.289160550709291,1.9266387669268,1.27333424391618,2.11949908395045,0.0773081394045785,0.58907652573888,0.392114130502687,0.0668443144203596,0.319869357634827,1.08027845069111,1.2123645437666,0.506757230221451,0.987117585552155,0.253066099624412,0,2.1320927209844,1.25279255869991,0.173406851597332,1.03140146934717,0.710174926868497,1.20436070971373,0.0468582823702671
3.5710041776244,0.100784843340721,1.46565821233342,2.27725770560144,3.02911370254466,0.111185705094907,0.0292564502273309,1.7656781539679,1.75993608365817,0.616300700446046,2.25927645826111,13.9452645233563,2.28473970409992,2.30831983967849,0.357468189623844,1.13612887896708,0.958877242562752,4.67285090784724,0.785369834511196,13.3342413973167,0.644242416483246,5.37041194772157,2.84222266634696,3.0195119384998,0.923114590515553,3.06564273845405,39.6679729650375,0.452177179106701,0.735000683189504,0.0662516456526998
7.70253288179794,2.1733872263621,0.938724033062997,0.242579257553146,2.41872632644873,0.925067760249571,0.499183422622816,1.69678268445972,1.73381259868677,0.362659988449886,1.28472785366001,1.31833945406202,0.659452680707047,1.20226172972691,0.447299838004681,1.14785382949122,0.52214967941993,1.26472580204127,0.554341335935591,1.0964521135208,0.010194898183829,1.80028529554763,1.51716841450024,1.89017275809515,1.48637053202652,2.12192517221203,6.41752846221059,1.06427794564833,1.63932560311497,0.0616252946516099
0,2.950571901503,0.0517226736288892,0.798993968730202,0.407608922510685,1.69438792922359,0.533139093771367,0.611292572811754,0.185881197811998,0.0976895114318623,1.40624716248202,1.68256747370738,1.88530162457075,0.717796378410061,0.822206277932101,0.40321369957701,0.372215716328448,1.26626359755301,0.15483745254268,0.384199828474789,1.01264720581446,0.149411322599122,1.45056181804341,2.219165737156,0.202307465418896,2.20636546105802,7.84488689975989,0.916093423979082,1.52005906468429,0.853896051158568
1.38762078003117,0.777606907640223,0.550425814984521,0.54728227530901,0.0418199652029428,0.707667629374259,1.00471873431195,1.08499907750073,0.284131632106731,1.77581440005505,0.390586626459676,0.631251145612629,1.23123659584459,2.20835341832266,2.50265744488515,1.22323128905134,0.780315942740097,3.982276184061,0.828677065910917,1.70473625831157,1.09418568361573,1.62371289082822,0.91791883474461,2.28128247788209,0.310178475141133,3.37082353753148,0.198860457850201,1.30521718242537,0.137852452901428,0
4.28026767402574,0.0654743668996263,1.22234664065417,1.12544070727787,0.0391319871626313,1.76591184261193,1.20567587885522,1.09288122634367,0.375017324884609,1.77038693774443,0.202780452644103,1.34390168861321,0.775580676758664,0.734089466028833,0.322860239471497,0.53087850740338,0.370786704322746,0.786609310344208,0.10226412440986,0.421518559319626,0.971158886612105,3.89603846949555,0.725100930013271,1.00234325424294,1.18242332239232,1.41831942486919,0.263405190282086,0.592228910229203,2.29797716303085,0
3.27325405296501,0.53718303824734,0.128249174214387,1.68270596958168,0.252306071909411,0.0639683242733949,1.10154410186376,1.47631881580976,1.58469287425511,0.87140872282773,2.22443095004275,0.693411817700264,0.368043183768216,1.06693527773042,1.18476875476723,0.71263945855023,0.620621638061933,1.57301985563199,0.117316731703885,0.671876642354381,0.558036875566809,0.182249259599515,0.622392120033763,1.94541768037545,0.37037258283297,2.86227318869168,4.25614117968451,0.411531775786956,2.38368126764028,0
4.5123315473833,0.419815289887209,2.11509956567466,0.965369790918575,1.00025453373762,0.211041585187138,0.156646900138893,1.67189934020901,1.00667754657006,0.866209675850022,1.99749615123653,0.26248956266857,0.396851204046523,1.63811575546941,0.383479030874052,1.11815696904723,0,1.80270986609905,0.445080492076706,0.90569622812223,0.245179046227175,0.111505056989103,0.425213817556905,1.97239865120507,1.23421359960539,2.42469911957425,8.53801484422533,0.200046430811507,2.29979475474663,0.250557825396525
0.370960113133006,1.32710347022129,1.29571096693065,1.90459258090279,0.123315228962329,2.14781370637247,1.62333449509208,0.899774410156414,0.899665627518323,2.70243668780797,1.968818454693,1.7768063641566,1.64767434357444,0.416920874468782,0.0142462154232891,0.783135676841657,0.038045087741906,1.14038104987938,0.10570092235291,0.397156711324769,0.56142705708386,3.58771708370479,0,0.958444603430679,1.0098806276138,4.4041153428493,0.712165961403345,0.812498125187446,2.36148156580692,0
0.495005917005296,1.16417568508246,0.0240489927270079,0.888123146260889,2.02219453281219,0.914209207554174,0.574686413427477,1.82709591293937,1.01035573885429,0.558006782681242,2.34312670346045,1.66080675342469,0.300227968674741,2.50423221532746,0.517556459755667,1.0357070984666,1.20627957843822,3.52371965798055,0.0572301570503262,1.27387115178192,0.771089010864314,0.405427238222251,0.529491671498687,1.08232960774869,1.19075993138437,2.61792261498528,5.69058160706178,0.963488714220101,2.50359615748085,0.352342073844716
0.490487500352285,1.11162142942224,1.0136813339077,0.893514651375251,0.67259076632468,1.48686304325559,0.588819332017209,0.136535679762377,0.378937277078701,0.0123185615217941,0.0684106520152801,2.39012512386471,0.354642768071358,0.233029078389801,0.675388169338819,0.698227402853159,0.792838293830976,1.55784224900984,1.47572126840739,0.54392641137242,0.577773396859004,3.44653123740524,0.207382093956937,0.598891972969931,0.862513801807401,3.0441858981309,1.84865554130008,0.84328025451723,1.9140188697037,0
1.35906466358014,0.324036656940478,0.598428028012931,0.700248755584725,0.648500973900767,3.68793019831346,0.253651386928826,2.30880575790382,0.197876479136244,0.917526098949453,0.418477914028043,0.227327853200862,0.0703651039968704,1.32921485821767,1.14395306168734,0.0621721583577096,1.98135179615297,1.52361299817712,2.6474872327723,1.0724314933058,0.264403648921846,1.56598237428057,0.327383935978841,0.75645881074187,0.890265425833976,0.290076231987419,2.50243122795169,1.21268977142015,4.07789804858433,2.13168113530353
1.96658454411076,1.55094176869314,0.110301918718206,0.0852561477647585,0.285611740762337,0.891693423813669,0.393305862115604,0.189556018679066,0.408489571213135,3.73573597179065,1.55626473725768,1.12925832327414,0.0678264521896748,1.54715259725162,0.466267091423234,0.976631302031014,0.0210413322932673,1.02668189268427,0.973979234879219,2.09088862864486,0.921888372784909,2.27630530171089,0.262603051507188,1.28472252573679,0.848844450921903,3.26498965423066,1.55040871765747,0.310179336958284,2.74343905538453,1.25167373293346
0.852948269164257,0.182887765178699,0.470184195339983,0.410652030357233,2.00138634159103,0.830246467596438,0.684217230544149,1.89661201768212,0.953685652604835,0.20809434155742,1.54006096941296,6.23385242671416,0.0432242313207185,2.66915175108401,1.2677852965244,5.0420148096714,1.05927120285748,4.23592000404416,0.419423351095329,6.63547323033595,0.314076933619367,2.62189647159527,0.0115767023558295,0.992791678178411,0.843031365132134,3.50223217653214,1.47655897561353,1.02289358146143,2.11429075487238,1.12229529082544
2.71249264403445,0.0117408329255755,0,0.393388739143329,2.2233409193587,0.658701113949474,0.803089235110046,1.82986006439311,1.29065945511862,2.24353840360712,0.389824339464499,8.84820076697939,0.0448450035156518,5.2772237526172,0.992954619119371,2.57152212587725,1.62080527780234,1.06991929080753,2.20607658412547,7.77357078757286,1.16403456418969,2.12787138844757,0.00397465087771002,1.94809217533974,0.696582349318596,0.136717272797456,2.1968552924417,1.88739859286767,2.89155290046066,1.20037497924578
0.223608884989858,0.90714289878382,0.748095307341553,0.579942994042177,1.00303555844345,1.0359722388489,0.790564147305963,1.65621537858631,2.35440219052316,1.06012788605546,1.17632662861335,4.96697800112886,0.0609012411963353,1.84785542189929,1.06671247831634,1.41732881766452,1.85630624167137,1.59580708590153,1.71985100423938,1.83970535723144,0.854768425432425,3.24832715647562,0.0207616171039248,1.07158354895416,0.595970692397236,0.716798650721736,2.50565522616907,3.95302200452777,2.3167404969439,0.882640026999981
0.0933779334283876,0.0529917508613099,0.945115785713573,0.669145279303097,0.748372660993848,1.23205383510377,0.273236094849511,2.13340946416617,0.21582482486388,0.0593071414578921,0.303291653889504,2.59725923187844,0.76228721991623,2.41907186724707,0.921441862941941,0.940829955109122,1.6455234959784,1.59336057924322,0.224645605749711,1.67300276038014,0.33919847736212,0.425458900628554,0,0.5058372425846,0.608244763138839,2.58456109915166,1.90512616514943,2.65483679123868,2.7589247233447,0
0.593474742805699,0.242691542911345,1.58008440966747,0.43785772859523,0.00591894417090446,0.817428912301073,1.15142292712793,0.376167683137242,0.324239494060197,1.88731375261516,0.221077175658924,1.76318527580105,0.770082458193287,0.982971259780817,1.28156292672746,0.226751121861125,1.91480204911544,0.443076012966585,0.0598175424923093,1.36071964924218,1.3966614816926,1.78057993991323,0.0312772064332312,0.479149546861706,0.359017591299711,0.818792462473847,0.221442840918888,0.520057148016458,1.10248847248695,2.15267019920872
0.483014742302783,1.08782242966596,0.747085693480335,0.628618106024148,1.95662699192596,1.16604858334729,1.3065989863535,0.467304349778974,0.247627057116174,0.886516768083695,0.505448838725868,5.85943204782745,0.0138151595075418,2.13566292739254,0.650331325701157,0.0623386046154818,1.68877668865411,1.58793926458039,0.479894163751944,1.63432928023648,0.310043846560144,0.956214611217057,0,1.10206637986421,0.434680343388781,1.35697585830057,2.45330877358231,0.320442674944382,2.63804728661024,0
0.273072191139358,0.0253687360256284,0.236705476101134,0.6286194180811,2.05337357788272,0.753455872438367,0.87640227464436,0.122927058916804,0.329267978979857,0.36885598195536,2.29054383028711,2.83372280471428,0.248536668623625,1.2871983708907,0.302233006017684,1.04280088295819,0,1.45751677153572,1.95849330631712,0.544602962058555,0.544560081344699,3.30681448207725,0.00821292854867425,0.150536960677423,0.118789931316828,0.0868725161358836,2.21262303375324,0.00665690878119422,2.23962847600845,0
0.839339397203306,0.553937912484334,0,0.436460705187647,0.818078166841813,1.16891869409956,0.789461996470015,0.546805208859299,2.07783062539641,0.26216434077979,0.00322593303431716,1.58846897265969,1.27342374262101,1.50629861442486,1.43545998422414,1.48972171105409,0.21509674067004,5.26164692901826,0.0957498272214078,1.59226428945698,0.504761327094233,3.36219160079763,0.131190404945671,1.31081245996492,0.162139468912221,4.08365642971058,0.173953159269544,0.538970304675465,1.02243351212856,1.6242194903184
0.0374625806523878,0.68952664098427,0,1.02321956426701,1.57538699358611,1.14114165222805,1.30087131266162,1.03507038969045,1.89736079460635,1.71651491956075,0.104839676816184,0.37386509618432,0.823836740824763,1.09497674344649,1.4567766437458,1.415638215443,0,0.91505032176608,1.3778091564911,1.71235890499799,1.57815914818786,1.68423478564562,0.0487156810466874,1.06765120552225,0.393553561262434,0.574870103766906,1.38356678131326,0.568303551536902,0.266083114571284,0
0.0644380666854789,1.4487077544476,0,0.514885231383738,1.0456961690517,0.974257197956386,0.939407478124156,1.41482805672618,0.134574122212669,0.162813863872182,0.554909314774679,1.4822769500005,0.774701953270382,1.33867515189268,0.969117004139564,3.08139796234017,0,5.85539247610653,0.136248518853349,1.73287674580977,0.213592647491822,3.86185185613654,0.0134857758746534,0.981464873082308,0.556468704376988,4.53540467522278,0.522120034688971,0.165327790681423,0.285097522036042,0
0.0410931225204945,0.64917639379045,0.802150543296482,0.564918610697383,1.76829789980564,1.34075626063816,0.239370805308614,1.08826201677632,2.91240990220315,0.729303146526355,0.157278394059647,0.208517967127131,0,1.47452067256004,1.13356541816632,7.39781043283081,0.426563766447126,1.59921673463874,1.99889514755658,1.05519500093339,0.703327008050239,0.494027660692116,0.0546376534098128,1.51955365715553,0.508195427955996,0.198093288436209,2.76317727969214,0.396474214109608,0,1.47814090131659
3.33239616422528,0.593340149998158,0.0681215925395525,0.0137957820267562,1.79581166973361,0.716715888822352,0.451030049449526,2.51002053393655,0.0928262351415996,1.23669007299629,2.83686377941349,0.154529277508071,0.111620555307888,1.62444937991081,1.53221844129863,9.27466867864917,1.25218915848565,0.759842228144353,0.340185612286333,0.927084560983356,1.71670693083656,1.12112665238278,0.109545440146822,0.761849746438296,0.516412503370074,1.04549228536893,1.73742138650883,0.563782164025783,0.247763662328479,0
0.870451587824129,1.519429736381,0.591189230971338,2.49647330467031,6.31384828184914,1.99171659110638,2.13369870345362,1.60768628575035,4.72570735945278,2.13481413289752,1.20156025669741,3.62807257617753,0.248119956078338,3.69415425535769,4.55357775457273,15.7946937307486,0.176492386072796,6.76373295718738,3.26473879334743,4.23630665324264,2.66729143716318,1.79266782802465,0.0252497169140722,0.788860955511871,0.50235551507891,0.674510950168212,5.00216568831839,0.0119479134671228,1.71891252754346,0
0.0402176039361606,0.973910981266338,0.895304761438456,0.103528860839148,0.0596687115599815,2.60903665909551,0.946966613044501,1.7950066144247,0.897109096152289,2.00496984529421,2.57723556598359,2.90486153878425,0.206889937321116,1.38716122105801,2.32910209216837,11.3595653236306,0.700996184205922,2.21161442728454,0.494078256866069,1.201784385369,1.41510552975907,0.689020392295815,0,0.996575462751634,0.433273848025944,0.44992374071514,0.473424365427853,0.325728048081531,0.70473031842985,0
0.108812103761326,2.35428715703194,0.61243242746979,0.186239277645176,0.933835485868552,1.83432002351967,0.276981477471212,0.863967832266855,0.449663353838918,0.19882682078728,0.456092964687077,2.84171104097628,0.516491872059905,1.32483719116227,1.42224080893426,0.477067898460082,1.36781998816209,1.09397970966727,1.54582067431006,1.33872050325199,0.203827656425839,3.584411198759,0.00212502376536884,1.01783773761743,0.525637364769741,4.78276175699712,0.768406049029742,0.0173586997326501,0.680550509595173,1.17581130780989
2.51021048189709,2.5107166601202,0.171785798510003,0.467638437525407,1.11510225721523,0.33511868692105,1.39118321617413,1.39922213315084,0.252279691467514,0.170067247880463,0.62140888381633,0.386063011571026,1.24905055935124,1.15918192757367,1.01535328823716,1.60716384500477,1.52141606680292,1.94165606257919,1.68058478994533,1.21833594074559,0.617366096010774,1.26111541690595,0.0259330704144969,0.684788746253402,0.734682080535967,0.161138322670138,0.00689828219863441,0.713889841969014,1.85333951926318,0.513314454065369
2.42561056219999,2.61642678890873,0.883582504885707,0.587827647315137,0.509879020963858,1.52999459055878,0.226416680207767,0.972323195224534,0.595582961951819,3.36636185690003,3.12993226965576,0.231435274255339,0.422025831936679,1.32075315950523,1.08226618501953,0.651896299271424,0.30547480822405,1.49464777356786,2.24626539661297,1.07428717393793,0.703291494627109,0.514498742346422,0,1.18866131304143,0.635672509026512,0.216295276340123,2.34246252665341,0.359059997509713,0.209247533642256,0.973838615534718
3.31632002081645,0.31067936455357,1.12529290305961,0.841901477595304,1.30371314928015,0.554319775575058,1.42665382798203,0.832902617474741,0.319355445370332,0.340920523441147,0.978870937495463,0.105307061367494,0.760265352970083,0.834539402236549,0.631847775565651,0,1.61959749987097,1.04701920429894,0.156801979653291,0.563599175641367,0.545800162755522,0.0529655196165578,0.00285151605513464,1.32573061543735,0.523967179529496,1.32764604274066,2.50262076130871,1.06970582507108,0.941422080783339,0
0.0231858643433059,0.931423306375008,0.923076389695281,0.758278973607917,0.0633648201899556,2.26568673983914,0.848749148298764,1.10306870692446,1.36336197974248,0.710476579556836,0.866099201474583,4.72743888294732,1.14506361588369,0.76792842243883,1.46755409767645,8.20581603471975,0,3.17042503915526,0.365656261614914,1.68961925201097,0.402737351631218,0.495395763410214,0,1.69459164844593,0.458299632782354,4.07873258035789,0.0547262665391958,0.753084809408604,0.498986395330318,0.995413344403304
0.161713307473641,0.398881974764289,0.964815082003007,0.131193280190079,0.603941357185088,2.38081546516769,0.234058074703928,1.33486164502149,1.61800200952599,0.798451276120015,0.965574254921149,2.99821482124357,0.658442446690347,0.850102324701517,1.53615187787022,6.27996040828377,0.972305968478761,1.57984492348134,0.508913120990725,1.62659516979962,0.872807582187613,1.3770101310885,0,2.3129696553443,0.42453512320673,4.40209698953717,0.0325186448753326,0.142679393309815,0.259694962656381,1.27452194346311
0.293980671179665,1.09509076884008,0.0562745134357906,0.27127498706236,1.25943709306922,0.532674170493733,0.14464979473274,1.99656550282658,0.612055758953724,0.398525694538989,0.768235908236432,1.27858844540451,0.965207818166857,0.475864524054798,1.19323323785353,7.91575259587829,1.31044436781235,4.24829394345553,1.29142263864738,0.639163720169163,0.676383742754356,3.76105849674378,0,1.28117108650351,0.617853363924578,1.19201885331532,1.02103839876148,0.563326493137206,0.560695750495112,0.966068474004566
1.77509731164949,1.66278904579461,0.596871881356389,0.288974835605145,1.00288144747005,0.586304435541569,0.500302154231781,1.74403175528364,1.52823835425228,0.0543095529892969,0.780332853799254,1.69651611026751,0.761991223011883,1.74442221873836,1.89012476693725,2.1516169774192,0.0885464296159594,2.70008500772802,1.88269301126572,2.45771891893077,0.774676906371257,0.902681780706097,0,1.20662639944124,0.157878204024199,0.455217628966325,0,0.53541155324801,1.0818395027514,1.03434632058942
1.04860397753942,1.54281501407023,1.04435710378942,0.53402715263553,1.23828085191119,0.550945437264709,0.223786494593942,0.99703348846862,1.44340862546584,0.622732625201533,0.0623409854196787,0.00111938358444241,1.47594880571197,1.4015563222116,1.26354904077285,0.602814442787154,0.493419190399612,1.62517559771589,2.06389081781667,1.08772361647909,0.852783598028571,0.304063796818297,0,0.638234678135511,0.150905012931483,0.156102243594398,2.83519666527594,0.462493604103466,0.365439720146125,0.228126684497245
1.21986038284298,0.330009875336965,0.946943405751498,0.0703924414753819,2.05829740044686,4.37674993498736,0.51309915490336,1.85920411445309,0.0294734214828739,0.655148233756971,1.80235623785903,0.246791791654457,1.66366987445788,1.84176335821063,0.235903295806862,9.76745253850053,0.620543547693957,0.70006578522717,0.188646392446306,0.234876158460575,1.26044649890646,1.27008576362711,0,2.85520644269469,0.819477491944593,2.79309761066267,1.21372456428115,1.57733186611572,0.272704546083112,0.0643698050660707
2.52620095248473,2.02943327112865,1.60123472031108,1.61430708559724,0.959785417923165,2.01421011904036,1.37188040625157,1.1256727318233,0.435299690661512,0.966013112665166,0.316716823158108,1.60662242927369,0.177416072290349,0.57580340476187,1.23292515640212,2.89744507439281,0.269944822580502,0.104199933836774,0.404395366368324,1.16373795469235,1.34983048083096,2.8928184211331,0,1.95202684305756,0.606970974295969,2.51760716686832,1.36164017980149,0.246496475600381,1.0393469088443,0
0.00571141556773299,0.981328096464812,1.51109591778395,0.603897530252329,0.856764948765119,0.625576931597284,0.48918117769321,1.22150709641589,2.63471274750416,0.501339896390994,0.0284210589892604,1.56871893816437,0.0238142301068717,0.134272316900402,2.30765348546217,9.47835682301314,1.10598064126884,3.30388727648887,1.13291149226765,0.995782605953394,0.711853954595522,2.76266872679592,0,2.02326981573416,0.682478201534636,0.309094960581621,0.407878060526435,0.302274524562805,0.680109952830385,0
0.0562263974712941,0.44511292794113,1.49992878276122,0.330693367033765,0.748097133741373,1.09139175980575,0.132946657980908,0.832747474274028,1.02569630097437,0.602533783456462,0.640419520612937,1.34487396703368,0.111179064111979,2.32605971904788,2.06223839757156,9.29759983056965,0.0250016797235626,3.96306403609717,1.28643076103272,2.45521667522433,0.701626555004542,1.89195751300349,0,1.96581873547576,0.821394288218588,0.169226606456994,0.169512482836843,0.345592494981595,0.774269642058956,0.542941204657828
2.23171217797279,1.2287759247481,1.92833104716995,0.209074767533241,1.5212178818468,1.44820163310827,2.03245433453773,3.75877430572754,0.254297629332054,2.39733254053302,0.412248311895375,3.40989055270288,0.127014404090744,1.20001265629866,0.366334184039204,0.407978578382404,0,2.33616062302074,2.11906347603026,0.679813428913608,0.834167965309282,1.24917002243372,0,1.59209441461671,0.839271586501009,0.6461133407896,8.90598049379225,0.537706387425749,0.178215427844094,0.457157603801999
0.0408115681352688,0.677015572672718,2.07031788949891,0.0592337177871304,1.30968395839689,1.29139113290827,0.327217330165476,1.01290810121952,1.75290866350712,2.21973404934788,2.5366497978894,1.88600954726949,0.000492010740644947,1.54517482315094,1.63689498844918,0.485240009271699,0,0.77442777792277,0.279931476161241,1.53092824674305,1.04435928092361,1.94170861833449,0,2.42695192774966,0.0551959316421518,4.79335605784369,0.558726870398639,1.20098934956121,0.201944986610532,0
1.29862371914611,0.215716219875694,1.15278792112257,1.94352129632285,0.641827371409101,2.23276270261977,2.12994490144958,1.64934202683022,2.79065697264639,1.01805372470815,0.226167713718272,1.27922731920471,0.0707852367107723,0.00779320933650927,2.33674602742433,13.8288202589361,1.07692541510268,1.09765414766645,0.641492228240511,0.637764167634202,0.228277349835563,0.920778440697318,0,1.35186410696824,0.0204709818258481,2.11198498313361,0.541878466219482,0.0453102086300638,1.19221916414126,0.569226488057542
0.661396440414671,0.773386312012077,0.0818970099784756,0.392756113225979,1.87796139004548,1.44565066119928,0.268451987526755,0.945813382152114,1.25340283717211,0.853123926858536,0.285498899333999,0.966091908465679,0.00519479145771095,0.111243636758078,0.301858707463368,0.36799440394537,0.205289107786423,4.7529942454142,0.133473269225106,0.954716895937042,0.927949045555908,1.39251471034011,0,2.46353014425445,0.883909613597476,1.8547027234602,2.07541271869744,0.548621561237302,1.18692818142709,0
1.86975294829681,0.188216521421348,1.05992947551165,0.140237286284372,0.35528278467587,1.3582345776184,0.14296914197518,1.54351148809255,1.53686326458748,0.627820029508823,1.75081104089028,1.93224936338425,3.13739504913236,0.186958563806372,2.08533245957387,2.58840358095663,2.18606611116879,3.81548239423395,0.819637962155792,1.08868117517171,2.61093704211698,1.16447780763888,0,1.93699715809101,0.27874239638492,0.45379628264229,1.08323660136449,0.0988967996267578,0.821713924125747,0.371192236679528
1.78602309480505,0.166446779826974,1.8498529136882,0.374353512909081,1.27979387307591,2.36282845055246,0.814115423619595,2.06989933216947,0.37324970694114,0.829132238837551,0.853263620138034,1.37626319504188,1.37304941645001,0.167463759560711,1.59503822372913,7.55729616519682,1.61006646675045,0.368240008104698,0.479586671127153,0.717193953519341,1.01603700564474,2.63934747033555,0,3.45807787071706,0.40176206407851,2.8420923834468,1.03989678858919,1.52487355891221,0.925237439583185,0.441753941240534
0.265213245496933,7.506015195684,0.907529939723146,0.216457043936792,1.10543059487243,1.47549395806602,0.587334541398029,1.56531441673202,0.539707981635247,1.18911680402687,3.95325867298864,0.797208759940306,1.68185062452102,0.813150278547226,0.245993151648303,4.58887530761177,1.61537645060406,0.471519883219127,0.378887154714262,0.787990510247222,0.942060115425466,1.00183223889049,0,1.01282541601483,0.086204311345134,2.93532749747484,0.165865897570231,2.6660254382573,0.625419173672651,0
0.431400375060367,0.799150471589008,0.155367078056781,3.12981071087764,1.77335280365637,1.85613119489674,2.25732822387517,4.65774105590626,0.86735409870404,2.44178630546112,1.70622521799833,5.88232057990221,2.18122240122362,0.390308905229848,1.01413464078424,1.44675498014515,0.0750395500954149,0.850122842117685,1.56254310097797,0.571678941170922,1.7095430776595,29.3375865502706,0,2.30679207228758,0.126161187615792,3.24657830339444,7.46000151841886,4.34227202036502,0.00187839811688598,0.282208438628263
0.671909566920073,0.741807003409314,1.10941551216003,0.650359568411865,2.19764776473379,0.412711437473341,1.22098790273985,0.337291739227104,1.03573911627451,1.59279137100232,2.0183142943344,1.3798937243736,3.85231290675033,1.96330700532255,1.73648465779754,7.85305983475288,1.68969154870859,2.7954712097904,2.32044931182448,2.47780272224328,0.859777042428584,2.42851782809903,0,3.26577915135582,0.0293225125615708,0.243438544546474,1.02153671419926,3.5965218722808,0.297743131676799,0.424602548835561
0.70506106516948,1.30474230511153,0.0204217207613936,2.55140286120632,1.22560751231153,1.5410475375877,0.286269325979746,7.14983799213666,0.291427554737077,2.77731509967044,0.114594585211467,1.21537390205854,1.27009800591672,1.23904339389872,1.39515850670489,0.0722575006319386,0.171623535875146,1.07114795836511,0.532761038021761,0.827981808558264,0.62675880820419,9.32273488213918,0,3.08432823527866,0.373506670771324,1.74494581402821,2.29297507523687,4.83030005722429,0.336147048645076,0.139835191139798
1.19647331931308,1.3230575683507,2.23347505363119,1.42169664332825,1.65844006638598,2.4165279980392,2.04684610397372,1.63196657413222,1.68698587773819,1.70886936176744,0.522567311681028,2.88956185735606,2.34246426938034,2.17633893618909,2.01157809644635,11.6245423460864,0.202301741587745,2.53767833440013,0.964623888970339,1.98387312271203,0.149598673112991,3.76793143914609,0,2.66159013949296,1.7929710920654,0.896301374264708,0.494921291119641,1.88379665889859,0.292803431984025,0
1.50457317021239,0.247523338941882,1.03184926055393,1.64138994255207,1.19394369098953,4.71731743598986,4.34987093760842,2.00250256966691,0.447947004817308,0.263725856753385,0.42601665131036,0.894528603940619,0.699060787963322,2.30556154584584,2.92833917901056,9.93713900756685,0.930858332005121,0.51302533582159,0.982583617474945,1.73208792520527,1.39837674570917,20.4274490248113,0,0.593479213203051,0.314416177354503,3.41883323736588,0.662914981215527,4.58915677501662,0.246633569352521,0
1.53064464343461,0.189132423756434,0.0813742864269905,1.15141068630831,2.19946073844371,0.503113415812536,1.61074851465079,0.18439817517769,0.0237824121380451,1.0720225242091,2.26184715634542,1.60234049330024,1.33740526849647,0.418239776152258,0.328891771076455,1.7781392141915,0.318602982350482,0.433535901258652,0.590300468781497,0.236499704091223,0.605242007423778,3.77162560531794,0,2.35418477414572,1.50824738415298,0.243246381353896,0.486662676669,2.16064736819253,1.2780362031392,0.937104721546904
1.4016767014493,0.667707702369263,0.321017884569657,0.296809493288797,1.95021200290434,1.04376791157655,0.374674816005499,0.450402771590672,1.11868879805702,0.675031875748122,2.37422453774713,1.8169332393052,2.69447495057445,2.11551992624613,1.97137646749739,6.20832015752141,0.109761515438725,1.31744851186529,0.0798440303160936,1.8228826344176,0.588981740035583,1.19841078837814,0.434342195092222,2.09521710858167,1.92596509706031,1.02620048672228,0.657301078468511,1.93402556999736,0.327486929020347,0
0.854340533561862,1.04527805047033,0.853160723362347,0.869323650990946,1.9943296124383,0.453993627423739,1.05861441669506,0.278312849861005,0.788833608668054,0.402608015489727,2.05372101541324,0.336955637348403,3.49336278913757,1.50328981861469,0.100226843531397,2.84284867241687,0.851734303413817,2.08763526466506,1.25061590515968,0.899477204715396,0.567160064782636,4.72924293302851,0.935758881447423,0.900999311803031,1.39050902750881,0.604316340728437,0.711497378693034,1.90942357883471,0.461637251194526,0
3.98003783109528,0.867969499863262,0.00551278788885677,0.989513522841038,2.34967299553249,0.416038481065158,1.26171533163371,0.216864941927395,1.54687473511504,0.227165772945298,0.907539550737493,1.02712692789168,3.25171070207612,1.23911093008477,0.139995610675463,0.296930189370857,0.123365098104265,2.16283781276419,1.17390703444423,0.788050323235553,0.672062860371149,4.2995591722625,1.37910300694117,3.02416804561422,0.323149120940504,3.13783486871571,0.258094452869025,1.79373195007703,0.512162644651505,0.276956925722244
3.30809751149233,0.642354812316223,0.0941716807005546,1.29120429096001,0.492548438892627,0.00363684506904433,3.8538576326739,2.08130086893882,0.169127418164114,0.518614852432567,0.433867704851242,0.189836992585311,2.51322320491056,1.49502725564196,0.997895862104568,1.76355092661093,0.279261053018269,2.50909228053052,1.43006830119002,0.902483563593519,0.15936612543985,7.57112156864008,0.921004013590238,0.252514946793251,0.764202254223641,4.40605087953355,0.268473876299638,0.386397733274737,0.359340973584643,0
1.12028504661082,0.0227428347975655,3.04844216538632,0.916847239820983,1.66551889921095,0.165460381473065,5.30944851462937,3.61167181941477,0.152826115513383,0.57942748883636,0.355061390868523,0.136417969679828,2.6907835846473,5.61085575025035,1.33457831228856,1.59280234496051,0.397523022578609,0.912446859138686,1.40214033624321,1.36325251617926,0.269161686974046,5.63018280983389,0.00894958643226665,0.262361258688378,1.98051516593656,3.39872754461992,8.98005029912782,3.8922309643526,1.81659993899436,0
1.15542553454986,0.0893928261663307,1.7725361928587,1.00814700905985,1.43559888779293,2.32628395440956,0.467628954690806,0.846511303566262,1.49442596587343,0.0873758505967852,0.613647690561907,1.70635665121587,1.61325299199587,0.438254958086726,1.9467598370729,3.14375821124797,0.452088983231572,2.01055383121074,0.900987487610139,1.24070887319622,2.05996023349434,1.90334962899512,1.30508365644928,1.33296898135712,2.10230982996361,1.96898921231532,0.109095251626952,1.75476020381706,1.76291763821427,0
2.02957091526534,0.163815408761337,1.20626401750899,1.11457833626009,1.80747584302627,0.313032108221231,0.363392252024124,0.700143121958952,4.90816581147701,0.268504770176152,1.11479638325496,1.4669380619727,2.68417908823131,3.97187112235833,1.75596368320369,1.21935151696927,0.142683803736134,0.353362924725095,1.02271232398105,0.31410006922772,0.584717458591384,28.3219333885284,0,0.0210325594363577,1.0483884956012,5.5749302508504,1.58314759034536,0.474585005472118,0.365875126723865,0
1.18215863743111,0.827540805155284,1.43596177570796,0.846759990085397,1.18104513898433,1.89774566658634,0.150357444111161,0.871423840916647,0.590760507535239,0.137269707506014,0.455979881248759,2.38905536707746,2.53280664001867,2.00696950184126,2.12956001406602,2.99600797399983,2.1406986992846,3.77911577222756,1.12327430849483,1.95071034715797,1.56850883556074,0.655944459040946,0.259313290476595,1.13104432418527,0.587494484863932,0.839489730007278,2.7195626639821,0.147210002801239,1.66726232473419,1.06537269074695
2.77893976492801,0.931209644666441,2.87622122425183,1.47693429110023,3.49181980018135,2.02550503222195,10.9276871674408,5.66580348539454,2.92795639220136,0.491640671887303,1.32022791904855,1.52981251494772,1.33053712629714,1.71874735644463,1.98978289664551,0,0.470176955571492,1.41668644320096,0.964137778898,0.912034746844205,2.32741756009596,4.6205807887602,1.12654307397459,2.12355030163161,0.706485349022129,6.34663589886698,0.542408812540436,0.303147335833583,1.26916530701568,0.00624548236641285
3.70250705792502,0.608020310389088,0.385756440653082,1.01113495233368,3.10278433391668,2.16554539038972,0.699646317545464,3.64448039930203,0.408165926403774,0.374943838311164,0.579651201051592,0.477541610618013,2.20054286526873,1.1432450597873,4.1864777795253,2.50958915008467,0.663518241263692,3.34816895360815,0.496893043657069,1.01655879840388,0.658561857333111,6.61448551071952,1.3878475645346,2.51480888845349,2.30480295896604,3.43216280593278,2.42075676967797,0.676012569350043,0.437926664868135,0
3.13445081630779,0.47967728224418,1.12498531226499,0.444352543671847,2.57036022650525,1.26860159245516,0.396174917595867,0.0518513251660954,0.911735839839006,0.149633967224387,3.46356268087927,0.263594258842935,4.09923884016175,0.136104879766472,1.29146183137874,0,1.31032759480665,2.79088892851569,1.62490495525504,0.844827062273022,3.21375433411929,2.45776711996662,0,0.0831621733101372,1.49189043541756,2.66447138610485,0.362489816556464,1.59131554760466,0.511371533379129,0.152818403954437
2.49743924141753,1.96641842746788,1.58830435406967,0.346407539826874,0.987125579327284,0.880503710235756,1.02285145114179,1.20327653398768,2.44878843042929,0.0963639240394439,0.450022610984344,2.95300837101111,3.09856874177936,0.681287694921417,1.9235406392884,2.63838250698838,0.722272505240815,1.87463449326778,0.427332855585505,1.57604863740338,2.21887829402214,1.31904789214294,1.03178275232922,1.50157283039629,0.347319236320693,2.03409957675977,0.189020492205048,0.871730516978814,1.01916336915113,0.0520669103479324
5.05746295573534,0.678355415391191,2.00055765762838,0.873137231142099,1.57082208835378,2.36710278358271,1.22513289995506,0.674550451991921,2.26117606550559,0.925014982235162,2.93469045499197,1.27682562196802,0.477277596577632,2.48600620034545,1.16000766581026,1.49102920696763,0.944003607981967,1.40993650947634,1.61631087016255,0.694410552965821,3.49824162123359,3.94288297712388,0,1.20637247631747,2.08265444499508,7.41857481548193,0.491878588804351,0.0880344994151062,1.2967110367665,0
0.934214697431222,0.194491104130731,2.37080391649954,0.683953161184787,1.50471859685702,3.44471643090436,1.34730118453239,3.11435742232231,2.266342245642,1.15692069740169,2.92977383470244,0.826398519366042,2.93530954716936,2.51056721765997,0.207215769508409,3.35556910675809,1.18343096699547,4.05845194029344,1.66579101991448,2.56207588367872,2.91396436511541,8.5370051402239,0,3.19123931601438,0.84402031988138,10.8461050948588,3.19669206117398,1.30257414267735,1.4361319288708,1.49050861403193
0.00734697161612802,1.1733361086871,1.65309004902432,3.09808601292123,8.37317977393603,66.9138902462293,6.70097364763475,12.62461886651,27.3340557484709,3.23051876848369,11.4295161794167,0.807485313353707,2.10038735283159,0.0554509596627308,1.54670846218515,0.880774000722429,3.10941565370377,3.37693932427148,0.667519219447154,0.366418880475332,88.2199620089529,5.35896399610398,0.866636347351117,2.46067628511315,0.257971672497344,2.58358009202881,0.11436954079525,0.0802565862352606,0.403296095831626,656.128829732468
1.58456367357103,15.4547687759411,130.730439251812,3.28626638850134,9.37160666171793,43.5831320866174,7.41541849686592,117.480156225362,35.4071927690449,3.58971877656898,11.6445895073629,1.38387510373551,10.8286318292727,0.0558303403456685,1.26868493429633,0.894934550993517,2.40916937347801,3.73180989560904,0.820599698870804,0.336205767561626,75.7366670365966,3.01402376246958,2.40046524896012,2.78717519473491,1.61746827249705,1.93471142689623,0.155793763835611,0.0746816286582018,0.371993596506789,8.80410633178458
0.132514523756025,0.367482122250485,1.0786501551166,0.720488308589179,1.21885114634629,2.03572683554667,0.144751258087132,1.31961286273233,1.09874522863473,0.359311362339036,0.88842422014111,0.954499736187711,5.01007522573573,1.6793506291097,0.0755560861256457,0.640048199249237,1.77588309818403,0.396946392185508,0.323147518515612,1.19755327825516,2.19153314690105,0.359593981667822,1.20071657860352,2.7268611067075,0,1.68806011269795,2.16038770732012,1.07264913711416,2.34518904364923,0.102708028692877
1.5174746894342,0.906924808536399,0.399471659895568,0.239842471614414,2.05400716891454,1.21570887168807,0.427619267134162,0.831141950514913,1.02960857110098,0.0874155097814908,2.68738382364646,1.11678771378852,0.321536836491009,1.25968931989651,1.25298551882143,1.89160709407385,1.35397508711797,1.18735974074315,1.80487449054793,0.908435298486378,0.210874575243443,6.18478368046484,0.362412127602427,2.03918562717333,1.07803069782856,0.146558910080501,1.05339377232785,0.216896306856642,0.0907018406937666,0.080420684337215
0.266089447069034,1.26079051811349,2.13371888743767,1.51596255200384,2.85505740893211,10.3237348479569,2.79118848045683,1.28669416138217,1.91637936153449,0.245835331998734,14.2557518632577,1.38031006758243,2.55147705834835,1.96583616812927,1.03541218664776,2.77192914669107,0.908950461582731,5.91752943201319,1.29977990588246,2.93118707817564,0.331165672010864,8.56790040874922,2.17848482632128,1.74146366284958,1.17677739278902,8.61312306290701,1.30614669761301,1.70301473966785,1.40631585065444,1.90046814880689
1.38985244567987,1.18497226190372,0.252003241671847,0.0222077193428045,2.51124427540671,0.335870933799683,0.574637195386875,0.980556764568784,1.00571159992046,0.0197698880447297,2.92349536872756,0.30700211563628,0.456555013327984,0.782958884221579,0.353737655098919,0.415133619690786,0.48881776601682,2.94524850086041,1.93223341981115,1.11785562234416,0.59366017314833,7.85617980100572,0.889112262180931,2.49072851451274,0.802003157628648,3.76937943359843,0.334469636748041,1.16418853480588,0.809737381690692,1.62311586665261
2.04331576076645,0.0831460615772857,0.123819855053673,0.0532618260135635,1.39288921610006,0.30966941322007,0.349617358801142,3.05570950450449,0.285908643272198,0.523149354647139,2.76795238292661,3.02589344945547,3.95673912398024,1.29271123516923,0.787719173922106,1.1686030754705,5.41253611834408,0.499147360663425,1.84197846405095,2.76589252985501,0.169923421692263,1.80254772774251,1.69304973194517,1.35683536387334,2.14857149183531,8.21702857208955,2.07226237694946,0.839064428462741,0.83454642797413,1.78009878070014
1.42208482168311,1.18078161433136,1.30269615633024,2.77903892280898,2.29392899450463,2.36632176526377,3.12133253550971,3.83692610375541,0.50995496460577,1.58605390992042,0.0584131753796002,0.618436977504418,5.90236273596509,1.49460106545995,1.010785143352,1.79899988748402,2.32979373488092,2.03887739434493,1.37151515482011,0.756659686523789,1.19439115258077,0.0680227981491774,1.50019946286902,0.993420415550097,2.16115701026558,0.281093956602722,1.98089494486934,0.344401117073908,0.924081319935444,0.369296037082715
12.0229980016455,1.07486378418558,0.128948246581819,0.525639515096936,1.5403380254472,0.979068927842172,0.69582931072297,0.305530195601395,1.21994955867847,0.177113648574131,2.30694442370355,2.95144340607151,4.78505805727402,0.0789388353369285,1.36928630989112,0.820941033268305,1.93949109586749,3.42942032790881,1.35741803510765,1.97193601848721,1.5294646670294,9.29010865656872,1.41537838525635,1.00345585532864,0.586361471336662,9.75651763086218,0.44976129541024,1.7524201588188,1.05695634604989,0.1022315432829
0.0298093681164251,2.3486127724198,0.460037609578002,0.627858599313207,1.00822014766415,1.33191235642597,0.160540364514568,1.5592361357732,0.706201668497877,1.12603305003356,0.630789833248744,0.144762894786104,0.95351665412642,2.62126105995345,2.05556213276857,0.573684218112025,2.14197704256025,0.142113404546102,1.2681139932478,1.17456903716772,0.502183253035642,1.32946907911146,1.79915699998273,1.38947692350661,0.317731003106933,2.46160255767598,0.391057247638,2.05826030563662,0.0643520399317913,0.190747749941393
0.424619008226959,0.901678081075107,2.71358659494697,2.50244766822152,2.58287197471514,1.75720608438069,3.48189954969862,1.87456556786985,1.68789906803562,0.686430223537279,2.2544047479202,0.778354210787795,5.98319656411923,2.17582563159026,1.66058623455331,1.30905234034949,1.17268663063318,1.77310844884914,0.233631810735295,1.89959872828871,1.13202500672835,2.16638440693626,0.447531892698815,1.43313957866969,2.12089813542682,1.00362615838364,1.8451318071625,0.892769527530247,0.104647036298746,3.24662389664836
0.611713269396962,1.04801315660991,1.52316205233142,0.70635107241854,2.90842970295311,0.393194521277078,0.353304392972687,0.525371419435626,1.19753608324091,0.0556951135317919,0.303233488738022,0.0926256362694416,0.465789784025719,0.375741684001351,1.30927534000695,2.0174236216914,0.811578380686673,2.45647072945902,1.80874644205299,1.34451987200712,1.15550902031634,0.773823849530539,1.9744801853514,1.22543484776539,6.25282002461547,0.269750093621521,0.136616101513744,0.235593722788599,0.65074016527232,1.57858928348622
0.816894624692517,1.09895808580712,0.347871862201619,0.77064683523106,2.48277837335294,0.587077361669186,0.294168513162242,0.671305222738467,1.56172931551586,0.183338387087023,2.20016878224536,0.190839589696764,6.90405513327203,0.309437646500666,1.44541255409989,1.79618057594093,0.675957860296258,1.58841635725766,1.35139825664395,1.23195130206499,0.173064265837648,1.7807096285416,1.98602051128139,1.36544557768339,0.247190908955466,3.58220058058252,0.807458415787829,1.56859199380038,1.20565336846596,0.435808877367455
3.40648108283257,1.15834478220243,1.40717629988292,0.212291585447666,3.10344169837483,0.551468478272154,0.26463535000583,1.74115762095765,0.311002019502345,0.232740720510356,0.506432270601294,0.692505740817684,4.39901533826686,1.417635841594,1.32795350049002,0.024376127149379,0.444329567745014,2.08622244513963,1.44310090382454,1.19820333149006,0.764873329472866,1.84930770668171,3.12438020662941,1.68437082021147,2.15710708967089,0.565314013900531,2.14203747289799,0.411960776215122,0.385871860314647,1.44554382261171
0.292609127055187,0.130854380091482,1.66236468722627,0.451940566230864,2.03170533830592,0.710875234852559,0.0408865106855331,0.11196647260805,1.90220618144449,1.29299927587391,1.46205642765383,3.9429596510052,1.91534253126298,2.56821677990705,2.61580398107552,0.369401289551667,1.84065339886729,1.67486722347135,1.46328173987905,1.99070121670087,0.69998333760921,2.14629737900766,0.807122111578082,1.55163825973938,0.55115274382414,1.12244567932503,1.16251997830097,1.2139097113695,0.798897743265835,0.551649458790855
0.0307558907926686,1.39267582079017,2.33312748653603,0.236862529745244,2.95118288549372,1.01662100582443,0.981684027101089,0.19844630537718,0.636053884246624,0.457428809948203,2.54610156060459,2.05719860026714,4.47126246513352,0.0731759129210457,0.969465713053861,2.46282036063789,0.316113615452659,1.56677237397317,1.98540203956149,0.739832943567192,0.994633919355351,1.95921230961581,1.62621590606942,1.09832219404546,5.5775458884938,4.99490315806481,0.826242433504082,3.59002961285732,0.763037150795809,1.38679773498638
0.958914699995253,1.15275096431296,2.86967521766719,1.07403212125986,1.47884143161619,2.80081718967068,2.15507775338166,1.00235295659607,1.34557102912981,0.55141059554952,2.92878225159802,0.953929765196276,0.768503227068367,0.550803817139062,1.66819723836848,0.375254100176008,0.471515311102803,4.24820989554223,1.71849620624609,0.585992191747244,0.97189569067788,3.00622365143685,1.58966838143241,0.207487983401229,1.62537819626337,8.90884467639273,1.02419492003082,0.619800968066656,2.56088972241793,0.655776775685804
5.02871656530951,0.675886417940149,1.62849782546267,0.240457750938934,3.37215010570044,0.415489218931547,0.219360723258074,2.04511530089371,1.47817881268601,0.199343663386293,1.89816180823526,0.565296121155275,6.42503036845756,0.884093812888927,1.80851830064378,1.54327874711056,3.91962406143724,0.910689096342337,2.71019845289289,1.157570737166,1.31623472849247,0.893372435515689,0.560914879530464,1.64603589452469,1.57537301955694,2.83200274718053,0.475429212038128,1.58378499302288,2.11061189161442,3.48894225906479
4.54406186106237,0.693326309773588,2.60711178131355,0.843023346886551,3.30930734865164,0.845642491621249,0.160923935721803,1.28325341849017,1.22613062803962,1.59188184266356,1.17562297032436,0.966204530442883,3.02756172024465,2.08190690044568,0.571332941857236,1.52591081398054,1.86170727678834,0.81986229928098,1.07083379208522,1.30578309360833,2.43052890927197,0.721281984423064,2.61220046472689,1.64290739196117,1.12916965525146,2.34455486709228,0.872279470587054,2.35908447922403,0.167012691337703,0.816080787408455
0.0533358941038495,0.385229751761824,2.95416859216816,1.3968707605178,1.12874589744362,0.338075686887336,1.84057909913725,2.99476744154006,2.29489937432764,2.22919088257525,1.47539354791063,3.14231885392798,1.89188884281045,2.04486919408797,1.38215316684512,0.433258365721399,1.69216682220527,1.57251345065375,2.07039189370609,1.50286588609356,2.15928799053428,1.26642203664048,0.697014341863666,0.848561362833512,0.665255095020893,1.00544670766521,1.60623133319902,0.0791679902501452,0.368156872688528,2.3090775776754
0,1.88072165980303,0.0909680786065381,1.00536626750515,2.26268465338938,1.77184440485016,0.782199704418057,0.84660948669353,1.85552047041567,0.359399150816817,0.108649275735639,2.33271840613212,0.505999776468455,0.564629705416437,0.118381202146488,0.65703887706419,1.81229110628044,0.690559260143544,0.199633192421171,1.36908398593037,2.49004030347509,0.757544893738612,2.96272992775487,2.33242121775886,1.26689356163203,2.60925504887061,0.169595774597744,2.60089951536958,1.89253439297708,0.0916761813809383
0.145644718399045,2.17229198109526,0.142487362276361,1.15061411239044,1.62484599495817,2.07471606315006,2.13967197836024,1.2814380830899,0.449840071016679,0.0771648477748884,2.88129285746389,1.76159172602649,4.66149181400846,0.28880456880124,1.6973045034138,0.500592076986548,2.65322833670525,1.47852684192564,1.32255564254046,0.76112859816013,7.7222119001812,1.1831640700197,1.24478082159038,2.32455024734854,1.93536217024003,0.671550616513303,2.25711485999109,0.761573738820018,2.54513218084628,0.275450503468284
0,0.577026626095069,1.90772316308255,1.69534135482488,0.368679352063835,1.64052602420666,1.29097879203946,1.20732145399335,1.86926842944071,0.439110549458023,0.862934763431978,2.06399486110196,3.52106493348778,1.01129695537508,0.872243599439173,1.75537672194776,2.25246287284056,0.189314826657386,0.469324525287249,2.0210623198286,1.29091383015651,1.30224842622116,1.40149931713396,2.2155266561183,1.00672668390804,1.15119802334194,0.233740904578593,1.25465933387006,3.67930093728976,0
0.526496748137031,1.00060536562684,0.188153988857396,1.25107844389719,2.26406155217556,0.81651839136166,2.36217816300079,1.7172538375359,0.428937493960811,0.365701983439766,4.05380874941306,1.9152247635714,4.6228664325784,0.209869669931826,1.54841070496658,2.59355677925702,2.74971792927399,1.20817382396292,1.55747683514796,0.888660797109275,11.890464751741,1.89408757516191,1.07124063244065,1.72803715751548,1.01450396611112,6.32663056944319,4.26871979389787,3.41632014332583,2.24340885172037,0.244238422226735
0.169072947306972,1.34855600668817,0.468362828702729,1.29637451121118,1.8447834192093,0.729065860427108,2.71592407107046,1.82607549720165,1.04355768889501,0.281029655117398,4.78968980539525,1.94505304014262,6.47368426611898,0.145884610904359,1.17597062640598,0.294212366005654,2.95417019453241,1.24673957197638,1.1712029114487,0.875209993062136,12.1051949078517,2.1939285622658,7.23639864133398,2.28231045347103,1.41528817794129,5.94289522383922,3.46344222701108,2.73249908278241,5.01422336929533,1.24247440589167
1.45627301102243,0.914108137928214,0.163760373778139,1.22893987754406,2.85232782467663,2.11981469903346,2.35017405970716,1.40439145415827,1.18746325061444,0.0459853670909949,3.87489382764384,2.08298105585177,4.36654168325847,1.61442103048268,2.16437441301228,1.32674514129133,2.27098674967224,0.170867614025977,17.5148217277258,1.71509647969442,7.24504437665959,1.20219175234332,0.270520249403298,1.22857781589511,1.75830128818007,3.29521066748117,0.612689203374289,0.0975560903269719,2.8801686814614,0.598222326662528
0.227999427631956,2.3649616004776,0.13623638880368,1.14068381314753,1.45452240137426,2.01920123988747,2.12475459510925,1.16542259656339,1.44336466462114,0.357970623381444,4.80927456452097,2.31219608491056,2.00468069303103,1.26044851756371,0.855010550382904,1.44320033880802,3.90751073714261,0.274344795048935,0.452371709068363,2.0794880895662,6.13525608991047,1.98341946457384,0.0789494420862317,0.974587781732209,2.02361625434442,1.33470071080842,0.491654730372186,9.52337671560444,3.84093130958418,0.330495929595728
1.12088251781505,0.668589616156705,0.247434555459812,0.937139842816261,1.46780449215559,3.71573061376109,2.81839401404482,3.52144357068156,1.21900317186568,0.746478924693622,1.97579365769493,1.27556923868662,8.06000483784937,0.884554778514956,0.969591698810282,0.479538260434481,3.6754678455425,2.81400290124842,1.24375556768411,1.03428452597587,0.375214425408185,1.41551871785673,0.179531954244006,1.39834410928958,2.01912072511561,1.10964931321001,0.403588110967747,2.69363671588225,0.388180395822984,0.630624233991129
2.52658507636998,1.0267039596473,1.93576633773942,0.299347675964427,2.66446222879215,0.644950422415954,0.114093333618996,0.713726637813708,1.36795275651093,0.31318891585699,0.626614388264463,0.716315956611613,5.75702631491207,0.996079777653947,0.153573796295076,1.38582532991804,1.78006559588408,1.53949227266311,2.34086152736798,1.30669220329319,0.0983466074218979,1.48301149477451,1.51112214900347,2.16668361522962,1.37606418223451,1.80857575209234,0.333143250421775,2.80226232007607,3.57953218595281,0.471442237005826
2.16589118082729,2.06888978911121,0.924738602807702,1.10366424711988,2.54514402029091,2.71316732434151,2.83343641528856,1.46399372696243,1.25083838537795,0.0863120591710293,0.463477785225366,1.85750048356163,8.89091136341886,1.63413654903279,2.0907676063173,0.0361155002959603,0.813294519382047,0.0416004781191849,2.58249593111327,2.18291667967852,0.540703406631278,1.45227301105107,0.300767602607572,2.54493168778788,1.03778667062179,2.09584882122648,1.14423521965775,0.446646958584326,1.47812326218583,0.531332902991352
0.601447262989808,0.160806217732098,2.310654739042,2.17718736491062,4.55148793166101,1.62406701159324,1.50779219390576,1.25808762184369,3.94153740641329,0.0374014895704163,4.70318106211856,1.00753796181332,1.81800814453726,1.58691925877748,2.45018109971075,0.412066262610501,3.43066312123317,1.9747060263621,3.22534214934166,0.404681299645223,3.74371999118365,2.67004092508288,0.282746314464996,2.67367696644057,0.676924324290863,5.18962445168175,0.863506826382612,3.84187027398968,7.21065202949954,0.484472397746627
2.26141580830373,1.42469740256353,0.667752883197636,0.265449186301092,1.43880002388108,0.731143061536847,0.131473761672268,0.862398522171313,0.754158138876874,1.56550008071053,1.29391060781652,1.45697799513486,1.72288006884367,1.91386420401597,0.800474486519429,1.65718673646514,1.52524321823465,4.62428212419933,0.383129401186375,1.4314908270955,0.490674157144504,1.28235013181025,0.704629230100921,2.05924383805305,1.77193872306164,1.05071832336379,2.84764066179524,1.62436097193094,0.579636062743067,0.605103993775692
3.57502968878312,1.2324789621518,0.609852062264222,1.25276786824298,0.779732331236713,0.516441020059695,1.04975876665633,0.0398835521346948,0.493715739347905,0.382074140153469,1.29190062880718,1.86990208526376,0.99631854701618,1.93683255894961,1.1839485267523,1.56072672412283,5.12911332964477,3.46282599508589,0.911483921503468,2.38749516198062,0.833329649060375,1.46493525454484,0.199077573171512,1.35620965279143,1.20648420604021,0.137961524792865,0.0665043474566719,0.869116046611194,0.381070377518002,0.238873960154485
1.55626131885959,0.0387000547060665,0.878631052488482,1.89126097939018,1.01311771587815,2.41838415834297,1.51057205391774,1.05394976358998,1.1907244463083,1.90314115205584,0.541628249628226,2.1647261535608,7.72557325927111,1.40446484881872,2.93653174589653,0.41076449537336,0.972273438497345,2.92084718629832,0.677022967593575,1.46803187956851,0.0275679547935599,1.51334186096219,0.199788480872236,1.6396762906258,1.9376733381715,0.974517316306466,0.883329384684513,1.5590819701533,1.93876686219006,0.0901593738849261
0,2.45798380680092,5.12579958254414,1.21433633210218,4.29896027238687,3.78324965393559,3.02888761749638,1.25350436998264,47.6213082664793,0.270005583200939,4.68914829575846,1.34948848733651,2.9876594023243,0.428451362200306,3.01902622207776,1.86871321268258,1.28536484217521,0.679317685493662,2.16361846977955,1.3047133956307,8.79526404676255,1.26999965085516,0.212236273380058,8.01758362941776,2.23836805574953,8.55539875370725,1.43910754632917,1.45178879125203,7.54569963601317,0.419575090141064
1.622553173079,3.36622023021586,1.00957447151951,0.229749130963662,1.60219794658163,0.465811918159138,0.485618615629974,1.32336943767822,2.0507825413465,0.26225843614753,3.32848158637612,0.99582286542991,4.86202747662714,1.44857763923652,0.818583383803831,0.144075201136758,0.132827690271648,0.851840825488837,1.04815039216109,1.18832240613811,0.882642611183812,1.78664507827697,0.922807488351476,3.52528422886158,1.18409841789019,0.275409099765424,0.000123755768408234,1.57419099166751,1.97506876422649,0.525603173250882
0,2.46436224922724,1.19001355880046,3.0398869984742,2.96253771185696,3.16335838906225,2.26584198117084,2.78213913252127,1.10524154071595,2.70302669112386,1.33823561690213,1.12768712821238,7.88852776166767,1.17383355225089,1.28992255394859,1.67038642079585,0.768628259106489,0.80538699374479,2.23625875913952,1.12383745034591,0.723476647362286,0.8229077200234,0.226976130785034,1.39940581068842,1.87574050089388,2.46691081998249,0.930267135297145,0.3574334885457,0.949815839391493,0.367527405791473
0,15.8650516637953,4.80045620327959,1.8834175923385,4.08073953124155,4.71549209164189,4.57864286011877,2.5685352694745,24.5370113735454,0.270795003033088,4.59534461184218,0.628051545559332,12.9263645955247,0.908196672588976,3.36516367062118,0.31465335863164,1.55822476761702,1.57364587942802,3.52143185821384,0.0388194375844836,6.19242778986674,0.797545005662871,0.326700503063444,3.62181151734964,0.219467860763636,9.53940201184254,0.327402387820736,1.65247154401729,7.66742568332268,1.51076311142672
3.23615457129882,0.595805373556927,1.0228649266477,1.49763269988428,1.76149753909981,3.13668355065606,1.60956408026255,2.24550131444213,1.02737710571792,2.28107789005322,0.241464711302593,2.97486651368617,4.70880316283074,1.12608843238536,3.9486153273086,0.614004377611562,1.64922811990868,2.58600104782107,1.82337391342666,1.17542870381858,0.0123654145016083,1.84901653822899,0.956621861496031,1.39563213883565,0.419090317519523,2.75813862600762,1.22480836608615,0.422670898176855,0.53308442040909,0.0747774880733366
2.72012579556179,1.29114063275231,0.511736083684534,1.17734566726152,0.613854913515999,0.645108044428702,1.49836448995423,0.487825369165352,1.11779371273101,0.941718598801487,1.02600731918269,1.09429694680967,4.60342521493788,1.00582837927181,2.26761182566223,0.282413103309395,1.38915052560563,0.656157052081545,0.38055767934852,1.3153033201441,2.62186231825857,1.67091584625543,1.18305596761538,1.38999755077684,2.89076832510348,0.626035818151472,2.73889972627601,2.42566436316035,0.230225666945364,1.73861275596925
2.58731085833672,1.26625849981211,4.10995213928432,0.680833031726659,1.51977596809975,3.55256496586982,2.09971837900906,3.19103710901254,0.713653027867348,1.09059747495952,0.0397902672960663,1.51091899884327,2.29886747306927,1.26544881918761,1.50105527825998,1.46826933269719,0.860708183500739,0.580242668268767,3.27659030265164,1.49978862991743,3.61142409104455,0.887005997825715,0.286559980712373,0.0486094626017246,1.35447887820037,1.47883582268592,3.05468080992992,2.00833700998567,0.594591717458028,0.0718691321723363
0.985226221432027,1.34745558753919,1.57287698860314,0.272596872880444,0.835075323729152,0.704041137133627,0.912818962096063,1.45531464889443,0.551843244398866,4.1368566568395,0.594710715931678,1.35268779941835,1.52111347277974,1.68750525033803,2.39734486482384,0.351570302620894,0.360382690657526,2.20137458088065,1.02891784906659,1.33458442543368,0.686269065662482,2.04090893622505,1.21478830550313,3.12616703377429,1.22933234428534,0.662955644994174,1.17073237178716,0.437027712035313,0.494324995367936,0.361480048556564
1.43506962581289,1.22161440151305,1.51491712006257,1.21983599497725,1.37807001617708,1.72059359616666,1.07183460528071,1.35013561636389,1.8624075795546,1.21737881718255,1.40308993221162,0.592064231719827,2.26101881355802,0.241347476806315,0.693604763850562,1.45041654224609,0.991151590509772,0.840965953137363,1.67754457666625,0.711392324568336,1.78448539110537,0.62491899963544,0.279944995964484,0.506357215679859,0.458202805272756,0.198216423420828,2.23490689439197,0.05428561803327,1.52491694518116,1.63020965211987
1.33163592341271,27.2293871488986,0.627712212797577,1.85298478258436,30.9500759043437,1.80325181876927,1.24542007791324,1.08393750898453,1.44195610989863,0.411762848513197,1.73281617990333,2.21976112088461,40.991421865743,1.25505379065566,0.769742828410596,2.14854375195093,3.195037065256,0.107950919076974,111.081250433303,1.68856017707132,0.951923793345618,4.57556593757532,1.00327030750949,3.57989504695049,1.13362476903847,126.939054547376,0.972220765748916,0.0957372364422683,0.73333204068496,1.43862865287023
0.222978220850109,5.80850876149193,2.89892171328316,0.476579572303885,0.472699089709936,0.896379330010945,0.985227544544777,2.38551292888464,2.8003689504885,0.301613465717234,1.98527031032076,1.33867132574153,3.69516461890348,0.122963588368302,4.15116854331516,1.07954018507878,3.5468649048402,1.83000007067981,8.38315243063616,0.199971610955162,11.5577383049646,2.11044590223398,0.279179063231933,2.16339852489424,0.742278381090328,0.190769053128344,0.548597787999167,1.24978880761009,8.29408076724416,0.213748322506616
2.9091757819137,0.257051021234292,0.900759414596032,0.0669343365176278,0.346112958073615,0.746412544427446,0.956231831145674,0.979667574927004,0.518431387939595,1.00152246484816,0.19312108833828,0.834506051518539,0.534867742417637,1.36171002521321,1.68556806395585,1.19591688779354,4.69166079921279,3.82982208528871,0.34390673771247,1.26263874559475,3.224641491486,0.784754258269982,1.15667611582112,1.85199492110388,0.59156531943342,0.752730709313855,3.00063403190938,1.5253524911658,0.440893434364877,0
2.08154946018419,0.518415577824304,0.811834084335282,0.363239001061594,0.148899249294633,1.74628415283605,1.02237538380552,3.18562728990765,0.420319956446242,0.364945171322137,1.06122171216661,0.651018174385426,0.182699424218765,1.64564766313515,1.27439036435654,0.495006881221318,5.23422030780988,3.04391354491802,0.0362395128437231,1.18387965629835,0.686036013078684,3.0402765653551,1.33352080465918,1.85569678354628,1.07171038934851,0.405486109111762,2.60550339897129,0.288264090317569,0.580015657371434,1.84524738647221
5.34020991426952,1.06876723410509,11.4485244591318,0.815917499563496,0.569518082297128,1.39577968900257,0.341210382875709,1.49395274840174,18.4804204942557,0.275214010051808,1.72966583131646,2.66537979143274,2.62538860710703,1.43251610813239,1.48291050015071,0.515004190388596,2.1743257222643,0.0799889476844929,0.51281710922754,1.77217439007525,0.838580139335224,3.76038337729642,0.851772306696284,2.05046524835951,1.05554200138546,2.31073355244099,1.06576187073464,1.088622945898,6.31873948084905,1.26140068357862
0,0.834393673581773,0,0.551095575736085,1.07274886017011,2.31375045738983,1.62221469370584,2.42736397023282,0.127524917320547,1.09841076015839,0.0681718490952272,1.48769903678904,4.70938061214975,0.260732656715498,1.01729963405687,0.65171150362938,3.06041118857231,0.888856257202363,2.44413387517275,0.947835975480821,1.18175216553548,1.39156507904106,1.36161134953895,0.137311500042844,1.28442062238716,0.998193471577263,0.734440116463676,0.254507060543223,0.421836159703026,1.596371915656
1.92569772515189,0.537816616291847,0.333673906987637,0.534268112760106,0.461740250861343,0.367942385666987,1.32344585600993,0.206053968725498,0.849040039213563,0.69518992961634,0.175532234046997,1.55152814775917,0.807303057052888,1.62965487850856,1.20284700624455,1.41310185677434,3.3591183624053,3.10484080633427,0.13177565460812,1.34307876749341,1.08400067492554,0.223051083643055,0.634715289312958,0.274247799245276,0.143926764163376,0.113753198984196,1.60969037723885,2.00255498028433,0.226910884518923,0.759342033044287
2.04787440099806,0.818090734615887,0.245691801927453,1.32437297684723,1.46004124025915,1.87433667125356,1.75614378437852,1.58813309315689,0.255172218827687,1.12948607430757,0.298492108529957,1.64762209099139,0.672748115548621,1.71769911077275,0.339018423982037,0.274143245614321,7.27570262130658,0.764470125775118,1.41181842377922,2.07837059812454,0.302296180994609,3.48758291881526,0.476058147512068,0.314324683988524,0.657287976308401,0.623939181511925,1.49151314250367,1.56701401007214,0.816058770043034,1.12079029251454
0.628567458758652,1.15310778673929,0.423464078277522,0.803117814839399,0.718338946316142,0.145234853443413,0.721800850449409,0.522975852267749,1.15195203849128,2.32540996283556,0.0971294521681114,1.93574133020153,0.417552271261055,1.89171381884641,0.424516777687896,1.19301639384989,4.85297706444712,4.06698651797209,0.144555361525548,2.20854684178648,0.012086755114629,2.02852226236547,0.671955593563273,1.24087252302728,2.03817257357861,0.519189743236338,1.71672608151026,1.56070886114177,0.772230278069526,0.464812843415976
0.307273054777732,1.10202747515862,2.03360406304701,0.212014173475858,0.981939162709446,0.596682240535131,0.32968980533519,0.302684851546839,0.957201025873606,0.553087909011584,0.346483778366826,1.41045231673635,0.760382368299941,0.473654844208633,0.0923370158369141,1.39966002676874,3.28605880663355,0.0148496439372973,1.89547825826134,0.648534079380383,1.11177037807277,2.03635612348551,1.11497964088689,1.54321558094389,0.993135460468212,0.23327439599467,2.7482771365232,0.529321783414169,4.89711540883479,1.58100142238496
2.38893739977882,0.732620165485896,0.561754960107729,1.42506307647066,1.53481484022061,1.60996792389803,1.25907806804127,1.11406494299159,0.0551719115603307,2.42329811251482,1.68364112590762,1.80058502013231,0.62855195141586,1.18786589555562,2.22109296822787,0.370599740266092,5.55789492657849,1.57044434066417,1.49728522018066,1.87938637088959,0.043632667678538,1.19192919113291,1.01217259449128,0.99626709276499,2.25017767599911,0.445011051054304,1.76728385968707,0.837294470897709,0.228551450903983,0.288112619922042
4.02154480313487,0.518403615888859,1.55418997707241,0.110361803590905,2.06162753901382,0.516403161674216,0.331651885787984,0.427960289537981,0.43583574444172,0.360750563131527,0.335433074991715,0.124453028698176,1.69746387832843,0.385674532535495,0.66334308747748,0.969285242147819,3.54508580824697,0.297671569045587,1.90172399757552,0.130708183204538,1.7562432491852,0.925933768612701,1.35119467029518,0.178642698007867,2.4863133679954,1.22174964320195,0.694267801111232,0.0831525596358245,0.250515132177161,0.358400790447113
1.54185600103787,0.898171344806241,0.159957543870544,0.904588522612909,0.752003122704873,0.286881761978953,1.13653017312099,1.50630526240664,1.14432532787823,1.70630365782929,1.72370351914834,1.26798960066403,0.57145375789568,1.89738564776334,0.745082440335455,0.634565024022074,5.66609614343734,5.06691017457933,0.277802375595977,2.35871705924804,1.75987140436469,2.98835791043729,0.39242145369324,0.281042442376387,0.912311590966864,0.0873870881820213,1.98518676297245,1.7548481484169,1.15383770226225,0.923274960994575
2.5816785020383,0.370693937576668,0.458509204215307,0.645793064206599,1.06936256346598,0.709087368664826,0.627914424333462,0.412100483767882,1.14880447364847,0.0162488639112251,0.0655340884621245,0.872432254088098,2.01643987154957,0.80071072643062,0.924461916862578,0.30860231421889,1.4538651304642,0.900946908723162,0.597495873861477,1.2763300913877,3.20623565625116,0.508056265000274,0.327412826208139,0.435896284834234,1.17276633761888,0.886425516814689,0.819069572002875,0.355095825331316,0.208722859586358,0.290159257544559
2.26076278436897,1.68093748313712,0.311611237814729,1.24654574007223,0.38448461875298,1.54789467971546,1.77377472854678,1.54248588026943,0.303981177311979,2.20771199062403,0.0811059239181833,1.46036999391629,0.376403579363606,1.99157474199753,0.396164002024778,0.95833823510763,0.840867132757173,3.07052970373883,0.0866664909764297,2.30756111203983,0.638379749991229,0.395647507219292,0.304336820070439,0.266820787640829,2.82835522286288,0.496997496701726,1.92250914450452,1.7453917387757,0.571956210056366,1.29554714595096
1.41209415507526,1.25233733256503,0.375935312079748,0.760890990119305,0.690958229685292,0.229215855731677,1.09874017805167,0.474289694639468,1.40658692173025,2.36113119698066,0.0125435242191272,0.888030785622501,0.0653545963966563,1.27648176531193,1.33152037358045,0.0870049845389064,0.778649547024604,5.68712102104751,0.0141212045948357,1.69274997873527,2.42428045945068,0.948389712978802,0.343219412410055,0.159921110758791,2.32766964710102,0.146789252419716,1.78439555411071,1.67907915240818,0.6353451498479,0.298573363718515
2.55502062567239,1.79407295138646,0.904137442596079,1.46557498661146,0.922116599832965,1.59174175659847,1.92339637066998,1.34719450945547,1.42475019488473,0.9407819648499,1.55605391540997,1.6995708775192,0.313642596052451,1.75230185839211,0.233116349456347,1.32826950083994,4.72001969124845,2.70624321722681,0.106534719882675,2.13498010382545,0.0476334226306752,3.25504523409512,0.686105460332964,0.193211124903976,1.57236332375839,0.333044660917957,1.73252051609303,1.37002353934804,0.944004488302097,1.17199488417349
2.87170549063068,1.62400037691588,1.95013876555478,1.16839513815646,0.499804737952563,1.3859895644891,1.95026851211894,1.429693651326,1.75199661930067,2.09049038785162,1.85314503809587,1.79349150074489,0.437115413741751,1.60103734254111,0.0889640049528746,1.40244877897491,2.65830060920929,2.94416227116489,0.00951944626743776,2.2056073691595,0.22563023360796,2.17423863324625,0.379968223931625,0.0104105167696759,0.618409255049757,0.562057232166715,1.78467659065029,1.55843526809728,1.01867214177142,1.45568437723158
0.72134273973955,0.201538770622619,1.71918668243514,0.014081170847501,2.40450629100719,0.326975423780854,0.228531672206864,0.248094731477585,0.614901397007355,0.361939046432184,0.540816964106913,0.723981257260664,0.862292365886153,1.29176168822137,0.410437219635466,0.0568656477568332,3.20915816005794,2.96941639867127,0.672128264271232,1.32736597907126,3.71881355591402,2.14471662235441,0.863565007593257,0.0737131711939175,1.75642244575343,1.1837893282941,3.79197643535552,0.154656732155785,0.353075951354079,1.39600548626176
1.41484506804148,0.485646214421214,0.655891413843066,0.827960834744809,0.0815836340159747,0.296627090070883,1.43105044236635,1.44129112013175,0.637783674363532,1.12187895782136,1.87871918721898,1.90443838564959,1.63458102012608,1.5176485957344,0.848131703960983,1.14830949675946,3.84463477882597,3.4170385995331,0.0493036621297521,1.85955395911926,0.412932256866397,1.748319458586,0.0458712123040273,2.15240529113887,2.57462134929682,0.266570966855587,1.92263327723771,1.09715350715976,0.876091875312304,1.81366377654177
0.653479461446336,0.673737003302064,0.232094981299087,0.174714766723439,2.25593829318113,0.48248472988436,0.441681164731272,0.626720868825435,2.00150659045925,0.12282111473321,0.236268287022068,0.869286526627164,0.618957290576961,0.100368699401219,0.197235469839606,1.25207603785195,3.71731370236032,1.71576428418017,1.29251944006476,0.0705286554230761,1.34805062030207,2.50874522270874,1.1631776813111,0.0584024194647974,1.84577226337809,0.844222674410722,1.88877081025003,0.549701368730228,0.186058105474623,0.457653457598354
1.11953256075733,1.17594201418088,0.223837454187071,0.66390804665737,0.5387198016065,0.422736930437123,1.01458244964075,0.514889073117724,0.198592963254624,0.295346049283208,1.55431678869939,0.292209674364052,0.0421214938885134,1.42153243637364,1.30110656947548,0.125450868983476,2.09302317820347,0.573734401126409,0.217055672333458,1.36014642793902,2.9783918572168,1.88471637657965,0.303139853632251,1.41988821625603,1.48153560607247,0.407000366712009,1.46865723178296,1.57904774555505,0.467425910154529,0.867043900922847
3.18567680320154,1.70818308975276,2.17932819849501,0.537710437642805,0.539736093088018,1.54665533288242,1.86063882791012,1.16214255243671,2.00406154042006,0.176404103532943,1.61703399411759,1.98973728460984,0,1.3512034497255,0.695694439313,1.10749487027353,4.28945427748496,3.5235890018112,0.267305760761048,2.07296927649234,1.2600063900115,1.77948081033974,0.321524047227218,0.40771850100357,1.38272352795293,1.28946412671457,1.89107618740548,1.29119180720849,0.7771361385019,0.283870812053431
2.41479715626762,2.07388058859425,0.459205296826283,0.782474432592262,0.71634674281653,0.318783550349166,0.931813942249966,0.462586239127194,0.760422984442223,1.54215462335808,0.653017350654125,0.821108218444276,0,1.45251254206301,1.42228853942295,0.953222338627741,1.25679091854193,3.05459766295978,0.0599953119326666,1.84536790866293,2.00052678164787,1.57244266177813,0.537772761522171,0.168377430794073,1.54747279901423,0.28396862643691,1.87089398819932,0.284568759851229,0.376163130023445,0.402567898015583
2.17957445715437,0.227780846842746,0.26042454477097,0.836563818442726,0.638466041697825,1.46118282306903,1.74868465936474,0.0763381628235502,1.29362038273113,2.06364066933553,1.88182440415646,0.513640039009662,1.0734794421671,1.44652151049772,1.43252817317494,0.210419104361285,1.22779338397208,0.510805165725239,0.0673482896934804,1.45841940198442,1.37862753014667,2.0803166910345,0.450100087862799,1.39054954326645,1.5477510231805,0.121347140387729,1.90246418200554,0.385403417467822,0.633940440212193,0.399123656490725
3.28917581182676,1.10999527907876,0.67487652290238,1.43861285125692,0.996973685141355,0.188262421350907,1.95899124304401,1.66131703246247,0.821940056219934,1.8897830913157,1.22425624881401,1.85968152652804,0,1.49605219580807,0.881219753135076,1.1165108348641,0,3.14079435828487,0.00158982185114249,1.92208855350906,0.55838264020503,1.1931691657197,0,1.23677853249364,1.54565916229227,1.98573645359131,2.30834827657905,1.97288910066627,0.490357745263929,0.365082761135599
2.43910359885344,3.30297602770803,0.248063876022815,0.451629147852136,0.245255897763723,0.301270403464345,1.70231756072996,1.32566554028692,0.265817184918009,1.90984189855687,1.65140832820423,1.95623222217013,0.768597958686598,1.29272914611447,0.901332439187764,1.22549468814633,4.04937833492836,3.27133184829115,0.00168812956924296,1.90503410220877,0.982048211498038,2.16321396049695,0.160235120061534,1.47778806707456,1.53087515246082,0.278496380824789,2.06739949109344,1.19171936736533,0.353177437571282,2.64645017780206
2.14928472415778,2.24175194655682,1.2110999236561,0.912836877179316,1.41504972047923,1.5961892930991,0.894622479982228,1.10734985852949,1.05629460502798,2.67713363039548,1.18193919639867,1.18502469420179,1.2778824990719,1.48117997534638,1.70019706742127,1.20426478692528,7.09929786581903,0.583081851287802,0.316223099636049,1.05883602313933,1.04877940629472,1.34368356995833,0.303861212442844,0.993766137323329,1.34506999981321,2.35769569526518,1.63953489356614,2.08644810959762,0.620113746876158,2.71215674327772
3.07057832137115,4.4197847679618,1.17568169159529,0.855641865268746,0.141705529733133,0.322443451700981,1.81363184564325,1.46300761070117,0.210028410089749,1.70838482806531,1.64856653847612,0.515530970472386,2.30594922709602,0.981411177443883,0.988944108026662,0.172943454105408,3.77625248158602,1.31216054793902,0.169430416164211,1.68210005348873,0.511313352608344,2.50043493942236,0.424941507960376,1.61336208016914,1.40179759226991,0.255537684272251,1.76579153509963,0.610754878840586,0.762854819557388,0
2.16362779447686,10.2468157210549,2.52165313382721,0.866221013469662,1.26696832363932,0.35052590022568,2.91840083372011,0.272858566558728,0.311038275824288,0.265152035907533,0.203583126572473,0.98857683966324,0.564977952919746,0.222214896682654,1.61565706068276,1.7372316799901,1.59286712153119,1.18351953221598,0.285643749307066,0.319257510907688,0.0315580593663061,0.458271600096705,0.863533128261923,1.30136901855884,1.23982623293973,0.698101530840455,0.432545149055446,0.130370987615042,0.0858847958905873,0.286846186252573
2.43559815750228,7.67086743923981,2.19684650056252,1.7171599745428,0.1241502406891,0.817425056787657,1.86689926289045,1.72134739389848,0.0924206975051703,1.33475837667649,0.353196606271705,0.733103011946504,1.03039673419187,1.37286944035344,1.72595949696299,0.65774833787213,0.164263669232487,0.753764372567142,0.319358528107976,1.50824919884583,1.06052741137261,1.99548000646446,0.398778931142902,1.26327580493463,1.15510017738223,1.90514003241927,1.94091672225592,0.541345798117557,0.638333651152811,2.04913623993396
2.94705731218692,5.08223022515528,1.27434542098959,1.63255017505241,0.167428610121897,1.14655508191941,1.96811628868713,1.43895048626428,0.938922982176157,1.83144925850473,0.347126938462612,1.31544362223313,0.578795859681712,1.78846298640677,1.22407488479169,0.22117293134698,0.0506435954983035,1.64251689817061,0.285055325021909,2.19584918237163,0.892134325086857,0.301592521393832,0.0857719605267942,1.13342649574678,1.0041385142197,0.479058009420257,1.87693391261491,0.961932738984497,0.827498463928985,2.34828218562061
2.51806779293641,3.07732893089959,0,2.32323262189418,1.13016894728157,0.398274778987121,2.45953830858564,0.486879632434099,0.143508311497094,0.184549059759089,0.239132460842843,1.5680643710833,1.11363214529728,2.10665779557877,1.51538325365683,0.207608085227287,1.73036378279044,1.27043462508206,0.539192012082668,2.23341620662995,1.2963897098462,0.471602995076885,0.161427886565682,1.27448491317238,0.980374905874664,0.907807586646348,1.43414301728242,0,0.0148392082360928,1.94363787833925
2.06534943189942,1.32643266850219,0.966942922382426,0.470491106381849,1.34148929369541,1.33795892526444,0.328867659243746,1.00971812171042,1.66354089085132,2.14110373012936,2.7477118216608,1.08871600417517,1.46903908788868,1.01615592174673,1.28738350974199,1.42637599802067,0.322237259204784,1.0376205669694,0.42272688996127,0.825315748397834,1.18818054115184,1.19692631609983,0.724218743509032,0.984693999665999,0.846558454511069,2.00048623148234,1.7185289271972,1.61276793919218,1.02826939889295,1.73489004206261
1.44163672196316,9.84837526098989,0.556254775567357,2.18075328786678,1.58995358232668,0.784859096356622,2.61146229937255,3.58475087383417,0.936021698288252,1.82959236562649,0.289840005767399,0.0791231259686843,1.09410334556482,1.83661109111038,1.09849933544047,0.143214645351845,3.50935350235106,1.16265444991407,0.519660228497313,2.22454915362103,1.22892487193417,0.562031936658055,0.0290028160797638,1.03396680315882,0.782574169914551,0.207189680384252,0.565819937530269,0.229741206498921,0.0755551227342496,0.474017650078559
3.24400301683381,5.3576736652147,0.302258688098909,1.41624265390573,1.25671742363929,1.64233268495359,1.20238958961398,1.22938323359529,1.94448341558144,2.61129889310752,0.102441414900853,2.6379639809875,1.0699429452588,1.95228540825075,2.14428958825441,0.303163322937567,1.45128176690506,0.877711075941898,0.700421987312324,1.80967308675634,0.862082932897661,0.16080779827048,0.792785782188794,0.990171940660252,0.75940453463145,2.05876551313057,1.70607263210726,1.80459696272446,0.656210380160282,1.25370713397034
1.20052339344873,7.30892711193691,0.213902287175775,0.834858722358447,1.27983715281763,1.49966521724689,1.08152881737253,1.30334801279202,2.10043590723957,2.51148530219797,0.475734846623352,2.39181056132361,1.57023560639687,1.89603596879618,2.16459181570494,0.106072886705163,0.510207409265537,1.18887698520074,0.440935156060131,1.75923060681842,0.314685895644661,0.0428212332603445,1.02686157532074,0.929414542079079,0.643511226058984,2.03907646094629,1.59298857158661,1.86193744214996,0.41610946577661,1.29533873363085
0,4.71294281787294,0.0887717692191166,1.6244038570782,0.0480390414060718,1.61913724900071,1.90819580221408,1.37920669405863,1.40178106297274,2.52482050004948,0.430933056018007,2.4557561075087,1.34416012845,2.26380081678564,2.36421500772564,0.563014820319089,1.12308713380696,0.306881309152303,0.219774551448333,2.28599683639945,0.0981662315019367,0.344869323330007,0.208786571030874,0.975461831628706,0.729250578397876,2.27568994757612,1.85181157042703,1.5845255819468,0.892252535544512,2.3852801316251
0.0222487638312753,4.58869280330677,1.06402814083908,1.46390758803917,2.24112076601964,0.440838384780841,2.73701711516072,11.721341531305,1.23597773556098,2.05564518694554,0.434766563452108,0.13509632252507,1.49647351262028,1.22705113857524,1.27252798909938,0.192571816099727,0.0755218820178694,1.75485677707683,0.397412757220123,1.43074729829171,1.09245193943487,1.19951009550503,0.560570377311478,1.08822281119755,0.646964393802937,0.00466674359843988,0.442454389428914,0.380135578556851,0.211422063908899,0.520391501070784
2.56642900158074,0.127694797764323,0.689698374103159,1.50192791722515,1.97667258864248,1.3214301540426,2.56602051840989,7.05183519459389,1.89582040399325,1.49128336051459,0.383996630534654,0.0926076869607693,1.43890548040354,1.24312562710058,1.23596999286338,0.137294633058996,0.0888613828158251,1.47966569360794,0.529911739676063,1.44966244015073,1.08424914515227,1.12339312784037,0.575913557444273,1.05105513946321,0.659588900857952,0.643984871136172,0.0509221045757152,0.645211964043955,0.539558492039372,0.138771784830971
1.09373963581473,6.20141754681888,1.05468523660899,0.0502297331514995,0.00935225478109501,0.500745169104516,0.397666478461422,0.951184887571973,1.31557249215322,1.90402202658084,0.0349255202647496,0.042664806487384,1.61065468902134,1.04052177502533,1.05005370203607,1.21976611809719,0.542237862660214,1.59480540144359,0.899899344380891,1.32277079539315,1.73947716655539,0.967935085895007,1.6038510060023,1.19080214689638,0.661174017325878,0.104781027928376,0.451686640317961,0.680663688967724,1.76599568042138,0.385321787883713
2.67209276404047,5.38449867413234,0.988998582346403,0.105656432178009,0.155134132513216,0.307616958159367,0.211483812446782,0.780896052705006,2.74053834492891,1.14341213958593,0.566772506135868,0.5271672092281,1.24189611548341,0.282223609920059,0.225002883929736,0.00246434297928867,3.886313799232,0.876969025356541,0.119110755371654,2.9149134760262,1.61110481956149,0.500019565773453,1.23070286336511,1.11358521285756,0.347822615994096,0.330688620019724,0.15203073171151,0.0749432256029997,1.96364849796625,0
1.69809465675609,7.63427584470526,0.710716735435573,0.0671218347191132,0.194153018393684,0.330728836003748,0.211926445868927,0.0631574420890793,3.56737222377558,1.72798376917954,0.339481117754348,0.540046850117732,1.49327499816465,0.268695744806461,1.51215313852033,1.09476172679759,3.32819891100125,1.35314619458588,0.971927467592168,1.57814928516946,1.83660998510789,0.51483794318286,1.73948628162813,0.94350460998213,0.317821233048452,0.532902378724981,1.92766495182126,0.0574278236501742,1.92560102277362,0
1.00856192606451,6.27818351438601,0.245528676761895,0.282073618583118,0.262654706680581,0.0356436030360514,0.453919493901065,0.14403691889708,1.44569400842775,0.688231033957041,1.51834057724485,0.0939018330206595,1.49892663711003,0.572282105171931,0.180586259231089,1.6391204295398,0,1.44482792315568,1.76178303844635,0.498535737825084,1.64917636394008,0.921261687790728,0.0104524364852526,1.00108896319255,0.344819281156984,0.679142997554936,0.231921453775516,0.139901339601645,2.11485937479905,0.401883897415126
5.62770572235382,5.24998286005121,0.378148690963074,0.0912879081706798,0.0905334872475279,0.351215819291707,0.287709261619453,0.727576662344011,0.349166107711289,0.0385958924754743,1.12380285133376,0.226444827112325,1.41616384810103,0.258614452799556,0.170266656965314,0.406557895961958,0.142345377279836,1.39559429600573,0.910451970058933,2.39630202830517,1.78848612257464,0.672468113127117,1.7359703813503,1.02536394374895,0.351071814083205,0.710905551691176,1.34298703011274,0.26174504109202,0.547890314267194,0.375975959041885
3.2435985036316,0.0189051831170282,0.873091535219895,0.761840087585167,1.01434191837903,1.12382235619444,0.0373280796469045,1.30045285692279,1.76045949949708,1.85024643573634,2.95849547568749,0.957279605603966,0.855844727672209,0.743927469243314,0.580885261602586,1.29585698650414,0.527505047240558,1.12150506629674,0.979670145593065,0.574076711119427,1.00955371073866,1.12381572563767,0.582271375748823,1.03160016252282,0.38779729360301,0.841913951611928,1.13077289699908,0.740252009861833,1.99459599938143,1.41651891338109
0.902603317616804,0.0875703445470186,1.22079245805799,0.386020318368371,0.956489737085234,1.36596749724377,0.0867179296217888,1.55094023750935,2.22242051963991,2.30943448672814,0.239086322580446,0.644858626909869,1.27489121392232,0.571995254583476,0.426367416853755,1.27916592100574,0.472331215460634,1.45846491210238,1.45737331191741,0.452919948411665,1.01906684839721,0.817844742312928,0.238301328182332,0.978446048037278,0.363714624822988,1.95130211703189,1.78320430448954,1.54827040096667,0.456526138366494,0
3.68965850244732,0,0.5130787977018,0.20255092791964,0.47634490409528,1.26930768439649,0.694860786608945,1.70196336518575,2.20791388798484,2.82559100745106,0.775421087143074,2.22200175368459,1.3403936620406,2.63314804509433,2.00821091621851,0.803818884292138,0.905885221220594,0.96430872602612,0.552305287745031,2.11155577499311,0.177731512665497,1.07969330317472,1.59900619396602,0.88026755845787,0.364016983399709,1.91498182617276,1.67063082340512,1.35932256284664,1.1823659774875,1.16861041394602
2.59173980842912,0,0.454941580708508,0.0870140872399772,0.303176571620757,0.435937850092972,0.172394125387395,1.4088456014095,0.982444484432824,1.50375067369448,1.28206869914644,2.20282279599525,0.240319258979715,2.6051564412708,2.02549021328021,0.582163899319307,1.19411804151683,0.9806743750278,0.109730489856295,2.57944680721472,0.71241419163349,0.106595450902543,1.54635195618573,0.872569836847711,0.452105740226541,1.0447356342911,2.81019568876993,0.310108571460749,1.84797695621926,0
2.4743669304828,10.5559251048568,2.61162401346463,0.0314259045380122,0.245350573463795,0.53514032623123,0.40616008510454,0.422409360759178,1.55907466151403,1.47306744209412,1.32942677833557,0.629990920783065,0.367350893052833,0.276586792783114,0.0791874828150238,1.77451919740217,0.85920829262171,1.65461933795014,0.710967907725382,0.230397949786933,1.97430701725234,0.781990726708998,0,0.836420211903804,0.400456799539453,0.745082797915242,3.08046558880049,0.00781982194686428,1.62183431464749,0
0,8.31124746937038,0.819810596766683,0.196141852896029,0.0240751410525367,0.42284373889594,0.0990019958378707,0.629061841487309,3.0175235347192,1.55479386491171,1.32793745224302,2.79946281127566,1.00611619192159,2.72917184139668,2.10899197592408,0.893762429701301,0.525230772804767,0.745405310941366,0.287203994821781,2.65515055566436,0.103954978557672,0.218380056487714,1.62715434991445,0.847509575996387,0.383213189073503,0.833775921875176,3.16705698482306,0.383219784951558,2.18035024257153,0
0,0,0.103954642558802,0.233647594377873,0.026225367396801,0.952316519387221,0.0746889324533625,0.139553653815242,0,1.25179330381492,1.55116404410257,2.32113216188332,1.32931263337107,2.5623629125327,2.02436196210136,0.702213203843689,0,1.03451855640773,0.0659043931810799,2.78232496094029,1.86425019537449,0.797528797939567,1.43142659050092,0.954048461633678,0.370084298026521,0.804297836730039,2.55250906840429,0.368272457463702,2.12550970836038,0
0,7.26264689964695,0.553042007483972,0.0169495986924911,0.170006337572853,0.628561837068619,0.99511630936188,0.676865562031563,0,1.65948978618048,1.55115177801318,2.21713736598793,0.0101621129315786,2.66839664338993,1.90931656186902,0.330865883702794,1.03965640183411,0.76530869813461,0.372758558742407,2.23664115593046,0.945689054387284,0.60294440945095,1.5185975008293,0.82434735479149,0.209590066818437,0.656013677714565,2.34090983758507,0.34227284513355,2.44479093077948,2.51259207185174
0,6.21202824662365,1.15227871386784,0.16727005682922,0.204139835661989,0.501097994261295,0.22479352797365,0.434065720428803,1.57109985519062,1.42975486223871,1.53508540894696,1.13173785731729,3.34028428032341,0.332485092358564,0.933977202324438,1.36979574238875,0.618862898296033,0.992849415090929,0.238999022158867,2.09704101879342,1.58418088504896,0.648002429541854,1.82418080943552,0.929907939324152,0.215075667485979,0.802248836991062,1.02843509536685,0.321783085417628,2.59230168610492,1.54088735934238
1.65191597757489,5.26968034114419,0.252707184760534,1.06127863517549,0.627526701900498,1.34596730833775,0.987664166203934,0.966180545887006,0.3082924407262,2.64728505174934,0.744252691961434,2.02343888490229,2.0612911628383,2.38598655309112,1.44184267444963,1.26023928913757,1.35707714126394,0.717541312363717,0.780092522390484,1.75669632106053,0.666933878135092,1.16435524317254,1.40937264643141,1.0950119610762,0.49120602964894,1.76766898921861,0.932989880298384,1.61979115465971,1.0633585124706,2.10644818122538
1.3115192341211,5.19055708337242,0.10771625776731,0.67105971831561,0.641581613497067,1.22580292883977,0.448093709916643,0.796175924736808,0.340504090032517,2.86718411543466,0.949106594013448,1.98866074763881,1.60163983476638,2.52681501725498,1.42778112738529,1.61222369294263,1.26446965489192,0.706191203904188,0.133876619480247,1.76179943237364,0.898930392257256,1.66332070443655,0,0.429981982646286,0.391164875927527,0.482206441372452,0.724753121552823,0.610852968667349,0,3.35670699879628
0.683540085663197,14.4262855775397,1.56623031479828,0.021418776884687,0.193194613200247,0.427537559725116,0.365405091969519,0.414630193262017,0.13251013297076,0,3.2953296123985,0.442356589506793,0.2664669327636,0.302306116846329,0.366702856049825,2.00127209086355,1.03001517522564,1.22968183153755,0.959155806966997,0.230599944475595,2.29431658914595,0.807822054300357,1.6987028562635,0.134408249934763,0.42587977783061,0.42246502179907,2.47198735654847,0.484259703371192,2.67314971726893,1.3718489370438
0.786989096563559,3.64639095102706,0.883013181660534,0.891461622932225,0.859156891249521,1.3315596832838,0.857748111869341,1.5245196657659,0.630382558289654,0.0433697722478384,0.8876864838886,1.47117928355946,1.70648107709903,1.70865529036849,1.2490378609422,1.51191509917251,0.853009031058337,1.04049273037399,1.52992033124351,1.13455995558115,0.0343761450457338,1.71368526790873,0.811045496509733,0.833607634069223,0.336531490421275,0.810149404139224,0.969493605801255,1.03375470128214,0.738792650193961,2.67788772406008
1.99818044245837,5.27978955995114,0.202445004781332,0.991975297285708,0.463379808265887,1.87502850093309,0.861507329206464,1.01924359589608,0.654622173136653,0,1.70828768999938,0.457399621133282,0.911345652427965,0.223283335703124,0.383751283128562,1.11874368563906,0,0.673727680547151,0.0911594893952591,0.799311779148715,2.26422888350449,1.23747500019001,0.973737503985859,0.966877545232733,0.275692908682842,1.10417824587916,1.12919217454815,0.515107553119799,1.93244241650181,1.09045463037997
0.0231514076678285,11.5624977584354,0.294838019145552,0.0740815306242948,0,0.564540654801762,0.33384960618793,0.275478520655132,0.166365281366901,0,0.93056584404574,0.432791653433114,1.32107246139082,0.182687060945594,0.053786151173498,1.64303542550379,0.830634234498736,1.18717819426043,0.535025185647256,0.573888324650516,2.071236664253,0.707303975895667,0,0.902447055061236,0.323742987904661,1.37475521158411,1.2967669606225,0.338056290352948,2.16690249223989,0.367494602316818
0.181988932859398,10.1888749454317,0.319685007866385,0.216930326593645,0.0661156330620508,0.467846367993157,0.137753113076071,0.301352263901379,0.105956162404197,0,1.76641678145951,0.301880233505638,1.42784504226763,0.264689715019295,0.0923666865383134,1.45023736781825,0.978851577004589,1.04575953716924,0.302640847278467,1.19248453430323,1.75065788585268,0.81093355882247,0,0.979897050030608,0.220118050234966,1.32437670754778,1.35679515564334,0.145969714589789,2.39246543206373,2.79682696627704
0,4.99138678014725,0.731236656291429,0.0526793395622178,0.227883132604499,1.36756065125873,0.578306144392999,0.451821041481267,0.107718183226568,0,1.46322143966038,2.20412191732776,1.66592812053927,2.07751603233404,1.22704594049978,0.296513234048699,0,0.535853942377419,0.360581981603373,1.63053975891807,0.235519880506947,1.16718791475765,0,0.0726104987551075,0.39743951688984,1.8852693106764,2.10962233250136,0.92254448345301,2.26453178417491,2.50923363308705
0,6.44078146037543,0.661902857463399,0.352349549641448,0.145474505011781,1.68099442755486,0.999009737403515,0.281928565094848,0.117100589025568,0,1.61555726667199,1.77562635527153,1.36949128115954,1.38398012652911,0.990648934528386,0.6332616006249,0.173340718392074,0.578813270858277,0.29507943532367,1.90142669751164,0.10397775730324,0.804146766194133,1.93650330310465,0.545172989432824,0.284091746560506,1.83556638655124,1.67529286087564,1.0850546527588,2.31030701901164,2.39631041383939
0,5.5548174143557,0.4776721401819,1.3028808675226,0.713738146482419,1.33884219888901,1.01869444596396,1.21866522278537,0.165305747822644,0,0.936596565276315,1.68311534388989,1.94086673880566,1.65001079680684,1.60697887403175,1.25784440395401,1.11445409141202,0.58139470522269,1.48519846684088,1.34525808449558,0.785900450013612,0.636710612501946,0,0.839412003903491,0.0521485674592549,1.47222498817588,1.66771731492667,1.01486180877675,1.79917801079417,2.14231939320805
0,6.70203858416082,0.427974630541021,1.2088881359299,0,1.6231162400859,1.13418954565459,0.67682461220776,0.108508677340603,0,0.856503006956698,1.93021261575812,2.35789135210611,2.01684417995872,1.37924766892443,0.25579473847764,1.29444904146686,0.471802706907729,0.0850756253100193,1.63885480594352,0.854395005755401,0,0,0.0731810050445246,0.184222494258741,0.830997547932978,1.11203741416517,0.559210529389705,1.53572085176013,1.19045344053406
4.43563449537412,0,0.284719802889647,3.46834936706824,2.67958526879064,1.14672671819255,2.71733313622582,2.63552236711506,0.217284935432908,0,0.695015248000549,1.13786313116595,1.21503330968011,0.210489899955257,0.756611353604204,0.041504958769638,0.0914067136765756,0.112268395593823,0.713452777961479,0.450590208662743,0.222129753995751,0.115771168479993,0,0.638094095128402,0,2.84039364046529,1.03768593314767,0.601030102536433,0.957271038693802,1.01124195255968
7.67963226872752,3.28001770938883,0,4.65694280951058,3.22881280649964,0.248429631289143,4.60294180576954,4.78409386681933,4.60221587426138,0.218928539263854,4.52895361775242,0.495106805902849,4.07460259854906,1.03685845014276,1.17741824096601,1.14083718791347,0.554853844959521,0.96421030620985,0.701788901596972,0.998089570940672,6.17753069554264,120.347136340834,3.20431843183533,1.16340565310874,0.613963371338112,5.48861997082311,7.95219638640445,3.55571642463068,2.36661724121549,6.58561027081672
4.71548608171968,0.491737990647174,0.19587323719102,1.62995446459288,2.71457307786227,1.20293329166737,1.35889366592453,1.73829202138093,0.132594617363108,0,1.20478633722109,0.032158129255339,1.39386643330057,0.398655502411404,0.478239487735154,2.3080741373224,0.262658058167619,1.44743225969836,0.905192916315129,0.232126235266595,1.62114905958734,0.115304941756834,1.73419894124163,0.593685387175686,1.16355651753787,2.70031275468928,0.76279162151721,0.454153124864251,1.06654219415769,0.892788990535085
1.83932527751065,2.84838568838909,0.244307609708741,1.5065723223438,0.360414586380358,1.4385634732698,1.47520707148799,1.77471218103456,1.17650600403639,0,0.814918916376937,0.850007425061246,1.63731956628394,1.16930804420728,0.712407169926794,0.70021938831206,0.924673832711261,1.33496765087319,1.52871459587786,1.20615294930832,1.38791752424694,1.23589426756987,0.827978848029208,1.34643443655671,0.55871806982082,0.802875215681745,0.61635365983084,0.481222078526164,1.48074321967951,0.321116260060621
4.41881793716544,0.332937082022407,4.01966939764584,2.93200061050026,2.53969675848258,1.53029464933505,3.39240685687198,3.5332916054821,2.05341628966791,0.534470303948098,0.159227158710823,2.11602431363159,1.26141817426762,0.350960198886496,0.581261220071082,0.15975245277914,0.730892645500693,0.0450983953829999,0.800545019159074,0.377313795468643,2.00883814869196,2.20147273434069,2.88213549441164,0.555108484538556,0.793520222171441,2.37403061182359,0.899299259988912,0.965747520256978,0.673896509161215,0.740407942053555
3.07913699586228,6.85341380098561,0.787713211821681,0.83241860796278,0.758673788484178,0.286712952620779,0.294710497292477,1.36872941027754,0.345972474576352,3.0798479617153,0.130625301257511,1.13874574708574,2.21685578512862,1.41266758023935,1.47042045649894,1.14123986009807,0.180292494263081,1.50796541005939,1.54236087654046,1.31708079432059,1.06320716273814,1.5285578939617,2.00516191951282,0.154839811845108,0.75158127132524,0.413644307379538,0.897725795684698,1.04367617307578,1.05397327957494,2.6983798723001
2.05038392244941,3.57147107784362,0,0.442084724748541,1.72371664329552,1.4263386884213,0.570576631316999,0.25724746242326,0.261392950104571,0,0.610637096637134,1.87734751889516,2.19834160934083,0.0671528379379753,0.0261660058939117,0.876712846217115,0.202913742173757,0.931198833920704,0.732319902018791,2.31593673549012,1.66094198298418,0.702611540306335,1.81619078342711,0.182738861618103,0.764172382607241,1.3274613280867,1.77412612558005,0.0980633719196834,1.53883522749475,2.94203871425782
1.35864146120684,0.673020046573995,0.933614277433427,3.06672734243746,2.61850410500616,1.88686336187929,2.73677294969545,2.7024310564496,0.100815219135291,0.72142248324905,0.425058499593645,1.71900090811059,1.02338676702177,0.818408925019622,0.831336178532356,0.451711231065117,0.572199835616014,0.0717413616217362,0.19353465647848,0.605012559973029,1.87203756372448,2.41686165018433,1.34681959956903,3.49235353294266,0.796460587627587,0.448612903832321,1.51993209830934,0.301218076782656,1.62086569592441,0.20797417284856
0.0211383352929404,3.71345540349448,0.052201985565369,0.783403173182707,1.72769430522594,1.32467861415822,0.742001054144752,2.13730874762983,0.633620452208019,1.97886878281791,1.08242502740721,1.51830788909177,2.07177172211118,0.573572124691453,1.47299513417533,0.499617290882726,1.02383908691535,1.42577403584564,0.918296037188255,2.27311740751259,3.15980908960243,0.878013883400407,1.26797685697803,0.347277733052175,1.29694964264238,1.09120648585842,1.88911149994583,0.416084539834393,1.92386344827335,3.02597079614708
7.07193711485135,0.0557786013414423,1.92590602769246,2.35541376606328,3.09850935477845,1.77017133355925,2.65796347294715,4.27849645768676,1.35732787367663,0.598458712441037,0.3127707671731,0.506044803760288,0.787335742253096,0.0797814904721099,0.163884224999339,0.149895056173153,1.95463846456059,0.131554491842009,0.211264718007486,0.653517574716626,1.33327528066568,0.844808477820989,0.811344695251722,4.89378586104993,1.65274703483125,1.41632464751605,2.8456339076769,0.931794541466617,2.04047824351011,4.10731546846512
0.112767400196155,4.12907480638252,0.21377869292728,1.28824897049781,1.34365503714953,1.00994169429373,0.965554084394867,1.55048725914312,0.924901816995433,0,0.951014081920705,2.0315639320583,2.05407214322369,2.08587242172015,2.03618306449629,0.276299488843748,0.310298476679094,0.841308793767223,0.354668454305458,1.67081939831597,1.78417399570703,1.09072898566204,1.26182369032888,0.366449692105586,0.146455947371904,1.03978449450495,1.56607644336939,0.47266261634306,0.832855703927397,0.12917349278109
5.17856221095682,0.0495171074321582,0.97776369450854,5.06097242808407,0.603396424426152,0.662276030352007,2.67577151072727,2.03285141340374,0.264119024269668,0,0.517637872129725,0.659876014052633,1.53879161366213,0.677465634018313,0.573119845640235,1.41719440203948,0.254951938207875,0.0585795496704104,1.30473724449141,0.309069893316353,0.587390468785334,0.930243783987609,0,0.949509133534308,1.77109411994968,0.046142807066209,1.12627513886571,0.129609498279331,0.476471257044293,1.00509427375096
3.28364820534364,1.16406739542246,1.02708123209801,1.34893050422662,1.70756350664181,1.2303761195646,0.636938295326597,0.0167628517498696,0.374769211482084,0,1.01155564446729,1.10746454896444,1.20906897224163,1.40767358736383,1.39482293840766,1.21732564262446,0,1.21597661917526,0.791270880170087,1.74448241916665,1.8497933046449,0.806493772287656,1.06780617274249,0.46556080912814,0.389931006646643,0.782321675254999,0.0917080004830603,0.0607298188214882,1.40850331719566,1.47850212494688
3.13630127915008,2.23075827563328,1.98797335436133,1.91393191242724,0.851220627500812,0.369689758121542,1.55211739170389,0.298596505990864,0.872253935501233,0,0.999429228266192,2.02744748531595,1.70230737098931,1.4869258186934,1.30393268433617,1.59084801995117,0.759849726299181,1.42951667912018,0.2656162863189,1.27093786674813,0.439833458289249,1.57076398877577,0,0.675731832453893,0.404425914274218,0.46924378831173,1.95874167111064,1.70594218068123,1.43474240570226,2.45801383929802
2.33764254362058,0.812672205910274,0.0710284201863212,0.690175671673369,0.790685376410821,0.184938310868108,0.0324662880809069,2.02141264962544,0.957169449755429,0.820333039290948,1.15744015700493,1.93954374973994,0.300826988315489,2.04083503140076,1.82820669295822,0.754996599980283,1.6104675748539,0.795746693563656,0.489392724395874,1.72253317859665,0.29792196925413,1.21532938083393,0.494174659536557,1.97734897353096,1.36903144085747,1.2065428490089,0.612686645972623,1.17019082135969,1.36174802607246,1.54545398882952
2.53016735380721,1.57489503610194,0.448750525830674,0.324619004263022,0.188460047139543,1.20970845480599,0.437795631199172,0.90881797467254,0.457490270677019,0.807497102110949,0.387229243501268,0.931897408324799,0.0136589781902522,1.35247363486985,1.06994040954078,1.99071066484236,0,1.26366385788314,1.00000081455797,1.65901591422507,2.12723433640896,0.47858662517635,1.04821816015387,0.586572603563205,0.548283004828039,0.773655021617334,2.41117541804149,0.111601796226321,1.27926893586095,2.13068850031312
4.60219260577655,1.90673499225293,0.64713540316497,4.42095781349258,0.862475865925547,0.575537391360481,2.25389230510881,0.114236118993954,0.144310551118976,0.560475743569708,0.410002403880464,0.442887422623548,3.03796857514419,0.841338215551648,0.337605991629158,1.03412274298677,0.664621936268209,0.137027524351468,1.10463083402771,0.356654830712609,1.07593920517352,0.986691658233026,1.08536725282634,1.0436407672301,2.8053442067771,0.0129963415333984,1.14441047643782,0.275080044586991,1.57558204040393,0.0662089299131772
3.69291895000406,0.712317508289049,0.809498495186085,1.22891718637663,0.644405853862642,0.272836933942288,0.890226114733057,1.59828856257737,0.427968424586764,0,2.49195087101854,2.26316195939582,2.90370075271691,1.8198921187293,1.9617315821446,0.755911369237193,0.90986052540723,0.809743562204819,0.330272926459357,1.50270882630154,0.517127966455692,1.18646755221753,0,0.367351700391423,0.412645667202646,1.1550875598725,0.17079419901106,1.90339395928859,1.71849364823327,1.86026387330539
2.23695518293359,0,0.643454024681468,5.40483117137724,2.00305264274227,0.662482322450146,2.38389602548462,2.73624068238963,0.584788555139148,1.69905308393657,0.897124432554507,1.15340808020418,4.57404308211662,1.12297180694683,1.05991761996838,0.581460968170714,0.556618276292679,0.695306120778656,1.30608430147728,0.626755086763325,1.54599401537368,0.831380788053212,1.09311201428541,1.07254385901725,3.061161976452,0.372569479550622,0.877958817621414,0.439240118938699,1.57819693298024,0.583174742687103
2.38822898907103,4.33572255118054,0.00425699476033793,2.12024424624876,3.07021586915668,1.09463525183564,2.33721863610594,2.94794534136342,0.545399516342017,0.0772339714611668,0.987064285678017,0.36893708324624,4.37605610659459,0.0514134260705866,0.125077960549076,0.215767755873938,0.727921349146115,0.300520895944733,0.172563964649715,0.593234968420891,0.857442846357328,0.452756717459725,1.01012877832433,1.66205472040728,4.23303188850647,0.269093962306641,1.24392601073931,1.48449157123125,2.16171746448075,0.88031980485194
2.61661053549023,0,0.42362715128099,2.41616506981422,0.869170825062111,1.14352054256993,2.02502207045338,0.929039942366408,0.213241867048045,0.98194789136052,0.60511686504573,2.1771090039549,4.04066043332257,0.627425301791277,1.05146460965624,1.59431209459559,5.36351961232249,1.44655295231884,1.24297597637027,0.517863967435829,1.07313597101848,0.539638273607195,0.891009575762318,0.775223044063242,0.67935466133585,0.00657457729237898,0.611348200115272,0.856650270047412,1.42115283792514,4.86222173368202
3.50385832035346,2.45652556780355,0.612829751891078,2.26767670262738,1.1296002301236,0.742086988337197,1.95555329973197,1.73288280091553,0.40776027428065,0.0152025875506089,0.609403181884013,0.615015823624049,4.29772504727152,0.956989745477173,1.20255032694418,2.70901211758302,0.492043594917633,1.561125998426,0.678144905495354,0.589877038005441,1.37921564455031,0.79849751495081,0.309459117327779,2.13903228824881,0.975118353784697,0.200471080432252,0.0850251159708378,0.354735614050462,1.19499003211936,3.35282756531253
2.37813256970272,0.352289677438003,0.234302291755383,2.00755226500832,0.0286076924829005,1.17111392971239,1.16910269847979,1.74914836096323,0.534278383778047,0.0799095585203762,0.29937109788937,1.92040905539216,0,1.36654846119343,0.792515637691352,1.59643308806552,0.559523521957608,1.20204774575629,1.00973638644661,1.13898108500009,1.09780544519379,0.47396303279651,0.61643194300669,0.694732052290088,2.59332634090157,0.32459422026567,0.691966246471464,0.080988561239103,1.71497686443306,3.41666321260515
0.721332105471467,1.21750381347071,0.266902682257504,1.32268105543161,0.727675257847785,0.363696395835139,0.391004164512375,1.45158225743709,1.42973540271181,1.05834645911361,1.71915809983818,1.09669585895961,1.75347641364812,1.12902632677345,1.60313919203322,0.473311092209429,0,0.764537109996304,0.849796859201407,1.12562770717007,2.85937089033023,0.998512046029497,0,2.09325534670897,1.85237707944255,1.72334258657861,1.80112622149832,1.9423698723401,0.473269292769681,0.0547150943200185
7.16934093624869,4.23604256497782,0.288875852262662,1.76530818614888,1.19360897594694,0.473784045254443,0.896264639594731,1.93150389561896,0.310010216631885,1.55303189596117,0.475277188353422,1.21427996539742,0,1.58661544328266,0.80245571277723,2.67283477530603,0,0.638191818526889,0.498875471692519,1.06800570853685,0.490043622935443,0.0345639722777446,0.191061022743062,1.2002080472345,0.654781676053754,0.444082533046536,1.04860248696972,0.150957059549427,0.541910163020328,0.781261079444196
3.37045399622572,0.47072384185048,0.270960066676453,0.699069707657493,0.291303332345305,0.0979987803069977,0.52664294673925,0.393833960301763,0.464334160958255,0.369211174412211,0.253647448625273,1.66838804034527,0,1.49992137741279,0.834643073653808,1.11615584548516,0,0.9346302569737,0.841687400194591,1.04924957994367,2.0775333308643,1.79901915537339,0.998608342116069,1.48474242482253,2.41911780310522,1.17818396843345,1.78030224912671,2.02134846002977,1.37852076328491,0.254730909653357
4.19708222407235,0,0.57552771665819,2.73652155663687,1.32411468938958,0.173592945847589,1.68779198607507,0.523104464427863,0.486813064096421,0.715773888065856,0.458813134863961,0.389625634821362,0,1.01021770742416,1.29663940389701,1.20255783080292,0.217312580656483,0.0214029308610056,0.416483510577008,0.511521011421531,0.471172090339879,1.73624927908683,0.754814753759762,0.711801824149148,0.716574270734276,0.175622754783715,0.272442503125468,0.531611819415133,0.0765356861658842,0.06398688464773
3.32188886797643,0.878394846662625,0.304668043657515,2.29060361104524,0.602334034660589,0.196524605397849,1.70150768402216,0.62346679555933,0.189991956569524,0.448591311960459,0.168411700345585,0.77381993496992,0,0.572656533316216,0.969449660460753,0.709197651028747,2.60261820763402,0.106601750446252,0.547538488527299,0.282427059600148,0.52058412060178,1.10529852141699,0,1.62822150541609,2.83852747970203,0.695954622730145,0.198204307042102,0.244847729524658,1.88211514370764,0.0735504038397372
2.03827967132139,1.31054686722233,0.522465771406036,2.39157084407196,0.395128139187543,0.0965610260727579,1.30536943194933,0.511531965911637,0.0282115753239807,1.17112579176602,0.424580798374671,0.741401705645526,0,1.47088298433025,0.592501323918789,1.97996600304145,0.888083687962925,1.71505367237628,1.10953894699354,0.297979207182368,0.080006244808233,1.6808674064634,0,0.211800379667442,2.23382957326918,0.663683045035378,0.378137799037659,0.0568355146442049,0.905033516427381,0.0953159192851103
0.613824274155567,0.876106944072023,0.0101605961586153,2.44500090525469,1.21911195631952,1.43086526083051,1.74826228536204,0.591903058441013,0.0971944624612631,0.668968996679144,0.325191673663343,0.238045690629829,0,1.14662874133263,1.30404668389458,1.39571778937211,0.88014506578048,0.36051029257114,0.644306334242281,0.775579472112891,0.524261368523494,1.62274435195919,0.660999357968044,1.7923226303749,2.92824425367696,0.340773934771587,1.94919602560172,0.216892227198376,1.64522601307154,2.42971571928691
0.693921491756477,0.79021815153771,0,0.0469570816515416,0.346476915869376,0.200402359879629,0.567551109371018,0.0689585404766139,0.616594650360495,1.26881670942495,0.074143068010125,1.94023395316989,0.0173211602800636,0.564488774059907,0.173814460924247,2.24883020681021,0.880980614621007,1.91397846367864,1.10824713082159,1.7176472814204,1.03825887438977,0.394419705576827,0.992317408937035,1.84614831362112,2.79425751838337,0.3053292250825,2.49665724332914,0.173082589328192,1.53344214684667,1.52744234560482
2.97625005695898,0.969080268673493,0.334161686961651,4.46766136150195,1.52964053081238,1.73031701076402,3.51872555971901,3.11405320838821,2.71784914622655,0.346750923819555,1.79159657141176,0.520187086721383,0,0.0266308245320652,0.0631513838874299,0.0812017238224471,0.0816646099672592,1.21265545783314,1.10514172521669,0.549471926148395,2.05199413821749,3.65902476640262,0.622515378277724,0.476579340466764,0.0698862327013996,3.27748648519987,6.82105040461401,1.9581896306755,0.290181786000566,0.502756231255003
0.555109860132397,0.891357755064679,0.175936298285193,1.92140990225968,2.12290540016228,0.72022351567243,1.97591811732006,1.0280524498211,2.43213566950858,0.759660038213021,0.997134142466024,1.36341099613372,0.342412884551064,0.929714076332668,0.553743702108451,2.29288383046558,1.08458142749682,0.670567266132719,1.08667297696965,0.804749619451546,0.822539871312476,1.78681789268823,0.455939208407245,0.474283109679978,0.667640054093809,0.00509234849530006,0.620937503657267,0.268362072064099,0.100629590517714,2.24649062684371
5.14387358716413,0.896665584598633,0.271848126924527,1.86421873727409,0.762447848079279,0.520216758676628,1.47096496305925,0.435069898976058,0.0877915873717346,1.37361531729221,0.601013449548713,2.13339376939466,0,0.288715556001666,1.37959467375895,0.752583539883971,1.11050074999474,2.46591185203107,0.294570207107954,0.322539648259438,0.352308378775161,1.0744130966755,1.03867443985941,1.49274315559291,0.315210170110768,0.472488721234314,0.82387796190661,0.681881321287298,0.870467992945785,1.66188038196188
3.63587643095045,0.344033779850269,0.474170586092765,2.22156284446908,2.61275865788576,1.52766239301572,2.21976231170639,1.06761247792046,0.573397710466184,0.0980747672320361,0.222638242707975,1.49418627183462,0.530239684142882,0.63999596150162,0.517012145755054,2.07867265937634,0.929142062121465,0.35101269734233,1.03919092455915,0.740856771939165,0.236835331092975,0.0680462345172295,0.673819786672177,0.268538293105586,3.32274617275343,0.0396996088787044,0.104231647497177,0.710062532845104,0,3.63402709501886
0.135877360193472,0.664514257527539,0.844888624818902,4.65393597785641,0.905871508744828,0.280603870671918,3.57366191951409,2.3336761139653,0.755249888409291,0.180068690063447,3.71410956838559,0.385323110142835,0.356633846129486,0.572946238189742,0.135528837003872,0.0104212227270572,1.12178359235336,0.488396213396655,0.62407810206904,0.749022235395089,1.44749909622702,5.75355956988321,3.81468950840005,1.10201025961723,0.393699276376477,16.8629823834623,0.32461091085949,2.6109337735837,0,1.80209128267388
0.192907097508746,0.0113996256271892,5.91533090728666,3.06336751469535,0.493229222371548,0.753609713596828,7.11886091097678,4.51553639834465,12.6456798465702,0.473178829065013,5.10711058702627,1.1746345883117,0,3.32735976756006,3.67489001873817,2.27649771683284,0.644232698944024,0.302919596351748,2.03273768412728,1.25225995442902,0.900426140090426,0.280209482027825,2.36816468965448,1.60052127001735,3.43198899708537,1.53364760444844,0.426375423809105,1.5795876140321,0,1.24755796105599
0.83265143895402,0.51530218849727,2.04257670511629,1.71438481457324,0.931294903727814,1.41660462685699,1.55864214865438,1.32424958419718,0.336793351780585,0.414028479615519,0.469783006974054,0.316605969259886,0.371729641850783,1.24913134644817,2.80073842457054,1.1748951310749,0.661014092127403,0.604911169453427,1.94498750606666,1.20599040571189,0.116992961307119,2.37289230333527,1.05646177267864,0.67744013017381,0.308231733192908,2.29838589589819,1.1805025437023,0.210381778381284,0.50157171745639,2.59441044432848
0.46903852667308,0,6.16560872006694,1.47258889718803,0.658167545722937,1.09004283791282,1.91893938227634,1.19706178192251,0.845508581012873,0.149716473452345,1.79670922521703,0.291473205098821,0,1.20441119571895,2.58944860424824,1.54621017410799,0.518307036882136,0.177586737113745,1.8237367808319,1.22922936749884,2.76413338444096,2.44530984760194,0.205487105251536,1.29255989265288,1.95861104702513,1.36306382980806,0.508150389000877,0.589780711531308,1.159058068385,0.996502491268278
1.70117612347636,0.815287687993888,1.38812334457612,1.69480278258987,0.393127075174254,0.119443347797237,0.413607648363653,0.492242066302813,0.444256223572903,0.241530374300679,1.60267737886432,0.336206290662021,0,2.22806933231839,2.54244553934168,1.34639068043096,0.902082626488777,0.144492671298767,1.3218929970056,1.06544876472534,0.17678640226523,0.785855993745908,0.697536079475323,1.07507648432465,1.73906212757182,0.566588214830706,0.274026597506884,0.170949301535883,1.0180884707155,1.73082254355648
0.206461506549342,1.17668725627705,6.11907378747348,2.98066204426243,0.476375811459118,2.04305231406479,2.02568205273896,1.28047937973237,0.970218944264005,1.2448634313474,9.09063020453222,0.337393318039951,0.557453607208559,1.78553084759864,0.670876519438388,1.22198434246032,0.823874804389376,0.637628037639943,0.589284049981867,0.802408565639313,1.01853015454272,0.331503056881437,0.837850521390722,0.541461448022577,0.763727188080731,0.65799051697901,0.870669368848682,1.28678825081875,1.54304846058292,1.2454718600826
1.45135465754855,0.868013682991396,0.609830194044672,2.15341290642257,0.595291330813615,1.5688930920437,1.36091048302523,1.37023086188065,1.48299816635753,1.46023934370182,1.07488385861136,0.24873749696636,4.00817931493963,1.23383771856788,1.94162952456968,1.14956316023806,0.428502913983146,0.285706454948094,1.69097062983601,1.23630737453658,1.71385981643194,0.946862431010012,0.426317136300968,1.95988036541912,0.798065275769677,1.43761877736945,0.67061394598843,0.484718137487541,0.654159823213289,5.04818163427791
0.125206034485362,1.55464404341741,3.16468768238205,1.46631806673055,0.630248299961286,2.29556102136193,1.59683200639199,2.39422527269736,1.88666903251973,0.188001463714597,1.47546196585619,0.230300112782709,0,1.09650663342562,2.34276995334236,0.93995384401954,0.922235192015401,0.170027969556448,1.77396818732109,1.18800279336834,1.68932857294772,0.374643895736369,0.954654121811718,1.87555107459506,2.57786002702252,1.0424752835989,0.755557627028805,0.585863087854349,0.785617747924578,1.12220821383491
2.09558470512866,0.644170470045908,2.09456969942968,0.618444986884559,2.94708842009047,1.32510590664194,0.473174479822148,2.01646100027273,1.29055026455803,1.7361922205507,1.29321175219982,2.71567023798438,0,0.559160546304917,0.201666656564322,0.0280023854750566,1.4568725657897,1.18866658276018,0.489514321257332,0.140451698063061,1.20365748866173,4.93564674447941,1.139639702546,1.00479470893323,2.45162328119841,2.15077285343991,1.05540280515314,0.323490667941913,0.895470374834472,3.39676994723809
0.3869771782626,0.595800085526065,0.987114509032695,0.182849500421916,2.96887463734478,1.42028931339162,1.21203120316446,0.863141907099848,0.814660988095779,1.88601687857784,1.60670907499611,2.51787330291419,0.513149687630952,0.909962780111558,0.29627143632901,0.688925644239255,1.12931047119651,1.18093346640108,0.561103274404854,0.382533882076132,4.5370578476117,4.56927674638682,0.36607841232372,1.45491073383285,2.01853803085598,1.1595129390179,0.346327799345279,0.818250265635125,2.12233128978388,0.705431373676212
0.863101582932971,0.520205750526891,0.865651354472514,0.185760559380803,0.644239136893392,1.42975044462139,1.94780606116541,2.40410004643288,2.26842783079197,1.25235435948195,0.963246847453752,2.28743784100649,0.527178184859698,2.46065605860218,0.547673291080827,1.3936829515431,0.837644840547558,0.936071979960597,0.874638475319018,1.48039340121151,3.16658027816062,2.27359977380149,0.262211815453116,1.2046885955834,1.51661710080234,1.81760748344305,0.686834053359604,0.770442128075452,0,4.17420729145091
21.2246825060689,0.630831400448466,3.88557159530777,1.94544922960485,2.40014766735635,1.86574757373424,1.65512080160903,2.79337901145789,2.35141984996415,0.92434112382059,4.66504461226075,1.10483972675237,0.221590837918618,4.4292758624681,4.50541586490572,2.19118581136733,0.391540966350486,0.281103520578188,1.80587608462933,1.53808465468632,10.5576193389379,0.258399644869128,1.06544144077618,0.100130450246862,2.50946323375861,5.69015903206476,0.641845341812546,1.56032548132427,0.466897387817646,1.76200317828118
0.370488333595123,2.05653917333611,2.35050563029033,1.35794177848763,0.577438793215882,1.9677208120908,1.75221409454401,1.53710398596449,0.557970001404061,0.843731034788688,2.91987402333105,2.07641566569422,0.355013321502686,1.73558886877303,2.3656083313902,0.17944047309821,0.81969384318903,0.302985745018207,0.689782254074951,1.33751826999965,0.932398889070983,1.79396510098643,1.40225790712439,1.6563437909353,1.29449621847057,0.894494616580724,2.60694761383473,1.99107578642893,0.363521817178756,0.0120925449845893
1.17438970570916,0.278958349318824,0.703242924814915,1.02890995547679,2.77243621869236,2.02351911498659,1.4427399314435,0.899494921949754,0.839501521151357,0.47077816217828,1.25352378195586,2.97668770176059,0.553986648672279,0.189232982197752,0.21283266354077,3.1223522488273,0.482327800657852,0.867757114612541,0.539570093512448,1.302069916228,3.36323385108788,1.00434233682385,0.673866851850127,0.930388503975249,0.976735982707511,2.15348494175362,0.934709369469382,0.783034182123271,0.0210310652564513,1.10100796870752
0.693767879798112,1.52197251176836,0.188098768051586,1.49652923309626,0.792432479619313,1.22052971551931,1.54837639739402,1.32660587291471,1.42374092265737,1.19943442317925,2.62575004058193,1.41936258940882,0,0.737275223582521,2.08309263856606,0.334304937935787,0.656608071813562,0.383113614047244,1.28866089472784,0.908441284077251,0.305901463348057,2.41616976723968,2.19427038428795,1.0212397683774,1.23848271709369,0.943045263500354,1.08541058415689,1.52982164310753,0.222493515131943,1.88414485680078
2.08871326414003,1.15925888602061,0.574331083572881,0.535884247504397,0.972610335399468,2.10245012347186,1.49918514180444,0.780127850470198,2.1329162445734,0.51832852263894,1.21082252329566,1.00009445863448,0,1.38983141703365,0.733792638332395,1.31756762693749,0.718677262797753,0.523235045430824,1.35832375088247,1.29719255155036,1.14062988337872,2.05371785677363,1.01423432565933,1.12324745501033,1.22949621831613,1.04062419020173,1.44457348928962,0.00647517740857761,0.416599710287265,0.845249425436242
0.24936676859277,3.40467190811813,1.76706732514408,1.77102000158791,0.15907721394098,1.51171618483232,1.56639503087182,1.80296850124236,0,0.465675424766417,4.29257145898603,1.96607712207685,0,5.39979241759362,2.92578427919574,0.965316502206592,0.430173961498851,1.10066287399671,4.41276131843562,1.66948172897861,0.427483735026951,1.61056783359905,1.39575397021192,0.528258180569625,2.65831355928993,1.63972109853919,0.726882534342024,1.69625901218518,0.272170399411813,1.07740026982488
0.00801929357719992,2.61117317453098,0.892228452070424,0.829709725319782,2.64201433834261,1.61091397394427,1.512751214169,0.669449306500022,2.16036727795949,0.182029585794317,0.583937478076755,0.318937425753949,3.05846100161071,0.793761367265491,0.216828239932686,2.32872963829977,0,0.966682067973471,0.608135162297932,1.1755438737631,3.28949695274855,2.21071207257851,0.558660335870304,0.389511575030922,2.04516807232684,1.94510062431814,0.360303106486113,0.750107806742076,0.101507998777896,0.726152605953714
8.22564977855465,1.35089390079972,0.62696328948969,0.197752473106505,0.663895910874889,1.75706142996124,1.86124512323476,1.97612698089313,0.858187951249544,1.37723623070783,0.176519525912858,0.369547918497664,0.849658354169533,1.15284548537693,2.55821881846138,0.205816959876965,0,0.252872140903153,1.35103832340487,1.1722530985076,1.44403057166241,1.70203052892906,0.156502522708745,1.43923000689069,1.14268614395083,0.218848522036895,1.16774921471041,0.118483273297935,1.31353586625206,1.1150167437972
0,0.228168150929547,0.289469064534019,1.42245629025946,0.325740884829529,1.76709133363377,1.22337265127065,1.27966341149797,0.0499629615957546,0.0536584837759785,2.00437701957541,0.0578591087354518,0,0.660442064357455,0.840118121198793,0.973813479081326,0,1.07635684386011,1.38601588075065,0.516762341489326,1.54435563139974,0.703988837998552,0,0.0943337453218665,1.8347199979389,0.246584600263803,1.10665537007468,1.15323637144938,0.610909169891541,3.9607810423303
0.136926749051088,2.90936992760326,0.841847161586936,2.67741804060669,3.09245995795939,1.70188062590223,0.126294926227897,0.039574024476041,0.131054437449426,0.492668730702035,1.68208565518972,1.57098646575086,0,1.93998165220489,0.866285905005592,2.30540642183524,0,0.825004685858988,0.702944671104469,0.398554934902564,1.59424039397201,2.16875969338137,0,0.355695697956868,2.6365600465587,0.176030458801413,4.29820906385645,0.216040890471688,0.993559019068336,4.11281898931301
1.44604083515395,1.06551406900822,2.24412265819881,0.785380525161981,0.856607240997803,0.878895082596171,1.30424035497756,2.96066104523334,1.28691676728374,0.775095168585237,1.12091900067391,1.43825333273972,0,1.93447136217339,0.735621475854379,0.418386232723381,0,0.321347635372626,0.370018557108548,1.36653239176893,1.70091643416892,2.68571852872537,1.37077501922038,0.212898693356622,2.33975160069852,1.69764192076441,0.605551014103317,0.758091549398712,0.648697632194102,1.7618969316845
0.882227819568396,1.60008450216367,0.628192128698462,0.0811809023525837,3.75759527710166,1.30459354007439,0.411809154014745,0.199234174010165,0.634761826308414,0.194088375819627,2.96883860440048,1.67182786730766,0,2.50045131250643,0.939645336887285,0.346394865992089,0,0.456696242451451,0.813855631590219,0.67112559109202,2.83469666081924,2.16498357150033,0.134997050453278,0.192884738333686,2.67020533393918,0.0633291664826788,4.42198860658989,0.380754328251904,0.670826190401703,1.97990821879006
0.167256496105078,0.51486855296707,2.06043079488585,0.89757265897346,1.39517486940847,0.878684545523015,1.36703461938984,1.60220781686269,1.22877251544654,0.885313406205414,3.20851449061797,1.46871328206064,0,2.61264417841887,0.551501162743902,0.258897469418781,0.993674914766296,0.526991854063981,1.55572290837483,1.67912004559752,2.13894373881571,1.13872710172815,1.02255907305421,0.388838584651878,3.13517161874927,1.95132182982682,1.79777495235613,0.678628686079658,0.644747730612418,2.24646776799211
2.16904645906897,0.204628362997523,2.362310027735,0.888860962066511,1.52890866424038,0.257262115916856,1.29594245376313,0.653591759979745,2.32378818772764,0.479810777521094,3.10197083349345,1.24196629585162,0.62512652811667,1.87511768529862,0.726318702894896,1.29566838520742,0.14443985011248,0.704797310047412,0.0470010176120578,1.41325946525732,0.103183812383796,0.636623206360987,1.84495445968237,0.777779720968812,1.12065425393435,0.21652450749832,1.31990709381094,0.147661250516204,0.509534444652807,2.09605509487197
1.3191223119015,0.334878268889582,0.558946245614795,1.61305504399665,1.03296098214601,0.447595288868735,1.16177525529228,0.198445727512725,1.42989483982947,0.973568730462919,2.91902557238378,2.38673526984368,0.0125838626381591,2.13823759117374,1.77228859920865,0.473563925371648,0.586830726374481,0.66137161484158,1.35855544135045,1.17296164694227,0.536068468327518,0.611750986372287,2.18801006849189,0.900180646729274,1.12757689292345,0.572629436624357,1.23272569106131,0.281328616617053,0.232132672589438,2.67345061401587
0.0445874350302701,0.0979360467635298,1.03571194737307,2.80812147059542,0.446803501491469,2.22826852836756,2.4415559521067,2.67914576765879,0.79774232902178,0.211158247520908,1.84590257867424,0.836562681480064,0.350904032846544,0.338675661942094,2.4112600084231,0.394727019409615,2.65055320437853,0.767934782899713,0.612478095314985,0.966955247686035,0.449162952885401,0.682905612047094,3.53854560729472,1.45059822190472,1.33983013761033,0.9944524174425,1.27655025272542,0.117001615358911,0.396937739003073,2.3485378524453
0.0663679270681881,0.411505287630257,0.313738088015945,1.82678818070444,1.87156364846908,1.42907953282414,0.471356039110232,0.708986789804371,1.26726306427833,0.862372343499834,0.0437059106624575,1.1036619130595,0,1.91109681423677,0.869604125465149,2.11267667152004,2.61051729693044,0.141582507677866,0.610665808797774,0.975336136498036,1.62929625572793,1.56779975597553,1.14306361370472,1.36085256161948,1.48997922848054,2.2405342594617,0.529201432652681,0.747473083624747,0.7060687519043,4.45944935706722
0.358512548256847,1.0825361827959,2.87177696411051,1.38657736173891,2.80729092080525,1.21733517779416,1.62325612838208,0.813168953051221,0.485491670213774,0.467117512602791,3.71846281816792,1.58223542916701,0.0095986948821358,2.52970118776611,0.172009796922221,2.06755617933966,0.655487335182862,0.742696007369168,0.21672432514424,1.33351140987872,0.693846468285745,1.71452258208299,0.776020047846895,1.44180841390417,1.50488397590635,1.42941439913941,0.80724225511621,0.26477413191513,0.334184949753781,3.45567245093259
0,0.313404304060609,1.25056375767276,1.29191899619783,1.93773191983622,0.352287403228414,1.1720316787632,0.779119764978342,0,0.698216130784015,0.00320301741706654,0.813134429961449,0,2.2828030820069,0.893594023389459,0.39540755371259,0.189987252804445,0.836663291334568,1.58943292522664,1.24394966960779,1.19842000246241,0.872526377983822,3.07540996942555,1.70615075654817,1.9610289602852,1.91294362931426,0.538761091172606,0.673930934034428,0.565621092555783,0.978348660567202
0.271142613350669,0.302413100668223,3.50286200925498,0.870018184866718,2.43239536597148,0.98599497812586,1.44482897842276,0.856429398637958,0,0.817958335716203,0.836497610573289,1.59408232044536,0.174058801743209,0.203648564620496,0.86530538750596,1.88429375412595,0.314745244603958,0.557306525479853,0.504543240406606,0.333977385477093,2.77673891216457,2.21145120877766,0.487268150336674,0.959819487008475,1.86757836308333,0.159025510478451,1.55168890871233,0.0426039776016865,0.47516873845975,1.80903213256043
0.42036352337245,0.728138283176506,0.778206471463118,0.767826464210562,2.21341699596898,0.581671249099316,1.17912440131134,0.649571921052681,0,0.930596240929746,2.57940442627064,1.95292043989707,0.0154043312159983,0.206112545287598,0.627951941979931,2.03618332637446,0.0246661220805929,0.472512383495465,0.517524500345137,0.965536356537346,2.58544601117924,2.2496120648355,0.427278008714868,0.891976811161972,2.28330823821269,0.0794549367202984,1.23728194859668,1.24571551787199,0.743741923478749,1.70159532224529
0.18324262351711,0.579042878197611,0.563155368065139,0.23509005990387,2.47560260224993,2.1502258443268,0.306569730676984,0.493985586371837,0.108403917899414,0.677428612856906,2.94271292771325,1.80791448795978,0,0.423817628889973,0.836553699482316,0.111671118430061,0.184675756235964,0.892336951845131,0.550724903908927,0.829635904513441,2.66895703454308,0.0557651174622457,0.843928823429464,0.292419914480264,2.25658605438355,0.18263577741177,0.937579158080297,1.21251106051666,0.856897205504522,2.14742510963684
0.0115046121125949,0.450969641719945,2.78850276617076,1.70831198023163,2.17220349244329,1.43585590482505,1.51160320509286,0.666054740549365,1.30654552251167,0.227450967115112,2.37497328041844,1.97062500693518,0,1.27451411283935,0.0615120110549751,2.12426334740372,0.302175529156924,1.00828433805453,0.336893075618226,1.50679879173526,1.28755641413052,1.21103049296651,0.333291674224956,2.28872585064933,1.74498953339357,1.61466528993643,0.676083364279565,0.31972019838722,0.427510486152705,0.831494286920532
0.916041196577316,2.53619265166702,4.0565407441788,0.945064361066038,1.81219130386386,0.511541488234138,1.68794891706144,2.46814109058582,1.85705225165099,0.87812643556381,2.30294505752736,1.25665090510683,0.162166234082959,2.52012385715873,0.155187526244914,0.643136100001035,0.00370462223189976,1.03722018145586,1.46310570807246,1.20552541727031,1.33541407921604,1.26423240075311,1.36347233774558,2.13575448229833,1.61355279313398,1.40981198780797,0.607087833622562,1.19573442956154,0,0.805660942150956
1.33710217875178,2.59526491667671,0.199902753853934,1.09807415377664,1.81701555535899,0.807496838861217,1.95189096697787,2.60591420541611,1.89027742507419,0.75612851471332,2.40209227737011,1.65852650554443,0,2.49284914874258,0.343695289776157,0.987045258219805,0.218049286081781,1.01848869116549,1.77292881087406,1.59059196073127,2.43661594201332,1.61967527594056,1.21894094042051,0.836767308971639,2.21232753316842,0.0872688169368257,1.29673657149549,1.02343242603445,0.560114033457316,2.41042374292834
1.17755789171724,0.606126674018829,0.592643860743729,2.88347301899818,0.0802083101658708,0.179292122563468,2.05611776729678,2.47317561969891,1.83986811157026,1.14670015099005,2.70140608319972,0.88519214558421,0.186731523423092,0.819684980034924,2.1872052752211,0.137536705672294,1.6835535836928,0.968496634856553,1.21541864636319,0.822244359424266,0.60291604144539,0.818940891030215,0.191160890901416,0.67240760026591,1.31132256147553,0.153176768354355,2.90653809123574,0.498695938817865,0.929223157633982,1.55378714913031
0.890794294399955,2.90138253663633,0.0480353430700025,1.330243831023,1.90305000608585,1.97163125988258,2.14714683842754,1.26546477180869,0.995453296546486,0.470197356964206,2.5594408250951,2.1114661143101,1.3537245288382,0.290199237389644,0.889702613339713,0.18941406505827,0.373204183351598,0.350650876497525,0.819157007073447,0.851440243645324,3.45799364811749,1.4965818566703,0.954922494393015,0.181578698852126,2.25403870347999,0.18813708004392,1.0950385885136,0.26232649969317,0.463362442579922,3.07560299613299
0.28611124961981,0.57864072218737,0.10023058212542,1.14692530621206,0.792854761657238,1.60200733581058,0.771943042461752,1.47425614950315,1.9739518185511,0.0473069698507341,1.85802027658485,1.03932675045236,0.761537392702936,0.809802930778821,0.3255208177556,0.841241756256009,2.55951832128526,0.204913208443269,1.73105922288251,1.44475776383827,0.225810600546349,1.3385070604986,0.844232305471079,1.07760401534746,1.73280429261395,2.01042712180888,1.53427418953433,0.848754064656843,0.592424097954136,0.659730817083577
0.755964943065598,0.629593559775919,1.96791657358789,0.021876962878573,2.1809101790544,1.40054739252986,0.793235266974156,0.910099630303623,1.41755246124308,0.144307132650253,2.65767227384192,1.58421977623259,3.2844940160883,2.45363200335193,0.361245606823485,1.7211668732926,0.810278311348752,1.29145253166822,0.538183753007305,1.42070624472587,0.915804439947352,0.919037781081025,1.97855064772884,1.8973557308078,2.47579618265788,1.33510120434026,0.905779389368729,0.775580523824777,0.473047256357861,3.59801725533118
1.95274861509324,2.2472578681269,4.11894070123301,0.332758124128434,2.1568311894998,1.6692029666973,0.765427661077173,0.922590009689245,1.5582759026578,0.64933362393107,1.66278097195608,2.57378011811092,1.57859009176893,2.33193540574025,0.250580160389907,2.42036550941883,1.9582907300194,1.07246423910395,0.373909744248473,1.61648415384655,1.90042038907976,0.919819062963946,1.37691078261719,1.81527442570395,2.53779831152696,0.0296722721297012,0.700787286769027,1.36454631356538,1.1146951496279,3.62577027309472
0.827004670734624,0.0540107690454291,0.559418271215113,1.33698300986998,0.176606247914899,0.116628056672006,1.78930199074139,2.47097117491212,1.51764954375955,0.997772332013822,0.0431334021417965,0.653113435402215,0.893178655987894,0.844594562280204,2.37890036055652,0.224607065854694,1.39536068037496,0.640820122798525,2.02375751340085,0.658440558950178,0.895242380230963,0.421311250188919,2.49350054749321,1.44078253367646,2.61408756403367,1.11457835823929,1.05002413989592,2.05098422392439,0.666184817192296,0.913455266559031
1.30096985877389,1.10833879274159,3.57639357170581,1.43289718733867,1.67094351804807,0.365246620165134,1.81855222016562,1.50162067877522,1.6473408505901,1.21622285887323,1.55771000517611,1.24456491337477,0.0107393655553915,1.7473251657903,1.73713109890636,0.0751009341685601,0.839821772165499,0.855006475589818,1.88367790406605,1.13192312430598,0.534834974374247,0.603272112039407,0.393611080784225,2.21130225013263,2.46821481339132,1.58246524280546,1.53137015604052,0.897212543474847,0.567118169706016,3.55112502968932
0.265444125992076,3.14918817617348,1.02616980291471,2.25034498049941,2.48644771811659,0.595000267807356,2.8393627548676,0.291018058546835,1.05425425243804,0.189622928895445,1.92538630146819,0.384890653815083,1.02225354839221,1.13271950308791,0.563830601335908,0.55687014310275,5.96239992416123,1.28616348400726,1.00812197527635,1.42200760544201,3.84649011534523,2.07744937014045,1.10206838135328,2.1919021957778,2.25520087834187,0.0117957177496998,0.141390870881523,0.850292701866438,1.03982967422124,3.11462930881639
0.396222485225224,0.414831936520078,2.04787738156704,1.55824948265943,2.93198631749037,1.05402103360768,2.36798425656077,0.816736213034411,0.117116402919888,0.69639364271369,1.96640403721577,0.266486979757287,0.464362407632117,1.21678581293868,0.120055417805299,0.63516922452849,4.64057674713257,1.4296540560684,0.382009221937956,1.54393838016514,4.31378346614191,3.79067319515581,0.29270168935205,0.507586325703729,2.23034072124396,0.376384851190606,0.0575752319314452,0.472179661974506,1.32737637233774,1.44736565023113
5.5030546020082,1.93040783644222,0.0773807716467077,3.24701069408531,1.05346733075764,4.28617914633501,1.23929766970365,0.226196091399146,3.51555848015095,2.63428760082175,4.62498188369857,0.405991391120756,5.80039154068493,1.27339890723464,1.90760642353202,2.05614823466966,0.601259919291335,1.53622690676379,7.80270428446327,1.93170240350341,0.0208604993607261,0.428867114435936,1.71639828576294,1.28509023955632,1.01282089444221,1.46772568211471,1.36322764784847,2.33501057537083,0.466477367258275,2.57995111564609
0,2.47536797404121,0.105728307786491,0.490728917136674,2.41560690425669,0.590109874903861,0.83268336844937,1.30577730565474,0.344465764771045,0.0250066967029836,2.35929840923162,2.45523241199017,1.02932261653929,2.08088219593644,1.9500575649673,2.28297300129697,1.09005609426184,1.26412211577328,1.76218783165031,1.70081294163073,0.0122525885493027,0.859852632809476,1.87453845186965,0.345164628437472,1.84364375941896,0.0358705013958667,1.15383396049809,2.3969190581581,2.10539318183181,0
0,2.93830556410926,1.48947804381275,0.151316133487356,0.795509154407481,3.93942260764533,1.40702233571259,2.19220422321141,0,1.93234226309506,5.32441902258319,0.408149277995073,0.389385297258923,0.916330535340565,0.236763401686424,0.972756908474806,3.66949009724969,1.18880919585522,1.40671901236868,1.38202639288024,2.99014269228435,2.22402898160763,1.11811406806978,0.964091623229172,1.85057439938709,0.137880462312726,0.186363443390346,0.721342856758329,3.04570512705563,5.91049324272572
0,1.51416067453286,2.45040808231309,0.81817219128071,2.11823820020856,2.38972887803588,0.907324641393266,0.88809683078514,0.0708669595336893,2.04648540827148,1.47709798218118,2.18788590144769,0.299796445557155,1.41985662252149,0.717004768870993,2.42489528206501,2.50997038825403,1.1850570809993,1.54164068593725,0.129796669442283,0.757564550797376,0.387471909280817,0.0270583731456677,1.51107669005953,1.16850761859615,1.04589291020058,1.0774150177461,1.86736572526371,0.776605327761218,1.1995990559491
3.18516076408027,2.03142702100254,0.406835743475536,1.25141708068235,1.24662819448721,2.55994487638518,1.37182229196668,1.99748656868883,0.349599930311107,0.163107559230613,1.67530855159587,1.68408042633819,2.24005539589135,2.18800568669611,1.45979671377357,1.44597085661139,2.28091365405006,0.490726050625649,0.538053305592787,2.10173619136225,0.488369831354761,0.292969970013908,1.07555987666437,1.38576284111671,2.16010374124518,1.018281055119,0.903760382193051,0.735329957949323,0.0685043188206375,0.688617972593519
0,0.519492812510544,0.935565021219885,0.588456211716626,2.06011864905647,3.11535747722169,1.18612996211651,0.783796999964819,0.332236906180853,2.67097821634422,0.221753832314184,1.35096860445676,2.91548614393305,1.89612039125079,2.22314915484088,0.829888088472227,1.01006710422213,0.968954603745355,0.968206980404493,1.79500241865479,0.266610067830615,0.659474175094604,0.52715555058091,0.343169598254135,0.363628716821796,2.03623440602775,1.42231136501828,2.73459511066184,1.84985874930025,0
17.7590101322522,2.53300117721013,2.13978479386462,1.45515672169246,0.548896965325159,1.65308627447185,1.28270385405414,1.98941331812227,0,0.513820442218335,2.34984424064963,1.30445841863711,1.77054660174,2.3102778591089,1.87420535393805,2.13202104940283,2.45696410713876,0.302863911044079,1.05035872147169,2.24863435792568,1.04991200600879,0.785784691607825,2.91695789202177,1.97678208516468,2.16485046260894,2.39795795521119,0.422980108472797,1.44943811040084,0,0
0,2.72246940912983,0,0.677214512830476,1.96724937880658,0.513827163313542,0.768681899087086,1.7806302871593,0,1.63705684679565,0.604801543516452,1.98388923715637,2.7663117962159,1.14747896593396,0.703303957296194,0.634059980006768,0.986252370054592,1.05336969182821,0.998521628683799,1.00367315729492,0.824773809022905,0.764205332217613,2.22612124649859,1.43910543127146,1.79081112188434,0.151935436879272,1.30701653215392,0.221611546600433,1.255000333,0.243934373664717
0,0.271896179526837,0,0.000310978856170706,0.0754004251428213,1.74888535134946,0.704456807271645,1.13040492159223,1.36304794093023,0.0202155099265094,2.14309053194442,1.28375895084079,0.507870249162625,1.5043589547348,1.61738122209148,1.5225711383544,0.880045794243988,0.912750302684712,0.573387690885759,1.28730892647319,0.0204027224323282,0.158811465115359,0,2.05115843151517,1.86024376535612,0.463208619481435,1.4390766777777,2.49287319944175,0.503499658343144,0
0,3.14975123131543,0,2.45469943643546,0.0328594100345854,0.129794110358973,1.7726927596791,1.40602433328909,0.68859368856715,1.26498142300654,0.821414608388226,1.3884930526423,0.896899091583941,0.78655939968609,0.552855624200653,0.662294758558469,0.476484179196311,1.01952746093164,2.03382147910925,0.801325832705035,1.06108333224647,0.369427801762797,1.82846424582996,1.40174959925388,0.444306012386188,0.0554846344689762,1.75017869382392,1.30303972058477,1.93604869513591,0.19740311930803
0,0.0790967438455462,0,0.458249714902864,0.0403907148044629,0.858507517295602,1.76279615821385,0.823153038334752,0.0600435842494845,0,0.476168080288282,0.673291895289514,2.56358017525618,0.688302980841335,0.967054646749496,0.476295756326783,0.825292112733776,0.890854465053819,2.06412925613452,0.663606948910043,0.784198379016345,0.511442153396287,0.627273619625591,2.9024767578403,2.30219905525292,2.71229307162111,1.64574395799418,1.23010780200763,1.80305334059432,0.965446317884981
0,1.87321644465994,0,2.31291499723583,0.293111094731326,2.41630523982327,1.7477729448458,0.751967366955602,2.20352379608304,0.923053835635158,2.31364849579418,0.290290408738866,1.42863209506349,0.396056055681356,1.3500082104105,0.222471872612056,1.46921654489223,0.495632590467713,2.24270686520562,1.24797113128001,0.866199658620004,0.46614806121142,0.695102786962663,0.952751277349528,2.25935559643675,1.13069999963799,0.413970336740505,1.4889495756638,1.86559162274566,0
0,2.68288869369591,0,0.607321939103103,0.518153367369665,2.47331252230427,1.20304020094795,1.81232728138242,0,0.825436814576937,2.2554394451571,2.27311574765467,0.514595016116038,0.605418197193721,0.15271820375143,0.422772658595081,1.00528132300278,0.738523755939933,0.707352812578354,0.72568797400398,0.859196096098421,0.602298866016924,0.455200192343223,1.62232012489166,2.48603979275964,0.618659326694088,1.34830306579936,0.913409080628679,0,0
0,1.43518513056822,0,3.08117079071194,0.623066104114869,2.25785805329346,1.56744200988801,0.679391145449201,0.922697712111345,0.815703571515581,2.76617288211862,0.4583857574196,2.37231930293662,0.476797603277298,0.992198482691489,0.371804159987971,1.01681054604868,0.75217371284435,1.99335022863125,0.402768390247243,0.964755189597414,0.66634247409584,0.822060802981578,1.44244958685012,0.587260434043664,0.966423730457599,0.832289887588909,0.856799115605171,1.26697392810238,0
0,1.19892288300068,2.53079670745712,0.411806494223601,0.489531131759991,1.10017942887448,0.396570178226596,0.882981947370675,0.542600156782589,0.725091813724477,1.22109123551445,1.20729070279374,0.616819539697386,1.46823153892308,1.57054584809146,0.506662715869954,0.900290799595303,0.940691389524328,0.825445756191983,1.29111649009555,0.511796164272932,0.333540580734904,0,0.0210192611705668,0.492993378781757,0.747948026928552,1.89337646119661,2.73460083910459,1.3068190270404,0.463366726375876
0,2.5470561295645,0,0.137959632198803,0.148042114111139,1.19334132103925,0.00811872248678395,0.811023466095194,0.389939214629471,0,1.51902904540494,0.800551403144574,1.43732993529651,0.365061358884952,1.1696429743754,0.31383289966995,1.0303729691566,1.01649793852694,0.738435876094855,0.467107569944092,0.550786981052639,0.677148483543205,1.28771180876742,1.96207871795485,2.21007369997224,2.18821657817518,0.5272537200074,0.79768996065902,1.6129589619165,0.320397436643192
0,2.16472606626807,3.20285006566552,0.254403363146807,0.108320371815736,0.758641744360105,0.00832948733600122,0.763406397537404,1.27116277203814,0,0.46772383771489,1.62680034306856,0.223082236404462,1.3553811831548,1.37212151858114,0.828189619849286,0.593243384854517,0.942452234203103,0.983999316368805,1.22976387369794,1.14507615019159,0.104831599997775,0.738139064135763,2.09409058829564,0.346651959253125,0.284741978135654,0.565899644618669,0.44339834711811,1.10908882007484,1.14324212371614
0,4.13742097041688,1.94047036398954,2.99232903853997,0.962030790503147,1.94486887236622,1.27562479246862,1.49211246983044,0.468219536871814,0.0670143572789029,2.55774670013135,1.58351145035432,2.34109389421454,1.88050309802295,1.25457647847107,1.14339566277907,0,0.778234262012814,0.584752926024481,1.96777940650531,1.71299204090644,0.390285084560938,0.301243942758389,1.34738231696234,2.09936089230524,3.14076214591877,2.00129387570734,1.29758183281843,0.536019100273943,0.104275146237619
0.010591014291618,1.29699282736238,0,3.0374390270872,0,2.55759268520866,1.48037296378694,0.811795894360754,0.00586321210021139,0.391952091205115,1.25680940086231,0.76836895940734,2.42587745217122,2.16866452954471,1.49859034234068,2.16782950928878,0,0.179283265449013,1.44258984332034,2.28069083245242,0.460209471413762,0.479033971572885,0.28587287408656,1.07232881053209,2.00162830655906,3.0473256097899,2.29296549005852,1.41278610152104,0.892884885475016,0.690918862168907
0,2.21315828303288,1.94337743243832,2.8067804426683,0.840963757845136,1.3613795622885,1.36942469381062,0.875239318023773,0.44576190422723,0.155894394921368,2.92184394008057,1.57261055959311,1.31771142190844,1.89118419447905,1.23173612450716,2.05023456732647,0,0.327896904208008,1.13505170092577,1.98877506519704,1.54882681536196,0.479679502496888,0.0276205773330965,1.48409006569704,2.25351910886047,2.96988827007365,2.09552964773391,1.18727965625257,0.267142449977125,0
0,0.0770541732882405,1.2813661760312,0.124850055991068,0.659062444884588,1.43363844704508,2.06790149541113,0.76590098595642,0.595673287685468,0.190585674520941,1.18779585557225,0.418370981984211,1.44155756654636,0.273112689822409,1.36555604419731,0.406362787747871,1.59735168833982,0.864752410900162,2.79161539335312,0.558743749660529,1.39128936426339,0.732875100777181,0.500936699581391,1.50398430885761,1.92047848028118,4.50630355025777,1.22987746030145,0.970640624812249,0,2.30068602836849
0,1.40661600597347,1.29335939194389,3.04177231060728,0.643470153870893,2.57769768232046,1.86818571448806,0.739685400928983,0.682476820239957,0.278508817062733,1.01863659142427,0.306565808675855,3.29301061376482,0.127206331847477,1.48781751077901,0.600769705151315,1.1858405649718,0.872142814856642,2.05028403938453,0.501548027709293,1.10127586471622,0.849532227157999,0.169374174563279,1.29061138083159,2.11171727364189,3.64300572417259,1.16104431943305,1.25874715894822,0.622032664168688,2.27228263182585
0,1.54550603561656,1.38934789847656,3.0799566902572,0.380772084701182,2.05019946776665,1.66215422089502,0.716704771445952,0.161445728911574,0,1.15035428129694,1.30972387907865,0.212996664839483,2.47114752766222,1.48318023569055,2.22709928295711,0.989112093774064,0.824332686355137,1.13582013279185,2.54911984115572,0.341297473652521,0.697050184543327,0.0408058549017198,0.883568838100009,1.49714199062765,1.97828314346518,2.28211159074796,1.46034441325308,1.06224059371909,0.393564371278346
0,3.45650353237627,1.41840183764119,0.809397293144928,0.210833796479654,2.78797941002363,2.13323129674124,1.01345302120141,0.919018554687107,0.515495855007698,1.35499179128959,0.940058998299168,1.29668502470627,1.01114637249123,0.754320360417568,0.332477479366476,0.999568707661437,1.31105538556614,2.78589643611916,1.09535329998647,2.77784595980521,0.144056608650343,0,1.92942991033137,1.75720423251933,0.227993611275763,0.404189819760257,0.678458986265446,2.10860963878945,2.96506089816772
0,4.47802622040318,0.652868941241532,0.306027240907365,0.75689684145386,4.20813558000932,8.33930028406633,10.4264483567609,1.0346637523644,0.406541408445244,2.89349437518536,0.303025239315891,3.5401891945356,3.48198166383969,1.11299969036019,2.64585637512805,0,4.23813913386907,11.826355617557,2.10994072281086,6.06387801723082,0.356570810467854,6.14653939110707,4.39311662911026,0.183539202754663,7.29532521530143,4.03817601098314,2.17491151223433,2.85027320216379,6.1292277428079
0,0.60763640934198,0,2.69380319671771,0.422527346243681,0.092763856089483,1.97159083820634,0.902321296248818,1.3276992158758,0.0443217923486272,2.9473814940522,0.175314134292713,2.35519433386087,3.08511715105793,1.50739970727185,0.522411066791984,0.0194894501791053,2.32983899910292,7.79327260058048,1.75691102748708,4.71937418655511,0.105405059461197,0.813000470784918,2.58767668312616,1.13660665837366,3.14312723013213,2.80002329944823,1.99265905157251,0.904415526277093,5.52471272777966
0,0,0.362919796548621,0.203215928534608,0.266927949377872,0.164748472859505,0.484098685911677,0.989319370021732,0.717771435062795,0.0616937647065094,1.68042667694279,0.800322849477973,1.23715768940875,0.34182558165834,1.71951052950414,0.021786957310096,0,1.09835393644762,1.95260115987835,0.580418891061157,0.50660836607376,0.089301570670205,0,0.288674406632119,2.02783538221722,2.50203750925007,0.963468722516275,1.38184842626346,1.92211326952906,0.674734887197317
0,4.42958977326338,1.29761340239793,3.29802415811549,0.956402669789842,1.7649283881632,2.49119165744611,0.721170820380673,0.471315620235153,0.0316856522003798,1.71453870351471,1.5560289728553,0.0832318041266476,2.25209434027045,0.943506016001253,2.22710832097452,0.947695818508145,0.944064608169684,2.86784643620335,2.47002311508633,0.155151118497432,0.0875220440743492,0,0.640062214446148,1.87437727323268,2.51790910770669,0.830698576113901,1.67742657466211,0.69871029307815,0.149604446096061
0.76306541245497,11.0396382057793,4.03332418115013,9.22331112048136,4.51973370555749,12.239130022815,12.9090967009038,37.4740723021159,2.73806589977017,0.0333427608217606,4.44850813987768,5.81304664327492,47.2906607529986,3.94432808274847,3.67546308791737,4.08623596097496,8.71741542922659,4.94163989453087,5.3519575004172,4.04514485822241,2.97685961842873,4.40592126822972,101.991889234305,0.127241072433139,0.00294075333012274,1.38709043127499,4.44732221521513,3.47818791895288,2.36852422612768,8.36231757604094
0,4.9066110111367,0.852610850676192,4.07167720520841,0.858179377442733,1.41376599445362,2.14469352709748,0.745850998388137,0.642297285602858,2.28862542823858,1.52587332366645,0.46595497942977,0.720798633122871,0.506439908172614,0.641627360289287,1.01055656125376,0.864613142255596,1.76447807313599,2.34354281417201,0.0214028743218654,2.48766088754515,0.353078865607359,1.03784029335025,0.743641590034315,2.09264850387617,3.18784134326129,3.09066060886568,1.94400104194999,1.83757469564864,2.69233758166122
0.439601776284974,6.53337450599038,2.86056553123556,3.29240676598571,4.92141052098299,5.94372889001764,2.78218524206264,2.6655113943937,2.53954326524799,0.0598137089882362,8.14789104235554,6.44387649152321,7.47848802701364,6.42539087445115,6.0135098612508,4.13117176917827,1.07640169582279,6.64182667525193,5.10772518627875,6.51000490496123,4.71980432483101,5.0183199589023,5.46231959526491,0.242171382745194,0.213733768731448,3.60424889064166,2.44370057638209,3.45493501182633,2.74044260507329,4.19942653238596
0.983211846497526,8.2161079186979,21.0380452207922,20.1646234246888,14.5951971550631,8.50145502188461,9.22084345195361,2.29200390205198,29.2964539444054,149.131774339013,0.878458025139023,9.9521010453668,12.1555185624419,1.23714283793222,1.92879985132237,0.0788904028508078,1.21140300341077,0.405051533076823,9.90164418793852,1.58212376238807,2.12008964378208,6.41692396040139,6.4652610812787,0.00308774561133935,0.654432849758946,11.7483543681137,4.92007878057356,17.2726995154249,8.46926237042985,3.00586348923723
4.83054132375588,0.751832511508206,7.71403224252704,3.51794808353763,0.73808068282767,94.905285551801,85.1298921275955,27.0255252027965,1.48767125514236,0.128950207053574,2.85754657553814,3.49897319215922,2.64187677288554,2.00008796786414,1.25502025830007,2.86131760971379,64.399359688474,0.294151519126411,2.09389149978662,5.06708986327834,1.17488591790128,1.24235032753069,9.97228675010043,0.0233310001649807,0.341912219463007,40.602941138593,0.239319232204616,1.33901881923412,25.8501364783551,0.471015971971152
11.6154084093408,9.33784933971245,140.15219176939,2.34396828666006,0.901123157275714,33.7597136840831,3.29224478530796,2.20121338350661,3.48473174976358,0.350212761662789,1.02053520875468,20.6891273329949,5.70992295686992,465.52870457072,10.1895296276876,8.03591913909075,1.55919680309828,38.7650719283342,12.8448632983539,81.3598822321313,1.64688089588706,2.72509883281686,1.35670322484838,0.683190673630559,0.57254690859186,6.08557714975846,276.599315261969,1.65781268687832,5.58865395509397,0.574268850386226
0.618031595267058,4.28095809716925,1.94465064726601,1.05694309848949,2.50546273136672,2.14348755689151,135.238778757495,1.19756100083114,1.51213046256478,0.258173361889603,3.59782845374192,6.6368167878094,4.46641919894815,0.995759720895112,3.05906140535864,1.10072822297509,5.30365812942621,1.88378963473154,16.846318742291,2.98988680937785,9.2473903529428,111.840193643022,1.09980762506363,0.28770138341492,0.693128296614019,43.3749504020428,0.0400974238946549,2.03448838227888,4.10942291521589,0.477950261834628
0.792795542761848,1.24417541244763,1.96560989224823,23.1166343745601,3.81222119936156,5.25446686173546,3.88074710634476,3.14016778423175,35.2934394149429,0,0.851980978235905,3.15911912824276,3.0695654490765,3.88732566525668,3.23990915578577,2.96287884632532,0.882363788401709,2.65505539669768,2.54486983357343,3.69053537675877,3.62178860951436,1.99470958644612,1.37462730523055,0.0178843090093384,0.202235065998072,0.900613139755184,1.2107999555873,1.46651878548476,1.6455638107461,2.8818593551093
29.5013149986422,4.0953903317727,3.23274415542553,1.62523837062935,0.112125710341047,5.4315218266173,0.376081322411225,0.359977142106475,0.312270003203125,0.444594142522651,0.749473198734358,1.34580624720946,0.282745823195938,1.56574431420472,0.554605018187712,0.0715617435750891,0,2.38100220932517,2.58859461115774,1.62943419530889,0.276103477033758,1.21066539333668,0.508528855833692,0.849803594040921,1.80068334262378,0.900901142685355,1.47754918896961,2.59995711556495,0.155458688160946,1.81790455812394
4.77756218341292,7.92393670232392,44.3236197342465,0.566039984681639,2.77126730685083,5.43741516495127,23.4328990720097,4.76801621383255,3.32374328362642,1.12746129030932,2.20317458696641,2.42625746749438,56.7224448956669,0.840813767418454,0.105365999040249,19.8630663933439,2.66081117938674,0.878405736386268,1.80368803210727,0.530504186049071,16.4752698213913,3.47247562352048,0.951345072731163,0.189551745470846,0.792611246041987,1.51054410891494,39.7002615827969,2.72578655290076,0.424689409549876,2.32690318547175
0,0.992329573008758,3.70068574796216,0.646549947679172,0.979799107447562,6.45193774314507,1.42728353486228,1.20865086575299,1.86711325461726,0.951225042317335,0.661033672293696,0.395184130996284,0.0905987217375306,1.97250540560798,0.182196855814376,0.244702822374516,1.02947315869711,2.28634723253407,3.37409063660516,1.31425072248513,1.61653831416653,1.29124685758865,0.763002820282171,0.836810216803316,1.28871768218087,1.18024886559992,0.62391052609611,0.422787151069425,0.331360325892925,0
3.0060097605704,3.62908033299175,3.36061793562297,0.414179798829978,0.587215296470272,0.168323128887127,0.539353650315201,0.486803598201502,0.917680429431195,1.00864229102235,0.346837623651205,1.95274564615121,0.54158577949058,1.69679828484627,1.5779098430902,1.62663157966013,0.142608862668579,1.73816805083856,1.64406622352877,1.61555828284117,3.61029494532963,5.93632907203965,3.17997603821907,0.185656556165872,2.25459724056073,0.370984115956689,1.30421206932897,5.50398963610722,0.888983797774137,0
4.08919787537151,395.023172904265,5.56037476198638,0.437189892955415,2.6748635762561,10.8669202378216,3.83156105597995,2.69525216954433,1.62615487259542,0.212822918947084,1.94606283037127,1.85002897638527,1.37929386101532,1.15566546858293,0.263951672323682,38.0182772455981,0.397484551603203,0.964911701902058,2.87575071917262,0.621476134558959,5.3221095713684,19.9131376640949,0.293285995681733,12.0754037775294,0.562488808095147,1.68709180032369,0.164825762243867,1.51868114576558,0.201146565102508,0.573374274686482
0.0967839058174474,4.35112104931377,3.87405771268817,0.189647232220975,1.17461950518122,8.04383235562734,0.151416499672334,7.98667714737737,0.768417249400036,1.10602251434563,1.52449074709982,0.196380103627369,0.644667943059201,2.40972744983548,2.07899994331832,1.35767750813935,0.392662114509889,0.227253229469078,1.81727229269486,1.26403416122107,3.29787293068297,1.15948861212313,1.29434568694675,1.05720234935311,0.646460825895296,3.15070948288667,1.150882783558,0.785538246742908,1.65516893676731,0.0710531612300739
6.49041929828292,4.27714237838355,4.68485795497316,1.18533751135513,0.0473672733875064,818.045425413688,1.69291746058807,9.57091227116099,1.0215743097853,1.32235444106441,0.829094669751728,0.81076083397251,0.00757235766455891,1.31431083107142,0.0781134736567173,0.0242829802202819,1.54192319531332,1.17420749505835,0.219740981507211,2.34350282188627,5.60924607090568,0.00646174090571229,0.464063822478012,0.393481851616709,1.09734780841706,7.4832319049394,1.70455382628395,1.29189539766588,0.318304958529757,0
4.03250495801168,3.71075968600052,0.93699661017286,1.45816744940235,1.41563627225786,4.677693820672,1.27302053273833,9.7140715703843,0.938317620924593,0.284820816923883,0.744511373899918,0.711411657918985,1.16077780788674,1.07001608719626,0.241484953011571,0.0572582209704401,0.0401318874769661,0.514523584849875,2.44463811738634,1.57961798303823,1.67807305744572,6.59307166881277,0.364030406343705,0.577727476196943,0.486884660739214,0.795071806908448,1.01217205267293,1.91311902029738,2.22106497570266,0.351805379902921
0.793060560632938,5.85608770521382,4.09834473533111,0.99529978486259,2.58117335263755,13.7297849473584,0.78011995811719,1.22252783402498,0.529963094039362,1.34073275989014,5.81501504417566,4.78214970169785,57.6081532024087,4.25103467603899,0.753622490588352,2.40303197595452,2.46791364624003,3.60094333571725,4.47890181189527,3.59162270803976,4.6060212750476,23.6746525311715,7.74639824504663,1.53590701002225,0.406212520573059,4.44529291714615,0.60737882401789,1.75693916793912,3.8971312572327,1.98557813413976
0.297810159782241,0.766132549360404,0.129362469785028,1.86602965423609,1.92613902084756,1.8443834615244,0.898786497913869,0.511831477481277,1.65200757833837,1.40107923887464,0.981029081331773,4.69470018785437,1.1874018243137,1.16320731030874,0.325717913711744,1.24668142651298,2.99051555254361,13.4954556824365,2.04126008788354,10.8740067447353,8.62272676078717,0.980459919065871,2.10048046685351,0.114763074909805,1.28652068332265,7.96459678618808,1.56660985705191,0.836095381497751,0.231255945830616,5.29897211233453
0.00237963811250281,5.37872774007485,244.204335817762,1.84797348140476,8.98283237912556,2.45237399556252,1.63022315949179,0.64156927738349,1.39813476937618,4.52413720874239,30.9746633337294,0.813618711240326,2.30576043267228,0.976703050729654,0.125564532714271,0.250546143891736,0.302812694267512,6.97496292763381,2.17249181695528,253.631122094574,0.612624422625404,0.662729253502593,1.02273856343956,0.546055933652202,1.57276748340358,4420.70353723106,1.93878538080539,1.60760117402928,3.94257901132794,0
1.9375391362819,0.92531550062158,3.10295190165087,7.03730209688878,2.04906043424617,2.12227879615354,1.57095544049996,0.312719789937273,1.9403512286694,2.91853152161433,0.542939318584368,3.44010493558321,0.248923175542332,0.865319061281383,0.699173729976336,0.0461164196456313,0.8948334591234,4.76946092184629,1.55368160121235,2.29128571829604,20.9458097901405,0.273968140514811,0.388984933946675,0.799044768408402,1.835168702687,28.0716371598888,3.50732193953816,3.17552115524069,1.97392249878834,1.01470614164322
0.58924180911121,4.47465883643201,313.390693945992,1.00807392825054,2.14161786830657,4.6211859562733,6.70534350382555,0.199551719520371,2.35390309875266,2.12286453217423,0.820603455877536,1.59706750705585,13.1916471526556,0.721396100143876,0.425583333057806,100.686574107523,1.34733565987621,126.037556176347,2.9538329389743,0.662667096880114,1.82603090703853,0.61311773346878,2.8434570086905,0.489532826369815,1.29793112610962,0.749897352713616,0.166959396304728,8.9699525910407,0.0675596209701403,23.5535484943286
0.02064779760831,2.44813232644371,33.6607444676965,1.04604828933197,5.17299026000403,42.7705190943229,2.11683558736272,2.41113168370947,0.128672225651375,3.60000505135915,2.12824763197493,1.31156424241452,145.588689306574,0.44866729834731,0.0613688131326468,31.342523349532,0.920836483361562,1.50111428286368,0.911238877530521,1.87812317147777,3.08270774695755,2.87161241034511,1.03954194334959,0.547766665180469,1.5208683077989,1.53340026312231,0.161833306088393,5.42909338643462,1.16137833959822,0
1.17251674930216,4.40427556441721,2.51392077525655,0.967407764946778,2.7818285132132,1.3651806113497,1.08066764649081,271.916936457892,95.3610825269396,11.4298894144408,8.53023973735977,5.63397389488007,8.31020299880407,5.53314107516578,5.17630571263916,6.51076881983695,0.328968415909553,6.27909206033388,4.24967153302326,6.10816267963598,1500.57041601685,1.96421425630011,3.17224675363696,2.14430448278422,1.49180541675055,7.3179266411416,1.4469751170645,2.72851828226402,0.424850319369537,0.756085402217166
0.170916112062024,1.02097053379562,1.15551691532342,0.354852412438139,2.00566486187147,1.77244257048642,1.10749456012612,1.32200632378431,0.172821577954422,2.68732982400846,2.48213775042408,1.74115935553145,2.18781221802511,10.6558822035945,7.04216389086749,19.7843801771368,0.287793375749039,15.5853689984279,2.07725988263193,227.607472951296,6.93678401465813,0.155419770866092,4.96584660833676,0.256701352383732,1.31105091029964,5.62468998868062,1.99134566967205,0.0960578081312488,2.71701525964498,0.0219887496620533
17.5254807130591,1.22295649720633,3.33753799119679,1.11243620699707,2.24628502527475,1.97780998015036,1.53694655916915,0.220559423789646,4.17022101104048,1.96986010414896,0.373405990176081,3.29756761771105,1.2325633027778,0.704883693993193,0.645588449093818,1.63286056016939,4.20574688814738,0.821732966417552,2.49943149003352,0.933989659565307,11.3640971140599,0.162993358781824,1.463802037644,0.200214413478533,1.37688636870789,0.424140012900423,3.81763002468829,3.43219319559403,0.143634078560706,8.47875891818678
0.130265124304163,1.19609862070114,0.570804335306042,0.887335384164009,2.24608528072979,1.81158015127358,2.62296043243017,1.03679851109331,1.98066181960206,2.07460208702548,0.184697683378787,2.66937177149983,0.390962643576971,0.0267927715047507,0.48706542568037,1.22928127967952,0.811030892409286,0.661691269426515,2.13939108326981,0.922131685030539,0.184231561698913,0.155542946659264,0.0249195719489145,0.0200958493879078,1.65572813279877,2.90658505206092,2.78609009695421,2.95388686563773,4.91972810207603,0
0.0707741799258285,1.21222216637357,0.124107906005434,3.61699259281151,2.03692390372266,1.80158834125197,2.06531865304357,1.40032229541167,0.662173616777276,2.97295896469818,0.730090026040547,3.78313315406723,0.36805486309924,0.762594159503517,0.528857955357507,0.00824691813118685,2.83268759223019,5.3095777037126,1.5018698865621,2.35542942505517,6.44409648904738,0.129061917801635,0.335185942618311,0.739148816461452,1.45690135296992,3.15203596534342,3.44827150507416,2.78993476815185,3.62224697124846,0.220324636859486
0.556763566330876,1.18594332357765,3.23419800808559,3.15477024003683,1.38876499761631,2.6712206907949,2.44481322353584,1.18032771153436,1.63218909333216,0.315769837672625,1.90692397025849,1.70900492939635,1.32271202234347,13.1013492491158,31.8072211407612,0.904683893555372,0.381911174861642,26.4276651933465,2.74451499045729,37.1793298812472,0.779721748278347,0.140594752412079,4.47421647196619,1.56906704076872,1.89399702846011,1.81813535335264,379.800273477134,0.766299782653257,0.992365650643405,7.36060353757453
0.100974722465279,2.71558412713058,1.08084099233506,3.22621766363331,1.84133338330078,886.303810291902,2.83993309133749,1.16355993440534,3.2222897091487,2.37891318181074,0.197148553410444,0.067277449044065,0.123327724758818,20.4065466074906,38.3705330730428,0.87564003863109,4.48768637807434,11.3137365753845,4.87495662974751,56.8978973533295,3.28048543941495,0.153071311602245,3.41900066592869,0.512781391076687,0.502731671592028,71.1342311452541,1.44232725417698,1.3177868209887,9.04207278017072,0
4.23777217458066,8.24119974173282,1.34936872748879,0.961961027668188,22.7256742116688,2.02717961960171,1.86668123626492,1.95366303782427,6.14199604342416,1.88221789622827,3.29258438501852,40.1874744367005,2.54729297146765,2.41362803389676,2.78913166173701,1.13982096758416,0.60005212209854,2.25640397528027,0.46093857017157,2.67876438685546,1.3764866463026,1.75743728374353,0.622059085743776,1.41873057810523,1.30065258119004,7.16798265377562,0.323613817820968,2.14562603353423,1.19324063271913,0.108130658212023
0.812466415939069,1.05743449272865,1.74598581995053,0.601956383054375,1.24474817614751,1.73371788298594,0.951138204727886,2.27246151724447,4.0600534980889,0.101971100236208,0.911813599415741,0.906540829263107,0.146975769103738,1.12381553888322,0.459211995514921,0.639226204506096,2.82001906711157,0.0792447403290435,0.450277590689336,0.704198031293326,1.15743124142439,5.67929663811708,0.857676310098062,2.17237483282554,1.82427781353554,0.346238683633472,1.25426341551887,1.42682656820488,1.35328830376762,0.94328845397694
0.936177078908429,1.14985050256904,0.843142509014984,0.586299026160913,1.67879155320645,0.774917277133186,0.612641863899289,1.1104752042964,0.655183309411759,0.611639456954853,0.895776945293621,3.01438609952739,0.277424315530312,1.5295346083682,1.09364601773435,0.196388330069977,4.98039258904985,1.11510400293105,0.0545062889095451,1.92425930778721,0.794831477735873,0.0341056182203805,1.01679856623764,1.10766527543236,2.32961010718669,0.464584303856065,0.215714648845355,0.110727399358251,0.105913003612742,0
3.91564313837077,5.08204241481972,1.56719174318088,41.3615489135309,3.68797352379531,5.27328066125262,1.53813784590999,9.03402794990594,2.52859387227122,5.68313580540837,0.19869879757003,1.82812178834762,3.77901398196622,123.41666563394,0.204494379395967,0.0249367703290276,3.93917167163069,14.3877958513223,2.60194100389973,2562.04701370835,3.24936602845233,0.825851350519728,2.18125865344102,0.259710738802835,2.35048241709458,1.66850210455067,3.16928219006078,6.39377845822817,0,0
5.18042522284026,4.67919730944895,0.321154148419397,3.13681057761555,1.40539014928017,394.187927344015,0.992418879859141,1.65142784438397,3.15042880762331,4.90460539292591,0.497600482364841,14.4964607993837,0.827665571557622,18.6552327575352,6.53144926389031,0.811154863434018,8.38904326147872,13.7383084722672,4.15305384955624,49.5393498037985,1.51332321231579,0.127190544563488,14.2864085655846,0.95179086928966,1.78519407878582,1.35093024700384,6.60455412007216,5.53421927971538,1.07115804611247,0
0,0.534991878019261,0.502957516558324,2.11078582420719,0.844704318590599,3.43203814230015,1.30208768502506,0.604582593718738,1.26657921930928,0.725431003067088,0.279788556533949,0.128592379013588,0.101986157082426,2.12270925671347,0.629355545257493,0.858908849305989,0.841456912699178,0.519720077030487,0.46153110766276,0.608700227024521,3.5233495837178,1.90794545175039,0.307595476731477,0.107446970578908,0.284928430547918,1.6375127071289,3.72110818699747,3.39168043806101,0.21977350783171,9.33487168917481
1.04098041243666,3.42433720506837,2.86157752206132,0.877734468785561,3.50534523220166,606.592443017441,157.005827438217,7.66769832402293,3.92721567601707,7.0079127469661,4.11557199249922,72.3093414788545,11.4506121907167,917.298601850063,1.20175418950294,1.11360806863544,1.88745095819911,26.8501742029506,4.8191683690097,1.60610101507991,31.802859512673,1.09053284683337,6.71413354555807,1.88927219408586,2.05399566703765,0.819215378619492,0.543647727451197,0.499256430749564,0.923374231447042,1.87336034003085
1.27449320493852,2.63417036626214,0.552761405149908,7.69424866196546,0.101488431354576,6.35331810849642,1.18190623560483,2.6665056011399,1.00802520238171,0.880634923387696,1.26573856368453,0.578201663425862,2.95989842632575,0.688144684285957,0.0929567638587897,0.320078763755298,0.435201532994532,0.423849107948993,0.810433009677244,1.60963446887729,1.59339899553449,0.442977929077047,0.59084971068211,0.656996350339092,1.08936798727077,2.37179804600546,2.1403966775546,0.467424761583116,0.0448811605055289,0.677047479124223
0.295223038703956,9.7857107632596,0.250575580081909,0.46986543788162,0.442077913934826,1.95964386506661,0.747912986790389,1.12061905460095,2.15987581395054,2.13457773837612,1.46513459227336,13.6108449934613,21.4550886842147,48.9036639808875,2.01015429976991,1.01587993098799,3.43591286096738,9.04937839944328,6.31711185329256,109.556109443721,0.932985570710374,0.111961284439684,14.948447630381,1.54196035692337,1.19559704037652,1.34736766038877,0.439477833886982,1.35005610468432,6.88146591514394,0.747876701899109
0.758972726630733,3.09859199713191,1.83681519606799,0.0919411628317988,1.20833757551091,7.43091922193021,1.5199916620732,1.45056932240612,2.44748783245826,4.42021546445811,0.975949804540949,1.82289168376403,0.797865460813098,0.443699620407965,0.441878982263574,1.23476133726073,1.63808588763021,0.747270081761938,0.0114273730178193,0.838475937481247,2.00700495375114,4.50768834738645,0.86450775249877,0.57481915202249,1.66230611857783,0.533813407086926,1.39765235835388,0.845643336687631,0.0947707536468304,0
2.13391070123634,0.540590113685227,1.71123523269732,0.294150972277088,1.94622423262905,4.07444719921099,1.45333062526613,1.70230063268904,1.99361245863602,0.242746850383194,0.0792912331129376,1.18009586881312,1.66993327509395,0.759099515270026,0.161881760918571,0.692969780733685,1.86283442375723,3.17402078902721,1.16772246923037,1.59806415723392,2.53942716770861,3.51149946355288,0.780467159732318,0.396301359459129,1.68424201395373,8.20778366685146,2.15997901383349,3.67201597176399,0.387941740700293,1.33224038138418
0.15175880724794,7.06995759918712,0.517733720471249,1.37198589750911,0.430634868915366,1.63627621779609,1.01269796138428,12.6219107640875,0.748387338146298,1.48743374872861,1.09185577452888,0.699379740853061,2.75967045191046,0.0151711599301381,0.0247550057929427,0.434577618116117,0.436599476506308,1.02569726676449,1.36511975227819,0.907311463097617,0.906054482792765,1.83666494754202,2.7684785363189,0.684349322713079,2.15351340385771,1.5129321167622,3.38325789116219,0.970094660367226,0.0400623811553994,3.54706135353639
12.6506942731635,0.504525742806054,1.98364650098684,1.22816462666546,184.546903491305,6.74087837857812,43.3070353094479,5.84555889253027,1.29983436266617,5.55294782698721,1.59901092329173,2.39754249467585,4.43111548299209,1.98069458724823,1.91054481426615,2.44771597412592,0.45503287504936,1.64052356231474,1.28636003529093,2.457377151321,32.6287119923069,1.27398552919599,0.0210602926292454,0.195678875600594,1.91017014651243,6.09169545086281,0.244554417384321,22.3895912020362,0.318985097220759,1.01854535629127
0.204618291859002,113.24864915843,2.8179901787443,0.798156248077969,3.50599560830438,4.03847105007637,2.24000436413237,1.39919236698018,1.57952716202701,10.0240263096974,2.50148338357892,40.9139753376683,3.23838902101992,0.92684215432012,1.92797626794392,1.48140528686969,1.39710820465539,1.75724177655671,2473.42148392008,12.8034551927201,3.99508803485064,1.38624208276438,0.147558999902664,0.906385764715606,0.100548033914004,0.154809532959424,0.280159782228311,1.04632460429262,0.626621872278905,0
3.57617470385119,4.33395645685339,0.564656082170072,0.349099437980206,6.36072372985515,1.83628023225362,1.01772972967371,1.72540189245271,0.107542279788262,0.480156142807577,1.61808030880288,18.5290749342318,3.53552523760027,2.19985065845402,0.555314758398192,1.24945877628813,19.3652886008962,18.6333716809645,16.9431385770912,1.17498326925642,8.18174539706563,4.45454378717719,2.36088318236012,0.732362545811106,1.75950138900472,1.16218500145206,7.75374811795291,1.09146754195536,0.851134685100427,1.19392010124803
0.183210404303068,3.10802636101625,0.528186873893241,0.476808203099934,0.0526550614293125,6.08685553643606,1.23243934673236,0.785711698233229,0.452921839217875,1.16849639512679,0.233159696369335,1.64494231589929,0.59058155223153,0.325988848067008,1.7184950925508,1.01406527653752,0.402231363022537,2.00155100683428,0.182858470441222,1.34840021180349,2.54429202336,5.74238718558311,1.42260411369382,0.0885454562396137,0.975789182396055,1.03284620105246,0.110222467009672,0.861154858235303,0.0740874471846616,0.054347769749107
1.58989554303976,0.429001783294095,0.684045581247413,0.220182240608602,1.74425012710723,2.31539144175102,0.518554891841561,1.3575672306294,2.15327639369406,0.942487524336119,1.25567953479147,1.69422362736802,1.41793823213938,2.42874323089379,0.434061718316786,0.368354887735038,0.126068036856733,1.30488007007188,2.30117341119559,0.69073998050591,2.09687909538896,0.563914148972983,1.5324258591437,1.99691660064181,0.420597804458117,2.8702067925023,1.41015066610251,1.58178935983867,3.60504375833793,0.829071018931252
0.035706830481374,4.89902703127269,0.453990359689686,3.07765346958946,0.413827337793952,1.84057102602567,0.803657542279464,5.60341931425106,0.610916375956572,13.2881184458305,0.346541962353941,1.01254846646419,4.38938908983702,4.38161218970838,1.89157769396553,0.585546388278041,4.77967666753056,0.909075521738668,1.16586802791086,1.07764676368726,16.4167210315024,0.0910385280701472,2.66597723329545,1.00908666426837,1.17356445486626,3.42294122429476,1.96627407899826,1.36680194405336,4.04490667834089,2.4246623658539
2.179015588706,0.918842813520358,0.124049382871714,1.26549687248798,0.294545299922709,4.61455713328654,0.0929218279743447,0.557632702847819,1.33052204907617,1.05083023187323,0.589358129490504,1.04042879543382,0.35625559784291,1.23370851141867,0.495824486119084,0.251617272563452,1.81887768934324,0.189472191306331,1.41323225825776,1.00356444154163,2.46884245588211,0.567711547451502,0.30958695292608,1.10051245314242,0.0438892795691187,0.00333941016767591,1.15994543311929,0.869338324409807,1.50803495286701,0
1.50129706558844,0.606200893458609,0.292044263650125,2.62061576399255,0.898249981200643,5.48367887578292,1.9786944423089,1.82087912476228,0.29625416855519,0.285374995351335,1.82341259927132,0.0138598421107933,1.39372726145796,1.27900909373956,2.21443865250008,0.815027178380334,0.40935721018466,1.6487795765793,0.97085363414247,1.51409177654025,4.19977925745754,1.52714005371515,3.46451195341576,0.0851712204317159,0.184487781657806,2.15241702694934,0.860960693314934,1.46149548678082,14.2407814818611,0
0.262673348190763,1.73594914874736,1.22571181282726,1.28177544237227,0.795163457278394,2.82251162850373,1.30241656122509,0.906613333333331,0.176296041230852,1.17009288325571,0.193036456987426,0.80584331400176,1.1101358021677,0.219663942100997,1.41281898551148,1.28563721243194,1.50371191620536,0.884708518913758,0.184481768026418,1.01237211031979,4.22775939031903,2.45561820478119,0.214494093452759,2.33359094923612,1.91506659026969,1.09494964085731,0.973712635497323,1.26549910076301,0.875495514967268,0
0.165583986782033,0.598068296506694,1.54781448487362,1.19173170041842,0.115311168361952,1.99553895067056,0.0209061114648599,2.00980419377569,1.54688623338476,0.908005231675785,0.317953469155737,1.19251226160993,1.67588485628941,2.66128461890959,0.529937600446694,1.27966360267033,0.759898626429191,1.80966494591736,0.573023489453149,2.29527404837742,0.327092141105643,0.719319978654914,1.28977934262525,1.80426743126789,0.968512191192187,2.26969942252379,0.720390378878604,0.218816741006069,1.68424583018722,0
0.0255866412255163,0.220701444747086,0.611969629070592,2.40857982145013,1.49256484723926,1.69103931656827,1.35011941006899,0.316186630012907,1.48203547516181,1.3472922418597,0.24122077485821,1.03076454925779,0.911304557331392,0.65395703608664,0.476469092609062,1.0089865221165,0.0172559272156499,2.95591647723029,3.37255519350946,1.22832050686403,2.69771728343187,0.311717942454129,0.347121690265458,0.538218864692108,1.53929492048018,0.941274370731357,2.43308932039095,0.104158557948055,0,0
0,1.08740268021034,0.571339320167883,0.879553352961477,0.674096199878842,1.34843343950727,0.894453275302201,3.58368283126963,0.305787128832314,1.13258261932878,1.70898498364721,2.15698122551421,2.51034533071679,0.301824706704045,0.754014498384628,0.365124050325819,2.26596313512132,1.66978015497056,0.752524323325317,0.784971103442691,0.17798849708316,1.3525107658579,1.15600783400358,4.21476799447948,1.58510207661048,1.61498346486071,1.69333906160865,1.33974119063567,3.72729301610345,4.13594397410222
0,3.47484335971614,1.02062159461153,1.11323553892754,3.25953089519966,2.08566234716631,0.403996849230154,0.832665064556401,1.42636657675967,0.346952621104236,1.71584095638212,1.29679384751091,0.0907685955604034,1.12297886063207,0.305228724384453,0.432358364406578,2.05725850772631,1.92538834092572,0.376901197641742,2.90909428345415,2.52506892533171,4.61368029167422,2.06154966555281,0.15461519206069,1.83358881631988,2.25484293474775,2.20161307208288,2.91551164955484,1.22558597850832,4.1401694318853
0,2.40101191055291,0.362371566797812,1.84612389613551,0.110526416862245,1.98546909937339,1.52587510750285,1.04525502605324,1.90794005240155,0.339678373452876,1.30503512977301,1.00231208653509,1.86211406327492,1.38773930898563,0.314584323528582,0.16679207073895,1.71711188545247,0.495333950943675,2.09540167826091,0.662659811044383,3.01104996701192,0.447842646990407,0.857830946597723,1.06607456028007,1.3433537387801,2.24752882368619,0.172400762261119,1.14519151066653,2.98770005248443,0.0352679436938669
0,7.23407842145043,0.310123312649723,0.872968384950184,0.0176848532122448,2.03919824548409,0.666985068587757,0.292309719323853,0.067813270822631,2.3528244541195,0.331825353921392,1.41421804595142,1.73071578250665,1.57829873591736,0.177987266896681,1.26261975389695,0.424919795734128,0.699515318331038,1.13771794495322,0.94089929976979,0.483797859327214,0.0314164944232928,1.1545017043665,0.692642177933888,1.40369975194915,3.49665810201067,2.01893339202986,0.538699307914299,3.74136397895376,0.124283894093456
0.0727600041530913,1.38962876153672,1.10585242490244,2.36301590628909,2.48648511947707,1.31792040216939,0.404007708411791,1.50006121159045,0.325267691399787,0.0389492767418204,0.78261106133345,0.55711007253881,2.76697355008684,0.870855705156858,0.526909120222138,0.955757302812381,1.13868168891291,1.13862917242684,1.31476392543752,2.18033590969491,1.46853132757512,4.13652541340526,1.1904707468176,2.12140660243959,1.37505071043311,0.574613126248361,1.76779279375373,1.27578387766314,5.38130487224029,0.582170819915083
0,1.40682421644776,1.04539446566645,0.715066762760897,0.797198219955674,0.0508199093658417,2.60422694908124,1.38121909187678,1.58513888510851,2.26030485549004,1.68687350182945,0.722004005311306,0.633566584964087,0.779242154743089,0.756851521099075,0.195081393609807,1.51263654171957,0.351186093896744,0.268040559264265,0.352789523918859,1.88850225589807,0.665808168046679,0.87624965499724,2.1611887188497,1.43096904218841,2.36424828494282,0.703768346108365,0.779929511147979,1.19697018644699,1.41416650813878
0.330365615477809,0.924852158083785,0.913090601384,1.1492678911214,1.3423251379392,0.786564313383177,3.02815110786439,1.17186421168978,2.17879041827311,0.463784514317062,0.97800954479566,0.0333161875088968,1.50605303285484,0.114849782544419,2.78519975683845,0.867812978802605,0.939846949506065,0.635443079055075,0.272734085886709,1.69573879656564,2.98311909122851,0.833268036531371,0.614503396914071,1.24679021599721,1.26929209364079,2.5994817884438,0.986110491080639,0.782884245414842,1.0391272882619,1.26174945748225
0,0.691321050825688,0.402537906870421,3.05928913973595,1.26424880348029,26.1015852066226,2.31220130509168,2.15730648929275,2.56495077144372,8.07911713829977,0.231904172388772,2.11912796809835,1.0026729889803,4.00240895154884,2.00655782666676,0.476086308756689,1.79588449190002,3.93682004257083,1.29487061805124,3.29660995467072,4.52448979972252,2.02493749982003,1.15766380662722,0.727998298557991,1.2161552966982,3.37156539459608,0.0126160148403043,2.57240861590079,2.47436865805241,7.52525982482983
0,2.05080073712389,0.358691693839746,2.01869687654485,1.72879349705809,1.6432328589496,1.37791950134823,2.00992159747834,0.223311849618456,1.00695922842431,0.174770474256809,2.86735268813006,1.05401495725346,3.08609450329853,0.786600263873005,0.417143726352147,0.00233330597894127,4.31439494862405,1.44539511203267,0.348844711735058,1.3831756383554,0.566509033804207,1.38953737249327,0.634518242269728,1.28473270407917,0.0942480921876278,2.18867439351479,0.791911629176178,2.31451620092334,0.0506399171940998
0.362414043586653,7.60312491081703,1.03867800732978,2.85678611048497,1.35917322890364,8.83202399930116,3.63394862859193,2.24172380485707,0.337913582749438,0.496939152338918,0.229921586936382,2.49009613919923,1.89923142040353,1.88458243913235,1.5230050046969,0.259227230446257,0.605574206369318,0.582382149712453,1.45656298365497,1.33688057758362,2.97111099833234,1.94064774921489,0,0.0961281566593022,1.13078762296423,0.414173954519668,0.213598349110237,0.788609797867073,2.37416216973675,0.566241935842804
0.230336871900671,1.42189853497614,0.347653805587108,0.304886535560113,0.842368208685947,2.16181314073971,2.52662735350965,1.44737305306583,1.80760410057007,3.0111041957536,2.98868545430721,0.290197915823737,1.23045590195552,0.192316955720921,1.73693040657259,0.817831484970444,0.668107456674325,0.15426214215757,2.09920684137273,0.399086992776568,2.48081196919751,1.57708146777586,2.39854320128506,2.37121268016009,1.02765731956509,0.422982996383899,1.05621225383396,1.31235365917899,0.574286371398412,4.10088775065747
0,2.62648358003606,0.468997280470693,0.978443358803118,1.21703434076126,0.926075029821184,1.09080502155505,1.41657681582905,0.0464999408039781,0.960010128224115,0.635064893172372,2.36622313627041,0.89029633019541,3.58976405339549,1.97122309284617,1.08881416672407,0.138987780045262,0.32083909151439,0.897737409155384,1.97848565251833,0.22233539043917,0.385989587453086,2.07885595122183,0.0468032250946079,0.853162594423466,0.780138695416914,1.19314601372368,0.777913103083351,2.87544932386046,8.94683818159197
1.06625180034557,2.05322336192393,0.771757454590893,2.02544293217646,2.99028986208555,1.15043621549611,0.723722230493178,1.14775485826599,1.56998724094707,2.4959868624531,0.0214094535528853,1.29510029131076,1.26297254201505,2.02194443721792,0.311611162291422,0.416600118899002,4.40051504514882,1.51414082010213,0.934329753448753,1.62819642861223,0.98795709227282,2.22834990642281,1.32438548146641,2.37093532008176,0.747232633452478,6.52264824978013,1.63239406761626,2.90286302935264,1.64395171716641,0.564085756538076
1.08520315032294,2.42515514484458,0.920247198959916,0.713807434284789,3.34204961857884,1.02593519293932,2.98397119616575,1.17007595618407,0.0617504598593008,1.49718450975147,0.146003549033393,2.04954642442808,1.19210968860803,2.8715537627801,1.19344457554266,0.161988144621153,0.205643243316878,3.83127645780205,1.40195199578649,0.781856379648204,0.182305311583221,0.348127395531448,1.06121364743166,1.35273891572637,1.31688251161789,7.25089957104842,0.712082306636891,2.65891835858244,1.65275964294442,0.779236168347624
0.137512024463193,0.703497710742821,0.502798019953218,0.762677205202696,0.9784387462403,1.75193207483616,2.24788016448331,1.22728076079668,1.13599763808804,2.69313876828973,2.12108678297772,0.519737880243235,1.67694802011753,0.884678618068775,0.438927173066368,0.957582246990428,5.91976339109571,0.336118044825102,2.19863384585798,0.57073005902983,2.59466252931643,2.9915375104453,0.927926187319196,2.39782645142735,1.33189503680589,3.69140203153073,2.21283920234278,1.98033234974254,0.269243674416302,5.80013400865274
0,1.32092403627742,1.39813704386648,0.112606213629726,1.15985362544007,1.26132637295718,2.44560343427858,1.06720163837765,1.06894316165748,1.76221958418581,0.107050011996204,0.601114783691473,1.57335131585875,1.31047351003381,2.47998016381363,0.57843742995296,0.0229712734520248,1.69329467106754,1.3398199759868,2.52243021960333,3.43515863773042,3.09674971249788,2.07514904636035,0.702509811688066,1.16594706255209,2.26621223153439,2.17034928682329,1.37887101565051,0.0675205150984082,2.76535273980328
0.16811626720021,1.02630001877799,1.3371973312964,3.53661107987406,0.151130047556695,3.59266013648231,2.94930370964067,1.51100277022049,1.44794301693448,3.91300085545391,1.22918485264039,0.0578876443283146,1.6641581832668,0.702036194368406,2.16263045306205,0.67364684025059,0.953629814348838,0.0120946352154043,1.78899762014542,0.593146499767714,3.14654329391808,2.54705376770647,0.333051852383309,1.80526095252337,0.997296250243273,2.46897400909941,1.29600992826994,1.60122350223601,2.41550133613585,3.71693918816832
0,0.831708292908275,0.548774939636965,0.803021350666193,0.258830318548438,0.271990461624602,0.335561251284572,0.831241321362059,1.49020688454134,6.1963145602153,2.54853132070238,1.9114474644838,0.0394962403803819,1.74425456341577,2.11009629672188,0.426122204219201,0.63789030528189,1.07395180055357,0.501183117389196,1.98710799330497,0.728672429540235,0.16456035265737,0,1.0422959205084,1.75784627325845,0.806798797523021,0.323401664440598,0.88116582709522,0.577429336410511,1.12928983851047
0.0276079783914262,0.170768255304601,0.167658161809485,0.0509997590482946,0.951892383203171,1.78144806763092,0.0162414946736895,0.0851043793428187,1.05719755081622,0.665514873672333,0.824661031262468,4.71578275940899,0.560544587090939,2.54236367349877,0.314416689480522,2.81722899552901,2.52733526498597,1.66389880648784,0.00199404795845505,3.41125139696467,8.56075993512013,4.4518374746765,3.20476003337103,0.635087254291593,1.32137897989942,1.90671029004417,1.68624105596046,6.60758755787038,0.214432560544259,0
0.0647698737594216,1.24360534075393,0.651489453086582,3.36124851053381,0.282538703211879,3.14737256397307,2.76045724451344,1.78943382907223,1.84712641404905,3.72661882702432,2.93751350333039,0.190941375022593,1.86283637348656,0.216586485370082,1.20610932683191,0.347235166664219,2.55805442493412,0.0928609043825881,1.10868128762965,0.165440800125855,3.05982709453522,3.85646477850384,2.09096322802394,0.434854009785941,1.17818662836633,2.65904696132584,1.45093134035052,1.6510774943855,0.987083486103713,5.50214771478367
1.84193300376925,3.18110213125115,0.09041443482733,0.711624721492818,0.970660000674835,0.279177441807478,1.02643257181125,1.75261811270175,0.976976223558146,0.236889896747165,0.836384496932583,4.70183692146167,0.136612894864421,2.33268902242409,1.7815182418528,2.00931250839008,1.89975206700956,1.22262733710005,0.0722267968478901,3.64488991919254,5.97225697689942,8.42940623252785,0,0.67252496758157,1.35913042702485,3.96607478487085,0.159431276810617,0.0267188661420855,1.25930427133577,6.107682099505
2.04710996813681,2.01551855965647,0.613342112755719,3.04625836133629,0.0491631588017924,2.44559577103133,2.65544670658067,1.34722653172805,1.47303874723172,0.785091179598689,2.8293890345245,0.478030121655308,0.655473792961476,0.0202528073419314,0.73851465191889,0.452825866722554,2.63327728264436,0.359661847824152,1.22296047054303,0.304706056865288,0.392749515665006,2.5635490918102,1.98032375844292,1.72382377727744,1.24712773575833,5.37381410225589,1.28126009591126,3.13614145315858,0.322627377983021,2.55916147756815
1.98634066759476,1.725900155718,1.45339993222896,1.27987126015251,1.70144896255468,0.801422889038094,0.0223428874590292,1.84344470844662,1.38489125001777,2.5387625241508,0.403133937566092,0.0183304194672978,1.39832663185716,2.42167249714954,2.27501818484799,1.11084495173292,5.48321060092348,0.884033477909676,0.706788334987091,0.422256744445609,1.91546617425879,7.11653169647901,3.49897275321626,1.74168922548786,1.37648132830757,7.53125576054923,0.738544853411673,3.49228892826965,1.94757786214917,4.25334984434479
0,5.52553673950504,1.24180449996945,1.51226713945296,1.22607401804258,0.709507284569932,2.35438379998635,2.22991030714036,6.68917154347237,2.37350605932455,8.17501513820483,2.5488316263044,1.45143808927079,1.70564946897285,0.33019144473842,1.03455745320375,1.27290500377307,1.17940621580976,1.37424602989332,1.94603629639355,0.00111847794148045,5.00051042539268,1.52911340694508,0.536867101824594,1.21760763794774,3.24047116903564,0.246253865332913,2.89085562702092,1.46535531289644,12.6670107330755
2.04968377376516,2.71548723248803,0.440879072753554,4.08074676338641,0.295467202333372,3.25959401094162,1.77913893805069,0.592527867405913,0.142476320479586,3.93293951405797,0.0271398545235463,0.913983706318991,1.4281127853871,2.81085534531264,1.62904309250591,0.658667266163949,3.89437935432625,0.995959867913686,0.159020753029443,0.368609681558929,0.0336404587513361,4.53603101880959,0,1.39285334869751,1.31712081362669,2.77424836233741,2.57076470737744,0.836014483693955,0.0374903224141194,1.93902035084551
0,2.87761016174797,1.57634313447909,0.227383503848596,1.30453694746085,3.70840455087662,1.45892776225146,2.84353581606441,1.10981205869678,0.646247098783429,0.510684601643375,3.79221922287806,2.9602393210111,1.21516893642033,1.43611265206353,1.64481297215048,1.88390336844817,1.2226686091579,0.370471728530371,2.0007152536561,3.44088222387286,0.715470307098771,1.40676416114463,0.454230484867538,1.45297211090427,1.40605217465226,0.782309566662559,2.44165008787878,0.732837956191004,0
0.952846030183062,2.50783555087435,0.198046386798805,3.59499243116936,0.271111332071279,0.440243560341396,1.60110094001296,1.57637569565884,0.791064128251647,3.81037974020886,2.54341225097805,0.465531854047033,0.839746496709056,0.0919522199677108,0.756748532964046,0.340434051703033,5.97952173585593,0.546200538736941,0.858802101357526,0.35494510302394,0.370689895890519,4.67781119877636,0.166734569549792,0.940314971235165,1.32856547085541,2.98113735807875,3.25787047339944,0,1.24728536678407,0.362201514781835
0.713453961641963,1.83715621272741,0.919762160091443,4.09836148755388,0.535653886171262,2.16031754295484,2.16723100701502,0.10094045491061,2.23123165973911,2.46969793737913,0.0392032834905722,0.0718160285777228,0.417098964451015,1.78140637749532,2.08205413004921,0.100897100691794,4.38412924545845,0.712851428410873,0.0340061489034438,1.1036782881726,1.74608346129015,0.834096203182359,0.525444952801121,2.30579132887378,1.01493634307947,6.63122560019115,0.900439687793762,2.0178834938138,1.17003868754842,0.817412942882871
0.766619331976114,3.11725492055099,1.05788124439897,0.959410166167817,2.65814093361281,0.701513399965149,1.36418209671708,0.36838532269359,1.26986668408621,1.50688831323104,3.77227677054706,1.18751395401978,0.410316992242311,0.741241592910092,2.34944624201724,1.09741229035205,1.24405744520561,0.74691183499806,0.347561864353005,0.463575063474431,0.880195814107078,0.16353432167775,0.717310973361118,1.81227221642942,1.07015467502073,5.40539864170133,2.32032191068396,10.8320175724036,2.20268011645153,3.44839862993744
0.960719893725538,3.05564367785421,0.571088317751242,0.908386325486031,1.29791325893297,0.86613471850288,0.937245126216854,0.44646812964149,0.926694310799075,1.3718756581299,1.35568176750787,0.0263472453049767,2.10395234479037,2.26932129919069,1.18239118261106,0.199655596032195,2.49098787914798,0.35192798260431,0.0270525602498031,0.3171288687182,2.98958079215473,0.0260766934088812,0,0.318989566008726,1.04653986292581,7.88168773774029,0.268116126329877,9.17248565329169,3.48564824651823,1.06093348304354
1.17663495067792,0.211423775564082,1.05353951357557,0.359372793171653,1.14181204643715,1.73287402892233,0.856344842289094,1.58655411768354,0.931236239602669,6.99660533446534,2.96854556474451,0.797198785779515,1.75949834436291,0.25250316429587,1.56812388118982,0.586626061753156,2.9351642073432,0.99449795560993,0.538250215324756,2.16985030440751,1.56530438016153,1.7912342530176,0.288175499881472,0.556142436235594,1.06448014756676,1.60557767186124,2.59623635269155,0,0.761936186410599,1.38070151805852
0.799963052461625,2.64123009505864,0.144254524507154,2.55511336412474,0.640797882474002,0.967059121261479,0.0345716549427104,0.992550502973144,1.06517730380256,0.231931845123443,0.0403205874998711,1.04738307378909,1.46177914292255,3.20925260655116,0.470411188109217,0.478175204137787,2.81476487212201,0.943409456681394,0.153788309764373,1.43977521616041,0.199418740980727,0.328792327898302,0,0.626920247832551,1.11854004896046,3.13773516101443,2.77137018778491,3.27409392659849,0.120709104710619,0
0,0.258618494851244,0.519276718202652,0.328319645535854,0.925316077830709,1.09631118988998,1.36641754293444,1.10939781405463,0.645005753708707,5.7972954742566,2.68083409917178,0.964982870122829,1.74117363548487,2.09969844766742,0.698227922564865,0.609577187732044,1.54160039930963,1.04972591458361,0.823870228722341,1.25358912462014,1.15751565342534,0.880283374027833,0,0.42913452774199,1.0800753895738,1.24730870675346,3.52200522911212,2.93745478245409,1.03436214301585,1.53367679354002
0.909469299250283,2.65944577484696,0.539639430920742,2.36070218945433,0.462995837986622,0.644640813016059,0.409759592018135,0.602973555724563,1.21258085453155,2.17067104842255,0.245363105044246,1.22496420423935,1.97961596938057,1.36291145607924,2.06238039749004,0.0874431821198187,4.78248383761573,0.694389761306591,0.344622148499504,1.04717924348498,0.422562320064263,0.674018753015485,0,0.760076798271415,1.11259816150843,2.53369199885566,2.57822030649614,1.88656481824175,1.42160263366787,0
0.588961071255663,2.15256529199652,0.968500514682585,1.65307856587796,2.48485099939092,2.70976709026853,1.46871831621443,2.27816646689534,3.04770230265646,0.623728909865903,3.49777856083546,1.87477577206912,0.591540711770405,2.27081377132987,0.418218408134813,1.50711177869811,2.54728914881408,0.391993186589199,2.3508823599303,1.6157598217703,2.34555429330008,0.107535810628235,0,1.79207678829665,2.24710190793824,5.83288670290406,9.51319417712874,6.30943238165371,7.25084033469079,0
1.57840627377096,0.884214574595579,1.03339211312631,3.0918006213878,0.520047090898026,3.35672357616705,1.90621971878156,0.275133647050386,0.984572240117584,0,0.0220928963436838,1.31585926629804,0.447509858553614,0.678937895954077,1.40611578063331,0.846256348963184,0,0.39174596079478,1.52268422526898,1.9070765662152,0.0277287315754918,2.70033613266483,0.743174978024762,1.26014502347232,0.74437578809053,1.80014506773491,3.80278213580162,0.151635445065475,0.744466648711449,0
0,3.37909841570831,0.357275918247044,3.16585287170586,0.457774081698179,3.03848434736161,2.01067521445691,0.609898805990379,1.08914428816572,2.84571197280191,0.512791223965304,1.15120190666947,0.643167886716366,0.939064523555109,1.27587446897553,1.61124082063111,4.32072697767244,0.833208503192223,1.4825818506019,1.78897867611318,0.42995074169713,3.0511095554301,0,0.879937159626681,1.01909444876027,2.86562111850862,3.16300102702705,0.261422894758212,0.351996576087415,1.49111969961357
0.822363614500873,0.669581726620718,1.56088498816522,3.16320664927148,0.258581931665765,0.303539089940492,0.985736128745921,1.21586952966975,0.995329802260436,1.62919828292074,0.146439008681094,1.29081975106483,0.292947208706143,2.61464782846551,2.79760348456621,1.33868324096894,1.07501667411225,1.37962039493757,0.0203609438472108,2.84687050899227,1.05134840592165,2.29786986655017,1.20040323113035,1.14795921214325,0.802101993143013,2.24813463302244,0.617633381663636,0,1.27904027536332,0.371697482559958
0.0859356682792143,3.18723498430541,0.436821636360356,0.461499038187627,1.85545005337385,1.58115700939585,0.207384092955216,1.44816051086879,2.52395955947211,0.0978494297499525,4.07132101848738,0.53347812291693,0.349683869673398,2.38206933265538,1.05732829723461,0.0476149184797245,0.614488918228034,0.0213574472398619,0.894080435502368,0.0141734527678151,0.334708125703091,0.878627806939678,0,1.4058824379905,0.591149548119147,4.58411265512767,0.217996043666519,0.790623422774825,1.95657893690552,6.44681684838695
0.0780742043847584,1.71530235352803,0.88539049194715,1.85511686307874,2.47933527903251,0.881224615231843,1.45277786882838,1.88799316065285,3.65389046917465,1.87031343165721,0.10973455426018,4.26234027372074,0.694023527733779,2.52110011678732,4.7314407355972,1.88955238798878,1.89644332050096,0.301587466339026,2.76697796717475,3.55473989832018,0.157899027215733,0.736215039033194,0,1.48046755875719,0.744469904786362,1.39028383860113,1.33776967307322,0,2.80413967142984,10.2790146635612
0,1.43699066387511,0.925281856235215,3.02283339549189,0.0357626639669105,0.665759129022538,0.359682486211142,0.798918027963852,0.646950051696312,1.44844192783974,1.34607158752951,1.24353521449393,0.596616226910543,2.67704985021908,0.374142458117954,0.196765871495663,1.82173578396366,0.706826179765427,1.27922266599875,2.42061402945551,0.875707398463921,0.764229454235193,0,1.47854889795404,0.944232658949061,3.84084735362745,0.174140974229495,3.28998484897039,0.502124219484934,0
0.0849175168255923,2.37533538123412,1.45431646669217,0.862976261909494,1.28148394801946,0.196163370954666,0.322986136353222,2.60756961640356,2.6941085837693,0.707210691597299,0.281168396248638,9.80510307902087,4.9454775687995,3.69050904569899,2.68218315106511,0.809785848322999,4.81758915133171,1.78368697941415,3.13816592765306,11.2983613052637,1.10711114009871,0.11499089346262,2.71040714280409,0.212490576702617,0.916431528308873,3.60215403633671,0.34764074768392,3.92584089442442,3.68013397572662,1.64610018732462
1.83976746935179,2.213647297123,0.500398555540142,1.03697342329803,0.989561213881708,0.232430044867411,0.295844164461645,1.84507991305571,0.549034489189587,1.92565059678372,0.352995338668135,3.4161173291111,1.68190724795354,1.35653408512335,1.49276952661132,0.493003943598535,3.47308046766701,0.992102272365945,0.380277927927577,2.72378904968522,1.39240635163897,1.4075397308761,0,0.516781829043266,1.29107844247651,0.950473248358612,3.2029968428409,1.41423138844799,3.45727047907242,0
1.28898110194101,0,0.249278886567833,0.579405387482339,0.704477005307878,0.0121137687213484,0.37200578785054,1.26654335248098,0.477244210835227,1.05194520308035,0.541219369908541,2.01212954177382,1.83351492964513,1.11646067900522,0.893423110896838,0.403993803945782,0.826042548854827,2.00235046912639,0.442021010387404,0.354472549070186,0.964892379554886,1.49937934744307,0.96723687924127,1.57471360528113,0.858081347677261,4.09532173001271,1.25961733757486,1.15648206914465,1.91254235713159,0
1.45735475457093,0.300699875014993,0.46996863425592,1.49458356940782,0.388788907487695,1.40363026019475,0.469764814317403,1.35763587418961,0.526390991912011,1.03358968035659,0.403200224255491,1.79826647503157,0.795051833312687,3.85436796899653,1.31796039226504,0.220702122058947,0.928880116189635,0.60589238659722,0.462473222038859,0.443252192225852,1.08411309145779,1.76874970149211,1.83105091827519,1.31437194768934,0.789256859100287,3.43719045721213,0.231051102006335,0.581990619133429,1.36360886939012,1.16200350857583
0.363959906753492,1.51221491173908,0.384186800475455,1.1695530944011,0.0127531059687109,0.219878349180103,0.454839581684285,0.9433214794351,0.41399876585761,0.713535561139967,0.321973275894452,1.76594957968596,0.371439973325121,4.43403468544746,0.575773071355149,0.456664621800375,2.04560679377571,0.95274392229809,0.338254421685269,0.450768892363945,1.0509170964,1.37814461506492,0,1.38975102421684,0.690761917032941,2.19524648464406,0.0219764828207978,0.220051308076508,1.1212921228307,1.04587850024517
0.563999158244809,1.2432420566253,0.517551081614126,1.83629183999981,0.608734904165538,2.31982636693909,1.69806224906329,1.53703405921343,0.0351162672272509,0,0.652958265554426,0.728804162829626,1.21778100011049,0.0317490389866445,1.73149852451156,0.468857580635092,1.65601475681139,0.778057767893785,0.968598977660281,0.717037640793406,0.548987009250183,1.78001891450102,1.19467896777062,0.827528991608951,0.569671517592526,2.30244671716887,3.31158072038809,0.109990585423436,1.49226677834248,0.976468923881486
0.539792219195881,0,0.834560932984207,3.11366976000019,1.23205930067304,5.89397483406354,3.96425660380657,2.79923826289828,1.51217654590486,0.343486885352166,0.0533040534341842,4.26075621716791,0.394530360521169,10.4879603928911,1.34104450813512,1.03489042811787,1.21488649376803,0.414542524467333,0.702419637389742,13.8364589831865,0.308017935243519,2.46349361661876,3.6060546575378,0.908650046531221,0.465076284804811,4.03856226780387,0.897482696827605,1.93750610808477,2.31934646383061,0.353465713326722
0.688419337726307,0.258012979585582,0.327322253518647,6.25338849769679,1.73508961340331,0.105262838000698,0.893934259443992,0.874129706531721,2.35869323222389,0.112788347372324,0.274943713937044,3.30583519903039,0.403239122539045,1.761829153467,1.22040493477489,0.595244923693462,0.993361258809118,1.65986725528211,0.20289016775087,3.30991514687848,4.5820336978317,6.19530947230672,1.81722048746538,0.276885356002624,0.637308428306613,3.75678008122077,0.587016328835649,0.613845017296197,0.827791298389793,0
1.14387400160836,0,0.133307977524462,2.41118184232793,0.539970939738935,2.1384920430704,1.57569806530736,2.86150515969212,0.101310664950551,0.424026544303517,1.58011343309666,1.06250854691667,0.823676456292958,1.81897162073813,1.69568550617911,0.474046536630485,1.54033145643927,1.34874108537481,0.990305779029396,1.76911207973567,1.21255146018546,1.40408720501614,2.07784975858541,0.590534519277461,0.500326550575728,2.09607180394392,2.64281459064424,0.620635297754564,1.68376002407207,1.06639184657856
1.45414128746189,1.36312186973083,1.52688114424209,0.0635686917019628,1.80041636066707,2.4448129922648,0.315338982803674,0.473702234419988,0.466019929477583,0.407051116008101,2.2590382308655,0.233024180097663,0.892719330039356,1.13694236938298,0.793424970132419,0.807474957021436,0,0.318560397951877,1.09353370350599,0.0485680948571607,1.22465098368583,1.10680632505652,0.480882901155069,0.71356425079368,0.684654373753322,2.32950554030767,2.44911930353805,0.132834395107683,0.127134965144406,0.91487845690562
2.0710602965937,0.377627192848719,1.70925625346884,1.78340746790122,0.967689012445836,3.25203276266242,0.432755548291868,2.36591661409619,1.17238253993292,0.00152520111190593,0.181009857361696,2.8442856370222,1.1688044335513,0.572690259201023,1.31243777390311,0.00702612460351242,2.8941816613428,0.280951584887892,0.302440021970438,2.50676459235274,0.51558993887244,1.68420627205158,5.14470304076984,0.594273611413446,0.711069024479234,2.190168804218,1.45463640250609,1.25526001754519,0.608601537974233,0.793664825167339
3.81005100335723,0,1.811234797624,14.6732266076414,12.3871080506035,7.97408393501497,1.47937885506801,0.75816933365163,339.478144107055,0.026005231374439,14.7389544195869,1.61381857487773,0,1.62153554287902,0.923367176052604,16.5291345231617,2.76085086714097,7.503603907512,73.0656627744135,14.7922902503382,4.05035007533923,1.80712047211577,0.176409838548955,0.888703833117174,0.825297638298329,2.9999543232464,0.461323127941096,0.857384854548446,14.0374633815295,0.770305811122254
4.1420760502258,0.164676459798568,0.298453163102247,1.56565424422482,2.85502858698937,3.1607335456515,1.51892772218213,2.05808843939084,2.17219200757649,0,0.140140260816156,14.6462638268025,0,7.83307375282723,4.00556206246991,4.05265040735602,0.134105654345828,3.85779742385828,10.5145689188021,9.85122345210717,4.1707635571093,2.76515247378374,5.90406639552606,0.951704312670032,0.724564859071851,4.2879148886196,0.934969535027966,1.26839424467182,2.27012985111761,0.817656522445042
1.06855491748711,0.149150633468204,6.3231628380153,0.776775967724461,7.54443529979851,0.137830197155553,0.52441659750657,1.89818224037156,2.88356473847432,0.159374820206176,0.0670850006526565,2.95060545582043,19.2838827469394,13.7155601927456,4.12347876680579,0.511727027215063,0.287857302765856,1.54842055038575,0.254397718234454,3.08416180601984,14.8412275669078,4.10029321779272,3.01115229395917,0.817360717274372,0.222052618346782,2.69723314717149,0.756933494616776,0.235564744963557,1.32034247954426,0.510987102551247
5.26837990858802,0.637737665953135,1.30251099797055,1.41882681798525,1.99233955492845,3.12956141330851,1.66450569318786,1.65097433209425,0.437602417992346,0.289533044654473,0.181809558551486,0.838484429209861,0,4.04777253669245,2.10545510504431,0.608520108421392,0.50198951266414,1.6096895208105,1.06941470448034,2.04160760344688,1.42829410526515,0.540416310336817,0.337437934829441,0.363298657636606,0.523994249079357,1.17677968237,2.56313260563094,1.66342363079667,0.354956617072588,0.213413093543636
4.02738439278372,0,0.29215132520476,0.917767922688433,0.0648417341337559,2.39238266785144,1.47749917333625,0.758971434223045,2.28436137205051,0.201866093209814,0.4672537812134,2.71235841477946,0,3.17742995668617,5.62973801611417,0.0129336577566836,0.107980340820349,1.68823076032479,0.754772578954708,0.700039378567003,1.98566114859364,2.14842711780123,3.10681288531873,0.469946025719009,0.728879564380317,1.73150386810876,0.264304199412625,1.36949473697333,0.549020612811602,0
0,0,2.05659531101345,1.51802749467076,0.257241705766797,0.753539508159432,1.13616096158463,1.16252192432506,0.00733652202574285,0,1.58189723293577,2.21158510430843,0,2.47410482588199,2.20215587140424,0.0634425271022883,0.0739167882793338,1.65425210394501,0.564442860912241,2.40149878225698,1.25254550068548,1.45730172458214,1.23014072668874,0.432894673430232,0.478595248310868,1.46649774111268,3.70141400913216,1.29214023504027,1.87234934786746,0.802453837400173
1.54898214999975,0.590001125379122,0.0789663088365852,3.05828958205706,56.9813394823837,3.89841821037079,0.582904806806313,2.12154965336955,5.62311214144922,0.109511366204345,4.32974938111954,27.6916199370985,0.482853679717484,44.2330897057901,3.71703257683403,4.69820595911845,0.604731065663649,4.64107395165445,7.23873727721939,7.25540745630659,0.756169359075163,0.944326304783875,1.58878242833832,0.47388310325987,0.40090304812093,1.20454000724079,0.577826965536861,1.51954868088735,0.681636187300624,0
2.29389109493718,0.751138270591536,0.209719478896144,1.8853313308277,51.2815954522722,3.46076692895337,0.254793406039977,2.22343544244612,24.8535523759368,0,5.69303786579984,7.4476477853854,9.09197771937845,21.9576529076211,3.63047747702736,9.87386686971209,0.115869185428833,4.09934877305318,9.27198449951327,5.93720602355134,2.43479989298328,1.89919023832373,0.222324469895695,0.517012512177353,0.14331399913603,0.250165466162537,0.663992291635485,11.6310512959645,0.569312839070322,0.828649880988232
0.0571149017001671,0.0622366226768345,1.5393446152519,1.0533680494215,1.80138564278024,0.751319935532853,0.173256574921163,1.80083817046907,2.1296398948844,0,3.07906238356189,1.79863463990042,0,2.719040936972,1.50411976348292,0.0700999817620682,0.0816477868244317,1.3222051654981,0.673057659800631,1.79051737463472,2.40036738254304,1.2725483557685,2.75581875704253,0.705268169037136,1.49343179165418,1.26776352957892,0.352903849478275,0.52815819044313,0.298369621740284,0.44506723464994
1.92840440021374,0.903173414468633,0.209801710546314,0.159634154909958,1.56289271027213,2.59269347241277,0.789748567789264,2.06304678339868,0.0615849444113826,0.211911786996796,2.22823039315242,0.742325045900455,0,0.769246814982245,1.89153439230984,0.0841290783965789,0,1.16332791882952,0.49565162352261,1.53857892474812,0.708195976614333,1.20650025951087,0.806367713587197,0.298713872566926,0.408168609249562,0.238465074009729,3.98421297712867,0.483905922696525,2.10762461404936,0.78220097931971
5.04783857261048,0.457867331610573,1.21853991801133,0.113527237281409,2.62137600291869,1.31563454656654,0.532361751984979,1.92765100300723,1.09355159722804,0,0.737045926416435,32.8137169994724,2.19846143669746,25.0894177478189,8.5708436003116,4.66088209361101,0.80148666197035,4.36527191170058,7.61156905229375,8.67013812016462,3.75320766669439,4.80823187617182,20.0164910488864,0.665036548681688,1.12787964520412,0.641426860046475,0.623916986851342,3.73233656251216,0.591732058418956,0.033209518191569
1.40476889562829,0.423894646401008,1.45818149441578,1.30013809868962,0.495562749936335,2.56773282366791,1.79148165719014,3.41573096704068,1.12941401132863,0,1.97345391503049,1.44154868539205,0,2.99862734545928,1.95841934540802,1.77140427904897,0,0.249751046459178,0.160138185559316,1.67945820359051,1.72268960623008,4.51892040125151,1.08838619533272,0.452875899065408,1.03312755358047,0.95169718790532,0.439190251952004,0.367482610368502,0.534164147936105,1.68330456985747
2.4284073745431,1.67958165427937,1.62547114925653,0.0998400513271854,0.862060180380966,0.435163870233336,0.110148619586891,1.30403314988109,0.364895385799417,0,1.92202881812788,0.784991260593578,3.05940981808199,2.89161420123093,1.7986336253093,0.719401191733204,0,1.48431784457366,0.227679702894461,1.73298568040091,2.36593606941012,1.49053091664716,3.85065320923908,0.316679959070845,1.10073477521801,1.98122765352531,3.02843921779419,1.08775677366783,1.00644525270703,1.02261844349234
0.0520188922393386,0.450183022454156,7.78121219728652,0.505890098284528,1.14604603610625,1.55711197171734,0.0896962347914285,1.67127323862133,0.94508871967476,0,0.164926990733642,4.53623283300362,4.33587458720096,1.11277562851552,0.16844828472728,0.806605683207341,0,0.329935334109189,0.18227743233925,0.719060489690719,3.46763128606733,1.28173450653239,3.56886087006669,0.558935806882823,0.0844406234766121,0.890014757514046,1.23708954679829,0.352993784232942,0.520403971849709,4.34779860485926
5.71120451154743,0.14021646014072,0.545450631416753,0.00569921780411012,0.967074199837129,2.32412194893677,0.227663567814765,1.08243619726332,0.921758024056949,0,4.00575355879472,1.45327690688473,0,2.29776940669018,0.4206594002173,0.854546051931573,0,0.228609910530244,0.16205150594599,1.23220958537288,2.69427593061227,1.21500537236237,1.20532770665822,0.707000825341636,1.0693266614356,1.16100363890148,0.719724703761611,0.0657942584363113,0.322157149338846,4.84846331415973
2.48753637291912,0.243174342764694,0.270627469460932,1.74556676687788,2.78547025290057,6.89069150601426,2.18231905073373,2.97984685804519,0.868957199784796,0,0.975848165631595,8.61861963013273,0.301055376535833,7.34058404987437,11.2930903086337,1.63574371808922,0,9.60258076224284,12.2477970715788,4.76465276119638,2.15117774795174,1.59670724892699,2.56603577462687,0.251287161145538,0.818597882256401,1.62801209229165,0.209719034366351,2.03366954793224,0.234536991651739,0
0.437567884365652,0.725653444545532,2.84339099954082,0.140420060240459,2.13680311138443,0.400654350800728,0.573256148723621,1.09610670643882,3.37497634489316,0,3.72435882227373,3.79987920767182,3.32737468093272,8.00177733546748,0.822721536886343,2.41920477674139,0,4.01778489686621,0.0409340830094486,2.99865511249924,0.0470968280651194,1.58535770124539,1076.24409274703,0.137916923726223,0.218066332485534,1.14783243637616,0.442777481956459,1.24509936370171,2.4967300435768,2.12726165075618
0.106585536650017,0.353865610138441,1.3150906110517,0.958408542212349,0.551794266246204,1.7496556610758,0.876708432426465,1.61396187495446,0.429084078445211,0,1.93279379753548,0.619688425731846,0,2.16917388085464,1.63691033260981,0.499371250549024,0,1.29993660218482,0.76975839813842,1.75654653349323,1.3740338244963,0.961543898101228,0.375797201090341,0.412332951875718,0.274625656559183,1.67819814949309,3.193592267115,1.80725279940319,0.175395769171955,0.0735552483900689
0.607790802557035,1.51506281148042,0.818778281633329,0.8074181945892,0.751443861166952,1.61009712443696,0.088929530725135,1.4497939746337,2.19042792330097,0,2.68946535380529,0.911195702804455,0,0.898000448834068,1.52002200716242,0.00357373177741966,0,0.839839735686569,0.765438881148534,2.22734472782728,1.23227239588701,1.25839637092734,2.77973226618465,0.287394036725284,0.249371325350197,3.66793821915452,2.30725405798948,0.899660685089447,0.437679617896165,0.31169417716335
1.01652813630577,2.75358876284993,2.26074125550184,0.455178833637959,0.149261010840908,1.31605477085479,0.61793075343804,0.152147255573599,1.32733518569556,0,4.56015898539489,7.25858532006709,0.0143731810792913,1.65043934790428,2.41620216621679,0.140179346735384,0,1.39527507235092,4.73437477523507,2.15732270724987,1.95728874756203,0.775783387943635,2.15706022097292,0.20007707465229,1.03762747186116,1.31245985185914,0.838424080174266,1.31539359856013,1.5277874046323,0.244108448776398
0.00444680144606313,0.66033861767443,2.43379468100988,2.46032040137218,2.17410275251297,0.203722248059898,0.0591711518567927,1.15646629485532,0.50393614288113,0.483177452116899,2.76247370791376,1.33894028799984,0.329056568142035,57.7637693176321,0.802921855173283,2.43723205243878,0.0869882079501679,5.42868298000892,1.2952988272937,11.0323595670081,4.51700712403632,1.5670020422848,2.32404077662608,0.251806163281827,0.192235674420442,0.28259440744615,0.455828831483347,1.13440746452324,55.1360153037477,0.389126149486703
0.432943873729968,2.15253840498365,0.353065132824425,1.66582273127198,1.01320988039166,3.08125435089674,0.723885500682708,1.12832400190314,0.387216323359374,0,6.09503295726601,2.46284233665426,2.25093313861428e-06,1.7127345835248,1.56965934872309,0.308194887530344,0,5.74057445604061,3.80822037168201,5.25337749688278,1.79513240593644,1.53459316139243,2.53712678596095,0.352309250917906,0.452889311157071,0.605278600106203,0.276526657257552,0.630262173373619,0.374953096862988,1.66045968991406
0.258127006353596,3.32649460593317,1.7884881498844,1.06113960368223,0.830669752164753,0.866496076720346,1.25431542895888,1.86374138753869,0.92013102103806,0,0.943021812828014,6.13548852282304,0.105638820567939,1.99852942065899,0.781311008983449,0.171801322297347,0,4.68861772156124,0.302970800019993,0.728959822560575,1.27553005631745,0.524161475595717,0.0410333967234704,0.318452012990966,0.350267204310839,3.89919045786947,0.0402268916219051,0.343545799064713,1.49352830402054,0
0.270025481636458,1.67108371169712,1.16125177993103,0.535629891266342,1.62479662539629,0.729684610365797,1.21151043035347,1.5580539680851,0.762347181757129,0,1.11224517251201,5.15404420356533,0.0776572283454918,1.9547869452435,1.72420842081037,1.22549713742826,0,1.31897320651482,1.05886558206198,2.27106543394,0.524596865407218,0.955811345082244,0.882887347231306,0.321772130917804,0.501425312988354,2.09162168622633,0.445838393493219,1.04420445626353,2.13389439814403,0
2.41219128498757,1.63757074313986,1.50983544906197,0.383338252644972,0.960540381384168,3.16400585495191,0.680686210686295,0.21557716678452,0.72913745304327,0.266652301552558,12.2042868442473,0.127800412511717,0,8.62462475891539,6.93862979779516,0.109595996062671,0,4.63307948282612,5.24725151988307,4.92627463760452,0.00497209769309055,1.1464679346951,2.94526787381022,0.303882899987323,0.702794216096818,1.57382733897111,0.421287312019956,2.73875823432062,10.0565556445297,1.95678471183085
0.325139677200256,0.33291403775213,1.01189756213656,0.312973576524138,1.40802061435569,1.45731951615229,0.867337266620864,1.51297864741923,0.654000564214868,0.141101603034213,1.15443661290901,3.75105410705545,0.192522873463883,0.455495544031728,1.31905638939799,1.21593677756921,0,3.27729050073716,0.191715888068704,0.79504562181843,0.820126125102983,0.766051213836198,4.48094082858893,0.472797931757121,0.309650325219747,3.9241080935541,0.173985441722635,1.19059756162158,0.709196102684432,0.175478202710994
0.504528813575814,0.730853937560735,2.22165682228681,0.143819586655917,2.49334831657836,2.41124135295613,0.113788433765199,1.23240707351303,5.00884076264532,0,27.8156679558519,7.16923026048883,0.116156744438707,22.2336317373321,1.00951600438997,0.0465956130033171,0,6.59128260612843,2.20549937587948,66.6268404610551,1.87256793823981,0.707029732934361,1.56492575117798,0.127213754569621,0.729321521495605,1.17099321407047,0.559335792675002,0.2118836798844,4.7938778742398,0
1.55802185411979,0.437469390529908,2.37158291105847,0.0829615740153803,1.98700355255536,1.96209132954491,1.17149707592389,1.78462940614457,0.961645911094425,0,1.32908641767545,1.64163308955987,0.158138410493495,1.00365554387203,1.70581725746822,0.646581562323699,0,0.357938369607295,2.35398888611536,1.6841462223957,4.40874875948161,0.53785757908255,1.36007900184737,0.281407118640161,0.821699720142395,1.15644360194749,0.398153594951403,2.76869583385234,3.21000914533187,6.65450739215184
0.638159801336213,0.823256700069956,0.880099726760155,0.323577875779168,0.499072533633935,3.83206357520441,0.263350267644622,1.11236628996048,1.11879033287812,0.184395129670937,1.26356625761667,7.10715275609982,0.395271103812845,1.69576902707511,2.36243624412196,0.878317283278646,0,3.34103174589251,3.72722938599942,1.80199187237079,3.68851003735207,0.606493546205649,1.92866555994389,0.20938215953464,0.6751805933184,1.8218931862592,0.460820450951408,1.2074523467333,1.93889912816643,1.57729154861421
0.465239848264376,1.95691340634463,2.25750974392592,1.73389287894769,2.87050725395016,3.27853232396021,0.84849610334129,1.65104596226756,0.7729282032759,0.584938382605094,1.30503122561333,0.910639054598967,3.49230015835897,0.5387181370454,1.23061567342921,0.481291130065732,1.88849988846093,1.45466965543069,0.650689144649865,2.04471552610621,0.467443254433859,0.329006913479438,4.67296569137143,0.469950106164678,0.973555527183489,1.6329033930482,0.318802684993229,1.14467115968234,1.11025401105086,1.77698963722968
1.34264603229107,0.412478762549343,1.52226387916086,0.688846746397012,2.27013525607784,2.96911922324835,1.09651329122199,2.85786527936798,0.677580639097224,6.27185843987916,3.05419616928185,7.53307467504697,0.675889154674025,9.12078508143132,3.72213471170491,2.55310212066007,0,4.34037937101302,5.37352900677468,6.02519692465616,1.30115089645118,1.35495513456852,3.57447212122743,0.201846500202416,1.04045836489258,0.799348240199153,0.303620901706199,5.63972468120479,1.02306659555187,6.42322484742796
2.54354353585432,1.35339634682033,1.88239832145034,0.105537813010448,1.96507334788552,3.33161216844558,1.03212779836889,0.446895316513386,1.05839864656555,5.11996117019633,5.78701906054893,3.74190171226793,0,7.19293218961251,5.98500325635598,1.67553247426022,0,1.5838685744088,5.42778864440073,6.26397314265955,0.291231924969837,3.46274261878286,5.02112125190118,0.18834582565115,1.24312162174724,2.55344160237883,0.9427716485845,0.66659185189328,0.0445594621114758,1.91568698850301
0.656718958823581,2.29749595240465,1.44431503921446,0.452791021381816,1.99283252408634,4.10292804011966,1.44298793479822,2.26824640672577,1.03161182234,0.577494609911151,0.491355448460077,3.488969512076,0.528489792875854,1.77779195752496,1.6309999712438,0.693717222899113,0.604935465564447,1.33722463071896,0.812111830459806,0.99352372032182,0.432515262185224,0.838495250070125,0.0432392853830336,0.6876473299402,1.00326672284343,0.697698980951764,0.356968769833741,0.719920981776097,0.333402772296716,0.000240738847909222
1.26315478307773,6.80789831425473,2.96104486653363,0.529641052283756,1.59839311084178,1.76401086638281,0.104550918280039,0.464088851367492,0.437743815634484,0.657339932281229,14.7114226852802,5.24625930472981,0.191531793714215,0.972089951849506,0.760930867108324,2.53284934089324,0.300887594074513,3.27118244695596,3.81079201375894,0.967002528651281,0.391956995232026,2.18626963115343,1.18506181435508,0.484781960650884,1.0353741209365,1.07184687122394,0.61325717892588,3.47975426177388,3.38073912589535,0.587824977031401
0.350025409904557,1.03887964075322,2.29687608690103,1.45428545367402,0.195946975607616,2.01543309500584,1.47705054512051,0.636296261386018,0.969694936349266,1.9551987766093,0.658859411887272,3.27338113009281,0.0220752301528581,2.85294529060372,1.343746008573,0.626137188011661,1.18354087937961,2.14718894511648,0.372728269463067,1.78066896494322,1.90801069489363,0.64450033641287,0.542105803584817,0.510407894698762,1.12954569301957,3.06950690639333,0.115952370891244,1.70891901662814,3.42899571237413,0.87661759512362
0.352168164205083,0.614533182227136,1.9346987180779,0.878710977246952,2.27393301311695,1.50270565058176,0.314728844526108,1.52619991259257,2.43092810747783,0.612045287981456,3.00260442512716,0.481990645396257,0.00589494586368,0.877795411480108,0.786191187755939,1.3233551731702,0.166058699818742,0.572867790020658,1.59984206098987,1.4234750792485,1.3588635295825,0.219582425957779,3.43206240670025,0.292759135066614,1.32408138634132,0.755869817578575,2.17323364166501,1.20052775112179,0.916554987651924,3.04484345415105
1.21190806172319,0.431928344545757,0.213157716905818,0.991009619769654,1.88938357152154,2.75722474009024,0.698962133764119,1.93429197028625,2.88263772987118,0.995074914472606,1.08488572361447,0.493799557148691,0.0929262344154472,1.21713636768008,1.12916738774646,1.22389487755026,0,0.503268832470999,0.164788835510708,0.334829013623766,0.480274393726539,0.972699221370524,0.684395408811166,0.203825954515971,1.00440491872843,0.631072252319841,2.45606100455269,1.44441642111469,1.95814742921232,0.305380551324687
0.00337635700670771,0,3.77856080827176,0.464771933203494,3.53067261631315,2.81275118648878,1.02641035812855,0.584895812814789,4.44400784121426,5.26074419325476,31.1824080799935,3.50638787939608,0,12.1415787706572,1.32226648589455,1.33690272473306,1.59795091537355,7.1495228138001,0.438390081343671,1.18552051201785,0.0364323811456445,0.994583621110087,4.81337724055539,0.210598892990972,1.5195589396087,0.294336098227571,1.9869430679184,1.97393309541504,7.86655074278215,0
0.598714537792622,2.8348775864542,0.667215050184864,0.997439382371348,0.847826992559744,2.32725078960609,0.548006074663608,1.24942432438952,0.103523830918929,1.61544187982649,1.5684737653084,0.58270862380364,0,1.06862166703141,0.554110178655703,0.928597438925887,4.05861513009514,0.798138101637994,0.715536959144166,0.796518000363203,1.05176269268058,1.02290083276348,2.95410266554492,0.704590535134906,1.18140612466556,0.128202732352347,2.86505366626588,1.80993766211893,0.809749773182611,0
1.69683969388658,0,2.98446915355274,1.8674012724011,0.0115181028577995,1.2261301237743,0.85572945727548,0.301416768944062,1.03006826441236,1.68118435042933,1.05283366776171,1.00061857728644,0,2.89954172514415,1.61811586150702,1.65107970796807,1.15286981429225,3.96656633137159,0.0331680676656955,2.34987308181869,0.131123055830379,0.592909560441855,0.991240830812592,0.655883395281082,1.14551178403085,1.11881690433736,0.574429568985631,0.870989275292422,0.117854859835056,0.744499458738187
0.401132157604463,0,2.57364875185836,0.681361994331855,2.72555502730974,1.52649997597973,1.29588954661132,2.20818400383304,2.25641250359243,0.523612869450716,2.10775906346138,2.18443549749142,1.04109360391275,0.0389608814927326,0.913465890170446,1.31835325162085,0.912810227455525,3.63212777911494,0.915878757968291,0.787418206374035,0.256061242774111,1.66940276779591,0.7920972265248,0.475266871012822,1.16630224737084,1.39699360300342,2.14217257303083,0.423380464656925,0.452208986832318,1.41522414824048
0.601604854882473,0,3.1676966983728,0.438215416684927,1.26921198019261,0.954462011222413,0.929265014486431,0.549993053945123,0.337872596600689,0.0495170294702073,0.140515875596994,5.15296983260438,5.59810201664864,7.89469468351461,4.52011538396694,0.722292923266024,0.263278778918438,1.7999029844311,6.66761211420756,4.5920527671066,2.41784525226772,2.1757460528534,0.56130532243442,0.494082909268733,0.173365343585787,0.00901645601426088,1.62822615458309,0.241852516657231,0.439444608970954,0
0.777191718381664,2.04647966787557,0.0446484682842563,0.422845433667335,2.96221394005681,1.11213799093807,0.874354299477641,0.208643856234503,2.08055524477084,0.992059040234646,23.0665677415756,3.70351800383281,0,11.2295868481687,1.20421558263423,0.637292464516515,3.44615591399908,3.06912141504637,2.24147971494119,8.71389598550715,1.44643584516151,2.27115260206212,3.94799828801055,0.203114029383329,0.563272193019056,2.23815766663137,0.278972591335399,2.70424838337116,3.71678149560074,0
0.705745201182861,0.0880763579419059,2.34110580322534,0.312218113529833,0.271874072461391,1.94242662165671,0.734179252049472,0.47690671469469,0.539591894649664,2.3271075867784,2.32562370060414,5.97863026320368,0,3.44199067523371,3.36774730154225,0.77328280768294,0.894132035143436,2.95038461179295,3.81617144628346,0.262165166344093,1.29917376639967,2.05309233391333,0.870322970344807,0.435558367270508,1.13075896353245,1.38726050108245,1.62836080178258,0.129306130535392,1.17407785980578,0
1.4593688393022,2.13246772748213,1.32684326689789,0.0717395477384898,0.0412447202278555,2.3857571404396,0.891832418296928,0.0875512824915478,0.000441820206729671,1.36554025555009,1.9952687821157,0.870057092334287,0,3.158939305397,3.47358321389674,0.656406543245001,4.27062123201364,6.33404255581755,4.01780726726538,2.64593190815141,2.42879475327895,0.359882150207898,0.390750173446995,0.613378738722364,1.30296981314236,0.0102802682452992,2.6406986289117,0.410987907452185,2.09956885743362,0.145114188011873
0.809425437072551,1.66981828219346,0.177409301975041,0.389129273285199,1.70930694011645,2.02504534756532,1.03128853568745,0.647232847974665,0.43875803178144,3.35644750824022,3.07203823625025,7.22942307303928,7.03971799309236,6.33776049866716,3.11088299003614,1.13147285564831,0.0313543902759005,4.96505591182066,3.75577876573155,4.93891018569991,2.76225257030626,1.6230012541569,0.901306201828286,0.508717264884838,0.815685559511943,0.239722702520395,1.42271082211689,0.44456457820468,0.259425337220992,1.18226678956782
0.67563060811192,0,2.67187544288168,0.269838488960746,0.181804645504407,1.1997446499503,1.03250339375064,0.78124550564703,0.220711218660919,1.33774525046479,1.9610676476876,4.34587371077995,0,1.02852741048301,2.56420659052646,0.589941714843578,0,3.80444521971082,0.826329882690045,2.20666290569482,2.26793103542367,0.263776324830254,0.650730343222995,0.286129686639872,0.623545063082842,0.401187563169629,0.599829812583314,0.320025523240895,4.76463792592151,0.448657965281308
1.11596538954551,0,1.57020334988319,1.97184356985312,0.0990252266050415,1.82771684735107,0.486258513659941,0.0936619919965593,0.299558210879575,0.458023184075516,0.33692644044689,1.97680664580983,0.960945902989572,3.82787777108436,2.66937384016124,0.0116396140124295,0.279656093806099,3.9082943819317,0.916160312951851,1.94074352041839,0.403039584910395,2.02757763265956,0.517451477127716,0.582825934461586,0.839637115905422,2.77600800180416,2.92342516601301,1.46631206236079,1.4899379320007,0
0.855178767043967,0.0555150553587529,2.06127878328302,2.37595493055181,2.44057630232948,2.04380668536209,1.42358271557844,0.613922510578747,0.179716906094094,0.732184429993087,1.37135816091567,2.88346940615584,1.27637566641241,1.25537886598467,2.76766010023884,0.404002007685197,0.249685094636007,6.25604794532369,0.610397908375056,1.42358519821585,2.42797084437124,1.62953515991195,1.87347581897906,0.0619955204541062,0.248128247900899,0.816902489128712,1.9652402821112,0.190199562750361,2.80254471284332,0.608689723854256
2.67919217071755,1.32649793281561,0.510890231081935,0.89525569632689,0.80306584381333,0.546021828236853,0.428436458261972,0.216473678634773,0.0550271187863176,0.653587990041435,1.00181610821742,2.6336964191809,4.2035126093547,2.05082189701812,1.30531136600791,0.268914010435145,0.0188644119057832,0.715900452630611,0.568786471095781,2.39803439610777,0.863677665451054,2.06504346467248,0.365496226144281,0.706614677922577,0.459019086675233,0.0165482053825051,1.55862190938581,2.17867127715866,0.150165884049851,0.438492937298894
3.42580382627971,1.61790378287529,2.0209782345831,2.71520880834276,1.40637900630983,0.307132083566031,1.22385878999681,0.0286462552774795,1.2127542846567,2.98718962636035,0.498212401355139,1.80388982751781,0.723332471881325,0.078902041045468,3.09986611728223,0.843685679323956,0.873493180825955,0.852225358050849,0.685528259035187,0.454865397987628,3.43352681132203,0.516684654922331,0.561459459786868,0.607469826004839,0.44046216217988,0.463535527593937,1.25234476002949,1.18812295954937,6.55821250024377,0
0.686497436468225,0.326645089992246,0.553262953724745,0.213041050947634,4.14474990965144,2.41236634317066,0.266814459880495,0.236593192980275,0.332813414091525,2.73657367586325,2.3953599560942,0.49687933720994,1.20209823845402,0.673048242123582,0.0827034010221182,1.00508139797708,0,1.33675384222423,1.18700326676569,0.540187093512382,4.2796768683482,0.709988120932071,0.497580112621913,0.0355822291579397,0.254046035396932,0.737891518384938,1.48583003498163,0.540230736524939,4.93050333539258,0.0389237760764313
0.485738676256755,1.17548190417761,2.81497349928561,1.94835639140681,1.48939181268139,1.28168658748121,1.48063692118317,1.30219243133018,0.717166982849887,0,0.436815588701919,0.258261136210254,8.49047515685574,0.000997804321774669,1.97796218796919,0.501470928489866,1.09180335065334,1.18493624967185,0.334852283972963,0.259026366981807,1.84177165448023,0.622076669969327,0.00356391031980836,0.0626576039800543,0.512365984996956,3.04002530604621,1.36336684156461,0.391209407133727,1.78538542245789,0
0.910607467437001,0.717179736681244,2.78134295302633,0.336074817075868,3.13159812325689,1.50824600134725,1.62832248944828,1.08676723836283,1.29059862971508,0.842330687085272,0.437418869544864,1.98863786686333,8.83880472635025,0.155647623087854,0.470250585765362,0.299147286416756,0,0.940560633933398,1.12841288009002,0.546128689221687,3.85484670922137,2.07494318623052,2.70842940256412,0.0319625122871664,0.378635764949541,0.696848249405062,0.9713071371524,0.14830315315035,3.77071007715357,0
1.62459647442578,0.28483483730751,1.96216212045849,1.45071384366224,0.801807338213027,4.75344293033689,1.44311564128245,0.349171949244579,0.511221709957238,2.01028692544608,0.890320676600418,1.67763006173133,0.0219216430460661,0.634942565343787,0.285771909098775,0.897203264215289,1.04844200982441,0.310061865328715,0.875119097457299,0.0250279598451944,0.0644098765507679,2.75566870496887,0.0426632965078811,0.674759260956039,0.915518388039199,0.460876879774172,1.3055143351363,0.64412817126998,1.95695273035804,0
0.543179676795662,0.439798898436602,2.15228267581324,0.491676669206297,3.12802555415053,1.28158162901314,0.558961135843278,0.265289118676593,1.96627554213757,2.29645083059508,0.490464959801576,0.485662250971186,0.898493027613687,1.02240695467468,0.342944236483011,1.14256363608889,0.807793256855234,0.0431085870757765,0.0698258709343958,0.471258275028161,0.818964292824177,4.78662922551029,1.77843113493913,0.124171890885452,1.0283305155591,0.719701674985497,2.39993446671375,0.276451946846205,2.98684387449016,0
1.40299611895384,1.10630199960113,1.05980947420429,1.57054593553761,1.81177797686949,1.0158994826181,2.20508386219694,1.11614798658038,1.78680236126981,1.07396111354955,1.9576232152398,2.35743167928095,0.603999300862427,1.70090377391453,0.286459562346027,0.494146155177946,0,2.07102227794609,1.12626100819459,2.39220877470243,0.51035519468386,0.792226350021487,0.401343373707793,0.977323896228573,0.867145402840913,1.63298308790459,3.02610237633757,0.759639203733496,1.78049852211002,0
1.24425288378896,0.256683320951679,2.27875201995934,2.04982205865817,2.12689486201813,5.86324565569224,1.42167436533999,0.536475760872129,0.142557284310359,0.000865964010050564,0.392928448271138,0.854938444553053,0.997215285287829,2.18313367906743,2.73640848150384,0.878619429404294,3.16047415502653,3.94384727403553,2.50227362142576,2.39555065712641,0.638450549191183,3.72435362631714,0.0862070233977379,0.462001828229199,1.21350376723687,4.43006963442612,2.14052507503894,0.633452997583532,0.881588758446275,0
2.40753462265404,0.75057812350365,1.98955591068609,1.90590420129351,1.45794294354428,5.60853650202677,1.39433453526412,0.324964367359892,0.208876939275822,1.19007428365143,0.641473103114138,0.799111978209388,4.71757960535269,2.15927247342017,1.66282675140608,0.0775837035289694,0.506094840294515,4.62012473245171,0.689666477128802,1.40768610963809,2.0208976067403,0.0728680293070046,0.108980919077623,1.87030463702186,1.53324713041459,0.303962810099729,1.63672549907346,0.651999613523236,1.93712756832238,0
0.782584734940118,0.31947749104591,2.56378961441841,2.16748934661489,2.23861489384152,4.63556194400469,1.46948439686675,0.326422104928714,0.17950214764415,0.32855285189346,0.76093595564055,0.333268210456546,1.12501907546858,1.26375830625474,2.00424712080017,0.0517971824684647,0,4.85809834813006,1.19522475560601,0.389470686885996,3.02167251261008,1.87745667758688,0.00812448702388545,0.587736028059952,1.41597225489634,0.716451365737583,1.63493441445852,1.46850507986559,1.82349628570325,0
0.961262015836931,0.414744148133104,3.09109542316969,0.572905560199271,0.145142778771453,5.88338134922596,0.410272047479234,0.0924107730591817,0.639866129403359,4.52593096197886,0.544202956642875,0.58318794215433,2.65207786500056,0.844839843889023,0.168831483679236,0.788585109027695,1.33796513180381,6.125651344136,1.20344755046433,1.33477132043715,2.15185679340561,0.257267781468414,0.109631261481445,3.20144985648418,2.08221201330511,0.385467653213794,1.82939783112244,0.03769332267212,0.59535747841499,0
2.83045979930808,0.307992275056408,1.46531823262144,2.79496348104938,0.674786476476663,2.2244273495803,1.45209706654195,0.738982030768133,0.642870350764357,0.310296783920206,0.577709580400913,0.618381578431267,0.556114730415511,2.19981944594378,2.03117943983259,1.16283420402148,5.37252576046459,2.27921450311932,1.08030014056968,1.5709594327478,1.47719854697841,0.659499563508489,0.299030425278997,0.0336061351642276,1.05324673523586,0.0595056098500584,1.76384112058127,1.31031483310017,0.321735742838922,0
0.443745251785328,0.239803360028774,1.4152640829128,2.57591693306424,0.0626326555806572,3.52859115369604,1.2377892436898,1.43589343237905,0.0639694205460903,0.728898391117751,0.879700182338402,2.50493661040226,0.805973947931043,1.98116500244059,1.86274941499573,1.12997087470592,0,2.16542694613681,0.573528195187894,1.72893122605719,0.790234385578211,0.746567466837785,0.454917548195617,0.47497988652595,1.12494830418511,0.0699509193303242,1.77739400903773,3.11689780129033,0.371541319550147,0
1.38776295168675,0.615734325617731,1.07350594142254,3.39334521975153,0.222628753182307,1.8957994576769,2.93431961697732,0.258392147745614,0.210968116021583,1.27931149299258,0.587711350559999,1.33388751745647,0.860052826137631,3.27286115693167,0.565417471323281,0.746604918844428,0.660665774831953,2.90478884970761,0.699866647223527,2.40823461512789,2.48456281451389,0.209641638410405,0.0938774620790687,0.164459799840727,0.839034166128532,0.317290866342337,0.922030258022962,0.0285299696229964,0.308020168724323,0
2.65005039250979,0,1.47281023373664,2.42786921167791,0.401060638424371,1.48045457939372,1.97900799687805,0.265396424122268,0.428749849069848,2.09288492854995,1.78869875510466,2.85788938423818,1.96159511159916,3.59202192635319,0.910903945984581,0.804983733100066,0.724700661187896,3.02963681338489,1.64008373918276,2.23009949066501,0.0734632198085904,1.72105437840138,0.980150801848485,1.50725111552316,1.47706841476354,1.26125409273664,1.6295128041074,2.06582539926394,0,0.444589720758169
2.43842669586547,0.414862226381026,1.72905772332703,1.75446555330106,1.94782810436792,5.58268728397528,1.55154014145076,1.58044820459517,0.160770743787766,1.2060970889196,0.250185795268406,4.81729339181573,0.30211315420105,0.957253626474593,0.995846569483575,1.99661987363807,0,3.6897438075628,3.30968359197622,0.522845775196474,5.01630722518466,0.240350915400046,0.51861101319242,3.75446872001262,0.906955156123789,0.805810828898003,2.06867626910788,0.891152878319532,0.23050982035451,0
2.6712318937068,0,1.42249843785378,3.13789585142736,0.499345884920353,2.53334394393789,2.54049700038638,0.729456531328722,0.0815707567844607,0,0.6142546480815,3.17411171940195,0.285787602677166,2.70843700910707,1.06787725826056,1.51519921196189,0,5.70416923727884,1.33072112156758,2.0919193853672,5.78391430461431,1.22558576010947,0.874016605845878,0.28051502475386,0.998574795747972,0.77681638576724,2.13850058962964,1.02827720460083,0.42933520345965,0
2.38413559595897,0,0.182205654564345,1.77087714123101,0.701779193449472,0.600749659294239,1.35191956244809,4.77038917013653,1.25926412275262,1.55483782288365,1.91363251956794,1.43102038021667,0,1.05864448697289,0.867724025065124,1.02487203889724,3.67723071160215,0.0888020361416151,0.736716145133013,0.323914994014371,1.79442784717505,2.66712338544461,0,1.48151458926223,1.3322607167794,1.39582258174925,2.10915593768156,0.646049302318962,1.93482402777994,0
2.68926038268476,0.0411370447992731,1.09759525917194,3.01690711868096,0.285060548030121,3.45215205698675,1.88902821295439,0.761921577927159,0.0439836844497095,1.69772164618336,0.77465783372172,2.75696268175009,0.962693789345055,2.01852428775235,0.720287789133269,1.09923951875688,0.606964414538732,3.902352668683,0.0546153555278356,2.0551349608964,0.908943557374926,0,0.587456303447195,1.52444540789639,1.1729458632833,0.46661094781167,1.74286383974438,0.473724625153331,0.581545551431127,0
2.33120541980575,0.791470516263353,2.04650234485036,0.338855974694229,1.21632720578305,0.558943608863068,0.0767931790095934,0.23090389998472,0.331330045495727,4.02683381452835,0.802612649636675,1.03163369934208,3.94486219223722,0.864854629495684,0.0538355426564556,0.815271227976391,3.60508354731383,0.416042431810301,2.91912683978982,0.681734304986969,2.2138508330548,0.15853372424887,1.59722175869573,3.25031924646839,0.844138981760284,3.82909406683127,0.942614659996852,0.887730137303141,0.138627929239878,0
2.89586334341886,0,1.2305500765832,0.943472957554322,0.998780280202965,6.64806088515806,1.93819481848003,1.54754724506562,1.61701475222369,1.15747248703803,2.51553763730773,1.32252289585217,1.99295479886746,1.30621537070379,1.31541342217201,3.31941979965479,0.0538155400330992,4.99735326953207,0.676604258237123,0.850286479463056,5.36050471611636,2.01255654500858,0.476604551353881,0.231352548828662,1.40829122847028,0.532367325175385,0.635328044180305,0.796896805612217,0.162699651244273,0
1.81012870133217,0,1.15486722329609,4.20070468749487,0.631016661058091,2.71181503213827,2.24603979242278,1.54582712139745,0.0320141819213882,3.1714669741902,1.54677207392001,2.80274503287786,0,1.59202545774136,1.23241971073442,3.39491462302575,2.07847669738099,4.14341524561158,1.50290573636809,1.23917729837359,4.60338960508036,2.58136309812807,0.242262395872811,3.8127370409905,1.051905870243,1.19855377445553,1.07141544108119,0.802046635671393,0.303482676736552,0
