"V1","V2","V3","V4","V5","V6","V7","V8","V9","V10","V11","V12","V13","V14","V15","V16","V17","V18","V19","V20","V21","V22","V23","V24","V25","V26","V27","V28","V29","V30","V31","V32","V33","V34","V35"
2.479746735,-1.57067637,-0.512875252,-0.071886174,0.19611417,2.005295679,0.113714546,1.473031878,0.51146741,0.165925847,0.824847873,0.889471743,0.868239815,-1.20292977,-0.750428717,-0.470518084,-3.694280787,-3.758393036,-0.187070089,-1.39186071,-0.929974328,-0.656375743,-0.489899091,0.310110812,2.92690282,0.092983133,-1.240544608,-0.828177467,-0.757393015,-1.717754029,0.444039776,-1.719039257,-1.139749382,-2.894916925,-0.856165936
-3.204117308,-1.3183245,-3.837958176,-1.421691552,-1.52779645,-3.761452784,-2.016930835,-3.149046517,-2.147142592,0.061927201,-3.410112821,-2.892200568,-5.680475792,-4.415896303,-4.358558014,-2.771744883,-5.379252261,-7.230810979,-4.168196994,-4.076353501,-2.974153995,-2.507279372,-3.067703429,-4.670504147,-4.850666841,-2.575545355,-1.445480339,-2.8811539,-1.687316291,2.7571707,-3.125385759,-3.342854308,-0.504690442,-0.855427609,-0.112597481
-2.351163278,-2.339946762,-1.691181149,-2.245761125,-1.979151899,-4.422376729,-2.611998727,-3.159160506,-2.53773509,-0.40654121,-0.96148573,-2.295858942,-1.635741766,-2.647599694,-2.665205753,-1.737555729,-2.834311742,-2.897883674,-2.191407433,-2.319213462,-0.400853328,-2.339056141,-1.519588875,-2.641861433,-4.644810317,-1.487323286,-1.449812815,0.033734449,-1.939817589,-3.71179213,-1.738609938,-1.128993137,-0.579785753,-1.533899166,-0.197220162
-0.791946402,-2.812227495,-2.123876761,-2.074705649,-2.048868928,-2.925134863,-2.266281967,-2.220352329,-2.615974582,-0.054580503,-0.890296985,-1.713466908,-2.528530768,-1.860720395,-2.719929538,-1.795157695,-0.886794891,-1.969812824,-2.147757509,-1.586436517,-2.317498058,-2.842806348,-2.182041795,-3.515614151,-3.349810727,-2.699000134,-2.52325461,-1.334087314,-2.319679749,-3.886644315,-1.766767185,-2.408818916,-1.2592315,-0.613269935,-0.429553117
-2.578692528,-3.100137866,-0.516200235,-1.508567428,-0.22545009,-1.464909667,-1.245733143,-0.297012146,-0.451782795,-1.08685996,-1.372460128,-1.071314182,-3.04217442,-3.100219053,-3.368259881,-1.203252431,-5.328630404,-5.035268399,-1.637207922,-3.35159255,-1.434311913,-2.146066691,-0.325053692,-1.726549777,-0.956425962,-1.800868873,-2.811624775,-1.617824057,-2.26531509,-3.070322972,-1.133608838,-1.819438265,-1.463523055,-2.017939612,-0.375798195
-4.032160058,-4.564885839,-4.242090113,-3.70576694,-3.209628821,-5.047780481,-4.087042347,-4.143780994,-2.265521479,-1.732048957,-1.792006007,-3.973015058,-6.148650349,-6.628169248,-5.688737555,-4.97776254,-3.558383279,-6.035276415,-4.812383903,-6.088321542,-2.916472289,-4.015462767,-2.449710999,-5.904248964,-7.568389341,-1.769393679,-2.827699822,-0.845812107,-1.505897324,0.30875417,-3.057767089,-5.046768095,-0.642685192,-0.317267468,-0.322382762
-2.784725896,-3.555870928,-2.905738399,-2.405043024,-2.833014941,-3.407596916,-2.477173993,-2.817080386,-1.276796468,-1.167755391,-1.74100215,-1.472999015,-2.213395467,-3.030358128,-1.99910704,-2.852928405,-0.904163825,-2.923147168,-0.964030301,-2.919323703,-1.616036842,-2.252612484,-1.229345177,-2.615121175,-3.455181081,-2.059935217,-1.393820083,-0.084724229,-2.985182778,-2.634706251,-2.020856451,-2.986972991,0.26516857,0.426023283,-0.415960246
0.161380472,0.305955909,-0.401011941,-0.438564418,0.202814657,-0.646556734,-0.444627309,-0.839755849,-1.529103285,0.159728894,-1.179242677,-0.244434792,-1.102548531,0.72803518,-1.103947227,-0.172031957,-1.632283755,0.354686504,-1.714040538,1.225018874,-0.970029609,-2.258045843,-2.355086908,-2.631696555,-2.167995702,-0.335122829,-1.153808401,-2.423495235,-3.119386456,-3.11549468,-0.618100933,-1.46814068,-1.523061283,-2.245488959,-0.207663071
1.786077138,-2.483942806,-1.187155248,-1.586685911,-1.554426849,-3.396168574,-2.114693112,-2.046603212,-1.04161948,-1.19705171,0.019921425,-0.842671329,0.758348164,-3.011614197,-1.840718615,-2.147812581,-2.518997562,-4.008837638,-1.760460901,-2.93209835,-1.466559749,-1.920887831,0.009925713,-2.590498077,-4.631791484,0.243890131,-1.927230449,-1.010736861,-0.732797768,-1.117670392,-1.011774567,-4.825175189,-1.421277877,-1.117353687,-0.463451329
-0.306700726,-2.429760156,0.294492419,-0.385441565,0.25317896,0.78731332,-0.318730196,0.265765463,-0.317568168,-2.170307439,-0.891869936,0.697945816,0.66367054,-1.061015769,-0.207070376,-0.936742331,-3.356642967,-4.566623111,-0.050467354,-1.726073494,0.730312993,0.172296826,-0.169523511,-0.862012859,-1.77864559,1.026843943,-1.032591125,0.197841208,-2.433395333,0.1309368,-1.029706724,-12.988375649,-2.013941028,-1.671687149,-0.345288492
-4.042688138,-3.155102746,-2.630782174,-2.630510092,-1.758325576,-4.482373424,-2.577436361,-3.039806691,-1.035672828,-1.137504294,-2.908742286,-2.229995518,-5.412880643,-2.746821777,-2.9998206,-1.903341853,-2.231730791,-3.609480366,-2.067836727,-2.614596318,-2.371444196,-3.896510002,-1.821696924,-3.391054275,-4.114575945,-2.991689875,-3.269301007,-1.637789259,-2.29525059,-5.143931397,-2.143279036,-4.518030083,-1.895607123,-1.832501757,-0.055391676
-3.461994138,-2.561642315,-3.102451339,-2.491578337,-2.953546754,-4.918726271,-2.983130588,-3.842626805,-3.156655754,-0.458683806,-1.085849801,-1.59504105,-2.802719578,-1.200835387,-2.080781674,-1.579203739,-0.503803568,0.037808566,-1.694563054,-0.306253494,-3.93463102,-4.089969776,-1.821866587,-3.214206812,-3.287577284,-3.166213596,-3.609116832,-3.437484166,-2.765862781,-5.44992859,-1.796996578,-0.383137728,-0.13609634,-1.079827794,-0.458730133
-2.310949526,-0.209662693,0.349715367,-0.550971102,1.023385882,0.368731768,-0.237239867,-0.308046762,0.028590846,-1.894903383,-2.265102561,0.398287167,-0.997293425,0.732387402,0.005295689,0.91920689,-2.333347463,-1.322700565,0.394140358,0.430738561,-0.208686888,-1.435885128,0.016399198,1.282057469,2.049129896,-1.311992872,-0.678915248,-1.165015004,-1.969525333,-6.955919841,-1.387988681,-1.648395155,-1.83873859,-3.714966836,-0.21062916
-5.767993382,-4.215233166,-4.282214822,-3.504292189,-2.922229924,-6.025413819,-4.194990565,-5.286402723,-3.043121811,-1.628255915,-4.035584155,-3.28420185,-6.133675251,-4.956771873,-3.908808414,-3.301063919,-5.677130898,-5.520252528,-3.636937998,-4.565487305,-2.669578651,-3.960456713,-3.25955806,-3.514504152,-5.569942356,-2.931243625,-3.087527153,-2.841967985,-3.673930808,-4.732239616,-4.198495081,-6.038336401,-0.245965167,-2.529160294,-0.126279818
-1.624608852,-2.695119488,-2.914273134,-3.008352709,-1.775487311,-4.964739551,-3.449399179,-3.772692783,-1.63416033,0.08285226,-2.663852085,-4.378418915,-4.602954724,-8.051868004,-5.665749711,-4.67790238,-6.02389106,-10.863775834,-5.808902561,-8.26706053,-0.030062224,-2.078708573,-2.855734759,-5.176033208,-9.803408305,-0.285443764,-0.412865676,-0.040512948,-0.914556015,-1.692016665,-2.987806375,-5.797525553,-0.894463221,-3.33987609,0.185884387
-3.262146414,-2.350825854,-3.215643639,-2.780239424,-2.719073316,-4.824404125,-3.306100979,-3.902070461,-2.016593117,-2.277814874,-2.538352664,-3.01708077,-3.494438818,-5.43736551,-4.448691994,-2.860168133,-5.68895407,-6.575312235,-4.082176695,-5.377200652,-1.994180983,-3.391945602,-1.607960094,-3.263901366,-6.20145061,-1.737331749,-2.330303002,-1.756671081,-2.202613631,-2.772321737,-3.176437658,-0.951966772,-1.207982867,-3.034380288,-0.685908446
-3.080637712,-3.176090398,-2.993483794,-1.947276439,-0.72208901,-2.118223338,-2.009793468,-2.190328397,-1.363933626,-1.667587189,-3.4316574,-2.951436938,-5.469162329,-3.920222411,-2.540903066,-3.040889592,-5.99727735,-6.150487487,-2.553805462,-4.051380931,-1.898695954,-6.55865656,-2.280666668,-2.356395184,-1.995558361,-2.410827521,-3.26747914,-3.067316446,-2.914385522,-3.977084224,-2.67347742,-10.435305244,-0.919163138,-4.929751345,-0.166928637
2.327404278,-1.813967019,2.315990793,0.660118505,0.93776578,2.521300441,0.691267351,1.872202072,0.314643905,-1.090093667,0.960950346,1.588499368,4.1419787,-0.503607357,-0.557343072,0.069869448,-2.133302104,-4.652420089,0.495057835,-1.436537062,2.400845467,0.727566745,1.195209774,0.444416852,-0.714532415,2.818931343,0.857082003,2.654991606,-0.47678133,0.352334534,-0.044148875,-8.139353984,-2.391607763,0.501653331,-0.575635291
0.806341306,-2.422295952,-3.74227952,-1.778791873,-3.252650011,-3.164125582,-2.169070935,-2.087237502,-0.715191596,-0.528266201,-0.803956565,-1.218306782,-3.319059479,-4.740156108,-3.953110634,-2.352821745,-3.528261108,-6.637827551,-3.466910636,-4.491002638,-3.749909057,-2.767563941,-0.391319587,-4.385833674,-3.586144165,-2.557418348,-3.32315773,-2.903907686,-0.628802281,-1.759595252,-1.662554939,0.919567251,-2.751939453,-1.923798651,-0.977073915
-0.770076461,-0.882530944,-1.957662934,-0.811913231,-1.487785087,-1.407787471,-1.25937106,-1.76987058,-0.980911806,-2.274862456,-1.27919838,-2.073894397,-1.523773439,-2.285597758,-1.861223912,-2.359274467,-3.66396342,-2.332723747,-2.029626097,-2.205585309,-1.24860295,-4.766817784,-0.937085116,-0.594196602,-1.496160762,-1.141936602,-1.744082369,-1.945189141,-1.293493093,-2.14667149,-1.620434603,-3.199728444,-1.484937132,-3.856745266,-1.273013961
-1.919089261,-2.611921511,-2.257460197,-0.971122463,-2.692350251,-2.121078979,-1.276897879,-1.704130995,-1.049095685,-2.226526537,-1.833540263,-0.702245691,-3.494045518,-2.171913301,-1.965282399,-0.881825402,-0.805756139,-3.674252883,-1.36004634,-2.138691587,-0.914433461,-1.465085234,-0.05115158,-1.290399582,-2.517215641,-1.644637867,-1.169422002,-0.325088958,-0.802555391,-3.908994463,-2.649861199,0.058530349,-1.456877219,-0.608649448,-0.66171793
-4.29046467,-0.573465693,0.404974121,-1.752569249,1.24773051,-2.610844016,-2.025871289,-2.549850207,-1.730818458,0.860405826,-2.49934055,-2.854602233,0.975311718,-2.673895605,-1.524506437,-2.714472384,-4.908755542,-2.15502126,-1.242413291,-2.820570963,-0.435030314,-5.984348197,-2.439357442,-1.776341253,-1.929670454,-2.004968935,-3.530702513,-3.001929863,-3.330871278,-4.248682452,-0.342895732,-5.509970483,0.069248427,-5.885819489,-0.2133503
-2.749845772,-3.239137557,-1.829701948,-2.181052945,-2.102226485,-4.026112509,-2.562120763,-2.766206154,-1.919507687,-0.12629747,-1.625449565,-1.86935556,-1.594813846,-2.996826235,-2.655600013,-2.676431428,-2.561565794,-3.464349294,-1.976193162,-2.764286673,-1.555580231,-2.554540287,-1.947369848,-3.522952262,-5.14322632,-1.379524006,-2.272008192,-0.850102622,-3.353872861,-2.475152571,-1.535942122,-4.769517099,-2.079178043,-1.311961991,-0.235244594
-2.650169953,-2.044446868,-2.389321181,-1.70575298,-2.139870439,-3.026647104,-2.353048203,-3.156932946,-3.479739038,-1.204730432,-1.583723332,-3.289864679,-3.170452695,-3.367458283,-1.964250631,-3.206643726,-4.624030735,-3.274509402,-2.090170312,-3.309772578,-1.330892043,-5.587892928,-2.936271345,-0.8459283,-1.397751268,-2.222931597,-1.917833988,-2.296454369,-2.855095469,-3.615701379,-2.939304246,-8.10102944,-0.050327559,-5.799694515,-0.693043715
-3.891234092,-2.265709724,-0.306703366,-0.995178987,-0.842605851,-0.845144948,-0.793529297,-1.236660494,-0.53488682,-0.998985997,-4.188956608,-2.257115681,-3.464904534,-0.946172395,-2.008890116,-1.42186451,-4.888220396,-1.721643199,-0.678949946,-1.858643999,-2.530760133,-7.804170898,-1.847825042,-1.797606883,0.272979195,-2.083922711,-5.143296513,-2.563031368,-3.214130819,-6.77821965,-0.965572043,-6.847210852,-1.455343685,-1.825401744,0.013242359
-0.118077018,-1.094048451,-1.236548226,-1.172534133,-0.550389913,-0.562353728,-1.267993771,-0.80768748,-0.81274818,-0.636335623,-0.154129687,-1.578215489,-1.49800403,-2.564157652,-2.236725718,-1.978780052,-2.109143932,-3.386277466,-2.065681579,-2.331173409,-1.333979314,-2.255259785,-0.291145774,-2.458544029,-2.813783328,-1.409700183,-2.129885638,-1.894479138,-1.294747029,-4.206095417,-1.000610373,2.002349317,-1.908655616,-2.181569931,-0.819712603
-2.853808774,-2.713907146,-1.176190328,-1.652475408,-1.398164933,-2.82140236,-1.704729921,-1.95796223,-1.460977946,-0.258697354,-1.04544685,-1.499474919,-1.467946347,-2.164757198,-1.692613425,-1.429551253,-2.411380289,-2.581291791,-0.817848603,-2.024080792,-1.231359899,-2.795626674,-2.771758911,-3.207045813,-3.536180794,-1.314708313,-1.60395825,-0.532074308,-2.392404709,-4.499807932,-1.178120621,-4.592435202,-1.950379103,-1.2442318,0.213604105
-2.544888225,-2.284634326,-1.938699475,-1.750845783,-1.764020072,-2.448238091,-1.727572657,-1.793452099,-2.494975009,-1.847964305,-0.658638333,-0.715002512,-1.210671976,-1.296475607,-2.044973594,-1.194253262,-3.708086062,-3.742864349,-1.150978731,-1.55628509,-1.386445636,-2.416514964,-0.952184981,-0.444688026,-1.325175486,-0.668924371,-1.788938297,-1.640156003,-2.188117677,-2.183332648,-2.847641294,-2.318194854,-1.252951794,-1.425103599,-0.780126448
-0.634770783,-3.086415299,-0.602559385,-0.9550295,-2.401385516,-2.52702277,-1.373835211,-2.147530674,-0.299677529,-1.789583384,-0.803164048,-1.710858681,-0.955137918,-2.260563315,-1.395498404,-2.90733563,-2.814453807,-3.418128245,-1.123960483,-2.358613043,-1.993743418,-4.149868453,-2.917560471,-1.050493331,-1.0196841,-1.509887688,-1.697409926,-1.264820566,-1.489070231,-2.417652553,-1.104661891,-11.999361972,-2.275419479,-2.699384304,-0.137411771
-0.783574641,-1.620035434,-1.008838633,-0.233831762,-1.035405627,0.294629373,-0.211127188,-0.519519717,-0.514082524,-1.131694109,-0.557622446,-2.136436527,-1.538826333,-1.522287047,-1.17195066,-1.98815817,-2.876618329,-2.52743667,-1.376830976,-1.727749739,-0.633182336,-2.951643002,-1.150230297,-2.714156529,-2.980111389,-1.535662575,-2.296368059,-1.809966971,-2.193534208,-3.966267815,-0.822183185,-2.375231903,-2.050852501,-2.183892272,-0.312995105
-0.289542904,-2.279442629,-1.885652278,-1.036849386,-1.795367159,-1.294667874,-1.073923173,-0.187484292,0.073007792,-1.705453694,-3.705978596,-0.689332236,-4.421846452,-2.430104278,-1.937179985,-2.078597855,-0.855919292,-3.846572806,-1.127515787,-2.897359733,-0.34315877,-2.91664517,-0.53531154,-0.38920329,1.471044938,-2.043279755,-1.596631749,-0.844407062,0.360019005,-5.688069708,-2.111058641,-2.238958128,-1.078523013,-1.003548011,-0.472416173
0.973094503,-1.94295037,-0.59949085,0.036981552,-0.68580633,-0.001175133,0.232647731,0.113459114,0.656599419,-1.418222126,-0.618147335,-0.411689766,-0.866598173,-1.276913883,-1.111067197,-0.739698547,-2.524904823,-2.765913055,-0.861531426,-1.463997911,-1.321123938,-2.220238067,0.375588058,-1.628697491,-1.630577914,-0.972209438,-2.280702218,-1.300150599,-1.284461051,-2.93352531,0.20637764,-2.345994004,-2.953145609,-1.976343202,-0.519407108
-2.419938003,-3.485003515,-0.736192322,-0.980090046,-1.000075582,-2.270595953,-0.91388338,-1.648277994,-0.780307768,-1.032422886,-0.6496866,-0.037777597,0.676907139,-1.774297111,-0.048913893,-0.676135162,-4.293716438,-4.420790956,-0.079252326,-2.133827329,-3.998927989,-0.105512412,-1.180985702,-3.562742502,-5.951201197,-1.477286584,-2.887938371,-2.237737831,-4.353509722,0.293166481,0.487354666,-4.427693573,-3.318509128,-1.440359159,-0.157190006
-3.783783202,-2.526239237,-3.386263096,-1.389520747,-0.746318743,-1.572499381,-1.667093293,-1.745973805,-0.793555605,-0.512984218,-1.309972929,-2.079834307,-3.150007066,-3.534215616,-2.820120463,-2.679095936,-1.290763192,-3.616311758,-1.76278913,-3.161510651,-0.994490213,-1.307418381,-1.848759226,-2.439265911,-2.524172728,-2.18389491,-2.901509091,-1.765758066,-1.219320257,-7.809026419,-1.813615616,-1.074167726,-0.902283191,-2.461937511,-0.186737853
-3.558243522,-2.574307478,-1.615026238,-1.104941066,-1.547110831,-1.425664522,-1.461904411,-2.034636592,-0.909831129,-1.494818144,-0.689857943,-2.386633375,-0.935326849,-1.876485285,-0.816284639,-2.109442684,-3.978941965,-2.899963139,-0.946774496,-1.496028803,0.144542019,-1.001312765,-3.699354503,-2.39992871,-2.680784281,-0.688430145,-1.215812637,-0.555260464,-2.095951876,-5.634220427,-1.515801323,-9.212650375,-1.434215308,-1.769408,0.300271799
-4.486614305,-2.590943142,-3.292670544,-3.24340288,-3.563814488,-4.414023846,-3.088561095,-3.110249272,-2.763089944,-3.238885431,-1.839900715,-2.690120563,-2.778239945,-3.233491465,-2.089325868,-3.285621921,-4.017073874,-3.235597276,-1.797388232,-3.0448599,-3.276281978,-4.298392298,-2.895006564,-3.227569352,-4.913324224,-2.868195396,-2.866465506,-2.852935916,-4.342809451,-2.0759153,-2.55828802,-5.428930006,-0.718022059,-2.186262181,-0.623526448
-6.816853825,-8.605466357,-6.378841351,-4.649246609,-5.054435101,-8.62660912,-5.819115769,-6.675901619,-5.224445285,-6.729348498,-8.856967086,-11.214355614,-7.199870891,-9.382825429,-8.352007721,-9.060646039,-8.685742128,-8.45523901,-8.133398519,-9.560097229,-7.547434839,-4.804080213,-6.229055932,-2.730382049,-2.37002175,-7.99898601,-5.509821216,-5.060238159,-4.289764124,-6.702736081,-5.639752804,-11.529052487,-1.368850177,-1.203162231,0.453599768
-5.816231823,-4.26837625,-4.40003652,-3.919171748,-2.578479538,-4.849538214,-4.317253053,-4.778298264,-5.178378607,-3.9396108,-5.400465375,-6.979309743,-10.834282987,-5.696383296,-5.858729732,-5.804225363,-7.539826779,-3.326667262,-4.349399122,-5.53954032,-7.503364632,-11.262457631,-6.882008005,-0.766770021,0.422061714,-4.958418153,-6.178177037,-4.897798732,-3.532556158,-6.882025034,-4.476756408,-12.278220357,1.567381976,-3.985803355,-1.396136928
-4.727075316,-4.127691035,-3.05057639,-3.813464143,-4.19420331,-6.38650401,-4.56469529,-6.563312484,-2.162686074,-2.288356174,-4.830589407,-8.475677289,-6.324205568,-6.252840112,-6.087656212,-5.217375274,-1.543714243,-6.666648994,-5.036877071,-6.402635523,-4.531481001,-6.534414042,-3.347226943,-3.947163525,-3.112438819,-5.601836255,-5.322635743,-4.229576022,-4.045813434,-5.859972004,-1.784041389,-1.320317964,-0.527354379,-3.731742347,-0.679413047
-7.428449447,-6.157249862,-4.800107945,-4.406104691,-2.844216296,-6.552735725,-5.172101037,-5.491854714,-4.977319969,-4.118524659,-5.305178273,-8.536710665,-7.88137396,-8.239964872,-7.073364186,-6.684868546,-6.895670475,-7.482650145,-5.439165507,-7.930918889,-5.900986955,-6.23424011,-6.947171999,-0.933104211,-0.861565739,-4.828140767,-4.643740059,-3.389857256,-3.614224779,-5.580968173,-4.344179428,-9.256082218,-0.009762519,-3.411824356,-0.346685013
0.622334533,-0.817181154,-0.593660435,-0.196955673,-0.800269424,-0.289522393,0.092696032,0.585072588,1.15020317,-0.640682516,0.519422045,0.720607935,1.405364393,0.126285902,0.475194512,-0.233832347,-1.208340538,-1.821251192,0.441647576,-0.429656112,0.376284025,0.385001037,1.844710449,-2.773086445,-3.12440249,0.321793476,-0.528302242,-0.09343756,-0.624754234,-1.287715275,0.065726979,-1.081539693,-2.987792244,-1.385906134,-0.453634029
-3.732443136,-2.037477184,-2.22428513,-1.857830095,-1.3734719,-1.408179888,-1.501404748,-1.945148498,-2.710185318,-2.245772222,-3.571096193,-5.252315473,-3.183296239,-4.743485002,-3.408517508,-2.297176278,-1.081855368,-5.42677666,-1.532021758,-5.453264211,-2.546108735,-2.47872905,-4.992840064,-2.222070426,-2.858383459,-2.965310502,-3.505860789,-1.95800411,-2.615748744,-6.133958344,-0.325903162,1.2460872,-1.232514225,-3.426330328,-0.295962837
-0.025704838,0.734931037,-0.907902095,1.500007863,-0.704571369,1.155411773,1.497330909,-0.017699765,0.840675086,-0.809399592,-0.017398855,-1.069894231,-2.629695757,0.983921583,-0.366346605,0.279664175,-0.206387219,0.654041054,-0.530518541,1.040505137,-0.03979816,-1.007857252,-1.10545825,-0.9953342,-0.706677813,-1.324958104,-1.942136568,-1.104196149,-0.159458359,-4.797132214,0.173129186,-7.3268638,-1.290130555,-1.845269462,-0.607708282
-7.247258659,-5.502228261,-4.332321607,-5.022899041,-4.852386241,-6.67198047,-5.031803588,-3.931959463,-5.75453687,-4.474214327,-6.525642061,-5.028580343,-12.640360369,-5.526413529,-4.521395686,-2.570075108,-2.783683598,-3.662380729,-4.215713417,-4.78817415,-6.373667158,-5.635256006,-1.390488471,-4.197555447,-4.583433415,-5.245831401,-7.201606307,-2.88595197,-4.16264227,-2.944278622,-2.463438524,-2.766627418,-1.875988399,-4.412981357,-0.714435681
-0.721407137,-1.377266432,1.049651815,1.338399072,-1.224757053,-1.159191024,-0.327519658,-2.609159397,2.85181287,0.863184887,3.166787008,5.811731489,-10.319210429,6.016312297,4.724492543,3.67036629,0.290080028,6.945439089,1.303654782,7.342060668,-0.650211157,-5.189124611,2.779851053,-2.542867094,-1.697129264,1.112798771,-3.493058766,-2.405470513,0.034673834,-2.622377489,-1.715156193,-16.542146693,0.713885208,-1.146082914,-2.31080485
-9.746688361,-5.27453743,-4.000451671,-4.047695367,-5.034273875,-7.079902419,-4.465830716,-4.617817882,-7.154418496,-5.148442265,-6.764684573,-5.671334532,-10.555822183,-3.929267398,-3.556164914,-3.799983338,-6.562769832,-1.259817766,-5.042409118,-2.945234655,-6.5806183,-6.286152842,-4.428755885,-5.187077988,-7.169021374,-5.130684582,-6.763634105,-5.191142158,-6.859745844,-4.114709441,-3.565408984,-6.777960949,-0.65054471,-3.60670191,-0.106514744
-2.994079254,-1.688911158,-3.761569329,-1.746400447,-2.516263047,-2.44773382,-1.680096061,-1.577164142,-1.782201414,-2.392486951,-2.680062467,-2.758340441,-5.640607148,-2.765597501,-2.321684159,-1.226217347,0.463471967,-2.769362801,-1.17464072,-2.483670501,-1.967861961,-0.6629435,-1.016500684,-1.484473378,-2.792221661,-3.155424796,-3.166043164,-0.85808689,-0.940852806,-4.473655317,-0.741849984,1.133525211,-1.783006932,-2.217648388,-0.467535942
-2.680745635,-2.907154785,-2.914946846,-3.669412431,-2.137399253,-3.981657907,-3.24088603,-1.704563913,-3.780700751,-1.551662513,-2.372155168,-3.033722742,-1.704036272,-4.853157273,-3.820603137,-3.00425413,-5.65567514,-5.555596569,-2.701144889,-4.869296288,-1.716583783,-2.854919086,-0.507806233,-3.855221153,-6.005799917,-0.877858641,-2.307470922,-0.723817877,-2.629829177,-1.528559056,-3.092623224,-4.65603155,-2.047389644,-2.750513305,-0.577486767
-6.187168018,-5.641430169,-3.386676701,-2.665390964,-4.01954207,-5.038258386,-3.464077831,-3.375242152,-4.670140731,-4.562944168,-2.789287433,-2.72857502,-7.0499525,-2.883064977,-2.537887728,-3.030909637,-5.804018743,-1.291967216,-3.889803895,-1.669427294,-4.814259879,-5.272748616,-1.925414836,-1.845907764,-3.337375544,-2.856415344,-3.65731639,-2.441380386,-4.526415347,-3.194376998,-3.908658727,-8.814131403,-0.560539625,-2.12167962,-0.830413199
-6.914414152,-1.024033419,-3.136940603,-2.034333331,-1.891956914,-2.104051211,-2.20045841,-1.666256144,-0.704394424,-0.944558337,-2.543366822,-5.773225459,-3.195653772,-6.453748275,-4.342982405,-3.63414663,-2.12163571,-7.072382536,-2.664129112,-6.844166503,0.161122938,-1.957066741,-4.438091912,-2.887590415,-3.882020287,-2.515269487,-1.460806105,-1.815505746,-1.221724669,-2.148451993,-2.80413388,-0.428611344,-3.748083842,-2.709733608,0.235571115
-0.282033708,-0.915581379,-0.891154974,1.468097504,-1.165126282,-0.196412898,0.456693114,-1.806991758,2.37739614,0.37339618,-1.976915944,1.059781747,-0.621831059,0.755549444,-0.090392104,0.009026694,-0.10672187,-0.675885757,0.322872443,0.80930328,-2.419566034,-2.73495201,-1.808752304,-1.176028446,-1.746325659,-2.231756501,-2.825677554,-1.81112671,-1.394763063,-4.456956435,-1.018129412,-6.335026052,-0.528334557,-0.271764036,-1.092842715
-6.196755173,-3.659435926,-4.236206163,-2.895777847,-3.534026329,-4.075335092,-3.383288479,-3.52991714,-4.674956644,-4.215295277,-4.644468362,-4.234987105,-5.877139151,-4.687341177,-4.321876409,-3.038321566,-3.688970088,-4.18122334,-3.012230174,-4.028040774,-4.81193561,-4.370817971,-3.041230331,-1.995840841,-3.524826274,-4.520989999,-5.032227708,-2.243772927,-4.361061764,-5.725554124,-1.557224717,-4.757791158,-0.771336274,-2.99827365,-0.923239127
-4.697240925,-4.839207495,-4.395572731,-3.625745696,-3.372915218,-5.672285087,-3.756306792,-3.762651002,-3.791378298,-5.695329082,-5.538729272,-5.261451743,-9.241956909,-4.661152302,-4.289156797,-3.885977816,-4.727591006,-5.128532577,-3.597893692,-5.014637072,-4.088847233,-3.033520324,-5.133821041,-2.252188641,-1.342122273,-5.950847823,-5.187541623,-2.658744698,-3.05684845,-6.253758676,-1.827739727,-7.079431217,-2.345260921,-3.126731005,0.13187159
1.452531053,2.418286075,1.388889897,1.359841721,1.275418075,1.89340323,1.906280577,1.321651102,1.793306727,-0.005526659,3.504018834,1.953951598,0.026789255,2.840322808,2.567671346,0.295898213,0.438379347,2.532813048,2.66320572,2.3808464,4.750605749,-3.483664272,-0.507972852,-2.770751623,-2.266154769,2.53339491,0.72514027,0.609010969,0.704758549,-4.919979707,0.297505538,-9.319130751,-2.643247794,-3.133588238,0.109044192
-7.710268535,-3.546442989,-4.675356962,-3.44578804,-3.710701002,-4.768018446,-3.788099104,-3.170797358,-3.138742735,-2.876521542,-4.745145714,-6.099494135,-7.904939313,-6.8002761,-5.087768366,-3.493926239,-3.312266329,-6.705680792,-4.043730258,-6.722583391,-3.469487624,-2.080756584,-4.320181297,-2.682570157,-4.147658595,-4.63626365,-4.422777832,-2.904884052,-3.18182479,-2.481022608,-2.828523426,-1.0057419,-2.862295241,-2.575720565,-0.171020636
-6.421451863,-5.810001324,-5.428581887,-4.642800385,-4.603341017,-6.898001016,-5.043209847,-4.526775365,-6.010315006,-5.105686698,-6.228150306,-5.408127259,-9.735170446,-6.114663728,-5.498295964,-3.742071755,-7.148448651,-5.264623015,-4.863539178,-5.803647073,-5.988177511,-1.468108139,-4.463306242,-3.343287206,-3.72590874,-5.682574619,-5.455342513,-3.491305946,-4.427595551,-4.202655008,-2.820839331,-7.351653639,-1.256083054,-1.337350917,-0.248554677
-5.442069022,-4.467899586,-2.982038531,-1.999508298,-3.711503299,-3.837413096,-2.391989506,-2.906100189,-2.233167402,-2.452742732,-4.46921786,0.042602495,-9.962242253,-1.22578149,-0.943175381,0.279941033,-2.518675079,-0.518921493,-1.789189028,-0.377877808,-6.231896773,-0.014480864,-0.723608037,-3.665326235,-3.224451896,-4.247447772,-6.220310295,-3.939311479,-3.474850161,-2.300920811,-1.205052688,-7.539207927,-1.046344987,-0.853630011,-0.503296204
-5.061197598,-1.403595896,-3.066026408,-0.904651455,-2.397116364,-1.676847132,-1.345820768,-1.383150327,-0.388948497,-1.377816575,-1.488072649,-0.12605084,-2.325248038,-1.825482048,-1.41592982,-0.287894835,-0.902504208,-2.282533216,-0.840643897,-1.217624582,-1.399417794,0.194637419,-0.744233192,-2.526291014,-3.325110309,-2.681405376,-2.425761375,-0.888516694,-1.783262813,-3.344785227,-1.463935532,-2.43699975,-2.32313623,-0.851194786,-0.485434626
-6.318127463,-6.455296027,-3.752153543,-2.725324271,-5.042246954,-5.977427658,-3.725693821,-4.876039531,-1.988199306,-4.122392685,-7.346879526,-4.512955201,-7.190164537,-4.885756773,-4.594861956,-3.814031969,-2.218875773,-5.630822932,-4.753942684,-4.188793702,-7.779857202,-3.165360081,-2.61050925,-3.169812092,-2.918358206,-7.90905278,-6.62438792,-4.197944129,-4.405110503,-3.262877283,-2.916639696,-4.318869252,-1.861792458,-1.368878328,-0.339853732
-2.371824292,1.114339826,-1.026904628,-0.057444281,0.042794351,0.873129471,0.425203054,0.51072997,-1.232283019,-0.386891155,0.541965721,-0.515800843,-3.715010992,-0.721308544,-0.377820916,-0.149454161,-2.01062161,-0.764642276,0.573893167,-1.144504982,1.183267362,-2.863123485,-3.311915988,-1.194217493,-2.972066769,0.969469204,-1.617413073,-0.715934261,-0.79871975,-5.125466191,0.491578174,-4.364102312,-2.182502188,-3.41146725,-0.399641414
-7.457229018,-7.866762877,-7.156356515,-6.209683042,-4.850369336,-9.192168858,-6.804791518,-6.325999544,-5.89196331,-7.279546123,-9.927184696,-12.111380304,-15.274519285,-11.301068895,-8.936532483,-6.897280104,-6.638257819,-11.931718424,-7.581585978,-12.302109535,-8.335806619,-4.217847706,-8.947062359,-1.597414594,-1.110996127,-10.19881501,-7.322616322,-5.262313351,-5.446349477,-2.559153577,-3.579160511,-3.19227212,-1.754977854,-3.141603336,-0.03711914
-7.855360566,-5.816634147,-6.494998407,-6.335755997,-3.926095483,-7.764288174,-6.611433024,-4.868652518,-8.080456419,-6.242366404,-5.825183131,-8.566164254,-9.577698846,-9.390019093,-7.59486237,-5.445693332,-7.93369409,-7.79300303,-6.509696095,-9.426067964,-6.602389218,-2.584482293,-6.125156277,-1.873775456,-2.85726566,-4.403491006,-4.968481859,-2.463131959,-4.993845146,-0.042742884,-3.406665536,-2.159263247,0.138000133,-1.671233918,-0.540928365
-4.528402249,-1.02369513,-1.454115038,-1.919925461,-1.905164923,-2.835124262,-2.119071609,-2.205684266,-1.693152627,-0.476348446,-0.078607053,-3.425555865,-0.993837511,-2.130332011,-2.259808991,-3.760915645,-3.707136981,-1.371910825,-2.629127331,-2.195148672,0.47715151,-4.02772844,-3.45601341,-3.992615557,-5.586743323,-0.318129418,-0.818331219,-1.604948652,0.821568011,-3.524978656,-3.703876317,-4.053534992,-2.100033678,-2.382539047,0.049652581
-5.997913661,-4.464761393,-3.821089817,-3.028229967,-3.289077546,-5.001967179,-3.438740784,-3.584580093,-3.316580596,-2.258992234,-6.283562711,-5.603413037,-10.006403992,-6.923318979,-4.538890293,-2.359193824,-2.636058594,-5.918652679,-3.632747052,-6.449723071,-5.59120379,-2.275026619,-3.108183801,-2.240105168,-2.861707295,-3.266211054,-4.652577325,-2.79911596,-4.626640502,-1.419720511,-2.09085803,-3.789339996,-1.432686782,-1.145210535,-0.558542135
-4.691432366,-4.502391379,-3.005469049,-2.56346697,-3.55344393,-5.181870023,-3.548678184,-4.539923074,-1.903515869,-3.267122179,-4.49974881,-4.012346703,-4.096550436,-2.948606616,-3.509715572,-3.746171484,-3.457466064,-3.843135913,-3.617728181,-2.831868392,-4.32402832,-2.179738875,-2.949168538,-2.992744226,-2.834618057,-6.004400166,-3.92859677,-3.010375997,-1.995204013,-4.510136088,-3.293821448,-5.813174357,-1.786545232,-1.37024202,-0.299539788
-2.617431883,0.449153962,0.73509969,0.408819334,-0.404022106,0.237706382,0.557865602,0.490432027,0.07871864,0.45030184,-0.340251016,1.972675864,1.049876586,1.63187348,0.323811119,0.591665909,-1.087866367,0.719283682,1.211969152,1.614553613,0.509020202,0.949520867,0.149138911,-2.650915244,-4.710428193,2.0380866,-0.626002603,0.001642784,-1.332131146,-1.951458924,-0.217234248,-2.504416799,-1.317635984,-0.147559323,-0.764456514
-7.298690128,-3.482723636,-3.966234269,-3.783409825,-3.841064816,-6.020686851,-4.57328309,-4.566026979,-3.085970663,-3.060764853,-4.711988845,-5.210062722,-7.367156417,-5.116074685,-4.37115114,-4.066169059,-1.03166538,-5.966477695,-4.129065158,-4.985218658,-5.466684065,-2.747787913,-3.060710198,-1.981086651,-2.663580939,-6.253240267,-5.005690911,-2.827020755,-2.682361428,-2.615095639,-2.960592998,-0.640935008,-1.140326194,-2.920353933,-0.870004658
-2.716994306,-2.276042652,-2.984094596,-1.119079813,-1.535456743,-2.031322584,-1.240329503,-1.198607239,-1.472577691,-2.08885381,-1.516180859,-1.575830438,-2.681754984,-2.353112026,-1.752159768,-2.303276244,-4.908035854,-3.146652906,-1.396846522,-2.502475757,-0.456699175,-0.740096429,-2.72831183,-3.043545615,-2.581646156,-1.082893015,-1.695119824,-0.977995566,-1.433461246,-3.618139997,-1.690051966,-4.801497332,-2.520187017,0.156680408,0.060239889
-4.431639157,-2.625458189,-3.099716281,-3.040242794,-2.58583439,-4.543428614,-3.130577452,-3.056647956,-3.125520936,-3.246820468,-3.545338893,-3.860328892,-6.830883639,-3.804268223,-3.206880458,-2.342413967,-2.748708515,-4.25058212,-2.73555923,-3.986504534,-3.738296873,-1.987170289,-4.697840125,-1.609000269,-1.825364866,-4.178576569,-4.495093182,-2.261998515,-2.690635455,-3.607588394,-1.196310581,-5.486927333,-1.463356601,-3.112437961,-0.049597867
-3.543746966,-2.587540289,-2.526377182,-2.131234185,-1.717155785,-2.739648819,-1.994486833,-0.923541047,-2.660660637,-1.553161376,-1.681615007,-1.556495289,-3.586372304,-2.691273703,-2.406444068,-1.667501303,-5.092680303,-2.048106415,-1.655310945,-2.460808893,-0.358655928,-0.593543233,-1.052730351,-3.618419199,-4.155823302,0.524054556,-2.130995123,-0.531159805,-1.495911051,-0.877887873,-2.185737643,-2.219699649,-1.276542258,0.615820097,-0.023821311
-5.293938643,-3.312291851,-2.083138557,-2.375735165,-2.96058173,-4.530041134,-3.16108029,-3.796660099,-1.610696288,-0.941777879,-4.5397751,-3.05447188,-6.734535446,-3.139007225,-2.641143365,-2.134604257,-1.496065445,-3.115199574,-2.917857035,-2.497264132,-5.20505083,-2.624878736,-1.563826271,-3.054595994,-4.035359861,-3.862980833,-4.542182345,-2.739954247,-2.390808061,-2.287208445,-2.558417035,-2.673444037,-0.411867633,-2.105817341,-0.117016094
-5.826317807,-5.465746758,-4.166755542,-3.932731416,-3.41910216,-6.089776088,-4.471494423,-4.35586323,-4.140061041,-2.915209521,-6.140255813,-6.805457799,-8.807846621,-7.078139382,-5.62466865,-4.401601013,-5.76661717,-5.722532321,-5.025986242,-6.677901176,-5.937596579,-3.843414707,-3.845150708,-2.890026972,-3.246346435,-4.015259898,-5.164223362,-3.421311573,-3.506108824,-1.324952763,-3.297075538,-3.884244337,-2.368407033,-1.527163734,-0.047232961
-2.585099417,-2.763820599,-2.731825286,-1.56323174,-1.981952239,-3.066506227,-1.83010711,-2.166320793,-1.809751915,-3.434844117,-2.220105884,-2.722984743,-2.331688716,-2.975583165,-2.807703046,-3.227694359,-4.355815017,-4.473076539,-1.921616382,-3.483372015,-0.964824599,-1.156280951,-3.734076387,-2.306366518,-2.018617085,-2.828184575,-2.280849708,-1.481218068,-2.069602319,-3.947129181,-1.712684702,-5.067116068,-2.314919975,-0.455143103,0.052223751
-8.220860321,-6.816616362,-4.220237652,-5.052497231,-4.859949592,-7.727815556,-5.808770091,-6.380262779,-6.167465864,-6.807500543,-8.940292993,-9.089683026,-8.967085364,-7.714380586,-7.519121585,-5.646165647,-5.950651751,-7.292297067,-6.266237528,-7.757809439,-8.435539375,-3.58754235,-4.724124659,-2.978343529,-3.908479184,-7.655282281,-6.39195683,-4.186227124,-5.570443616,-3.456211119,-2.810447183,-5.305661995,-2.339235586,-3.578744557,-0.371110053
-4.011686621,-3.260967452,-2.927571426,-2.458003737,-2.05441753,-3.555753936,-2.658724616,-1.845684852,-2.491821764,-1.343224957,-2.601928288,-2.680276714,-2.930744356,-3.812597308,-3.381943306,-3.309428261,-5.090280521,-3.180975268,-2.64901205,-3.446815956,-1.896428845,-1.676167103,-1.65109125,-2.68070226,-3.509007019,-0.375075802,-2.552130192,-1.314076064,-2.341945775,-1.270554183,-2.69065559,-1.555077825,-2.317556971,0.181504945,0.025840106
-4.468111009,-2.627792023,-0.450964379,-1.327724153,-2.181164363,-3.247501544,-2.016794211,-2.822355189,-1.449598772,-2.815388885,-2.454460403,-4.973113946,-5.281715218,-4.249820551,-3.557611291,-3.288218303,-5.807704324,-4.005153781,-2.562568222,-5.052131856,0.701153976,-1.223770274,-3.629955417,-2.367038666,-4.349446507,-0.158128462,-0.70522238,-1.495501596,-1.849714172,-2.733891169,-2.345387173,-0.698783873,-1.775236329,-0.363361919,-0.442332159
-3.872160875,-3.922186011,-2.180847331,-1.957968905,-2.366326394,-4.43976374,-2.945211762,-4.2911961,-2.122627117,-2.604345344,-3.949534501,-5.207639141,-10.374217709,-3.951495256,-2.899668118,-2.436880676,-5.388069339,-2.761714673,-3.35720354,-4.181480804,-3.44640727,-3.818478225,-5.527262446,-2.31057145,-3.229615607,-3.636558341,-4.915435372,-3.523028778,-2.36322302,-3.397759408,-2.920304551,-5.28201919,-1.853923212,-1.340023756,-0.333030465
-6.012130369,-6.8682402,-4.130669014,-2.567865216,-2.841327923,-4.392727054,-3.230759165,-4.161356402,-3.92838544,-3.86801324,-4.579769181,-3.91763462,-10.168841427,-3.060226915,-4.203656025,-2.404579123,-4.269711082,-4.965911714,-4.245598684,-4.046138238,-5.530189456,-3.084542318,-4.33529411,-2.350928023,-3.577260549,-2.74603939,-4.122180233,-2.943461913,-1.503555011,-6.37918691,-2.653397856,-3.011056688,-3.739670368,-0.909330145,-0.273380846
-3.928138527,-3.908046256,-2.475322879,-2.238926172,-1.529985959,-3.975624896,-2.901961062,-3.957604931,-3.270587143,-3.264963801,-4.111195712,-3.976485554,-9.758683062,-1.401564675,-2.600567072,-1.357418298,-4.937144018,-3.298898995,-3.483603461,-2.758447423,-5.144574676,-2.360276941,-6.815392612,-2.115723752,-3.240070238,-3.953544191,-4.35790449,-3.387655975,-0.712844358,-4.334597071,-2.235747098,-4.240338522,-2.262205237,-2.881953622,-0.307038581
-5.143547608,-3.678799365,-3.530241502,-3.059517739,-2.199885091,-3.656820783,-2.85477391,-2.637923225,-3.948759946,-3.550197343,-2.984756251,-4.375050834,-6.683177898,-5.125387556,-3.613903732,-1.572341067,-2.690178657,-6.227969403,-2.441593106,-5.408873187,-1.998059838,-1.593495207,-5.566230992,-0.851811875,-1.245896163,-1.716798959,-4.071496597,-1.691961144,-3.320991302,-1.71029521,-0.427611525,-8.544322252,-2.058012866,-2.466151649,-0.248185061
-4.13877985,-3.351461225,-3.245280235,-4.690080077,-2.187320659,-5.702841006,-4.363411038,-3.707859036,-5.76016107,-4.362135901,-4.849181342,-8.294291111,-10.268858237,-5.948980269,-3.99329455,-1.964264523,-5.597512608,-3.944461334,-3.770365996,-6.777591653,-5.553137041,-2.637571116,-9.177576742,-3.553463319,-3.817015609,-6.315703796,-6.308053473,-4.250190955,-2.401227983,0.650961271,-1.808320882,-8.944784757,-1.318143421,-5.591639468,-0.534005468
-5.514266231,-1.787047909,-0.770210824,-1.544188828,-1.493155355,-2.334775505,-1.7024005,-1.209691254,-1.387972878,-0.897042325,-2.641359086,-1.47058699,-7.335967525,-2.408960374,-1.707501193,-0.574622823,-2.482750018,-2.609547725,-0.992518442,-2.076994694,-3.026184083,-1.520586969,-2.617426071,-2.712652482,-4.382508803,-0.536132439,-3.483593191,-1.363352895,-2.58446516,-2.600369838,-1.190592049,-2.65271608,-1.824573747,-1.297598049,-0.065495976
-6.786646564,-5.291993523,-3.017556526,-2.396430899,-2.307216962,-3.533782401,-3.018978207,-3.081826821,-3.055693959,-3.070037147,-5.09914432,-6.611953415,-7.835006821,-5.836323265,-5.48279524,-4.493804767,-5.632459104,-5.730044596,-4.429135853,-6.429328887,-5.047200891,-3.122423775,-4.071738628,-1.958051342,-4.200962252,-2.173774268,-2.843136291,-3.184665608,-3.013875292,-4.560931699,-3.000550298,-5.506340084,-3.065314766,-1.31681125,-0.009321763
-2.929028197,-1.687873277,-0.006538842,-0.329450429,0.214168754,-0.367991122,-0.257118045,-0.268584523,0.114851044,0.978642105,-0.956898486,0.908280448,-12.192352341,0.902112594,1.216583099,1.697558282,-0.050298815,0.558804474,0.509943282,0.465666345,-4.44836258,-2.166047909,-5.199632476,-2.875289872,-3.921174024,-0.309257856,-4.427806975,-1.862640237,0.401969443,-4.362099679,-1.226966761,-1.229517613,-1.928810137,-1.692565035,0.129974911
-5.594055117,-3.027513213,-2.836830621,-1.429156044,-2.548895912,-2.690454448,-2.095098016,-2.656901561,-1.131999807,-1.332667406,-1.664879121,-2.71150509,-2.859495275,-3.639551343,-3.230017535,-2.198475268,-1.443917299,-5.075054323,-3.113526313,-3.481565786,-0.921373675,-1.836718146,-1.035387859,-1.516496231,-2.904039728,-1.752924646,-0.768678047,-1.135901634,-2.090082998,-3.461585656,-1.911242536,-2.934380533,-2.321287667,-1.186938721,-0.167266247
-4.49178573,-3.778286287,-2.929687658,-2.642045085,-2.633770753,-3.443787428,-2.5878856,-3.203723012,-4.17117003,-4.026137277,-4.751064104,-4.676879802,-4.573875686,-4.470540919,-3.80814611,-1.913984354,-2.622475035,-5.983953117,-2.649279966,-5.111117747,-3.808584546,-2.78502322,-6.312148627,-1.189739708,-1.194921974,-3.247949152,-3.645538413,-2.351177295,-3.070432975,-3.298895779,-1.386130123,-7.489664946,-2.511090144,-1.254290704,-0.334899855
-3.940103669,-2.769162373,-2.012761625,-1.824819387,-1.466092116,-2.565008098,-2.092219071,-2.946103054,-2.185537704,-2.036332441,-1.509784789,-2.992511713,-1.665352893,-3.511345085,-3.217961891,-2.087671373,-4.014863969,-5.536390162,-2.54377412,-3.796714215,-1.551910039,-1.1667795,-3.422126706,-1.057884379,-3.253214712,-0.685945282,-0.266908039,-1.362303255,-2.310465426,-2.555629918,-1.150195469,-5.500454612,-3.251199982,0.199834647,-0.251939528
-7.863803285,-5.591972468,-3.949934715,-3.450631386,-3.838408048,-5.374529908,-4.291101181,-5.096278185,-4.421624246,-2.78812679,-5.708807401,-4.728123365,-8.759691937,-5.222614664,-5.356096726,-1.43920198,-4.170221598,-5.314485659,-4.449631086,-4.748315775,-4.287630141,-2.5083788,-2.974926441,-1.693740283,-3.961146358,-2.396632615,-4.0758993,-2.669520899,-4.137794965,-5.999961209,-1.560292541,-6.931302829,-1.75406794,-1.064457987,-0.310429117
-3.252900096,-0.554212243,0.079857304,-0.250270388,-0.885656741,-0.360414515,-0.043725009,-0.016604874,-0.613787886,-0.322943352,-0.065678742,-0.218937705,0.24912018,-0.784171116,-0.294019459,-0.222273651,-2.08083274,-1.344519715,-0.025869568,-0.684988068,-0.658449876,-1.466009608,0.21385934,-3.402379722,-5.277431799,-0.928489867,-1.087075606,-0.576434476,-1.158335615,-0.018322513,-0.251389094,-2.381005795,-1.983695396,-0.915357822,-0.104630711
-6.948385244,-3.492895795,-3.97376683,-4.056389916,-4.044400577,-5.733129074,-4.317802625,-3.597861653,-4.371193585,-3.502969974,-5.072010803,-4.36608028,-9.558941204,-4.950026578,-3.863915918,-1.580556501,-3.685090305,-3.658310838,-3.538545381,-4.361247181,-4.262159982,-2.254165857,-3.012664605,-3.015221461,-3.184221464,-5.415863779,-5.79372619,-2.564160963,-3.410264973,-2.718636786,-2.1831486,-2.909606808,-0.628916233,-3.424491503,-0.30241624
-6.03722267,-2.710435201,-1.632914639,-2.002500879,-2.840393087,-2.61170697,-2.272472664,-2.197274787,-1.810106806,-1.166258358,-3.500720525,-3.902994678,-4.955871767,-4.502745493,-3.556703504,-1.488318557,-2.139881797,-4.788790203,-2.279609478,-4.08148623,-2.409649046,-2.987503327,-2.437047942,-2.042363544,-2.911432041,-2.761589253,-3.219068363,-2.020334905,-3.96942629,-2.499311529,-1.376588158,-5.794883093,-1.672147027,-1.781329727,-0.149669475
-3.188920218,-1.376172842,-1.255224577,-0.93718518,-1.050218373,-2.205850197,-1.783603294,-2.237225237,-0.481005168,-1.170252963,-1.204254067,-1.654871115,-2.214739172,-2.052034641,-1.591186807,-1.307956022,-1.975662737,-3.290654531,-1.9627142,-2.315760693,-1.013766152,-0.662876742,-2.167671101,-2.174654431,-2.932599372,-1.751012047,-1.988590197,-1.148952894,-1.836869055,-4.527147625,-1.882211922,-0.656748089,-1.305515366,-0.346865609,-0.075040622
-4.718930935,-1.96427552,-1.574506641,-1.36009812,-2.055622026,-2.065260202,-1.475885368,-1.087543689,-1.803363547,-0.782812661,-1.33564414,-2.023519591,-3.114917529,-3.312499009,-2.149935659,-0.98411836,-2.751160021,-2.82774293,-1.215881526,-2.896953493,-1.913019579,-2.67559629,-0.489197886,-2.663199024,-5.518112963,-3.337100124,-2.351609823,-1.832977458,-2.290013809,-1.618084468,-0.917823366,-4.738088049,-1.586682214,-1.580705515,-0.174459514
-4.568117113,-3.51948994,-2.513057551,-1.697206961,-2.104796437,-2.726148366,-2.068741312,-2.131254779,-2.337345324,-1.287793921,-2.431890641,-2.124758053,-4.99810038,-2.901041238,-2.820958043,-0.981199554,-2.977354274,-2.928210225,-2.25050425,-2.831597976,-2.974444685,-2.60532264,-0.640172431,-2.340241758,-4.546917747,-3.040691808,-3.079999069,-2.186036294,-2.389389371,-3.849115228,-1.063448262,-4.833645422,-1.998090236,-0.161551381,-0.131805522
-0.700604073,1.288049655,1.185634753,1.465183791,0.144547489,1.011843301,1.952808208,1.655714532,1.826330509,0.554318223,0.997171088,-0.196576559,0.854158406,-0.925966169,0.458666012,-1.003089957,-0.84097104,-2.003278844,0.640363843,-1.221609288,0.803686147,-1.046656097,-2.201861739,-3.269953151,-4.177988453,-1.173747081,-0.778415876,-0.393793021,-0.252498601,-1.294952737,-0.649869621,1.789473171,-1.290371596,-2.175285208,-0.053309819
-2.744532805,-2.892935025,-1.735279761,-0.210993383,-0.901558787,-1.552009589,-0.498864507,-0.163732522,-0.584669414,-0.148364858,-1.502931972,-1.766446647,-7.783894195,-2.710527073,-2.078448758,-1.15925578,-0.649527318,-2.872539494,-2.468352098,-3.320490583,-2.25659711,-1.708401021,-1.743354969,-3.573363878,-5.508801526,-1.612206237,-1.267822235,-1.082643494,-0.56390173,-5.775653416,-1.527743812,0.166652234,-2.705358716,-0.328108252,0.161725094
-4.010794906,-3.169185605,-0.180722116,-0.458875533,-0.517468479,-0.642907807,-0.550615049,-1.112137173,0.838611314,0.189138109,-1.385552445,-2.576560929,-2.818658064,-4.167415167,-2.538400626,-1.317418893,-2.078799389,-5.23825657,-1.328163579,-3.950678897,-1.846614475,-3.208323021,-0.301035902,-2.457705868,-2.247076881,-1.972564178,-2.425201956,-1.701052616,-1.247430137,-0.129747708,-1.070239529,-4.570651108,-2.039937547,-1.579834327,-0.081087171
-1.824843348,-4.764207543,-2.491225548,-0.56932686,-1.089475326,-1.35906548,-0.971412517,-1.63014434,-0.974738574,-0.237620477,-2.953753064,-0.750594109,-9.126748169,-1.046389606,-1.569388851,0.176881077,-2.246579749,-3.613350196,-1.988297206,-1.345726798,-4.6624737,-3.056317808,-1.8525746,-2.881143951,-3.895419692,-3.428298139,-3.95296854,-3.258020918,-1.784522039,-6.041844843,-1.073197295,-3.533514486,-2.923178509,-0.946902527,-0.003351777
-2.727206763,0.534877749,-0.460911926,-1.291215134,-1.205984931,-1.964242829,-1.451555079,-2.147221429,-0.366332401,-0.996710128,-0.767204767,-1.625365854,-3.407739824,-1.030758061,-0.991133153,-0.459775541,-1.046667555,-2.570137927,-0.986528473,-1.586686274,-2.429015101,-2.573294264,-3.52311855,-2.805727914,-3.815017051,-2.606275779,0.188324315,-1.710478187,-0.687451123,-3.608721223,-0.448520899,0.353774503,-1.514694045,-1.634003407,-0.564268361
-3.055198117,-3.214639371,-1.954617641,-1.063701752,-1.098872117,-2.723231262,-1.00361405,-1.63046242,-2.036006744,-1.785306333,-3.002999528,-0.996964116,-6.028441991,-1.021593128,-1.416530725,-0.420572583,-2.99281787,-3.353688293,-1.778202804,-1.616925847,-3.855682039,-1.066439937,-2.603499668,-3.129066775,-3.924596759,-3.206124022,-2.848095008,-1.9445373,-2.831411449,-5.030693703,-1.059430876,-5.677431151,-2.265563402,-0.411438849,-0.204973384
-2.257297654,-2.593041798,-2.10960434,-1.356975826,-1.280016344,-1.819979325,-1.251818292,-1.681605424,-1.06160241,-1.025781544,-1.696598398,-1.629709716,-4.592299619,-1.803282332,-1.265564804,-1.375498154,-1.136677863,-2.162738534,-1.848471749,-1.857763086,-2.814033363,-1.667146259,-2.406172904,-3.828786487,-4.386875003,-2.932472093,-1.116211244,-1.450049167,-0.977960301,-5.875352983,-1.107214817,-0.080058005,-2.61932388,-1.640916393,-0.238153906
-1.701214584,-4.095187926,-0.047378571,-0.385704818,-1.310577582,-0.768302088,0.067440768,-0.085155067,-0.94224987,-0.749664434,-1.060052119,-1.705760725,0.642940166,-4.314322902,-2.76311332,-1.49543443,-2.433775554,-4.080439023,-1.954660258,-3.696407099,0.607766716,-2.443212894,-0.228379221,-2.011547589,-2.119630555,-1.017740896,-1.807044551,-0.497639315,-1.40607122,-3.68988321,-1.181279343,-5.283765032,-3.129738686,-1.043521017,0.19860033
-3.781388711,-3.835064816,-2.311473988,-1.927163061,-1.727740344,-2.751755,-2.157460522,-2.732078432,-2.091132179,-1.673551963,-3.140356648,-2.77149277,-5.711607707,-2.533769056,-2.556098938,-1.392678634,-2.255523722,-4.473636254,-2.465124735,-3.104781111,-3.718330472,-2.74190497,-2.744515603,-2.743600901,-3.386413482,-2.699275324,-2.579510607,-2.041525809,-1.85112422,-4.178389764,-1.413310669,-3.342110769,-2.372674866,-1.055011125,-0.221129943
-3.427703632,-2.171531605,-1.639812099,-1.032088669,-1.724060427,-1.828628618,-0.797576238,-1.171466306,-0.590825127,-0.518553789,-1.005833068,-1.963169658,-0.855544963,-1.440061659,-2.189462831,-1.634055735,-1.070086277,-3.547797097,-1.75763167,-1.486321263,-1.654197466,-1.133652646,-1.446901034,-2.183839976,-2.910925427,-2.297533504,-0.809308251,-1.364023152,-1.695064937,-0.224546484,-0.864294182,-5.257476587,-0.075196534,-2.000769108,-0.378441818
-0.317938919,-2.245407817,-1.314634616,-0.941627345,-0.51123575,-2.136344097,-1.10924957,-1.854815938,-0.656053298,-0.976359783,-1.946799503,-1.077384927,-2.862311735,-1.641131583,-1.574087935,-0.45330138,-1.589739859,-3.244762274,-1.826600548,-1.905019338,-2.700513268,-1.064356421,-1.912953136,-2.34207907,-2.684267845,-1.40218791,-0.964098849,-1.582368789,-1.356408563,-5.404142552,-0.824833694,-2.466811416,-2.269250482,-1.035470349,0.005096324
-2.056493808,-0.328587148,0.178722621,-0.545082792,-1.015391964,-1.634172214,-0.411867938,-0.632649979,-0.339129924,-0.318004351,-0.438055054,-0.706281753,-1.187676318,-0.855073701,-0.966248758,-0.658696933,-0.251057974,-2.405960842,-0.661045421,-1.00780752,-0.52744159,-0.887767916,-0.699171185,-2.699697687,-4.097070541,-0.088016146,0.497665166,-0.215088318,-0.778968047,-1.577192993,-0.827399752,-6.087938622,-1.046681108,0.22149874,-0.106180486
-3.956636161,-1.61246821,-2.751979737,-1.911164712,-2.294343294,-3.627547984,-2.022154748,-1.68489989,-1.746054834,-1.160700266,-2.12360673,-2.354269372,-5.473588678,-2.613893836,-1.671767985,-1.44408681,0.394919337,-4.900741487,-2.022629799,-2.87832312,-1.388192104,-1.882944105,-1.699979573,-1.499635123,-3.376883951,-1.63446142,-2.61650534,-0.571122221,-1.061810182,-4.012990802,-1.683634015,-0.840480221,-3.757850885,-0.358801284,0.016625325
-3.051877413,-3.311969684,-1.602924971,-1.404649321,-1.85965567,-2.225499289,-1.576259337,-1.96050429,-1.507275671,-1.366605607,-1.628363649,-2.358447228,-4.073214005,-3.12669952,-2.566251251,-1.420651703,-2.005613383,-4.768304491,-1.943200214,-3.46512516,-1.800642151,-3.247218061,-1.326809232,-1.861496443,-2.593662731,-2.158226418,-2.377039586,-1.568491983,-1.525682805,-2.787121677,-1.150532907,-4.000574852,-2.979413385,-0.748091972,-0.062594938
-1.962286671,-0.823261349,-0.926424308,-0.327847294,-0.505318549,-0.900468137,0.121916878,0.595544628,-2.106935578,-1.384793316,-0.122958129,0.564599648,-1.887502915,0.241812876,-0.00742914,-1.371601273,0.418781285,-0.8443698,-0.793747249,0.080250797,-0.918589718,-0.614180909,-1.100025733,-1.03036092,-3.284036995,-1.68877887,-2.079717773,-0.588610149,-1.60160947,-3.864060513,-0.389642389,-0.067092008,-2.315652234,-0.992209285,0.164754683
-2.321033975,-3.442249925,-1.336893697,-1.385717165,-0.430909552,-1.651436676,-1.377537849,-1.543864709,-1.791989959,-1.69229282,-2.638134944,-0.542395044,-3.896187869,-0.900696048,-1.306886911,-1.089072673,-1.044216693,-1.929913882,-2.125635372,-0.867190809,-2.611848147,0.39263166,-2.970449252,-1.727393849,-2.792159837,-1.649095441,-2.143451489,-0.837303063,-1.185267901,-5.49946616,-0.567420116,-0.856887981,-2.141516547,-0.731213351,-0.021026759
-0.419432885,-2.366047332,-2.462268544,-0.269056252,-1.26145061,-1.414040092,-0.065495778,-0.000916208,-1.490486228,-0.983417715,-1.538706023,0.102447903,-3.545751502,-0.295816638,-0.759337686,-0.299558069,-0.506868125,-1.712470992,-1.567785063,-0.696946027,-1.867951164,-0.0030561,-0.63494478,-0.404147096,-2.924794651,-1.692120655,-2.867085974,-1.023582815,-2.293655492,-5.388876083,-0.072335456,0.099916979,-3.083966249,-0.083083148,0.342979837
-0.136066603,-1.344217917,-0.210447155,-1.489478907,-0.225462279,-3.204213623,-1.698116789,-2.080752311,0.842017764,0.157159921,-1.425032725,-3.056136242,0.872699786,-3.803442088,-2.51754216,-0.97508373,0.433971252,-6.496822322,-1.276046456,-3.637236668,-0.568929683,-1.561752413,-1.003663575,-2.92981164,-2.608124652,0.219224437,-0.087019187,-0.212049593,-0.885367476,-0.762140899,-1.009338326,-7.611483379,-1.483186525,0.295369069,-0.592567703
-2.178328632,-0.597752314,0.193507231,-0.910748874,-0.511540822,-0.783450453,-0.809919506,-0.929988271,-0.546310906,-0.036981598,-0.277709312,-0.344632571,-1.616264446,-0.148232104,-0.227089531,-0.846635171,0.1942921,-0.755978699,-0.627278955,-0.214853179,-1.204198424,-0.544963842,-1.80725756,-3.153937719,-3.993674098,-1.692137608,0.022669396,-0.414033085,-0.145103824,-1.938565621,-0.573155644,-4.006078829,-2.414969437,-0.786132228,-0.190631481
0.385305665,-2.840364909,-2.630107791,-1.155242888,-1.082661109,-2.807988099,-1.359570322,-2.226707431,0.056101768,-0.5029342,-1.776189317,-1.227556229,-2.648062701,-0.622105704,-1.075329351,-0.366985439,-0.250110135,-1.943754152,-2.034389719,-0.918542321,-3.638552195,-0.75050173,-2.505646653,-3.082355221,-3.731024564,-1.416191735,-1.153382335,-1.664924096,-1.047166466,-3.08498868,-1.009695552,-4.028803216,-1.011466706,-0.559088311,-0.38527839
-0.601279799,-1.204495917,-1.05635152,-1.002817751,-0.331689811,-0.800622815,-1.077179093,-0.955827189,-1.587786692,-1.064485213,-1.477366148,-0.968709375,-1.174581871,-0.498092311,-0.549892713,-1.273065136,-3.184450378,-3.995379238,-0.775976224,-1.024285001,-2.523182881,-0.789833016,-2.023904676,-1.403272843,-3.199019887,-2.800818912,-0.980485976,-0.83931985,-0.723090639,-4.205086653,-0.261697502,-0.962145496,-2.964876658,-1.422908371,-0.16356881
-6.103143807,-2.632033821,-0.652516969,-0.803460545,-0.855379448,-0.708123966,-1.02764983,-0.860813602,-1.693262755,-0.071817267,-1.693618826,-2.218750041,-2.020936062,-2.691712553,-2.556180293,-1.065397013,-4.026216769,-5.114779877,-1.107630709,-2.625453321,-1.843419059,-1.7369899,-0.134850924,-1.687364514,-3.434047933,-2.252086269,-1.862965186,-0.879366317,-1.852928437,0.058905557,-0.249903222,-2.291279401,-1.640424216,0.147377934,-0.328162263
0.864422882,-2.48249231,-1.097957071,-0.421610451,-1.307673731,-1.282040496,0.072801352,-0.082109054,-1.788552466,-1.69131342,-1.190884308,-1.148416562,-1.355427968,-2.133656608,-2.087833923,-0.918977725,-0.655466307,-4.11630666,-1.196503521,-2.587015893,-0.265632381,-1.981368766,-0.384983681,-3.481919933,-4.904009979,-0.679552543,-2.015208077,-0.957199726,-1.553281393,-7.000743722,-0.665131434,-4.512106348,-1.824022781,-1.11069648,0.301547408
-8.269114181,-4.675729443,-2.584287088,-2.374564189,-1.287464184,-2.690907991,-2.822766729,-3.449298186,-1.828102578,-1.103350078,-3.338126117,-3.614351983,-5.15041692,-3.702004595,-3.670420968,-1.976161599,-3.699566062,-5.74086784,-2.759027746,-3.667468934,-3.548410684,-1.835587492,-2.628133948,-0.47789978,-0.997692422,-3.554110505,-3.434354563,-1.734295702,-1.805592448,-0.554188799,-2.298889854,-1.293476808,-2.87543171,-1.217424763,-0.528753465
-5.928458978,-5.33451935,-4.1097489,-2.694969105,-2.003747113,-2.996784068,-3.05054917,-4.052508155,-1.534450197,-1.717565914,-3.17478823,-3.249731813,-5.829536747,-2.367386101,-2.859795298,-2.185140481,-2.445328408,-2.8639797,-3.10700672,-2.501284089,-5.341896997,-2.062045741,-4.146914392,-1.922818147,-2.509528822,-4.702059045,-3.494368881,-3.16718474,-2.078570446,-2.204393139,-2.244358309,-2.492241935,-2.775744317,-2.843437618,-0.496381543
-2.892611921,-4.496131071,-2.485027711,-1.437212383,-1.783211154,-2.074613606,-1.587369002,-2.121662884,-1.095047553,-0.5804248,-2.077228477,-2.423686014,-5.00961743,-3.310154599,-2.905383958,-1.233146196,-0.740064316,-2.60987002,-2.4255261,-2.920582913,-2.638485085,-2.567605082,-1.412818537,-4.200483232,-5.164328934,-2.666300023,-3.225877535,-2.08955169,-1.561881125,-1.144703582,-1.813498982,-3.207472389,-2.855428468,-1.01542814,-0.091268243
0.852919703,-2.281024653,-0.86137322,-1.233989951,-0.839189113,-2.034505667,-1.270830514,-1.474421855,-2.529880236,-1.649295045,-1.542765759,-1.537114453,-0.312425432,-1.648051432,-1.830243624,0.088270415,-0.312683333,-1.55925679,-1.112145752,-1.680313248,-2.033302803,-0.780029135,-1.28464387,-2.243283441,-2.721630341,-1.081678214,-1.448050006,-0.855167545,-0.595440795,-1.899784932,-0.488486329,-5.622398553,-1.920146338,0.286581079,-0.291347883
-1.296321929,-2.44732032,-2.524352276,-1.572524485,-1.544963523,-3.054358495,-1.853009481,-1.92480753,-2.299289796,-2.281470555,-3.618622236,-1.481561171,-4.097831479,-1.475719222,-1.483029738,-1.392484188,-0.720397186,-3.351558768,-1.968212887,-1.671749159,-1.899325137,-1.867555676,-2.262613478,-1.508986055,-2.148703918,-1.145043463,-1.318352863,-0.827043667,-2.800571936,-3.897876116,-1.335840701,-8.096803977,-1.697878481,0.832261327,-0.049451045
-0.965039903,-1.758134094,-2.010713899,-0.777597202,-1.08989042,-0.980362467,-0.420514291,-0.411088983,-0.445875516,-0.791216142,-2.225470872,-1.189613784,-2.209449948,-1.290591927,-1.310059236,-1.393599386,-0.596826766,-3.832995882,-1.586817936,-1.738192705,-1.06558475,-1.290683152,-1.708826089,-3.214626169,-4.86506604,-1.826262453,-1.588847706,-0.905633548,-1.528456573,-5.461337783,-0.554192092,-2.869911031,-1.516795279,-0.698322173,0.049423734
-2.948854307,-3.080982928,-2.743877889,-2.187417015,-2.606281373,-3.473895476,-2.412341199,-2.577238343,-1.691672978,-2.737704431,-3.136342676,-2.399762509,-3.468018529,-2.106075829,-2.914514818,-2.085642682,-2.65303836,-3.405573494,-2.983994912,-2.037709019,-3.231141877,-0.636430653,-2.900681607,-1.522405422,-2.291468399,-1.32286615,-2.1698942,-0.953531821,-2.267666992,-3.158623598,-2.734027251,-5.71675115,-1.850678132,0.155479899,-0.173491257
-0.458491643,-1.680215792,-1.348521422,-0.885095607,-0.374735522,-0.751461503,-0.877691586,-1.176597447,-1.458688436,-0.487122787,-1.253540393,-1.018363038,-3.504497933,-1.384964133,-0.267344694,-0.782226285,-1.54841658,-3.981952368,-0.49816475,-1.938757326,-1.384517892,-1.125088746,-0.940221519,-2.280303973,-3.042553151,-2.596440959,0.378197034,-0.886920949,-0.182126205,-4.76692504,-0.158341215,-2.825749279,-2.707001813,-2.054048668,0.063064225
-0.898515751,-1.727653839,-0.906218049,-1.927784697,-1.43671271,-2.604425972,-2.113226424,-2.534445415,-2.206623099,-0.476496255,-4.233240493,-2.583886319,-4.247761502,-1.877132475,-1.122711462,-0.910963873,-2.41130205,-5.734481627,-1.045086074,-2.173807194,-1.790787495,-1.756303992,-1.646989478,-0.142983702,-0.822804313,-1.748887776,-0.440597226,0.104525449,-0.301191844,-3.831054596,-1.497046743,-1.183934156,-1.232108278,-1.047645894,-0.01582532
-1.093476405,-1.394944833,-1.085841568,-2.314645404,-1.210116833,-2.035885855,-2.415946173,-2.487741446,-1.770414054,-0.639181965,-3.340562724,-2.448814271,-5.670158863,-0.584982124,-0.239058369,-1.580312175,-1.182496243,-2.852395113,-0.978973581,-1.415460759,-1.721407435,0.063304935,-2.260323414,-2.278082842,-3.780040555,-2.498145514,-1.014768154,0.165499129,-0.534691129,-1.537699012,-2.00078452,-0.719643999,-0.625287528,-2.894425049,-0.064535348
-0.027826381,-0.922726126,-2.122641756,-0.745651773,-1.273608288,-1.735373173,-0.350996804,-0.167814783,-0.726098024,-1.752790039,0.557285567,-0.752808229,-0.567712622,-3.067120045,-3.020560335,-2.441755731,-1.928413875,-0.965530685,-2.559149302,-1.796957929,-0.554032473,-0.953447168,-1.920828582,-2.366794068,-1.894730318,0.684454292,-0.406978102,-0.622272569,-1.114443638,-3.61754703,-1.104350684,-6.87479012,-2.270707253,1.33118622,-0.081498748
-2.941525108,-0.827895231,0.406851543,-0.229220122,-0.584067221,-0.269079171,0.194589257,0.010482118,-1.702171565,-0.278783952,-1.278511648,-0.648688714,-1.327957056,-1.991779532,-1.873902424,0.298374371,-2.387118566,-4.041205082,-0.798926507,-1.816431223,-0.560120398,-0.588452686,0.004535439,-2.759658922,-4.360605343,0.40711723,-0.002270872,0.633848209,0.735077403,-3.608870829,-0.582459098,-1.974227028,-1.862148873,1.217191405,-0.191934963
-1.183612793,-0.712648313,-0.142117933,0.164479753,0.199378774,0.57292834,0.472977098,-0.040211431,-2.144737458,-0.905774457,0.484941846,-0.118842837,-0.871016666,-1.046772319,-1.132417627,0.816445788,-1.170401254,-2.259770615,-0.084414261,-1.159553821,-0.77112558,1.210770325,-1.095030152,-2.688189746,-3.490577166,-0.742449335,-0.588682509,0.397528829,1.983288869,-3.79859411,0.911955468,1.195459405,-2.9697564,0.219975082,-0.491553165
-3.606770112,-1.010078273,-2.674082537,-0.739581868,-1.040997287,-1.032136539,-0.961923113,-1.335226012,-2.679089323,-1.142544407,-3.729590167,-1.309511583,-2.332367975,-0.776154604,-0.644427959,-0.772409934,-2.467161322,-4.010843125,-0.671186974,-1.641793368,-1.665484028,-1.88531702,-1.395054344,-1.762050248,-3.354627759,-1.839900419,-1.903025797,-0.831326361,-2.339658429,-3.19088746,-1.149443046,-0.788249193,-2.166908232,-0.456093306,-0.038088664
-3.157523371,-4.403364569,-1.151928644,-1.737489719,-1.833294742,-1.894833765,-1.818851691,-2.089569609,-1.334288201,-0.560835725,-0.531820653,-2.196040433,-4.092386136,-2.442859284,-2.337288425,-2.533276526,-4.247440476,-1.712957723,-2.037630549,-2.037849813,-1.707962355,-4.053459023,-0.502372067,-2.60305047,-3.288013067,-2.325893357,-2.047964705,-1.9746183,-1.471330228,1.005615292,-1.782851703,-3.739180788,-1.416688918,-0.626877379,0.092723871
-3.311676824,-2.505067055,-2.800164451,-0.2561576,-1.539247294,0.436900558,0.003892699,-0.342124298,-1.991555146,-0.609253248,-0.384314232,-1.918313484,-1.381768626,-2.18730013,-2.269055225,-1.59916393,-6.242145526,-4.666711824,-1.894740067,-2.632245094,-2.509112091,-5.044433361,-0.412070156,-2.845361666,-4.125071943,-1.93760598,-2.060653429,-2.703835375,-1.456224788,-1.636844485,-1.994599118,-5.192238432,-0.774390322,-0.947688522,0.024573422
-6.946746828,-4.376361567,-0.396908799,-1.815069848,-3.543209874,-3.082689146,-1.901145168,-2.389370157,-2.274860169,-2.60134573,-3.964979259,-2.286639107,-4.34905131,-2.115521846,-2.700476445,-3.275043637,-4.569133392,-2.35973155,-3.737020998,-2.018376848,-3.105377228,-4.007064905,-2.020200354,-2.127083837,-3.212727824,-1.755794443,-2.77318302,-1.479631105,-2.557438124,-3.866961752,-5.704574389,-9.302476849,-1.264020374,-5.388768208,0.047884434
-5.108415505,-4.295782411,-1.205748139,-1.712489188,-2.4287406,-1.747860401,-1.91442559,-1.890021335,-2.446340446,-2.778710504,-7.396057467,-3.637689712,-3.514869125,-3.271895712,-2.820236304,-3.033820517,-7.701095414,-3.667410562,-3.06208051,-3.641654391,-3.453375927,-3.397481988,-1.784206562,-3.437980767,-3.759529807,-2.272673747,-2.980832803,-1.942908307,-2.298339788,-2.335699706,-3.933164883,-6.689710192,-0.788631426,-3.702870771,0.1234706
-2.081944748,0.690477114,-3.359562686,-0.312935608,-0.344955004,0.231190949,-0.134286043,-0.636113295,-1.153099282,0.227262755,0.6702611,-0.291650584,-0.454251394,0.502448356,0.361821789,-0.101787182,0.404367428,-5.01542861,0.549994505,-0.454225339,-0.614779625,-0.482418007,-1.767417005,-3.465731329,-4.563416462,-1.856416652,-0.255017178,-1.055615463,-1.254040856,-4.502012472,1.126634267,0.617498039,-2.023026349,-1.935832736,-0.099745467
-5.426102318,-3.765863846,-1.832390418,-1.03599057,-1.803467946,-1.798388275,-1.304788581,-1.911070902,-3.086873673,-3.87038001,-4.618501981,-2.162476266,-2.041488302,-1.483089546,-1.360697245,-1.928105438,-3.722496196,-2.991177235,-1.38928995,-1.855796268,-1.758723512,0.205532404,-2.708725137,-2.185489775,-2.222267049,-1.058143158,-2.662233076,-0.735633252,-1.877732144,-3.323044991,-2.10703654,0.166111328,-1.562832894,-1.99563792,-0.050490628
-0.013257567,-1.084082186,0.105616385,-0.069887724,-0.146365465,-0.903688457,-0.066646499,0.169262808,-1.102919708,-3.201794725,-0.366116201,1.422014878,0.262481641,0.623644226,-0.112311123,-0.13271688,0.916966478,0.13540482,0.041317207,1.324624898,-0.979968619,1.604529725,-2.118517187,-1.225540845,-1.459113097,0.338477924,-1.27285962,0.940664828,-0.254491134,-2.565319461,0.776434391,-0.065800456,-1.563163146,1.224266175,-0.054138704
-3.383156438,-3.365980628,-2.060610293,-1.30167452,-2.489895598,-1.917187638,-1.155176538,-1.583624795,-3.225992809,-1.234746891,-4.530543246,-3.062828911,-2.94294505,-3.089123193,-3.362245129,-2.316073269,-6.764503046,-3.20899198,-2.588952913,-2.892345702,-3.775346781,-4.547752393,-0.322820238,-2.222201213,-3.604153541,-1.848373862,-2.982576681,-2.224707518,-3.383808716,-1.370807401,-3.122003422,-9.540517432,-0.714348392,0.241587691,0.062588374
-0.939376538,-2.07096999,-1.722496184,-1.499387165,-1.916494206,-2.065785314,-1.480023386,-1.667898991,-2.226408777,-1.431919944,-4.95752245,-2.105488705,-2.573622589,-1.545336731,-1.557453386,-1.66444387,-3.930628122,-3.226474264,-1.339636181,-1.485948601,-2.292712483,-2.47070078,-1.252742686,-2.261184561,-3.093496721,-1.599155328,-1.434375371,-0.660807252,-2.752154486,-2.280864307,-1.813405218,-6.897820201,-1.550423272,-2.901844361,0.054134278
-3.370786596,-4.509639324,-1.515591102,-2.190264404,-2.294408759,-2.191712482,-1.986739608,-2.304834015,-2.321379752,-1.660736386,-2.673724735,-3.894265684,-3.234305013,-4.498616558,-3.752441721,-3.07615917,-5.678992514,-4.521507488,-2.87803244,-4.21542472,-3.560443962,-4.177895493,-1.621626399,-1.953558119,-2.7588291,-2.96148133,-3.070864374,-2.487262188,-2.619037549,-2.37510313,-2.422840572,-6.393093412,-0.894295278,-1.321182318,-0.049499785
-3.558761122,-1.936201074,-1.22713578,-0.714727696,-0.790808085,-0.457806004,-0.328701536,-0.437132779,-1.976931785,-1.867957468,-0.28144087,-0.669447405,-1.075900826,-1.081337479,-1.106844988,-0.341654428,-2.834182785,-1.709012614,-0.860091396,-0.861988854,-1.829250025,-3.684694992,-0.937879331,-2.241629099,-2.302488491,-1.813000132,-1.720718976,-1.00719624,-0.992194091,-0.283907408,-1.089239335,-2.17644166,-1.419446105,0.168373977,-0.1113239
-7.606009937,-3.889512187,-2.203884785,-1.929107723,-2.645540739,-2.045057296,-1.795510608,-1.433731809,-2.974877861,-1.120348417,-3.197046799,-2.906979707,-4.170322623,-3.836580752,-3.177269619,-1.40519285,-6.759254158,-3.077232521,-3.408157913,-4.427854544,-1.550618914,-7.459587071,0.499857583,-4.153267325,-5.772332017,-1.000901536,-2.779637396,-2.764813204,-2.641859621,-1.655771503,-3.962073245,-4.614573156,-0.943352488,-2.462590428,-0.189345508
2.139063594,1.313559346,-1.200388417,-0.249875412,0.369509089,1.409343019,0.57026261,1.246288331,-1.960484643,-0.779284869,-0.13152229,0.76032433,0.491042316,-0.636292131,0.240740926,0.743254719,-6.230909872,-1.306223237,0.179147735,-0.306449322,-2.184679697,-2.527229534,-0.171455798,-1.946277823,-2.93211428,-0.590645087,-1.942913392,-2.673974579,-0.307819706,-2.03630199,0.596999793,-5.702290277,-1.148161977,-0.5985169,-0.081340639
-1.034734766,-3.384035946,-2.519828073,-0.939241526,-1.305181028,-1.630027364,-1.147819972,-1.337954148,-3.126988498,-0.770644902,-1.248664504,-3.170370807,-2.389882337,-2.958183614,-2.916541815,-2.649430013,-5.001607847,-4.403535666,-1.137173381,-3.087081436,-2.704131934,-3.170621293,-1.612399781,-3.144837297,-4.307960257,-1.967474346,-2.43722165,-2.609620004,-2.274349826,-1.862928538,-1.992432152,-5.630846704,-1.303126703,-1.01917937,0.040762864
-0.925879132,-1.214471977,-1.875975187,-0.665886833,-1.29514109,-0.803056446,-0.725019285,-0.528863256,-1.715545577,-2.00788428,-4.984336526,-1.066154831,-0.641226861,-1.289100875,-1.310880985,-1.518752048,-6.387732508,-4.06331896,-1.225406707,-1.877735875,-2.402624061,-0.033374494,-1.94398818,-3.312430118,-3.648039747,-0.41478465,-2.036086677,-1.393975722,-0.742345883,-1.838074335,-2.140619008,-3.074685085,-0.9247254,-2.528916703,0.169955971
-4.053717616,-2.016651173,-1.934386896,-0.889197778,-2.102387978,-1.949045029,-1.058488507,-1.346353032,-2.182555333,-2.453883122,-4.953284666,-1.811060693,-2.108242165,-1.403592641,-1.396647307,-0.950468289,-4.835700245,-2.505339388,-1.715785725,-1.62590736,-2.148261458,-3.020495189,-0.49735089,-1.985312607,-2.255246913,-1.080217156,-2.253440314,-1.385098732,-2.787583916,-2.169706558,-2.415650183,-3.879547121,-1.155440558,-3.025045481,-0.096699692
-3.512938929,-3.864593843,-2.588114711,-1.70482505,-3.066176116,-3.489480661,-2.365956462,-3.01646202,-3.293362763,-0.613811141,-7.451725425,-4.496288194,-5.247584448,-2.48232026,-2.38416357,-2.623216058,-0.320701907,-3.621881907,-2.59917998,-3.572992841,-0.725973828,-1.537634805,-0.407352129,-3.662850613,-5.226034009,-1.258848628,-1.27535228,-0.269786679,-3.598914639,-4.892083217,-2.784973316,-5.835109138,-1.916299963,-5.705791969,-0.139211866
-0.64028888,-3.333799092,-2.753767376,-1.311641623,-0.665733256,-1.676882728,-1.45760975,-1.086491497,-3.381375788,0.657860676,1.040543075,-2.877960713,-3.28812543,-2.573389239,-2.461947427,-1.958873283,-4.044095901,-1.556529584,-1.409666973,-2.267831532,-1.246835965,-5.753131142,-0.446707584,-2.415342083,-4.257625885,-2.037225616,-2.26784387,-2.745612533,-3.172778238,-2.007362788,-0.611231602,-6.449966613,-0.92578618,-1.115577998,-0.015590471
-2.142287114,-1.561942851,-2.627849607,-1.185730551,-1.362091327,-0.646387412,-0.974496733,-0.53898715,-2.109425509,-0.873733293,-1.669130404,-1.314881093,-1.236958381,-1.176570424,-1.353795712,-1.160042231,-6.263517672,-2.493609133,-1.784141395,-1.432339248,-2.266844564,-4.821953209,-0.969990625,-2.903028566,-4.336981585,-1.332112625,-2.536163272,-3.015502953,-1.84533366,-2.053860277,-1.498258833,-4.266767454,-0.805205259,-2.515908235,0.032542396
-5.717531115,-4.363970572,-1.782005272,-1.270527664,-1.383062209,-1.702539937,-1.546828822,-1.820091539,-2.296944091,-2.347964492,-3.74137687,-2.506130318,-2.402247769,-2.314615223,-2.492861686,-2.119793803,-5.120890285,-3.166665841,-2.056463971,-2.632091981,-2.164953588,-3.485295828,-0.855810626,-1.50749084,-2.080439312,-1.727200554,-2.657596337,-1.084950853,-2.107551717,-0.32777184,-2.431189849,-4.02586386,-0.947864613,-1.80653438,0.083730615
-2.494674409,-2.603958762,-2.64904679,-0.767248328,-1.408135624,-2.740376777,-1.518989931,-1.908415944,-3.14904923,-0.366265453,-2.95917763,-2.195186591,-3.79021641,-1.658374425,-1.673875316,-2.470771494,-0.735699104,-1.906264869,-1.403408969,-1.930145448,-0.608814547,-2.183712319,-0.542099082,-2.303989362,-3.949864933,-0.98524064,-1.140982641,-0.835231056,-2.788192762,-2.608461327,-1.127016869,-3.604840588,-1.334132958,-3.01783445,-1.190352037
2.190466025,-2.459865237,1.249121773,-1.272681193,-0.244291222,-1.094293343,-0.751712442,-0.296315684,-1.863131497,-0.851344432,-2.274348793,0.150585308,-3.892953646,-0.173502348,0.603453355,0.161219017,-0.971244964,-0.951455908,0.225910679,0.307958448,-1.366415977,-2.916085312,-2.621668022,-2.726173199,-2.507463938,-1.044876144,-2.482823711,-0.992838943,-0.693003152,-2.655236982,0.907105469,-5.240702038,-1.720113532,-0.012455754,0.237844216
-4.933310949,-4.057612827,0.530054865,-0.762342473,-0.364934733,-1.658984215,-0.430278969,-0.403794879,-1.911250343,-0.615789609,-1.259796613,-0.451397933,-2.967900773,-0.867025633,-0.525303117,-0.936072417,-4.063609627,-1.607616594,-0.128813325,-0.692578144,-1.442799853,-3.754404773,-2.128506429,-3.605115117,-3.809721502,-0.926271861,-2.709343482,-1.661404247,-1.101152415,-1.127738514,-0.355732582,-3.562718339,-1.188221912,0.455706774,0.59287198
-2.148336702,-3.630994959,-4.126891341,0.520431179,-1.666667016,0.087421493,0.446220399,0.095406876,-2.831269429,-1.518478116,-0.171591351,-0.035563785,-2.323243279,-0.24969445,-1.564663618,-0.917762385,-3.653488199,-0.644837307,-1.782586706,-0.464824775,-2.570033421,-5.216294459,1.323039921,-3.487547805,-5.167518032,-1.800967963,-2.364824948,-2.953913711,-4.160417851,0.363065936,-2.804074373,-1.789942876,-0.263521881,-1.514267957,-0.115679327
-1.5145263,-0.053259037,-1.637025502,-0.770171669,-1.819454768,-1.185885092,-0.661672589,-0.882114439,-1.468207671,-1.445277776,-3.831375068,-0.816644772,-1.725731505,-0.112903161,-0.148661507,-0.21495351,-1.837096298,-2.54770709,-0.815687466,-0.503175521,-1.367087096,-0.493382788,-1.400060622,-2.581308081,-3.097239477,-0.873165408,-1.132021993,-0.732256665,-1.266547078,-3.388714697,-0.903242322,-2.880815684,-1.939175741,-2.816761924,-1.094038251
-3.351528952,-4.373233449,-1.170330651,-1.028288149,-2.037914331,-2.061297007,-1.371836011,-1.733674093,-2.671628834,-1.283673077,-5.030484877,-4.215591285,-2.922337744,-3.17661579,-3.20471075,-2.831578102,-3.784089966,-4.66620736,-1.770790591,-3.632969983,-1.830588328,-1.045211368,-1.823900359,-3.803675793,-4.929508202,-1.147761923,-1.35246538,-0.884874023,-2.556711461,-3.23690708,-3.159661321,-4.746222836,-1.479564816,-2.893264217,-0.49050452
-2.424639817,-0.55999628,-3.399552488,-1.585779672,-1.383809305,-1.166645402,-1.741865199,-1.438184904,-2.665323254,-1.15250577,-4.234478293,-2.813227108,-2.961592938,-2.164187138,-2.023252414,-1.848066921,-4.239429593,-2.965825893,-1.977259493,-2.509164949,-1.507316474,-2.913445301,-0.417221718,-0.461416232,-1.580413806,-1.6692983,-1.051855445,-1.391388744,-1.728990805,-3.164109613,-1.117854028,-3.365780394,-1.531786737,-3.390776137,-1.086746137
-4.511445012,-1.680056767,-3.139741801,-1.198822745,-0.880814795,-1.029725728,-1.073709292,-0.696208787,-2.728170219,-0.949167962,-2.997989774,-2.050990655,-2.381478122,-2.777847505,-2.091452174,-2.285690808,-5.155298916,-4.098560778,-1.438054175,-2.738070773,-2.406405915,-3.935592862,-0.891751886,-2.854614151,-4.614863781,-0.973154801,-1.321572307,-2.607130541,-1.608986923,-3.520533151,-0.673955852,-3.651942658,-0.836352473,-2.706047427,-2.399288862
-3.671373748,-1.45451304,-1.648739503,-1.547336644,-0.951168089,-1.902381635,-1.577392892,-1.320956885,-2.295721654,-2.351764829,-4.935847968,-1.864659228,-2.185515447,-2.324837965,-2.302591026,-2.645641199,-5.784101196,-3.028942017,-1.557978227,-2.157627439,-1.546532698,-1.913004306,-2.3837758,-1.23653566,-0.523733198,-1.066485212,-2.074171015,-1.579437202,-0.881824858,-1.280918071,-2.719196778,-2.336271315,-1.76897873,-0.894083563,-1.216252329
-3.811688094,-1.351633671,-2.091663565,-1.201289298,0.607690103,-1.507549429,-1.011378231,-0.533769302,-2.278844791,-0.38449681,-1.516717893,0.929724075,-2.306534892,-1.087029872,-0.166955552,-1.782120626,-5.747302966,-0.189607328,-0.530383513,-0.354235375,-1.105717354,-4.664680979,-0.981911698,-4.21075744,-4.500810231,-0.325576646,-1.885546635,-2.760926034,-0.708744578,-0.684474131,0.893627035,-1.22524398,-0.098274895,-0.324371813,-1.592136626
-2.514737789,-1.595438995,-2.08197821,-0.582398009,-2.10381978,-1.246927511,-0.903276285,-1.208276549,-2.166959148,-2.666470929,-3.575746507,-2.636090697,-2.216358364,-1.737618775,-2.009333942,-1.266377953,-4.760307168,-3.590095885,-1.377430154,-2.021814595,-2.197382715,-0.500467928,-0.968304305,-1.182019469,-1.607493237,-1.476376659,-1.333319973,-0.260661027,-2.122357013,-3.185187862,-2.510662583,-2.654881,-1.846229087,-2.680273764,-1.29132385
-3.905132882,-1.80008527,-1.960306574,-1.235933606,-1.074240423,-1.514194282,-1.092125974,-1.068091667,-2.274588627,-1.475642118,-1.467392655,-1.928292815,-2.36598383,-2.038776638,-1.796802675,-1.240134974,-5.152756694,-2.423653057,-1.069026042,-1.830412643,-2.414251134,-3.603230148,-1.035655892,-1.954846061,-2.69165119,-1.734250738,-2.188163136,-1.396824996,-2.029261844,-2.610643456,-1.113313166,-2.245887263,-0.987071423,-1.476470896,-0.961731819
-0.267400146,-2.471185905,-0.298541163,0.002289655,0.579748639,-0.639549287,0.722715448,0.713781593,-1.046061119,-1.405105983,-2.569745378,0.917235011,-3.113853154,0.436474874,0.874056402,1.416804023,3.014779088,1.25641952,0.323303287,1.257041894,-0.828973189,-3.590019902,0.130493982,-4.625194343,-4.941247543,-0.163275712,-1.743267131,-0.229090446,-1.085600319,-0.412628377,-0.690398669,-1.543284118,-0.773154365,-0.30044663,0.534176988
-3.893594277,-4.068673613,-0.856155237,-0.724978491,-1.740418589,-1.005045367,-0.392840492,-0.561652176,-1.909439968,-1.560115287,-1.17023209,-2.502536262,-2.528666562,-1.260718643,-1.443807885,-0.54963333,-4.335643103,-2.449209156,-0.833923012,-1.711309528,-2.424819589,-3.80260829,-1.344831632,-1.640862504,-2.598514987,-2.065634772,-2.340135617,-0.921597903,-2.281313356,-1.513868469,-1.043181162,-3.053049498,-1.261333916,-1.656401222,-0.41737349
-3.627428227,-2.009279405,-2.398324797,-2.092512587,-0.958039458,-1.875173481,-1.574382707,-1.250842791,-2.616587142,-2.406683716,-2.693304806,-2.284344448,-2.327121233,-2.777554546,-2.419040115,-2.558314749,-5.725349927,-4.73515047,-1.771498284,-2.882812392,-2.103328252,-2.166830517,-1.088621268,-2.070853372,-2.625339704,-0.499903077,-2.390791522,-1.904944524,-1.917258928,-1.359794387,-2.097651652,-2.529585201,-1.03887402,-1.432274665,-1.156457219
-4.736383363,-3.17908271,-2.961006524,-4.044814274,-0.92241436,-2.800060118,-3.648331623,-2.505770886,-3.399198183,-3.814128665,-7.235962495,-5.674714878,-4.458141152,-6.271818078,-5.566829086,-6.111935153,-12.271103039,-7.14971816,-3.898864559,-6.644924995,-1.341885146,-3.029879314,-2.828512902,-5.223313076,-6.94905425,-1.327737634,-2.533242203,-4.513238601,-2.619818994,-2.061504054,-4.795265318,-3.251434059,0.068029797,-3.807794773,-2.913039585
-6.194805797,-3.356761502,-2.706620907,-0.205005309,-2.473508457,-0.880024462,-0.086767454,-0.288140453,-2.183304292,-2.883236369,-4.073900798,-1.675356248,-0.922993511,-1.466504454,-1.669442025,-1.285896004,-6.381132888,-3.120107267,-1.875484632,-1.823836267,-3.929246633,-2.834826848,0.283988677,-1.432426079,-2.608097952,-1.086978026,-2.01142791,-1.448824539,-2.208436879,-1.001848163,-2.573428602,-5.67953629,-2.019287233,-2.816661981,-1.738328162
-4.074802058,-5.295308682,-0.348933179,-1.34894754,-1.333634866,-2.903989502,-2.017117603,-2.471496681,-2.566693984,-1.181440175,-1.228837234,-2.781304392,-3.618190431,-1.534941745,-2.029146534,-2.64911041,-5.505910891,-1.767587971,-1.400164893,-2.057267858,-1.466385961,-5.303646557,-1.32556627,-0.15194804,-0.987744858,-1.98560625,-1.583651652,-0.897209296,-3.200507728,-0.878718563,-1.547303686,-2.040736727,-1.038296183,-4.068255182,0.993576532
-6.017395287,-2.147535757,0.140659779,-1.763519359,-0.849914219,-2.214571007,-1.766881211,-1.658274975,-2.301425547,-0.843679529,0.224323024,-3.024330875,-2.604805762,-3.772506357,-2.545241121,-2.984734106,-3.845755798,-5.349347346,-1.525007782,-3.646047811,-2.553869047,-1.781243802,0.121777666,-0.997052828,-2.808267497,0.037280129,-1.445389505,-1.051962302,-2.394247553,-1.619920185,0.015330708,-0.816995176,-0.148093632,-3.114924451,-2.343913171
-2.178873069,-3.908898986,-2.627708858,-2.788945641,-0.972843868,-2.456977806,-3.059878907,-2.873651436,-4.935233719,-1.786514285,-0.359809031,-5.42173548,-4.989602208,-4.869762457,-4.956369095,-5.235036044,-8.546290114,-6.653461516,-3.071611419,-5.755449109,0.151688712,-3.717165641,-0.486967361,-2.49859299,-4.937865649,-0.890972591,0.019030961,-2.905713588,-2.885533319,-0.056711673,-2.145004774,-1.229937126,0.02979188,-3.779464454,-1.538411125
-4.828337473,-6.93604922,-1.881879395,0.916116312,-0.846557899,0.015278297,1.014961121,0.634634014,-3.085614382,-1.770356807,-5.676135585,-3.497901607,-8.273900903,-0.934725698,-1.030479644,-1.13319453,-7.687985949,0.101225993,-1.674074271,-2.043046928,-4.68930329,-4.210092048,1.493642304,-0.188057939,-3.163835762,-1.631603883,-1.082418045,-1.208139255,0.480843436,-2.540784511,-2.06507246,-11.294611064,-0.904030512,-3.998274439,0.441987407
-6.035608799,-2.946637156,-2.178359959,-1.781293618,-0.779313619,-1.683030338,-1.555663447,-1.578594703,-2.020344493,-1.962873926,-4.76253777,-3.014986406,-6.856804561,-3.192062859,-3.166172085,-2.812281821,-5.665557511,-3.492213596,-2.221163736,-2.803117913,-2.232362837,-5.831771928,-2.964326388,-2.624956175,-2.016540695,-0.399882072,-3.974377194,-1.925767685,-0.524452524,-2.266158574,-3.297152174,-4.145268666,-1.324893561,-2.154318262,-2.91558445
-3.274789673,-4.839558443,-2.185247926,-1.159062071,-1.474192127,-1.936739441,-1.331106267,-1.479858507,-3.060576548,-1.579473893,-7.781660856,-4.226823724,-8.791733615,-3.937574521,-3.368260005,-3.403883416,-5.965156809,-3.218740637,-2.844978493,-4.272230864,-2.140511705,-5.554303397,-1.071985284,-3.330968552,-5.642424529,-1.165672285,-2.617954436,-2.905820421,-1.236550069,-1.205976567,-3.61555065,-2.986129904,0.075640238,-1.919734092,-0.187581047
1.173928616,-1.030964332,0.189328115,0.379383536,-0.469151549,-3.030782319,-0.240326638,-2.406913793,-2.470572365,0.50731513,2.579209417,-1.834653644,-3.10556588,-0.028550249,0.46358554,-0.931876821,1.421555137,-1.14426141,0.64790702,-1.317875386,1.595682307,2.88221821,1.224930954,0.015082736,-2.825478039,0.243832005,2.925883915,1.924845427,0.871815827,-0.492228227,2.277753697,-2.249428227,0.126758498,-1.452953965,-0.212752598
-4.047255197,-1.630024611,-1.085391393,-1.471216105,-0.415983361,-0.488273564,-1.093051122,-0.564748756,-1.967594525,-2.548685816,-0.643481578,-0.1258491,1.317081516,-0.817184555,-0.625003063,-0.369434965,-5.438529649,-1.824186439,-0.788877786,-0.848497808,-2.136618901,-1.14870281,-0.23191946,-1.765608355,-2.003895084,-1.476837962,-1.62854936,-1.049353715,-2.635676256,-1.784686552,0.097863054,-5.995695115,-1.546017161,-2.54374996,-1.414690733
-4.012279672,-3.460497829,-0.588047927,-1.720291071,-0.360270163,-2.053516751,-1.693346843,-1.725389355,-2.228559867,-1.585598323,-1.514391546,-2.498075066,-3.196561332,-1.880627328,-1.765648659,-1.721612913,-3.571983522,-3.09238373,-1.285470205,-2.34764493,-1.094591092,-4.644418949,-0.951048314,-1.613333121,-2.341353794,-1.330921438,-2.122347298,-0.977134261,-1.928957637,-0.331968402,-0.771834062,-0.514518213,-0.925563975,-2.032185465,-0.390829322
-2.027497882,-2.58537876,-2.31824463,-1.781588691,-1.809004329,-1.760513985,-1.640844831,-1.257084832,-2.526323897,-2.430331258,-6.097016291,-2.376692804,-3.821398671,-2.913777835,-3.267546384,-3.113746279,-8.229286297,-2.774683428,-2.743964405,-2.833208777,-2.644048402,-3.712136527,-1.776379678,-3.681572873,-4.776319527,-2.012049034,-2.771629099,-3.21790531,-2.118806705,-5.329829054,-3.240464569,-5.933884331,-0.394392934,-3.448052717,-1.111935679
-3.439399095,-2.180598163,1.49439434,-0.910137756,0.235815298,-1.261713594,-0.577846499,-1.197729218,-1.522516376,-1.184972496,0.547647471,-0.882260372,-4.672442557,-0.438091628,-0.465317397,-0.24859245,-1.567042163,-1.772413818,0.519032256,-0.693651174,-0.870785543,0.01273781,0.266284682,-1.66950711,-1.50837859,-1.034452367,-1.22026361,0.898401749,-0.602504612,0.758850549,1.383293359,-1.324092266,-0.874985984,-2.207246633,-1.322427508
0.945210446,-1.20887048,-1.293680626,-0.84310101,-0.56858513,-2.596370043,-1.104824087,-1.582216391,-2.653087294,0.605300313,-0.775853448,-0.224245234,-2.515321265,-0.506170473,-0.882648008,-0.634289666,-2.304744046,-0.099894209,-0.875111702,-0.489270511,-1.233302892,-2.8574644,-0.440583882,-3.378748796,-5.96377784,-1.578846981,-0.508592911,-1.290327622,-2.062960011,-1.514627838,-0.230776224,-2.935378051,-0.199854127,-0.713488536,-0.037797537
-4.574250353,-3.132474132,0.107286985,-1.184315477,-0.865508437,-1.802580359,-1.178511955,-1.562916059,-2.271884767,-1.338206997,-2.450438511,-1.924803773,-4.467940558,-1.438536138,-1.557828204,-1.287882497,-2.149566593,-2.477730603,-1.01978295,-1.843612837,-1.037955434,-2.646246843,-0.582224174,-2.71475386,-3.379182955,-1.350042816,-2.122562024,-0.257278017,-1.57996542,-3.246467429,-0.758181846,-2.024447584,-0.945237904,-2.773032662,-0.762971289
-2.964192733,-3.430691469,-0.448398181,-2.153315748,-0.442452092,-1.155543496,-1.685501906,-1.001684376,-1.804912861,-3.058400482,-2.791258449,-1.947870049,-1.324525785,-1.706820915,-1.298230849,-0.839986576,-6.801044787,-2.289624863,-1.493554714,-1.957175373,-2.910106586,-5.691897329,-1.540835691,-2.314233881,-1.222175403,-1.656855196,-2.829685526,-1.241489058,-2.499936517,-0.997687658,-1.566741135,-1.545557906,-0.927270018,-2.015946415,-2.303796584
1.141853002,-1.900388397,0.173973742,-1.787659592,-0.372016362,-2.454146728,-1.862895465,-1.83796904,-1.567347766,-1.487664361,-0.066748496,-1.53375572,-0.8143554,-0.825394859,-1.254014101,-1.23638057,-2.761348701,-1.552945007,-0.992969889,-1.154324721,-0.613431202,-3.848271366,-0.84328981,-1.116914544,-1.243444143,-2.076720251,-1.217226591,-0.654215527,-1.969556538,-0.876820457,-0.039236167,-1.638314303,-0.572228077,-1.750862958,-0.13611482
-2.474278896,-2.665602521,-0.352018593,-1.56411554,-0.718279481,-1.545708569,-1.363095004,-1.293159908,-1.706006048,-1.719217993,-1.33866123,-2.175619863,-3.009386443,-2.020998036,-1.936829315,-1.829914654,-4.501256592,-2.942156174,-1.070321263,-2.313059638,-1.592907845,-2.991543933,-0.732815955,-1.009985793,-0.558568925,-1.360483718,-2.102861696,-0.946868518,-1.163628091,-1.6685727,-0.335902674,-3.670753673,-0.744417761,-1.747267416,-1.713439792
2.413925921,-0.070602912,-0.247211926,-0.302799471,-0.498981086,-1.908456068,-0.194845795,-1.230305043,0.162185545,-1.135671032,0.273225024,0.443305805,-2.058453526,1.356802037,0.409463129,-0.090094108,1.41803412,1.283948707,-0.292651239,1.038822367,0.345136758,-0.78914314,-0.463784144,-2.462231804,-4.043919788,-1.211861653,-0.477011704,0.502559354,-0.700689813,-3.218000002,-0.711174952,1.429045201,-1.200049274,-2.042121961,-0.375720877
-5.182512875,-1.936351777,-0.868570395,-1.056034401,-1.109358575,-1.163627453,-0.678396199,-0.917108713,-1.487954399,-1.616091879,-2.621689759,-2.367144824,-5.893334066,-2.077542343,-1.821915707,-1.816788288,-3.841044063,-3.031450434,-1.160612136,-2.34849076,-1.213142667,-3.025079355,-0.554683872,-1.451573132,-1.515591135,-1.151698604,-2.657757892,-0.809334976,-1.15820284,-2.956846547,-1.123074763,-1.189689848,-0.956845576,-2.004340336,-2.140358065
-8.744344908,-1.961094947,-1.148253346,-2.790064404,-0.990634656,-0.179124768,-1.717928552,-0.408805713,-1.002242666,-3.052885421,-4.752316045,-2.944560041,-4.041188779,-3.395614949,-2.922763391,-2.402865303,-6.164975042,-3.904955986,-2.273314814,-3.315943739,-1.336126807,-5.52736812,-1.347835122,-1.586663859,-1.872762046,-0.889399074,-2.529516112,-2.636291278,-2.44352847,-2.533598516,-1.90894431,-4.837470741,-1.169860978,-3.112647626,-3.767502143
-1.362696327,-3.46831766,0.102732934,-1.66912928,-0.433294292,-2.79480739,-1.988396101,-1.966655972,-2.590177411,-0.023096246,-1.587553788,-2.532401411,-2.884783216,-2.216100604,-2.243243045,-1.961035479,-3.735333425,-3.312932386,-1.176770707,-2.491745833,-1.121924168,-3.229064055,-1.772085693,-2.170124079,-2.002000717,-1.261223507,-2.028037514,-1.045862777,-1.779008618,-2.799358803,-0.676356267,-3.088348851,-0.088982703,-2.172496967,0.568011439
0.76820161,-1.594405469,-0.436572542,-1.639695699,-0.058946855,-2.123218457,-1.681471965,-1.498540728,-1.109803374,-0.668971422,-1.127451127,-0.72188117,-1.299774504,-0.228707385,-0.964860671,-0.934791756,-1.083721893,-0.359200392,-1.33273775,-0.427422147,-0.48568351,-4.161303364,-0.833077785,-2.565553874,-2.979836986,-0.832624244,-0.787136889,-0.916112829,-1.101156417,-2.667810312,-1.017500845,-0.474843954,-0.498247447,-2.494352218,0.016032857
-0.88964763,-2.479454735,-0.503615605,-1.910049305,-0.441209137,-2.878725525,-1.692964359,-1.217402046,-2.662041996,-0.57530437,-0.95665258,-2.231324486,-1.004476,-2.860348387,-2.40235935,-1.874871055,-3.502591226,-3.664856013,-1.489484355,-2.711657249,-1.972956615,-1.923605171,-0.930559016,-3.191254551,-2.569537241,-0.526704349,-1.152193383,-1.015925063,-2.830109359,-0.630863295,-1.046405991,-4.302495283,-0.557306166,-0.534653565,-1.863194481
-4.862973474,-2.507239784,-1.881126502,-1.130543463,-0.130649707,-1.263186928,-0.719934817,-0.445418835,-0.510696865,-0.993581178,-3.968851817,-2.701693006,-5.361242419,-2.534501478,-2.19927007,-1.834080371,-3.410064106,-2.018901355,-2.083426817,-2.48335833,-1.683729692,-5.413140497,-0.54770834,-2.687233901,-3.456619538,-0.495847343,-1.959636314,-1.944442518,-1.493683487,-1.435145223,-2.181298233,-0.639728561,-0.317493638,-1.124943991,-0.57047738
-5.608225969,-1.114445159,-0.576549578,-1.075698273,-0.530870368,-0.697946562,-0.736401694,-1.122273615,-0.748806159,-1.851107822,-2.564178281,-2.040707342,-4.105529298,-1.271026142,-1.385508499,-1.590676347,-2.521731672,-1.116627195,-1.402009284,-1.503698252,-0.767253188,-1.947268987,-0.121981635,-0.688202638,-0.713281873,-0.691215466,-1.914442949,-0.624143145,0.843592342,-2.079907829,-0.614754449,-2.206209286,-0.890093641,-1.946484321,-1.985159707
-2.58029156,-3.130279636,-1.426082651,-2.344031671,-1.084652075,-2.606769645,-2.174371623,-1.879453027,-0.825978578,-0.503780485,-2.665974107,-3.910964571,-2.231856384,-3.057967554,-2.664644768,-2.423891171,-4.326949629,-3.230570817,-1.939344987,-3.119556187,-1.695613554,-3.934768169,-1.296935453,-2.813867029,-2.447978216,-1.079109321,-1.948673898,-1.472236479,-2.332356006,-0.063357107,-2.301076695,-2.569388008,-0.22953192,-0.911700892,-1.037628321
-6.514624547,-2.213646133,-3.659261808,-2.034356939,-0.827953129,-1.147243829,-1.578187965,-1.009221153,-0.76375521,-1.536378431,-3.964116346,-3.232681611,-5.675800693,-2.828947083,-2.201710966,-2.198116194,-6.176334167,-3.594068265,-2.42368771,-2.479083947,-2.739943048,-5.853684838,-0.351579199,-3.344704908,-4.205177177,-1.734809228,-2.361815435,-2.965818917,-2.936643697,1.209922109,-2.921308621,1.508347772,0.204184308,-0.198311993,-1.608928595
-4.461056768,-1.568816066,-0.092089144,-1.917687214,-0.908732585,-2.707286988,-1.896503699,-1.958130333,-1.061864331,-1.128896996,-1.140226836,-1.795877498,-1.746307121,-1.154929305,-1.824788134,-1.289460446,-2.799031666,-2.306156847,-0.923156411,-1.376631791,-0.077674286,-4.686281292,-1.102025356,-2.113391184,-1.949937594,-1.596688132,-2.483764039,-0.500675441,-0.717383797,-2.443967606,-1.848383675,0.740322576,-0.721787331,-3.28894433,-1.145934266
-2.06399928,-0.2875298,0.972725314,0.114603833,-0.506545048,-1.401900246,-0.425791939,-1.198502751,-0.166510939,-0.2011926,-0.407899644,-0.770196577,-1.104687767,0.486165108,0.042217587,-0.316859026,-0.47990547,0.763681377,0.162717861,0.255672579,0.157297055,-1.957385772,-0.578092338,-0.907466297,-0.387654615,-0.594323991,-1.500645476,0.510660787,1.623740439,-4.011780538,-0.681535624,0.131390997,-0.603958838,-3.301233778,-0.638850273
5.229540055,-1.27354956,-0.520607626,-0.599851983,-0.743698349,-3.48410179,-1.064033914,-1.927999753,-1.762209776,0.325738141,-0.755347026,-1.448649018,-3.711865062,-1.427330586,-0.744544586,-1.150571015,-2.2808454,-2.690662772,-0.467129526,-1.553746399,-1.789129078,-1.790716603,-0.63719866,-3.314245799,-3.284619634,-1.43660354,-1.303490151,0.113231343,-2.321071243,0.037491309,-0.540423602,-1.482304102,-0.404372238,0.095747041,-0.705583761
-7.532732209,-2.649611023,-0.721169429,-2.627999435,-0.794107444,-2.02272232,-1.7861811,-1.803981459,-1.891041424,-2.951276958,-0.891010423,-2.708829387,-2.13563835,-2.473886642,-2.727060533,-1.894153133,-3.624699436,-3.296172434,-1.909397283,-2.596322411,-0.941684904,-4.205098046,-0.936890836,-1.175349263,-2.36900996,-1.473451344,-2.252910837,-1.455720715,-1.544468049,-1.724194834,-0.681059797,-1.409324844,-1.036363006,-2.340929175,-2.515610384
1.147251859,-4.084630742,-0.977346884,-1.897059216,-0.854799799,-2.164988525,-1.992235983,-1.857524342,-0.697534765,-0.998027651,-1.636330811,-3.247466294,-3.037324343,-1.405413646,-1.075788709,-1.397924273,-3.834917335,-2.462609838,-1.246935158,-1.902364414,-0.816437394,-4.126131239,-0.828999589,-1.758486026,-2.297852901,-1.637442666,-1.992442683,-0.444992554,-0.74071811,-1.16189105,-1.089575216,-1.628857772,-0.014013185,-1.351082072,0.411841325
-9.53189422,-2.081183852,-3.966952917,-1.380064057,-1.691153899,-1.690739089,-1.079795855,-1.594849499,-1.788373955,-1.856561621,-3.584575941,-2.440314972,-10.679585419,-3.440345459,-2.452077665,-3.044211241,-7.144895286,-3.188039596,-2.302448011,-2.701801889,-3.845771389,-3.029942336,0.629877789,-2.653371096,-1.463277981,-1.35030505,-3.481551883,-2.533812211,-1.876708729,-1.549531838,-2.838986553,-0.552249762,0.248036349,0.289630697,-4.210897448
-2.181789731,-2.176803556,-1.168782735,-1.182652234,-1.076589042,-2.229005814,-1.093198154,-1.501687635,-1.66371808,-1.593722213,-1.286911156,-2.500861446,-3.836268711,-1.732118049,-1.521648401,-1.329291041,-2.899578959,-2.028415757,-1.793936251,-1.867500381,-1.339310645,-1.884546942,-0.130935256,-1.377053208,-1.759789119,-1.946884167,-1.927079104,-0.339979604,-1.338518922,-2.021757885,-1.915890515,-2.84380877,-1.023237863,-1.052845042,-1.950058564
-12.336137519,-4.457690078,-2.741704752,-3.448435769,-1.50947698,-2.213408074,-2.517986465,-1.873249917,-3.293666801,-3.042778571,-2.877558351,-4.726219315,-5.669642667,-4.534880548,-3.949195824,-2.863994994,-5.669200834,-5.725048498,-3.432688061,-4.341613644,-2.83684527,-5.372093682,-0.356194357,-1.841856999,-3.011345351,-2.168396778,-3.721676737,-2.843391672,-2.738019319,0.792446582,-3.105454841,-1.526693764,-0.064576942,-0.068163412,-2.384645298
-8.321085719,-2.607591649,-2.266258688,-2.398566902,-3.19843266,-4.216397559,-2.771833893,-3.888777445,-2.053799268,-1.82406377,-1.602908338,-3.632520642,-4.996960076,-3.743893941,-2.851960972,-2.696971494,-2.962820157,-3.238338461,-2.382063981,-3.550324698,-1.080688868,-5.350222237,-0.107810934,-1.41680533,-2.032929858,-2.659881227,-2.306909681,-0.749497892,-0.768361176,-0.949539866,-2.918146025,-0.472526204,-0.534059292,-1.32964414,-0.086870719
0.551374645,-2.625706259,-0.517610417,-0.672262386,0.200590781,0.589411485,-0.635057883,-0.13961357,0.051238053,-1.453525832,-4.003517721,-2.818596897,-6.507449872,-2.458617656,-2.581854177,-1.469928241,-1.136268219,-2.988212257,-1.578866883,-2.68779762,-1.940453823,-4.466861038,-1.664650241,-3.988019209,-5.717942208,-4.304882492,-0.894886571,-1.687840366,-2.169858875,-4.386988677,0.441958667,-9.251867055,0.056680632,-5.24764205,-0.497091016
0.598185325,-4.779311029,0.182462466,0.361934937,-0.520997801,-0.438549824,-0.008120402,-0.646466697,0.160958827,-0.666940088,-2.475923982,-0.776210011,-5.028463525,-0.15699607,-0.975291761,-0.130087181,-0.702980381,0.757410467,-0.836749162,-0.370633594,-0.69793091,-2.784451875,-0.952662069,-3.031770478,-3.106658595,-1.430301699,-1.147024289,0.02624589,0.568290461,-5.40242398,-0.688976729,-0.889976407,-0.547061197,-5.521629808,-1.212382429
-1.52509814,-3.373395994,-0.675251307,-0.706290265,-1.381592596,-3.333341439,-1.102049483,-1.940666602,-1.675099642,0.167792265,-2.257590585,-2.247625376,-3.606992219,-2.507940994,-1.78778327,-1.657743555,-3.201944671,-2.741980479,-1.29427977,-2.32722426,-1.649454597,-1.815561891,-0.752482938,-1.594609211,-0.321944339,-0.845555344,-1.81751085,0.600171555,-0.551381284,-0.484185371,-1.748008057,-1.239043073,-0.649261365,-2.709985203,-2.169839189
-6.012926552,-1.755234802,-3.072742487,-0.874505822,-2.587269353,-4.174853069,-1.143307873,-2.99521297,-1.936781928,-1.027991484,-1.463196123,-2.279429187,-7.715471517,-2.595376569,-2.233450975,-1.978762588,-6.559534262,-2.988981282,-2.36125489,-2.067434205,-2.571785311,-0.145295536,0.038714678,-2.222071058,-0.722669521,-2.126022238,-3.336458644,-0.654679816,-1.314321251,-1.871274019,-3.030562777,-0.502393386,-0.826969606,-9.335386409,-2.857403143
-7.53555229,-2.624852495,-2.550338254,-2.03006661,-2.538136821,-4.628184616,-2.188129933,-3.32821878,-3.503836777,-1.603642817,-1.294313392,-2.031873711,-5.526161469,-2.987205205,-3.000813138,-2.432978287,-2.761025651,-3.708764477,-2.129847046,-2.780223139,-2.022643091,-3.707030954,-0.549426697,-2.840779377,-3.491161712,-0.825171495,-2.589332241,-1.155608015,-2.162473551,-0.178812978,-3.482550124,-0.268148178,-1.02027175,-3.601122872,-0.857824761
1.239843176,-4.795840077,-2.074929284,-1.248873085,-1.012634284,-1.243056568,-1.662719572,-1.46555906,-0.643514681,0.061777103,-2.781932607,-2.412217885,-4.423117219,-2.314499877,-1.653099509,-2.00997094,-0.716717479,-2.695974346,-0.884880759,-2.054615214,-0.924653314,-4.068200445,-0.468908984,0.298319822,-0.928069936,-0.277884951,-2.247285341,-0.637452835,0.159715987,-1.66598306,-0.563062473,-2.41729447,0.248796682,-3.967220083,0.44376896
-8.65310637,-3.154771602,-1.734981751,-3.201297279,-2.114786532,-3.712939381,-2.739149416,-2.510773532,-3.095163658,-2.069566671,-1.84748474,-3.694797179,-6.315183602,-3.921847091,-3.620501389,-2.925341909,-2.430231182,-5.120189277,-2.710489082,-3.930024229,-1.751087301,-4.656319292,-1.093358469,-1.891812236,-2.516321773,-0.832323981,-2.607907477,-1.534077564,-2.619539263,-0.464378134,-3.743417535,-2.225569029,-1.063810475,-0.376762184,-0.820902024
-3.959326923,-5.023937939,-1.607851119,0.821697214,-2.8530012,-1.236470515,0.226911972,-2.097065154,-2.749547388,-0.999977348,-2.810418089,-0.445589584,-12.2094611,-0.922225281,-0.795323911,-0.557838544,-2.323363704,1.285110104,-1.353429688,-0.438840148,-3.398122827,-1.100420917,0.614782168,-0.944218822,-0.931904151,-3.553560965,-1.929696599,-0.76092513,-0.345773585,-2.84716798,-1.801085522,1.183203967,-1.052508339,-10.789505789,-1.841406931
-10.648290885,-5.872089081,-2.071091204,-3.403569619,-3.945149884,-3.853453614,-3.217990498,-2.696068657,-3.045765618,-2.325697584,-2.853179395,-4.949499523,-9.033137465,-6.074941089,-5.0357805,-3.487335928,-1.943198648,-6.769124433,-4.885185512,-5.833473859,-2.483066827,-4.54478694,-1.123694977,0.110259147,-0.357657316,-1.852408382,-2.57644529,-0.597779298,-2.851512812,-1.182318664,-3.109880428,-5.304778433,-0.842657059,-5.303432106,-1.159791455
-2.90855847,-1.004311988,-0.379501625,0.341945215,0.090456675,1.03271602,0.282371045,-0.170826963,-1.461098591,-1.547202755,-1.996793035,-0.403233184,-9.263005981,-0.303035136,-0.879894186,-0.62411938,-0.269765179,-0.926322617,-1.220023006,-0.689698922,-1.483662829,-2.294380552,-1.276053839,1.936993921,-0.277391047,-5.527638739,-0.527093581,-2.145662521,-4.465538969,-6.410292164,0.311557127,-11.917346932,-1.263547849,-5.126948733,-5.653711846
-11.670053543,-4.148391053,-1.866354112,-1.988974189,-4.15352507,-3.644844311,-2.193252428,-3.091631146,-3.534110625,-2.043402016,-2.684685551,-3.862981564,-9.187619511,-4.134672502,-2.91661535,-2.368841956,-2.020506967,-3.730733027,-3.465315747,-4.005051639,-2.350391994,-1.467348808,-0.467896225,1.574538228,1.856322306,-1.423147292,-2.570675396,0.182878678,-0.666341789,-0.783538652,-2.747893856,-1.064983326,-0.900790982,-3.864313916,-1.870966526
-4.137308579,-7.232765515,-1.708521229,-2.377226556,-2.893178874,-2.544321735,-2.130046889,-1.996962613,-1.866849984,-2.385245975,-3.414269487,-4.720602367,-9.738303592,-4.570166352,-3.635273432,-3.258961932,-1.949414115,-4.188433771,-3.664816004,-4.471532867,-2.264596951,-4.434718513,-0.87846694,0.225583284,1.293484051,-0.811224273,-3.598033363,-0.819721878,-1.021013132,-0.966491382,-2.737420914,0.444296165,-0.087326088,-6.552883233,-3.041504984
-13.372077774,-5.089071331,-2.372770922,-3.198968562,-3.392327778,-2.979207577,-3.47485317,-3.458091867,-1.791569697,-2.219606772,-1.951220136,-4.45809218,-3.754085377,-4.922960951,-4.040294296,-3.027774331,-4.181351845,-5.805857525,-3.486987297,-4.788970652,-2.248821488,-4.486689962,-0.175804509,0.924998576,-0.432580441,-2.986769013,-1.637438174,-1.545307063,-1.803911789,-1.186152358,-3.075181135,-4.475426779,-1.03768769,-10.089036552,-0.627856073
-13.282034809,-6.650849454,-2.800263662,-3.157279184,-4.00048054,-3.472158909,-3.49465556,-3.054921546,-3.081343708,-2.923524207,-3.058403343,-2.617666484,-2.010171742,-3.149242323,-2.410434395,-11.942155141,-3.681918542,-3.914581795,-2.679294835,-3.302569742,-1.890666307,-4.254893417,-0.637366233,3.013965539,2.093484154,-1.814080127,-0.326742281,-1.103991492,-1.455246803,-1.198301049,-3.381680841,1.223627447,-0.776958,-7.209145867,0.344478053
-12.366895128,-1.401037838,-0.517549833,-1.35875628,-0.439026458,-0.647519474,-1.580305281,-0.065232075,0.024170886,-0.446687067,-0.543639873,1.494742164,5.792185197,2.699414017,1.887362291,-8.735347183,0.329780106,2.031412011,0.357005754,2.432958878,-0.545544601,-1.436195772,-0.685047831,-0.363617831,-0.526787075,-0.9384707,2.030648337,0.361432401,0.144298841,-1.990201244,-1.425460275,0.876627499,-1.784803841,0.779867006,2.36035301
-12.275171686,-6.113939411,-2.566975213,-3.125422006,-4.675840063,-3.769738059,-3.331494406,-2.715306868,-4.179035416,-2.196706941,-2.792584682,-2.197524887,-10.013419423,-2.848718355,-1.723946319,-10.310016192,-3.046270722,-2.512135183,-3.63907983,-2.690216463,-2.127579434,-0.060697418,-0.534799496,-3.11666818,-1.637566681,-1.121943115,-1.28563927,-0.524538253,-1.886798047,-0.771499252,-2.963366826,-0.069997795,-0.975705842,-4.072436855,-0.787221205
-7.075423874,0.691602215,0.756031946,-0.424558026,0.070367142,1.390458858,-0.015319442,-0.158340417,0.482414995,-1.011092792,-0.245218277,-1.738241011,-4.933393561,-2.329924394,-2.371675734,3.727783246,-3.981749195,-1.661242592,-2.820236517,-1.720216435,-1.628840952,-3.785384491,-0.828603661,-3.786775278,-2.611734557,-1.930305975,-3.609844816,-0.198613689,-2.942217864,-3.358266988,-1.036903561,-4.216774487,-0.071871637,-1.761999621,-2.342124473
1.922357895,0.059484847,0.604498418,0.490127617,0.011215054,-1.392105073,0.852277816,0.156018477,0.172468278,-0.41970012,-0.793773234,-1.887361747,-3.34597827,-0.818329882,-1.183425078,2.173298055,-2.770641147,-0.447880364,-1.867955744,-0.691628768,-0.935884276,0.266151354,-1.018989152,-2.840897311,-2.473173479,-1.678631731,-2.210922715,0.168256578,-1.017773187,-2.580550954,-0.874011124,-5.304251987,-1.075880179,-6.778887155,-1.794574336
0.557178501,-0.214228722,-0.288564637,0.773845357,-0.297913259,-1.886021991,0.768384576,0.03539591,0.047084079,-0.053930188,-1.289523921,0.008840916,-1.997006699,1.177755441,0.59110074,1.137774975,-0.073092948,1.238203889,0.432474082,0.951179438,-0.061147551,-0.349358119,-0.860986481,-0.86182065,-1.381192937,-0.420017091,-0.861479371,0.222175297,-0.036882056,-4.246226205,-0.276608719,-3.428492796,-1.502304369,-0.150166054,-1.097421159
-2.831905121,-0.584160501,-1.12575578,0.113978247,-1.133301016,-1.836883006,-0.18830336,-1.324717346,-1.061653319,-0.651046096,-1.619102024,-0.699575118,-3.893832417,-0.171910688,-0.360480833,-1.801476697,-1.499013113,-0.004953733,-0.346731173,-0.200532256,-0.702113389,0.184236792,-0.319615903,-0.396545315,-1.041824498,-2.200469963,-1.110471094,-0.79882339,-0.81152325,-3.269188503,-1.27954971,-3.410692255,-1.272842283,-3.730621408,-2.309964355
-8.335038321,-3.424741127,-1.013674177,-2.639326109,-3.005336699,-2.590097112,-2.644554464,-2.073830109,-2.847348553,-2.700262521,-3.250518727,-3.792828006,-8.825780026,-4.71179977,-4.705682899,-5.391394912,-3.671274184,-4.993112119,-4.809566805,-4.448137756,-2.633929208,-1.763213623,-1.512178872,-3.527684552,-2.99017161,-4.469981166,-2.867104145,-0.65886188,-3.958100269,-1.282140003,-2.876243546,-6.435664251,-0.906083035,-7.566267995,-3.06718472
-12.710106033,-2.742148871,-2.782042446,-2.736429703,-1.858762737,-3.795572005,-2.823570773,-3.760345536,-0.660471463,-2.081576379,-1.771431432,-3.750868983,-7.216994999,-2.314762914,-1.986355595,-2.865392073,-4.821607888,-3.57630075,-2.471266593,-2.30076406,-1.648674413,-1.072386111,1.951921745,0.282458126,-0.841267799,-1.912700411,-2.001255588,-1.458956985,-2.579524675,-0.736741029,-3.668975463,0.08496203,-0.574773526,-12.254213344,-2.017305398
-8.062111615,-5.984616904,-3.190864838,-3.631308552,-4.862318973,-4.526914709,-4.135218799,-4.362277172,-4.764491735,-2.48008046,-4.046997744,-6.784368233,-14.956502304,-7.580879737,-6.906088446,-7.458967881,-4.164839534,-10.047452859,-5.347899916,-7.560335828,-2.795385441,-3.064487626,-0.393151408,0.522025747,-0.192472534,-3.446511267,-1.958096921,-1.764449002,-6.57612309,-1.351887927,-4.05680697,-2.628734872,-0.534202824,-18.076054278,-4.577753109
-5.466647576,-6.244508175,-1.077876062,-2.10422759,-1.10176575,-2.483159121,-1.997028498,-2.365025189,-0.6229388,0.202647564,-1.384873442,-1.342957606,-2.479325881,-1.361675981,-2.534970446,-3.725465353,-1.70287462,-1.235178318,-2.124214952,-1.241404438,-0.784630132,-2.2655016,-1.829065923,1.286473929,-0.60960185,-2.172885774,0.461199858,0.449290701,-2.051583628,-3.299842231,-1.644308669,-5.454570203,-1.035728842,-1.563542124,0.130003286
-9.302154034,-1.962017094,-0.640344911,-1.840875424,-0.210844049,0.497607258,-1.03894461,-0.774061266,1.143177019,-1.437842437,-0.706050289,-0.242837659,0.671526102,-1.172025518,-1.173651151,-0.378202531,-2.496689745,-0.346503058,-2.137100372,-0.610216784,-1.158138962,-3.021591996,0.282844673,-1.768863933,-1.619070648,-0.344668816,-1.970589322,0.138450713,1.496079511,-2.252008188,-0.17559169,-4.821673765,-2.490090403,2.283961785,0.03811028
-3.458463454,-2.789848293,-0.679972455,-0.56856226,0.407725218,-0.930274801,-0.393357074,-0.747644449,0.472082354,-0.088223919,-0.393463532,0.627123963,-0.65622338,1.468124945,0.692141017,-1.83697455,-1.440917106,1.357613855,-0.054223976,1.487273985,-0.205354158,0.584656642,-0.354852573,0.447529628,-0.701613552,-1.335358439,0.806919177,-0.403109607,-0.034687113,-1.725325954,-0.895163947,-2.751118905,-1.30372359,-1.912908173,-0.926553761
-14.544757418,-5.719269885,-2.860706987,-4.030943823,-4.683806844,-3.215874047,-3.719754475,-2.992620325,-3.147504475,-3.251037883,-2.862314069,-6.567534969,-10.741588562,-7.491707857,-5.265923903,-3.750487332,-4.260003735,-6.858581771,-6.467404618,-6.944451746,-2.533618213,-2.898454275,0.435474671,-1.671576381,-0.691091157,-0.208793598,-3.611725337,0.445718645,-3.183922789,-0.005533984,-3.940445649,-0.711583735,-1.261471209,-5.327687025,0.741452979
0.349857643,2.994854883,1.118316006,1.431802716,0.999843083,1.24629346,1.786826464,2.541003778,1.966691649,0.74826544,1.008479442,1.25463614,4.474090769,1.697097245,1.866587259,1.209363676,-1.010366543,2.023761362,1.185984837,1.662105214,0.456213753,1.80241628,-0.606953986,-1.126163469,-2.173157601,-1.022868177,0.908158472,-0.323933096,-2.612967273,-1.324549369,0.94271002,-5.92917182,-1.726510639,-0.233115831,-1.994270897
-2.078711024,-0.593444874,-1.213002844,0.050188019,-0.499310094,-2.171286861,-0.020050928,-0.849918113,-1.579561901,-0.427061532,-0.000762669,-2.033813468,-0.460448163,-1.807761842,-1.938409291,-1.872941573,-2.568763359,-0.209442306,-0.9769174,-1.487067816,-0.961541439,-0.988253752,-1.814775163,-2.63204442,-2.260616617,-1.091475849,-0.358350655,-0.579229848,-2.905217898,-0.359291337,-1.237836707,-1.113912183,-0.914472465,-3.36902642,-0.939740867
-4.971105481,0.909647613,-2.968743158,-0.567491095,-1.969026471,-1.188152953,-0.791803177,-1.342649227,-0.020609519,0.259340264,-1.096135337,-1.57704512,1.503177956,-1.854352989,-1.743775407,0.51037335,-1.149833448,-1.688791527,-1.201638889,-1.902582347,-1.724162052,-0.916273416,-0.499523378,-4.390256155,-2.00159345,-1.206739914,-1.872331345,-0.703992491,-0.699301719,-2.176398753,-1.713802074,-4.373695885,-1.961151517,-1.719837566,-2.264965239
-2.49381557,0.175394751,0.14090443,0.451571709,-0.498663765,-0.747093031,0.365347731,0.820489735,-1.835934336,0.014653467,-1.088181341,-1.353391118,-1.666894632,-1.39052544,0.019152687,-2.932183247,0.116250448,-0.238847213,-0.675151828,-1.34338824,-0.753239726,0.335064576,-2.039309579,-1.101081614,-1.14742141,-1.816019241,0.71117795,-0.760282696,-1.952924916,-2.881566619,-0.195788211,-6.400984359,-0.769388781,-0.201216226,-2.748300306
-7.082211899,-3.863077165,-1.125659047,-0.026826652,-0.170330468,0.31519259,0.198689369,0.080496188,-1.070943071,-0.323169304,-0.446727823,0.89653498,-0.897902931,0.50849239,0.776933727,-3.697079205,-0.647593292,2.262804855,0.191264766,0.598271412,-0.768998202,0.456645288,-1.879409672,-2.22054603,-0.793441081,-1.175092304,0.814832312,-0.361125105,-0.039204191,-2.913614895,-0.127860982,-4.579242293,-1.696134101,1.315848116,-1.247472809
-8.356609821,-5.974235529,-0.724003792,-2.286651923,-2.88289861,-2.870326083,-2.328278619,-2.093443151,-1.81703044,-1.754985909,-2.830008493,-5.010353916,-11.178352248,-4.533011927,-3.398633756,-2.642786474,-3.987112256,-4.984151541,-3.994819887,-4.502085841,-2.111512931,-2.690517864,-1.5056032,-0.290169853,-0.39022808,-0.790737344,-2.615395382,-1.140224503,-2.780798446,-0.892647735,-3.708736744,-0.349699992,-0.283783753,-7.555538022,-0.088743219
-10.69162226,-4.000079671,-4.095329439,-0.888751371,-1.734270719,0.028626996,-0.898355376,-1.661019081,-0.29748306,-1.470678549,-2.373453538,-2.33147916,-6.036437958,-2.464884124,-2.954049357,-1.238332721,-4.020943571,-2.099594418,-2.472743519,-2.268717635,-2.254889281,-3.382311644,-1.110849517,-2.078542343,-0.757977715,-3.176768352,-2.745018463,-1.659558084,-3.203721581,-1.163985069,-1.973430662,-1.185485098,-1.301232503,-2.758648818,1.653457033
-4.793711638,-1.997751353,-2.890625421,-0.108679153,-1.132714576,-1.787806491,-0.245329818,-1.678948799,-0.940338304,-0.770189892,-1.040393581,-0.670470161,-1.3296263,-0.739823837,-1.171310098,-2.888933035,-2.617205652,-0.163312146,-0.525950483,-0.64058058,-0.946759438,-1.483882027,-0.571174134,-0.453922309,-0.69615648,-1.596883453,-0.450230241,-1.063579912,-1.689498243,-1.039255592,-1.006587522,-2.46376418,-1.429258623,-2.531793481,-1.157379695
-4.799342994,-1.576296945,-0.254499499,0.547564524,-0.407013406,-0.376462429,0.600132203,0.234505022,-1.186119406,-0.918692474,-1.287526205,-0.630037154,-0.058987032,-0.896442517,-0.023654105,-2.2795346,-0.817290164,0.468185547,-0.402880079,-0.624614972,-0.332493768,-0.37737668,-0.94135716,-9.499723305,-9.142245846,-0.720968297,-0.828160294,-1.022675471,-0.369252543,-2.092064404,-0.215056234,-4.566600232,-1.530949948,-0.089636527,-2.068955621
-5.137571442,-3.652846544,-0.785857876,0.143556952,-0.021650661,-0.053630722,0.121640758,-0.200479114,-1.285384282,-0.556490811,-1.879030832,0.282377804,-2.645610158,0.211968296,0.919789756,-2.200403974,-0.54351039,2.119098273,-0.05373891,0.463367959,-0.429615299,-0.029467869,-1.445028215,-7.467656375,-7.808296893,-1.301968004,-0.669436439,-1.383362402,-0.448840688,-2.379917708,0.003242018,-4.308691826,-1.005991702,0.09582591,-1.347266392
-6.383471898,-2.878723769,-1.093135392,-1.380574071,-3.082569074,-2.346528112,-1.548482432,-1.468519187,-2.056427831,-1.776260419,-2.048012068,-4.728153401,-7.243981963,-5.099809207,-4.329998027,-1.538288724,-4.139302309,-6.194638135,-3.687977448,-5.224109456,-2.217684584,-2.997418171,-1.285639996,-7.308001365,-9.207831147,-2.145217618,-2.867068552,-0.723132284,-3.125016749,-1.56754561,-3.125871093,-3.534974241,-0.753167855,-11.306997276,-3.749631391
-5.654147352,-3.966376119,-1.432194361,-0.875910718,-2.104245533,-1.186978776,-1.149273578,-1.677646452,-0.974380128,-1.09880733,-1.863093245,-1.282599016,-6.548025543,-1.728873751,-1.629389927,-3.431919435,-2.199066053,-3.119415355,-1.194927847,-1.916703923,-2.618341484,-2.880924354,-0.69226579,0.055518158,-1.794691053,-3.61295612,-3.086766553,-1.713540343,-1.800552201,-2.75499818,-1.859719746,-6.151166947,-1.156797485,-9.264156924,-1.691544838
-4.000869445,-5.073028329,-2.450682682,-0.637104116,-1.488823763,-1.440086386,-0.84494268,-1.990874623,-1.762380997,-0.873550395,-2.050790051,0.15544271,-5.210601213,-0.067430069,-0.045064604,-5.435036872,-1.460855753,0.368657791,-0.57617523,0.048380357,-1.117103778,-0.75450149,-0.416776338,0.97600129,1.19889566,-2.120999173,-1.265912811,-1.286243588,-0.693147703,-1.653646366,-1.053994701,-2.805875807,-1.071284373,-3.880152598,-1.675228147
-11.651352525,-5.930430883,-1.103765835,-2.604281319,-3.12934304,-3.92840225,-2.164817788,-2.280493044,-4.261504405,-1.611877042,-3.701128829,-4.144039295,-9.624021983,-3.75788107,-2.050680216,-4.333553273,-4.335785022,-3.270410763,-3.166211719,-3.939237103,-1.204652383,-0.358748687,-1.048605391,-10.824784172,-10.689126323,-2.117413545,-1.078792917,-0.232860382,-0.970247525,-0.232094763,-3.192377868,-1.458514454,0.151504326,-7.6942477,-4.151945823
2.519501535,-1.181894641,-2.177082738,0.819602499,-0.200194717,-1.524254299,0.732968303,-1.494863488,-0.088761039,-0.362542252,-1.228067816,0.003595671,-0.242301132,0.640226576,-0.031519316,-2.269431907,-2.979424393,-0.463879019,0.907201035,0.364367235,-1.048453475,-1.463995149,0.043921891,-8.397378018,-6.979901028,-2.62635518,-1.786965198,-4.052066759,-2.1456031,-1.251487654,-0.602500419,-1.661282678,-0.963533261,-4.07091367,-2.053233369
-8.098884243,-5.607522417,-2.887845897,-1.674887519,-2.238904898,-1.877273379,-1.485002781,-1.576922907,-2.433126698,-1.233417401,-2.686077232,-1.936824432,-6.381648656,-2.383404093,-1.808294915,-3.656192202,-2.092451823,-1.227190952,-2.478576171,-2.102656822,-1.481616693,-0.691858635,-1.336807327,-3.275624431,-3.824900941,-2.292145907,-1.538596284,-0.344820668,-1.387955063,-2.055186343,-1.702527191,-3.152151147,-0.983118862,-4.605364222,-1.462604232
-6.424541594,-4.403609111,-1.72873799,-1.268190881,-1.875232197,-1.35296607,-1.283382504,-1.863057133,-1.916168871,-1.304079799,-1.856781668,-2.230933362,-6.202929856,-2.262611101,-2.436845584,-5.444467535,-0.902757801,-2.344083616,-1.424434742,-2.295259715,-1.793384781,-1.942729918,-0.250479152,-3.32519515,-3.324469726,-2.739895046,-2.374787219,-2.213512065,-0.675014403,-2.816308232,-1.860119023,-5.262410687,-1.23413702,-6.890973055,-2.288410765
-10.35234357,-3.537347803,-2.641247716,-5.727434903,-5.718215868,-4.559913811,-5.706989468,-6.756996723,-3.646337481,-2.34663102,-1.340496068,-7.852780457,-8.829677339,-6.67561636,-6.473972486,-5.792674646,-4.469278216,-5.529947042,-5.508225204,-7.034632376,-5.297321544,-4.998599083,-0.852301195,-17.388124842,-15.19908946,-6.024697826,-6.776861089,-4.504681217,-2.342305622,-5.024494275,-4.108317785,-8.036477545,-2.656929964,-2.151827041,-2.348642037
3.24842023,-0.605772812,0.65256246,1.184779189,1.93143163,1.154242844,0.9970347,1.672494315,2.647274647,-0.054173831,-1.457928889,1.080594314,1.754822706,1.04555916,-0.303580487,-0.12190474,1.400804298,-0.775311752,1.034492091,1.132290358,-1.9919774,-5.019310175,-5.354991027,-6.852225032,-8.70084949,-3.804709369,-3.608337239,-2.583569808,-3.269072888,-4.57447856,1.322010721,-12.017183306,-2.280773934,-5.705680728,-3.437853133
-4.986482465,-2.479400173,-3.803405606,-3.112898531,-3.040110633,-2.75951982,-3.269063201,-3.026249077,-1.145926003,-2.696119383,-0.534476905,-4.62938808,-4.001594444,-5.235521576,-3.976694454,-2.978202202,-4.598244565,-6.671255477,-4.924423612,-4.79589953,-2.65154674,-6.707756043,0.823533613,-6.32262577,-8.136889655,-0.283286662,-3.274132238,-2.943759807,-4.206642941,-2.546990672,-3.953230695,1.038736714,-1.786105866,-2.836311515,0.09918035
0.458910561,-3.311491342,-2.590500146,-1.05620572,-0.571020336,-0.12061109,-1.030194005,-0.95346516,-0.508567161,-1.447471964,-0.66772461,-0.904063139,-1.546570433,-1.11945723,-1.915199342,-4.627519409,-2.083317606,-2.733058954,-1.955093468,-1.100009966,-1.125902948,-4.059889665,-0.391206949,-2.66190446,-2.836665754,0.085777543,-1.289738603,-2.573583553,-2.322974418,-2.129992161,-1.666787469,-3.264591802,-1.388801328,-2.017369923,-0.444374931
-8.659531441,-3.337539188,-0.741465813,-1.487214325,-2.986824731,-3.087179513,-1.312418323,-2.372564433,-2.596115557,-0.718728374,-1.478854475,-4.141294123,-4.336251621,-5.152361628,-4.891594627,-1.45950481,-3.134694171,-4.190218761,-2.486263421,-5.138358108,-2.788049764,-2.444951943,-0.828764803,-8.456529694,-9.953165204,-3.93333537,-2.541027079,-0.355939069,-2.093628495,-2.849501251,-0.904765384,-5.805220535,-2.074344603,-10.454463201,-3.954454041
-7.116825644,-5.143519016,-2.618763813,-2.434120304,-1.759923623,-2.91968215,-2.185488609,-2.377430388,-2.336882995,-1.873534402,-3.147159266,-2.022155526,-3.564492948,-1.476883478,-1.187688428,-6.084191398,-2.244738425,-2.021238118,-2.391554706,-1.340689745,-1.669074168,-1.047075703,-3.450898807,-2.862110696,-2.789963703,-2.557729452,-1.834471857,-0.952832385,-1.516224384,-2.47441791,-1.833990669,-2.901160527,-1.233946006,0.921466812,-0.790352783
-2.402234759,-2.283755796,-5.230069602,-1.545871672,-1.737463394,-0.619353694,-1.71188604,-1.090804315,-1.041400243,-1.68975643,-2.52479609,-1.880896064,-7.716666719,-0.387538049,-1.473727233,-1.735936853,-1.291748106,-1.663326321,-2.355814822,-0.741415561,-2.347202865,-0.810032013,-2.91379805,-1.147894959,0.909133706,-4.345516382,-2.365330415,-1.799433043,-2.505475684,-1.0144984,-2.725404056,-1.80228951,-1.093927227,-1.270232277,-1.153133821
-4.683144875,-2.933134085,-1.766584656,-1.79032883,-1.960522249,-2.073504462,-1.669743482,-2.596219634,-2.062522567,-1.128598477,-0.728289273,-2.390680813,-1.740865399,-3.367239911,-3.446078,-7.566736597,-2.720001997,-4.356487883,-2.589151842,-3.271329695,-1.801557628,-3.769436522,-0.076696755,-2.899371568,-3.322914897,-0.850464816,-1.983962858,-1.207830934,-1.920512707,-2.406467886,-1.618088818,-3.115327258,-1.468653916,-5.542405013,-2.235546535
-5.925233733,-3.680113014,-3.545349748,-3.038771654,-2.247037573,-3.021927695,-3.050129928,-3.245304071,-1.415221389,-1.545582082,-1.098877271,-2.64898318,-1.656739984,-2.861166264,-2.835264312,-3.328091651,-3.176929932,-2.465887915,-3.523348352,-2.656382572,-1.845638352,-3.556564017,-1.881480226,-2.126013612,-2.93128728,-1.654602901,-1.254580109,-0.271441808,-2.966235453,-2.970212045,-2.350265945,-4.272893643,-2.174808769,-0.763609484,-0.292667961
-10.347652732,-6.115454712,-1.657360802,-2.252665184,-2.60798166,-2.805051166,-2.086108299,-2.66470385,-3.371082521,-1.544001104,-2.663456278,-2.913705433,-5.664272347,-3.051294734,-2.804991143,-8.404663648,-1.655682238,-2.935441276,-2.524409763,-2.966640464,-2.018266075,-1.035529254,-1.601801689,-1.441249043,-1.063671475,-2.762065056,-2.083869397,-0.435907902,-0.767684873,-2.554663417,-1.528573532,-3.27173837,-1.693727496,-2.892747179,-1.616148653
-7.017319565,-5.118140579,-2.651343193,-1.283384449,-2.984955866,-1.845308513,-0.877028526,-0.215357756,-1.197679567,-2.375626148,-4.826595609,-3.481307383,-10.182877308,-3.528537404,-2.87322598,-0.073221666,-3.842059821,-2.90813904,-3.215011855,-3.557479439,-1.579236316,-0.027699749,-1.67485893,-8.067107082,-8.713716145,-3.475795143,-2.10335909,-1.663618538,-2.695184665,0.25781241,-2.292081417,-1.575009938,0.336584268,-8.762133509,-3.30836751
-0.237428562,-0.390729539,-0.837993764,0.321081875,0.214570676,-1.266826913,0.286779952,0.005656514,0.007593416,-0.572704601,-1.675391426,-0.502702393,0.680981665,-0.504668717,0.121561979,0.015208851,-2.606105972,-1.117765126,-0.166519332,-0.516225636,-0.292328183,-1.55596172,-1.621426997,-7.481572587,-9.012523099,0.156902832,-0.803770891,-1.499188126,-2.223933655,-1.192467605,-0.977719146,-3.251847058,-0.601024377,-4.374032541,-2.590117973
-2.66964673,-2.575946345,-3.560236947,-3.24583348,-3.972543363,-3.518328755,-3.053711516,-3.54540388,-3.070658586,-2.321582123,-2.036941969,-4.672936815,-9.819286329,-4.581152939,-5.016867244,-2.258322613,-3.849245358,-4.099714356,-4.222791042,-4.793441264,-3.807014508,-3.101797559,-0.700204305,-10.59542698,-10.273998267,-4.539444019,-3.619150476,-4.887893192,-2.44062471,-1.241920135,-3.996864363,-7.685786118,0.42119616,-7.083124327,-3.092922136
-1.578677109,0.572852219,1.281175483,0.659166395,-0.327722849,-0.995321231,0.87621873,1.273330525,-0.084334174,-0.651828327,-2.531766375,-0.835246328,2.089445525,-1.723275051,-1.043706433,-0.023317179,-1.306570198,-1.229961677,-0.373715554,-1.639712163,-0.947357022,0.616660971,-3.175160538,-15.146688728,-15.044267935,-2.365763603,-2.86392615,-2.194888513,-1.771446726,-1.898887423,-0.21871084,-6.005345798,-0.623762571,-9.193346541,-3.479665491
-6.755262156,-4.74821837,-3.668002635,-1.619840323,-1.601082075,-3.474518642,-1.942669534,-3.776654363,-4.666902379,-2.644106394,-3.880630414,-2.688261139,-7.99907122,-1.33138083,-2.199219504,-8.880776531,-5.76446825,-1.735113514,-1.048049541,-1.221074553,-2.316216541,-1.737042525,-2.278988441,-3.97711375,-3.802528474,-2.90307947,-2.484940232,-2.762936652,0.666684784,-2.660173112,-2.022892775,-1.559330096,-0.959115648,-0.888555173,-0.688712856
-2.404079495,-2.309886637,-2.985586299,-2.482376973,-2.297014245,-2.343551018,-2.460517228,-2.577058624,-1.898449855,-2.045622289,-2.32223905,-4.075099316,-5.675565325,-3.722268384,-4.27637197,-1.684150359,-3.148868861,-3.164307698,-3.142955341,-3.945838779,-2.637609914,-3.691710223,-1.011780629,-6.116425638,-6.66862159,-2.013207429,-2.613584415,-2.889870369,-3.133541402,-2.15380608,-3.642678913,-5.582677884,-1.064367758,-4.294584337,-2.128825689
-3.744256074,-2.228428984,-3.348318038,-2.597794197,-3.095325735,-4.026981283,-2.95174889,-3.420150434,-2.126003925,-1.441895257,-4.577971866,-3.05128071,-2.644912586,-2.570546521,-3.616249163,-6.160918963,-3.515194362,-3.266933768,-3.1390603,-2.837821732,-2.121534306,-1.690829607,-2.37686433,-3.078907069,-1.136435759,-4.320962949,-2.991471582,-1.402446655,-1.695244635,-3.007414714,-1.512614159,-5.829715107,-2.311059963,-3.371692846,-0.904703855
-8.743585233,-2.094315145,1.802379471,-0.434625475,1.851280574,-0.327548044,-0.099561351,0.132421093,-0.014398285,1.787550337,1.945424173,0.009287668,-0.0173147,-2.021401728,-1.633738903,0.650100914,-0.798932215,-1.390690978,0.770188745,-1.414185981,-0.241618219,-2.164585857,-2.122523124,-11.491995819,-13.902665804,-0.701244356,-3.167511392,-0.279020748,-0.065246732,-2.452745778,1.277669123,-4.29319571,-2.518456949,-8.786391987,-5.318450318
-2.475613594,-2.850020007,-3.440209976,-3.123979092,-3.17691997,-4.049911243,-3.265281968,-4.510511,-3.390002271,-2.371169729,-3.087079449,-4.176453607,-6.847786094,-3.635137002,-4.325891882,-2.822866239,-6.266501512,-5.347044745,-2.845608694,-3.730608777,-1.583781514,-2.394942541,-0.998411218,-0.452873559,-0.847892258,-3.301892956,-3.756813949,-2.319440332,-0.871439279,-2.417793618,-1.373518144,-2.038490436,-1.96497187,-2.725895822,-1.479263262
-1.767590719,-2.759575312,-4.371522493,-3.450425304,-5.063945683,-4.015996712,-3.757645466,-3.54730672,-2.484747579,-3.037532631,-5.448364922,-5.01033145,-5.242919157,-3.718523088,-4.547916787,-3.428047723,-3.810876901,-3.302229737,-4.914286764,-4.25251596,-3.736090481,-3.087437243,-1.026215586,-4.555212667,-3.993287986,-3.457974524,-2.378362904,-2.698363112,-4.333196057,-2.260239185,-4.987723202,-6.708905413,-0.941559808,2.637821428,-1.322908465
-4.181110671,-5.361356594,-4.482776463,-5.399401989,-3.936002088,-6.743072835,-5.224684071,-6.143556143,-5.058200294,-2.487517834,-5.822878051,-7.127501309,-6.472249938,-5.960254055,-6.361617054,-4.847132604,-2.889527431,-5.983152102,-4.716477339,-6.492999197,-3.143158108,-6.217566665,-1.762556766,-9.969499081,-13.983618961,-4.678759701,-5.959080281,-4.184490182,-4.061917114,-3.420784203,-5.182800839,-9.387667575,-0.724081522,-4.740689909,-3.886065242
-10.798098977,-5.822003298,-4.732127553,-4.971403536,-5.09605252,-6.315526874,-5.398740757,-6.605569083,-3.093004712,-3.731374706,-7.034883255,-6.619516609,-11.739833517,-4.456544595,-5.33011644,-4.799858315,-4.557928838,-5.789203886,-4.884083052,-5.156432371,-5.082198021,-3.381819573,-4.438417804,-9.064558142,-9.266157629,-8.057250441,-9.31595107,-6.338703944,-3.24287062,-4.204647592,-4.04792203,-15.607197114,-1.542388157,-13.296037375,-3.615909457
-3.738534022,-2.059877197,0.613223054,0.575219872,0.362447385,0.535135688,0.648931581,0.514089293,0.697242678,-0.862807141,-3.11685437,1.327178981,-2.119899732,0.781407724,0.153612002,1.563751173,-5.404321472,-0.486841808,0.709145198,0.853437626,-0.472096724,-0.580826158,-1.300304813,1.09372394,1.831160816,-1.442790577,-2.853813854,-1.899904548,0.230371965,-2.661813731,1.351126335,-3.807864935,-1.065347879,-3.444401653,-1.956719813
-3.574733459,-3.670150159,-3.84416818,-2.589225149,-3.11407172,-3.036075054,-2.748671662,-2.721623087,-2.599411395,-1.549746527,-2.466898356,-4.74884008,-3.200966859,-3.512659391,-3.210045531,-3.494130519,-2.700545667,-4.290628072,-2.739892437,-3.994791806,-1.72569334,-3.00604945,-0.752850081,-5.443117649,-7.094715806,-1.658522597,-1.660130426,-0.541439177,-3.194631852,-1.852121961,-2.848819362,-1.121202566,-1.648715604,0.28638706,-2.043295733
-4.077088945,-4.04446482,-4.841984665,-4.148545947,-4.488555615,-4.927225575,-4.143167251,-5.074897431,-2.451130336,-1.735977123,-4.444017694,-6.014277781,-4.948081398,-4.890257286,-4.919619559,-4.728625127,-2.113926847,-5.174964347,-4.724948884,-5.479106998,-2.213386967,-3.432364908,-1.122676701,-3.903686655,-4.537919274,-3.885604258,-2.858492588,-1.251239647,-3.940609255,-1.966665433,-3.532977391,-5.184245517,-1.611119509,-2.477748736,-1.964755241
-10.389354361,-4.205309286,-3.048005273,-0.86065429,-2.184355753,-1.288078955,-0.476093546,-0.291214451,-1.332515009,0.513599861,-1.176255198,-2.267191131,-2.80674857,-3.491667603,-3.897424544,-3.025928524,-3.723981045,-5.613498807,-1.607045145,-2.940846862,-3.309490864,-9.448583832,-4.315765095,-2.181022543,-2.446850509,-0.333846984,-4.250124825,-2.253503731,-5.445541141,-3.613557169,-1.878603801,-6.141993937,-2.755785524,-1.627728862,-1.544448847
-9.903854453,-5.945242739,-2.411164132,-1.15052315,-2.548703306,-2.519600833,-1.611287281,-2.096425672,-1.748047149,-1.742088973,-4.938362548,-1.47554777,-7.056054157,-0.663761409,-0.738004309,-2.299977936,-4.768323129,-4.487644967,-0.387925003,-0.988874669,-2.768537405,-4.823019431,-4.634972998,0.479927784,1.182024263,-3.197055,-5.380243129,-1.548806512,-1.80651853,-3.592580496,-2.290978986,-7.996751628,-1.215573776,-4.529244201,-1.629025335
0.262086201,-2.856820916,-3.627087976,-0.921202415,-2.439595367,-0.891580558,-0.691854633,-0.610658598,-1.355036178,-0.778533802,-2.395864647,-3.221621949,-2.159374544,-3.120563379,-3.095740853,-1.952085147,-3.986008022,-4.685477259,-1.867606188,-3.13277986,-1.977997442,-5.831303286,-1.575915366,-1.970260775,-4.117279462,0.122389483,-2.194343699,-1.138334841,-3.881253326,-0.572274429,-1.981842507,0.681057321,-2.002723071,0.928142453,-2.284569878
2.167717115,0.328506224,-4.291642054,-3.502568254,-3.008272967,-1.415292095,-3.833701426,-3.114499327,-0.871484633,-1.935217638,-2.196476169,-5.326811389,-5.532702882,-3.581502854,-4.49449123,-2.802042106,-2.148929996,-5.418110538,-3.685783303,-4.233112781,-3.087829743,-7.18623079,-1.084700557,-3.65344187,-5.46472115,-1.445655059,-3.729596654,-1.921531686,-3.635526826,-2.309905865,-2.27945964,-1.934920527,-0.93520065,-2.683028969,-2.619136164
-1.622140611,-2.702721778,-2.575552053,0.383050935,-1.270730672,-0.496114875,0.289375282,-0.642241394,0.01233826,0.433813384,2.008882732,-3.260403184,-0.052286482,-3.184207593,-1.836498292,-2.86650566,-1.210611166,-3.276618983,-1.282492946,-3.289696584,-0.074426051,-4.703255876,-0.859123607,-2.144954375,-4.93414675,0.841525731,0.219176112,0.294084691,-3.12296816,0.776645989,-0.743674892,5.511141111,-1.625449333,1.704055561,-0.579905318
-3.029279715,-2.308775977,-1.659342566,-1.041286825,-0.400249371,-4.004205343,-1.726443096,-2.801828344,-2.591565834,-1.601908667,-3.015110639,-2.66527035,0.114239604,-1.800804004,-2.41518878,-2.519174028,-0.952238611,-0.690385904,-1.339865226,-1.911621184,-1.000939158,-1.451393327,-1.702802167,-9.586848735,-9.083384426,-1.164982381,-0.598723153,-1.877183108,-0.875964368,-1.684545671,-1.351088505,-1.085878228,-0.503703172,-1.599324329,-1.575433075
-3.570564796,-3.774671378,-2.41744925,-2.059646039,-2.306388732,-4.399924192,-2.295825924,-3.27454214,-3.105391246,-1.576371812,-3.482234153,-3.424777626,-1.358208113,-3.248578129,-3.578539239,-3.007173461,-2.879158254,-3.402547437,-2.538990885,-3.299261944,-1.880660648,-4.593146391,-1.37262757,-6.719326593,-7.278835816,-0.986964356,-2.407732614,-1.85979198,-1.756837975,-1.942910662,-2.635676738,-1.094695197,-1.276802147,-0.779601006,-1.853355143
-1.077205336,-0.382039043,-3.365927088,-2.419642389,-2.080178935,-0.903593649,-2.303196693,-1.90432329,-1.440663248,-1.856543252,-2.576709509,-3.360673819,-6.375979892,-2.959370677,-3.805858815,-1.882984608,-2.990151591,-3.282479232,-2.699831645,-3.024642446,-3.270361947,-4.272221451,-2.029709268,-6.799634623,-6.956540176,-3.00105836,-3.21868628,-3.257878767,-3.209993677,-2.918128471,-2.25929792,-5.050278872,-1.837847966,-3.849709808,-1.788932347
-6.377024201,-4.887304478,-1.706070896,-2.097496688,-2.44083892,-4.927563599,-2.247716479,-3.028070247,-3.359852576,-2.450741465,-7.315161797,-1.787074144,-1.522025891,-1.289970737,-2.141841015,-2.126584087,-4.08598662,-2.327325874,-1.843161158,-1.394376351,-1.688734568,-2.338307909,-1.270791049,-4.618592209,-3.645519134,-2.578863835,-3.33928752,-2.028417771,-1.46340235,-1.416849999,-2.229110227,-4.059578063,-1.250547646,-3.222113205,-2.092405374
-2.281770875,-0.785899511,-1.937429884,-0.226316763,0.227122598,-0.547009216,-0.925405811,-0.998908025,-0.981630683,-1.268165497,-2.404912743,-0.781425152,-2.873106106,-0.209545983,-0.770245102,-1.863132034,-1.115363164,-1.786715127,0.506411364,-0.126307137,-1.442300666,-2.736794347,-2.640045742,-5.166998979,-5.846412129,-0.899597976,-2.036765778,-1.711457689,-1.514570273,-1.522034948,-1.282080976,-1.874642417,-0.594888111,-3.750450734,-0.950485573
-5.862533123,-4.301113184,-3.309783171,-2.115442396,-2.504983317,-1.453330959,-1.61965382,-1.739389439,-1.918369057,-0.917827796,-0.804199179,-3.308551388,-4.163697135,-4.072072501,-3.554802367,-2.378286348,-2.942625377,-4.517113909,-2.803674559,-3.789710855,-2.480315275,-5.171996694,-1.25560452,-8.735289337,-11.357899755,-1.658195962,-3.043902394,-2.395048675,-3.553441791,-1.836740595,-3.086473057,-0.668620246,-1.312706316,-0.788485627,-2.630684116
-4.497820071,-4.371258468,-3.465859909,-3.655023714,-2.663000288,-4.19319712,-3.620779683,-5.002765268,-2.428293017,-1.413145145,-2.370553981,-5.758223444,-2.388694413,-5.082555421,-4.700876086,-4.095986691,-0.503919467,-3.277268994,-4.791588526,-5.650614574,-1.398763041,-4.448107736,-2.962437517,-12.68804119,-14.190677711,-3.971996073,-1.845832994,-3.032155553,-1.409326476,-0.062634493,-2.874933734,-0.819661402,0.238930137,-1.605599392,-3.224700702
-5.723112435,-3.511441166,-2.264582143,-0.854913703,-1.299378662,-1.994586482,-1.334373512,-1.695580837,-1.428262365,-0.270501033,-2.462650786,-2.52258839,-3.174329525,-2.575825224,-2.269823773,-3.28854413,-6.343737277,-3.873610955,-1.265299001,-2.767457322,-2.06252559,-5.925003629,-3.632573503,-4.563955372,-5.947327575,-2.006743416,-3.899982013,-2.70216941,-2.693494161,-0.592027017,-2.476705645,-2.43777016,-0.162131057,-3.139629178,-2.28770008
-1.097707747,-0.832293429,-0.313993796,-0.875307488,-1.889709788,-1.892749036,-0.987188947,-1.551214588,-0.307982298,-1.995003879,-4.076458963,-0.53001884,-3.771695451,0.315688347,0.329255604,-0.180879957,-2.005979848,0.330411768,-0.515825989,0.226246443,-0.388288437,1.22990862,-1.969646547,-4.357388557,-2.945780744,-2.270736337,-1.745029436,-1.509070193,1.065620039,-1.882445506,0.110559968,-3.320583847,-1.221817195,-4.449143443,-0.973741773
-3.363091786,-2.750308681,-0.498724878,-0.742497975,-0.665467567,-0.08770389,-0.652971445,-0.72614959,-0.254059838,-1.276512526,-1.808979228,-0.754101276,-3.144669837,-0.443581792,-0.333275192,-0.346620518,-1.712268632,-0.281946674,-0.223775449,-0.408587248,-0.84480658,-0.890334515,-2.380671496,-9.124098881,-9.698340779,-1.120335186,-1.888523508,-3.151847608,-0.345434764,-1.980961034,-0.991019739,-2.031521638,-0.978627205,-2.803949627,-1.394509266
-2.070036676,-3.064996362,0.103131389,0.726083433,-0.39287367,0.851955243,0.91167487,0.62761302,0.524040779,-0.358763257,-0.77164138,0.062728281,-0.886776098,-0.343420041,-0.00680772,0.473283355,-1.172953693,0.245988047,-0.047081298,-0.285825256,0.251304659,-0.611653651,-2.694244071,-8.524494859,-7.784428537,-0.300908839,-0.408592584,-2.828769082,-0.279424628,-0.683298555,-0.124624942,1.327604893,-1.553558301,-0.837187465,-1.26420737
-9.144460562,-5.509791143,-4.158157102,-2.999610936,-2.299894398,-2.412408352,-2.586454955,-3.125949563,-3.605826605,-1.677125605,-2.352048334,-3.955885383,-4.126745769,-4.144452509,-4.439602835,-3.474518403,-2.03004667,-4.464502045,-3.417155972,-4.03635136,-3.421339709,-6.038903236,-1.334476366,-7.254587813,-9.205481679,-2.666001514,-3.383940559,-3.628033467,-3.6634486,-2.180743152,-4.217162252,-3.003974947,-0.684825757,-3.847763206,-2.833649888
-3.55620578,-2.93417097,-2.968121766,-4.430975304,-3.821748709,-6.749879453,-4.9398777,-6.102369571,-3.980748702,-2.32570724,-6.754223297,-7.028566462,-5.40485521,-5.588045118,-5.57084411,-5.3572729,-4.60318791,-5.521074356,-4.672960139,-6.231719992,-1.934746355,-5.229971623,-1.631009905,-4.898156362,-5.518955592,-4.176303198,-4.311921069,-2.129243379,-1.949376935,-1.251458112,-3.357947188,-5.209188111,-0.747578901,-4.909620814,-2.062658762
-4.961719227,-3.705517423,-3.025255713,-2.585342144,-2.624399181,-5.028704997,-3.177301898,-4.228043854,-3.111014359,-1.759080366,-4.80797845,-4.541426565,-6.133672327,-3.133765636,-3.136175245,-3.765388168,-4.95772407,-4.347183957,-2.109645186,-3.592995517,-2.896958034,-5.327807889,-3.125006887,-5.323620749,-8.167005412,-3.570921903,-5.368817671,-3.047961806,-2.512047297,-2.626240826,-3.389733292,-8.157130273,-0.405439154,-5.748127149,-3.59283857
-5.573782197,-4.507255694,-2.99502302,-2.559875643,-2.995299996,-3.790182607,-2.575296977,-3.532380549,-2.675091284,-1.042797024,-3.239885742,-4.243475152,-4.964989265,-3.918298327,-3.957649458,-3.551793286,-2.648990149,-5.349602635,-2.986084832,-4.147517783,-2.390065476,-5.838188011,-3.758015146,-6.47466674,-7.762705834,-3.059881969,-4.117950725,-3.355547831,-3.125899467,-1.712704762,-2.907548552,-5.821722202,-1.21345111,-5.65185869,-2.284467557
1.30481798,1.510468359,-3.738401234,-3.994439584,-3.583699763,-4.968457169,-4.064747482,-4.958808504,-2.097798544,-0.646357068,-1.467289802,-5.983247412,-6.002279314,-5.08774924,-5.423810419,-4.304162058,-0.241452507,-4.939432405,-3.43737427,-5.278236686,-2.420012995,-10.121800386,-2.420695323,-7.460371974,-11.459164886,-1.7854483,-5.44286211,-2.930500531,-4.775866797,-3.367281962,-3.278852024,-9.832121779,-1.710292706,-7.872743991,-1.995934789
-2.465982828,-1.483244759,-3.303633067,-4.886817786,-4.299761926,-6.806798084,-5.60056527,-7.395215413,-4.835854712,-3.276305579,-6.185168254,-7.411747463,-5.002788894,-6.054233746,-5.33631024,-5.319314171,-2.198064792,-4.165424718,-5.090129208,-6.734407747,-2.356457465,-3.63731495,1.037892893,-1.649588558,-2.453972674,-4.838243776,-3.339392942,-0.630426121,-0.569390925,-1.309136013,-3.249069655,-1.01754977,-0.768656878,-3.971175424,2.204588251
-5.401023993,-2.644885093,-2.028803347,-1.280598918,-2.333136994,-2.116384147,-1.146148588,-1.635323692,-1.80960446,-1.943559835,-4.431548672,-1.152898601,-5.017519371,-0.975795696,-1.109567326,-1.623801199,-3.429680778,-1.466541161,-0.599212409,-0.5897359,-2.797651897,-1.796260751,-1.748409394,-4.735156742,-4.823734005,-3.319626567,-3.507148368,-1.804424407,-1.46007555,-2.873276079,-1.325219245,-6.13494773,-1.560386119,-4.997687911,-1.975752306
-0.481783382,-2.85703403,-2.264380582,-1.894913164,-1.994477741,-2.286874345,-1.806311518,-2.591998888,-1.868788414,-0.71524667,-0.779478525,-2.895480569,-2.719479759,-3.773710727,-3.498030257,-2.353396333,-10.057467171,-4.797961618,-3.443671237,-3.608911026,-1.100923008,-4.543345663,-2.167761132,-4.966898669,-7.586918609,-0.919141133,-1.540335246,-2.366134568,-3.485931163,-2.18365738,-2.380606227,-1.468947461,-1.865668887,-2.858229516,-0.989328404
1.105500494,-2.154243977,-1.841973542,-1.817967305,-3.321217617,-4.298400759,-2.190166008,-3.763614907,-2.597641736,-1.425746813,-4.145736926,-3.090111573,-1.847669756,-2.731590201,-2.792314514,-2.385302533,-3.815213249,-2.047771475,-3.08466955,-2.953770598,-0.499420637,-1.088184234,-1.489866284,-4.820671359,-5.95375406,-2.502602357,-2.178200625,-2.140542753,-1.742997559,-1.183865392,-1.468154604,-1.715645186,-2.069713779,-2.189523381,0.232247617
-7.911989213,-5.680725517,-4.986777122,-3.220471408,-4.065498814,-4.577042995,-3.327597038,-3.664918097,-4.904753509,-1.994740755,-5.740166625,-5.051050076,-2.648419192,-4.937508258,-5.473346136,-4.308391877,-4.31585462,-5.387668174,-3.234166678,-4.84226726,-3.929556777,-5.975963243,-1.573695235,-4.629897473,-6.431180448,-4.086329554,-6.770712589,-3.794216884,-5.369986517,-2.862150513,-4.228454571,-3.188659918,-0.825472219,-2.743402353,-2.191903033
-2.993238023,-2.136437865,-1.111706689,-0.184853127,-0.748990496,0.068105699,-0.070983635,0.043881183,-0.760887554,-1.419816056,-2.453645878,-0.714922407,-3.256169875,-1.034470871,-1.160747102,-0.867496075,-2.562226234,-1.306807059,-0.467833032,-0.866291815,-1.6587847,-2.034304178,-1.829284816,-1.754282208,-2.292530419,-1.326824454,-0.894065234,-1.365785353,-0.680487,-1.86910019,-1.527321906,-3.26028926,-1.569335277,-2.711054436,-4.080247392
0.678025073,1.334446165,0.124894215,0.567440135,-0.061291571,1.443599991,0.680277674,0.971037151,0.337187856,-0.157853261,-2.085183536,-1.09169171,0.110176082,-1.594508982,-1.085678633,-1.298185535,-2.126721592,-1.454039517,-0.350495869,-1.747916717,-0.277178849,-2.330552256,-0.647712077,2.876678576,4.129621879,-0.441102066,1.173796862,-0.250370273,0.052807652,-0.064060631,-0.619981513,-0.180765845,-2.244853418,1.468878099,-3.138002292
-5.299567977,-2.363686289,0.024793677,-0.739296211,-0.280531137,-0.137463757,-0.658922193,-0.693952545,-1.421823957,-0.809604885,-1.91899959,-2.170109191,-3.821491281,-2.579219301,-1.99039179,-1.699679937,-6.467640553,-3.471067767,-1.417323152,-2.727255248,-1.004248356,-4.748468295,-2.645846209,-0.327073669,0.330008652,-0.94877806,0.001636925,-1.277498259,-0.683126348,-0.198429367,-1.708275432,-1.930716757,-0.60531382,-1.651052643,-3.838038425
-3.041596712,-6.141347635,-3.191644487,-3.538346678,-3.881096584,-5.197550096,-3.741912566,-4.756869017,-3.167461241,-2.16235626,-4.507834495,-3.146560534,-6.758684841,-3.284540161,-3.399091446,-2.204499836,-4.784716295,-4.525069837,-3.723496728,-3.292043524,-2.578744595,-2.696758372,-2.063869295,-6.587136692,-8.364722297,-3.404792874,-4.374855297,-4.684872201,-2.252027786,-2.843788241,-2.806246445,-5.773533998,-1.300034476,-5.781092277,-7.253857592
-4.959178343,-5.319346121,-2.620888879,-2.264755347,-3.039222778,-3.081025933,-2.375673928,-2.777815575,-2.71150624,-2.108967902,-3.265872998,-1.527933162,-4.438615273,-2.220723648,-2.254726444,-1.58360411,-7.512785202,-3.450819153,-2.681777187,-1.942221519,-1.46924612,-2.493463252,-1.830054753,-5.895077757,-6.553768298,-2.111897236,-3.988690038,-3.138262963,-3.534378878,-2.839995807,-2.090678156,-2.828299239,-0.926028831,-4.188009676,-2.159137055
-1.457942609,-1.545735809,-2.122048247,-1.163582538,-1.446271471,-1.846613397,-0.841523497,-0.993018036,-1.044590566,-0.510723461,-1.367419271,-3.465909868,-2.932650955,-3.589860679,-3.766512558,-2.786641291,-4.130441662,-4.792541214,-1.860473075,-3.860901517,-2.68646917,-7.124941778,-2.927159385,-1.630093658,-2.319349429,-2.077891532,-2.564446193,-2.570955869,-2.529985836,-2.390420595,-2.717267984,-5.300581135,-1.590381295,-3.429271898,-4.133438422
-0.494779911,-1.119912625,-4.061735001,-4.197271731,-3.719202077,-6.038858343,-4.41864247,-5.504721701,-4.110242868,-1.946405726,-5.622815912,-6.231779589,-1.708171194,-5.585307877,-5.746752302,-4.756618304,-1.523688448,-4.720766673,-4.281255663,-5.985944237,-2.576954548,-4.120882678,-1.121365322,-4.611703267,-7.799543818,-3.656890995,-3.220536944,-2.332071123,-4.329920516,-1.236640624,-3.920428616,-2.979032895,-1.527479597,-3.587994564,1.15747093
-3.637619323,-1.309733081,-0.941169231,-0.791340201,-0.9781808,-1.07271967,-1.064600837,-1.686232002,-1.727147564,-1.473535708,-3.534361913,-2.659972843,-2.269363128,-2.688608378,-2.344340519,-2.577811559,-5.046159209,-2.317327961,-1.523540816,-2.744204004,-1.147994622,-3.712395397,-1.151706697,-4.147994471,-4.468273537,-1.360928267,-2.124931819,-1.17112586,-2.013880188,-0.176533615,-2.00890473,0.029279975,-0.004901821,-1.602810244,0.098562595
-0.549347096,-0.513577892,-0.225970109,-0.662265669,-0.833986427,-0.902268678,-0.594385392,-0.511017957,-1.048930817,-0.862781179,-1.76678297,-2.196153517,-2.34987563,-2.459893375,-2.065431989,-1.612657255,-4.297905902,-3.032405066,-1.255283487,-2.700010454,-1.180376387,-2.917551298,-1.699472309,0.091324457,-0.710004096,-1.403189206,-0.13143651,-1.185010087,-0.357993017,-1.404647023,-1.717749562,-1.391618657,-1.41981406,-1.561567624,-3.719836788
2.37804936,1.330187318,-1.662826512,-2.934396532,-2.498775453,-4.678979696,-3.099195527,-3.444980756,-1.977314156,-1.19768882,-6.052189033,-4.897713958,-1.609832755,-3.369803053,-3.286700053,-2.866814452,0.362792771,-1.88082595,-2.756613285,-4.582189976,-1.494583059,-0.476787056,-1.004412203,0.43994963,-1.314760974,-2.288668181,-2.121723874,-1.708949466,-1.140270347,0.019148232,-1.750121707,0.98777294,-3.033997428,-0.437814496,-2.617886849
-3.914432087,-3.11209737,-1.779636969,-1.101351656,0.242986675,-0.62644646,-0.679404441,-1.162062116,-0.913351555,-1.154527793,-1.818509133,-1.677374935,-4.225343371,-1.450746378,-1.821959447,-1.80015959,-0.928013236,-2.081140855,-0.074987811,-1.294449015,-1.462273342,-4.943414408,-2.161185997,-7.491791611,-9.24784956,-1.228688142,-2.29748625,-1.742829267,-0.090117926,-2.678353793,-2.62407498,-6.260125872,-0.244636048,-7.555237888,-5.411307881
-1.968579393,-0.526409526,-1.325132037,0.695062411,-0.037325608,-0.951017803,0.206043988,-0.147924299,-0.004949755,-0.141307819,2.12171207,0.876921901,-0.024821999,0.948812701,0.401363294,-0.419484127,-2.793770319,0.993602824,0.332484811,0.910903142,-0.287395395,0.446919621,-0.819088072,-2.986682967,-2.588309085,0.281184056,-0.073578482,0.010930855,0.00718575,-0.379035857,-0.623841423,-1.002993422,-0.80426,-2.057397329,-2.269801325
-6.161601742,-3.550739728,-2.769749041,-4.001184014,-3.663142993,-5.73220602,-4.282012916,-5.572830859,-3.060452239,-1.624460564,-5.122447277,-6.671938355,-5.214824035,-6.226063573,-5.886532022,-5.184279366,-8.77696253,-7.781119153,-4.710877909,-6.677374578,-2.48044926,-9.158799671,-4.417688676,-5.417998148,-6.43218175,-3.525799384,-4.890254673,-4.093161647,-3.753950229,-2.537745273,-3.637645132,-5.927028524,-1.465814957,-5.684136094,0.39395503
-6.576786608,-5.767633637,-3.039578529,-1.504496801,-1.913318307,-1.16245474,-1.37762934,-1.470713322,-3.345068221,-1.288103688,0.065410259,-2.447308097,-3.549982665,-3.194482829,-4.09319983,-2.488819433,-11.222810416,-5.933253755,-2.69440583,-2.882303565,-2.355358994,-7.482327361,-3.777486926,-2.15442731,-2.134352651,-1.689424213,-4.25764244,-4.237435216,-4.677175326,-4.715891485,-2.436308492,-4.455348827,-0.908201101,-4.733688568,-2.438539782
2.062858488,-1.403611263,-3.521634591,-1.422664017,-0.873871508,-1.523114023,-1.309404681,-1.129657549,-3.709200346,-0.688707109,-3.598968218,-2.571892683,0.597222624,-0.933400387,-1.183976841,-2.177777736,-5.959012698,-2.280293356,-1.079377025,-1.947639378,-0.167629716,-0.728566021,-1.14360344,-3.480771522,-5.528393191,-0.433127775,-0.592201346,-0.123177448,-4.90181702,-1.866767245,-3.029391621,0.865419179,-0.267568105,-5.451643559,-1.679584414
-1.094333244,0.246859074,-1.6706695,-1.895314258,-0.623174471,-4.280879849,-2.28136743,-3.423385861,-1.098984412,-0.617985899,-2.020125261,-2.359240887,-1.720043544,-0.867433921,-1.117625864,-2.311816274,-0.651218087,-0.041439887,-1.14555902,-1.501906805,-0.698596429,-0.506732332,-0.706220678,-7.562052152,-8.917568732,-1.454627128,-1.688685021,-0.488222675,0.826559838,0.048004475,-2.048949452,-3.135488187,-0.507125498,-4.391109734,-4.867852605
-4.568703087,-4.034905163,-2.564009887,-2.972990883,-2.114672575,-4.784026234,-3.493038363,-4.862393565,-4.489504144,-1.47792168,-3.975949118,-6.417764043,-4.734144029,-5.478577767,-5.175186748,-4.766089157,-9.804840559,-6.999175783,-4.565121287,-6.387644677,-1.751747848,-6.34345497,-3.663278037,-3.942503336,-5.191833953,-2.248458509,-3.517258636,-3.045910455,-3.860713234,-2.137650281,-4.198034183,-2.501505244,-0.116123187,-5.61969974,-1.864446069
-3.62507879,-2.77387161,-0.77682834,-1.273227183,-1.107366383,-3.08205618,-2.222983578,-2.620637135,-0.782014197,-0.836398208,-0.935555755,-2.30721503,-2.845459275,-2.731356164,-1.772397134,-1.890670257,-7.295502044,-2.620749828,-2.088189882,-2.903759219,-0.244062308,-2.302418233,-1.865638213,-2.045035972,-1.22864639,-1.838301999,-1.455392386,-3.21605242,0.657478162,-1.472675465,-0.922044037,-1.152255266,-0.404340116,0.482743157,-5.916867305
-2.453483237,-1.9469018,-1.556277275,-0.744908453,-0.033445579,-1.497892855,-0.843620707,-1.497895885,-2.077189279,-0.890164069,-2.406949551,-1.636875493,-0.636462738,-1.479385954,-1.264942579,-1.47016697,-1.33739094,-1.245589182,-0.853620033,-1.772917636,-1.176663771,-1.635014688,-0.403774039,-2.368155652,-3.013952043,-0.738338648,-2.372880995,-0.698705862,-1.306445623,-0.787563658,-1.989854764,-0.126169867,-0.219205185,-2.348522673,-2.569514601
-1.726544206,-0.96384707,-1.61978473,-0.59992571,-0.738034265,-0.744957181,-0.330778226,0.331575567,-0.446608854,-2.556348342,-0.975434477,0.4158325,-1.489274308,0.512826942,0.153059586,-0.275280661,-2.717652563,-0.949510428,0.396469409,0.443882975,-0.989196913,-1.353938363,-1.751393823,-1.311063279,-2.306296236,-1.81171807,-1.521474878,-1.564920698,-1.639494742,-1.274412329,-0.660529115,-0.051537378,-2.046626596,-0.957187367,-4.650232475
-2.18567561,-1.017050594,-1.477149278,-0.799293068,-0.534692337,-1.89164211,-1.028840156,-1.415665294,-0.675201806,-0.626171059,-1.984564259,-1.120316375,-1.111846721,-1.320817545,-1.020687443,-1.219660793,-0.015966615,-0.594465554,-0.408251692,-1.449847354,-0.90319141,-1.570052266,-0.296091462,-1.700639051,-2.262602998,-0.888560299,-2.119330098,-1.482871176,-0.652994766,-0.453689829,-1.189057001,-0.870315422,-1.692912556,-0.736194639,-3.060504834
-2.51818988,-2.723481722,-1.61703613,-0.693816241,-1.179302068,-0.809927785,-0.716307982,-0.997207501,-1.499813242,-0.628509746,-1.655083128,-2.540039285,-2.676832353,-3.17217035,-2.994077831,-2.604408144,-5.844750439,-4.375998629,-1.905086985,-3.172611646,-2.155909267,-6.273396937,-2.939536527,-1.57245274,-1.909801014,-1.804411128,-3.140760062,-2.379995069,-1.801968927,-2.461457906,-2.41316216,-3.738912553,-0.142494348,-2.682910116,-3.192974519
-0.824432721,0.730605862,-0.942271538,-0.238898032,-0.730257168,-0.500229241,-0.058843427,-0.272274288,-0.568649823,-1.757149128,-2.319297945,0.208185377,-0.783636856,-0.09677202,-0.267335391,-0.6582257,-2.500737668,0.099747299,-0.226169779,0.116204777,0.413111806,0.018067513,-0.559194308,-2.213497709,-4.080435102,-1.002732727,-0.436299185,-0.690215624,-2.35498736,0.024667498,-0.509567951,1.632840201,-1.143277781,-0.591879785,0.553956362
-3.39069317,-2.210141227,-1.375121655,-0.524996668,-0.99200823,-1.18158341,-0.569478585,-1.266079897,-2.899668968,-0.744547874,-3.483344512,-2.989643137,-1.606522426,-3.448121257,-2.657088424,-2.80035662,-4.187078863,-4.418474891,-2.609636813,-3.310734857,-1.117801279,-2.717382151,-1.699601758,-1.165395193,-2.135635947,-1.347712616,-2.389129257,-0.929667826,-2.228377959,-1.672563401,-3.197623462,-3.021730431,-0.53468829,-3.566859486,-1.018256545
-3.444844008,-1.521742672,-1.266492388,-0.976505497,-1.414715117,-1.198106925,-1.195180656,-0.872905013,-0.867483207,-1.441725432,-0.918446555,-0.1832039,-2.188331021,-0.965542095,-1.193023257,-0.557596752,-5.188899535,-1.748070735,-0.847370626,-0.679766015,-0.031963819,-1.04321263,-0.484780077,-2.337519411,-2.716211841,-1.574737114,-1.019498533,-2.222105159,-0.15569512,-1.978989664,-0.600044427,0.308031337,-1.052664069,0.039792277,-3.596657892
-3.806894829,-3.183352182,-1.563366278,-0.983464086,-0.667181505,-1.478473954,-1.015066601,-1.360924393,-2.277842308,-1.055715226,-1.955418114,-1.690864703,-1.454393262,-1.979920291,-1.559682338,-1.380112062,-5.756186058,-2.685438163,-1.286344918,-2.096339266,-0.798003193,-2.126687679,-0.982727883,-1.935409772,-2.437185396,-1.19193938,-1.592863973,-1.737392305,-1.076405984,-1.962105416,-1.857589781,-1.848962149,-1.10409626,-2.320535515,-4.07814541
-0.412230159,-0.107213436,-0.862790523,-0.363075903,-1.007731584,-0.718402871,-0.409487365,-0.091264108,-0.368882283,-1.459817539,-1.516183421,-0.598261567,-2.397041245,-1.428316637,-1.191448375,-1.364438184,-2.579586875,-2.493372764,-0.590749855,-1.144110464,-0.360295292,-1.866140601,-1.10350474,-1.366224912,-2.041393833,-1.821398235,-1.711585743,-1.585408517,-1.167885901,-0.995422103,-1.170850943,-0.069804548,-0.029463519,-1.596037525,-0.449878816
0.293971049,1.071282918,-1.071994486,-0.45236535,-0.728304432,-1.361748256,-0.345271705,-1.717232752,-1.293421779,0.402449517,-2.139594661,-1.490231268,-1.010710328,-1.748445873,-2.020843236,-2.342903775,-7.458418744,-1.040676981,-1.485037433,-1.762367974,-1.565941093,-2.143748894,-1.152771632,-2.075045301,-3.970382015,-1.153546532,-2.026259802,-1.064240557,-0.239975136,-1.184100279,-1.520960348,-3.139555269,-0.255035779,-2.374284621,-0.380351467
-1.369230517,-0.498157611,-1.031572752,-0.32024061,-1.253471987,-0.248952131,-0.408269418,-0.209627888,-0.496014348,-0.408666563,-1.211064945,-0.083082397,-1.772805403,-0.703730132,-0.986739411,-0.665234156,-1.778486564,-1.20262268,-0.625558042,-0.601790804,-0.459112483,-1.449209425,-0.541322247,-1.921062406,-2.595652566,-1.134862772,-1.248107328,-1.00898544,-0.417979698,-1.617951817,-0.590799721,-1.418385951,-2.196783744,-1.788415847,-2.80729328
-0.89144832,-0.697132934,-1.272287007,-0.430795453,-1.081203199,-0.677690708,-0.33736424,-0.398081733,-0.442207581,-0.752378958,-0.84418438,-0.290564978,-1.785733492,-0.808773924,-1.178739473,-0.996765084,-3.700670906,-1.301198833,-0.487737837,-0.737515356,-0.636475844,-1.573758058,-0.48037538,-2.119485628,-3.015428775,-1.346439873,-1.660215884,-1.099285861,-0.39920649,-1.352196994,-0.852597527,-1.609526619,-1.077404735,-1.504222332,-1.818321494
-5.352315775,-3.604815381,-1.123237541,-1.585730524,-1.038055187,-2.955885098,-2.014100943,-2.477729432,-2.479635758,-1.991583074,-2.738371597,-1.596637064,-3.382958016,-1.373588067,-0.885295749,-1.361522406,-3.513077451,-2.208623529,-1.754871418,-1.458639698,-0.893798117,-0.934819902,-1.667555869,-1.049742948,-1.429779072,-1.584323915,-1.779435589,-2.376636413,-1.840729743,-0.458045609,-1.92888293,0.407886295,-0.922803383,-0.573187896,-4.639886593
-5.802245855,-5.959499099,-1.206596132,-1.314210066,-0.919782211,-0.170923709,-1.659122716,-1.023577955,-2.619239216,-0.95475743,-0.275506927,-0.564087023,-1.079363639,-0.868562503,-0.898225972,-0.271095864,1.559464256,-2.46285396,-1.646493729,-0.793601974,0.113239363,-0.105308502,-0.23133051,-1.511477497,-1.012488496,0.537577874,-0.734860452,-0.428662621,-0.863388376,-1.897914895,-0.59376872,0.535855174,-2.516468345,-1.768231905,-8.156971039
-2.256404884,-2.717601467,-1.40530841,-0.988800665,-1.063021774,-1.477728267,-0.920394575,-0.812556017,-2.530499941,-0.851090199,-2.21503076,-2.292947236,-1.450701043,-2.711303628,-2.518589835,-2.281315611,-6.237994085,-4.666044668,-1.727946503,-2.996563232,-0.744324158,-3.220497893,-1.064581788,-0.454569455,-0.835555444,-0.896290982,-2.15017535,-1.316094723,-1.574299702,-2.414017882,-2.136360407,-2.902969333,-2.364677455,-3.43399494,-1.455349856
-3.134896052,-2.963651619,-1.591678974,-1.262179622,-1.398456621,-1.1152788,-1.456014453,-1.429465875,-1.352099168,-0.097553939,-1.440743577,-1.200495645,-1.548984441,-1.781440877,-2.24363888,-1.121998993,-4.359398103,-2.508382954,-1.596520642,-1.684580922,-0.909345357,-3.339021786,-1.109790326,-1.77335229,-2.166026098,-0.8849283,-2.038538603,-2.033496415,0.090975639,-2.427242781,-1.212772294,-3.093568723,-2.34505025,-0.584661364,-4.305630851
-0.059372034,-0.274618814,-2.056850427,-0.630401592,-0.273820193,-1.808371187,-0.67930074,-1.051640119,-0.743455054,0.168294522,-1.407882538,-0.722851631,-0.794823387,-0.694538389,-1.263565577,-1.307688461,-6.17126871,-0.927992683,-0.345889015,-0.60375957,-1.691266085,-3.085524672,-0.519785318,-1.617026784,-2.307776895,-0.672755402,-2.360272909,-0.889340668,0.132799484,-1.61535773,-1.392705257,-4.158823535,-2.435847337,-1.38673352,-2.201661619
-1.737570834,-1.886878166,-1.564886566,-0.851307265,-1.077738327,-2.145464575,-1.047925879,-1.777370141,-0.622932947,-0.81355431,-1.460884225,-0.969809409,-3.057626223,-1.067518725,-1.170665042,-1.750816715,-3.548830774,-1.384541263,-0.878539853,-0.969498124,-1.74084097,-2.687729196,-1.606286944,-1.390596801,-2.869193747,-2.134776558,-2.345880821,-1.503566857,-0.774311547,-1.371789547,-1.526567763,-1.151251248,-0.924720438,-0.50133243,-1.737881981
-0.885026113,-0.772261215,-1.669895058,-0.781289878,-0.997528945,-0.596597958,-0.84739084,-0.595710108,-0.372618394,-0.551397254,-0.700576574,-1.193779515,-0.601426398,-1.714596469,-2.196101328,-1.183200794,-3.261197987,-2.901435639,-1.998087269,-1.795668329,-1.098340719,-3.699876782,-0.717272586,-1.901033043,-1.774402581,-0.915698181,-1.934545844,-1.494968255,-0.011883435,-2.546457174,-1.617918829,-3.816088098,-2.56495346,-1.240566221,-2.871266979
-4.730141469,-3.663311415,-1.19084901,-1.619528586,-2.059721513,-1.61532738,-1.961230989,-1.842444331,-2.7444959,-2.175618566,0.192843716,0.068693047,-0.731228765,0.130222479,-0.96814377,0.07065623,-3.464235822,-1.474000496,-2.110868562,0.003642072,0.777568156,0.213696729,-0.484712839,-0.512765396,-1.412532883,-1.112799536,0.844286498,-1.684565162,-0.43417875,-1.63599416,-0.403726064,-0.662790685,-0.470798073,0.381147487,-5.100156491
-2.346322816,-3.0680051,-1.280759604,-1.468096841,-0.909927399,-2.19388901,-1.554239662,-1.648249405,-3.004822187,-1.472701913,-1.802999774,-0.772781041,-1.738847062,-0.278185724,-0.15440291,-0.49928145,-4.497745909,-1.488680901,-0.928924076,-0.687808758,0.477501849,-0.798468206,-0.761955077,-1.504939037,-1.994456546,-0.448283656,-0.250088126,-0.519842476,-1.602647799,-1.026159346,-1.267047745,-0.426322506,-0.82699291,-1.389751413,-3.613808465
-2.750990849,-1.832629207,-0.569467673,-0.862921389,-1.185357718,-0.89508876,-1.132733378,-0.594852373,-1.692623345,-1.361219749,-0.44652789,0.510754369,-1.015244466,-0.231675817,0.333388732,0.81218371,-0.573773191,-1.824617509,-0.433378804,-0.352755687,0.986256256,1.395105218,-0.27187446,-0.949242503,-2.128301802,-0.184858162,-0.124828342,-1.417818661,-0.600718151,-0.610067256,0.012029152,0.519566792,-0.410709456,0.309842317,-7.086288615
-0.788899822,-4.635282492,-1.532898896,-0.755050727,-0.60140391,-1.43581161,-0.877137203,-1.05220189,-0.840548139,-0.469369095,-1.860676592,-0.803013646,-1.638709743,-0.757463849,-0.949189326,-0.805685309,-2.293057663,-0.193203355,-0.923570789,-0.686325802,-0.713762267,-1.446818519,-1.043973444,-1.949671965,-2.794862707,-1.025691509,-1.614641363,-1.221905131,-0.20086619,-1.509776999,-1.626612542,-2.458922006,-1.692248883,-1.300098672,-2.28546866
-1.003726072,-1.182530716,-0.74697915,-0.46458356,-0.98252519,-1.008162587,-0.530648114,-0.427935313,-1.379417338,-1.210884406,-2.26086089,-2.791779217,-3.15776019,-3.150794853,-2.322785324,-2.76756096,-5.938351543,-4.217636531,-2.2647174,-3.551643087,-1.310247054,-3.608546158,-1.613935623,-1.135851797,-1.230522262,-1.66600371,-1.75665946,-0.738813458,-2.399671557,-2.274893768,-1.83182388,-2.105305096,-1.199156129,-2.371510489,-6.102797282
-1.83982163,-2.74103085,-1.145752532,-0.919486209,-0.920127579,-1.456272199,-0.9858857,-1.022905411,-0.819536179,-0.156206908,-2.371161907,-0.096341423,-2.34859251,-1.13176991,-1.276931448,-0.85334831,0.796808701,-0.241186041,-0.55796412,-0.77629741,-0.426022896,-0.993183577,-1.108933067,-1.385474975,-2.787707898,-0.352550455,-0.412141531,-1.31268234,-0.299274993,-1.024093502,-1.434815025,-1.579321126,-2.053938687,-0.733685742,2.009167436
-3.37609204,-1.93072377,-1.421546011,-0.448856604,-1.605496415,-0.221725958,-0.586657493,-1.054268751,-1.277092183,-0.709820309,-2.077845427,-0.586260386,-2.236831886,-1.744571513,-1.877530199,-1.53217053,-2.744166779,-1.318010087,-1.358386101,-1.665833013,-0.116948856,-1.097152661,-0.851221425,-0.807547104,-1.918367173,0.008077289,0.317418828,-1.600499211,-0.253035305,-1.46269271,-1.122927115,-1.608299309,-1.868712872,-1.534983171,-0.822896259
-3.630586914,-3.341189191,-0.84125228,-0.278231042,-1.455109863,-0.812653424,-0.420939542,-1.059259536,-1.921649219,-0.382310641,-3.166514336,-1.402075808,-3.385700753,-2.080407981,-1.874846341,-1.663157743,-2.341219849,-2.385439016,-2.221981769,-2.18020593,-0.99745708,-1.361037622,-1.017401831,-1.60476869,-2.279416921,-0.540255514,-1.81672104,-1.766804087,-1.301765272,-1.907503284,-2.940165435,-2.154460182,-1.831455224,-2.25874909,-1.24103229
-1.477928886,-0.71145042,-1.212190171,-0.635799211,-0.656284061,-0.988118064,-0.729114,-0.173207957,-1.041674347,-1.197540129,-0.319467141,0.14025183,-0.126015583,0.072975079,-0.054328815,0.455078855,-0.003113629,-0.378282578,-0.348237203,0.080020386,0.053654187,-0.149689767,-0.190221038,-1.208452334,-1.730392047,-0.26340564,-0.828319219,-1.223793282,-0.215502746,-0.863089589,-0.310156684,-1.217653432,-1.21445706,-3.347846927,-5.135667523
-2.608558824,0.241868851,-0.577255291,-1.024176023,-0.892627831,-1.851687251,-0.973619113,-1.564793228,-3.021295817,-1.551049127,-1.945508451,-2.748650733,-1.524547613,-2.327199434,-1.913681007,-1.556278399,-1.949272852,-2.336569472,-1.548412318,-2.508877549,-0.719587183,-0.903742779,-0.744468715,-1.301534034,-2.422484883,-0.682805596,-2.253430953,-1.21564785,-2.552864382,-2.033129082,-1.902492907,-0.782701141,-1.444802579,-3.416009932,-3.205889544
0.185075066,-4.094110493,-1.039826216,0.080692595,-1.150676971,-0.095588432,-0.288644529,-0.125511422,-0.306068892,1.132607014,-2.581230735,-0.084790748,-1.504829782,-0.352746216,-0.207787212,-0.537075982,-0.135179536,-1.488717482,-0.4983812,-0.966376589,-0.584384527,-2.93907678,-1.008692802,-0.928355005,-0.936711947,-0.715625975,-1.317287664,-0.291717059,0.944600546,-1.230131484,-0.84359828,-1.971371183,-0.809837391,-2.012595236,-5.812054476
-1.444897777,1.359483033,-0.406057333,-0.334259546,-1.110962557,-0.820580483,-0.403950104,-0.582798865,-1.212071388,-1.481302016,-0.874977687,-0.938029407,-1.427654188,-1.5285027,-0.921323265,-0.25741297,0.489311638,-2.524098452,-0.821792081,-1.581129111,0.113749238,0.12485525,-0.191636926,-0.713251064,-2.162995268,-0.401830997,-0.986234506,-1.015067296,-1.286550808,-0.248823929,-0.059781442,1.405409254,-0.602288458,-2.610943493,-1.396118503
-0.920930425,-3.773014299,-1.372604074,-0.978627652,-0.357545827,-1.759584348,-0.949998091,-0.889369726,-0.950702227,0.155724238,-1.897853652,-1.826629399,-1.13820122,-1.258653733,0.234773233,-0.770656883,-0.816973571,-0.732464887,0.353267008,-1.140042656,-0.027087804,-1.791017022,-0.678376946,-1.993676256,-2.150398382,-0.105546487,-1.165541874,0.236192207,0.177738372,-2.612902208,-1.413630193,-4.495288491,-2.722796159,-1.252080006,-3.759382372
-2.270425681,-0.179393689,-0.855769431,-1.067141486,-0.789865971,-2.089706871,-1.304025367,-1.84279236,-1.374954945,-0.984179196,-2.287491408,-3.073206115,-3.299851018,-2.73388775,-1.468114919,-2.42093378,-3.205528239,-2.817549738,-1.412971452,-2.771203034,-1.34942385,-2.042656761,-1.753243214,-1.892750759,-2.90705996,-0.885879161,-1.074431488,-0.042630313,-1.925400613,-1.131252605,-1.352359471,-1.846096462,-1.880195892,-0.49131526,-2.637134805
-1.305574381,-3.63563336,-1.688143754,-0.171735348,-1.03811762,-1.148283436,-0.501008012,-0.82283057,-0.627123012,-0.239458054,-1.461015601,-2.344382188,-3.683426636,-2.046352225,-1.209474851,-2.239164047,-2.543744705,-2.850488965,-0.758869295,-2.254313394,-1.618285097,-2.617993782,-1.967886057,-1.021158811,-1.162770624,-1.752332158,-2.267703971,-1.075970896,-1.253460889,-3.79841874,-2.587137925,-1.211976548,-1.181367675,-1.262943482,-1.80412616
-2.336420464,-2.161339889,-1.585811521,-0.51128785,-1.565444923,-1.737163677,-0.856120108,-1.339860336,-0.827450929,-1.392495174,-0.335804429,-1.185152513,-3.628331285,-1.840599426,-1.533817213,-2.133551836,-1.195664715,-2.564963075,-1.592654532,-1.899525947,-2.083572979,-0.77676051,-2.460867256,-1.047929041,-1.345471504,-1.476911671,-1.648972108,-1.034345429,-2.265140972,-1.576764875,-1.252991547,0.398432329,-0.569886774,-0.650099135,-18.409919977
-3.49331155,-7.405770809,-0.260399651,-0.673641337,-1.600997435,-0.632747199,-0.54309045,-0.606883745,-1.701067173,1.007167602,-1.512963969,0.025902586,-2.93011373,-0.919956716,-1.328910753,-2.192250082,-1.101664849,-1.578146278,-3.165817412,-0.741116007,-0.747671393,-2.301332339,-1.555139526,-0.759232833,1.055145305,-0.592794624,-1.223955177,-0.878451025,-0.200015248,-1.408078978,-2.846504869,-4.880327063,-1.912166002,-2.726386904,-1.760998188
-1.813956234,-1.327322214,-1.278352373,-0.804576165,-1.073941861,-1.855039382,-1.017006289,-1.630779148,-1.63423294,-1.146345306,-1.62958504,-1.865116759,-2.761748508,-1.978246989,-1.473944864,-1.69559892,-1.266888682,-1.693234434,-1.128250865,-1.960801188,-1.34129453,-0.802397161,-1.399973218,-1.237882085,-1.772878366,-0.807987277,-1.654763589,-0.943004741,-2.103175113,-1.176568895,-1.733800373,-1.641758251,-1.752311192,-1.257100932,-9.811194524
-3.745831118,-2.689456197,-2.515411928,-1.092946353,-0.910170945,-2.379816667,-1.362266904,-2.251015863,-1.774885373,-0.622901435,-1.13808882,-3.125245962,-4.29924438,-3.035949806,-1.163242571,-2.465112512,-1.27573514,-3.390499505,-0.330562883,-3.027194059,-2.311751825,-1.913749757,-2.716842387,-1.301377253,-2.388119218,-0.8701552,-1.208998187,0.205098957,-1.398966792,-2.410284336,-1.244215823,-2.157079639,-1.266996374,-1.35391909,-14.439934125
-3.713765848,-7.063852319,-2.017085141,-0.842144581,-1.500033227,-1.214877364,-0.612353788,-1.511316856,-3.323420081,-1.214457398,-2.529233885,0.010994902,-3.17769835,-1.252738721,-0.200370845,-1.7819746,-1.230730799,-2.310365909,-0.742740868,-0.87112346,-1.247669128,-2.801116915,-1.425178209,-2.442876394,-1.115479965,-0.10152479,-2.348207037,-1.224323217,-0.858290429,-1.828180525,-2.886431319,-6.804158661,-1.342025022,-2.513518339,-4.780847406
-1.141093685,0.287356945,-0.260491,0.417830406,-1.077364433,0.33595889,0.531301837,1.186985816,-0.021469602,0.391015286,0.46530687,0.981922701,-0.162648419,-0.050212136,0.221131538,-0.263292297,0.136827553,-0.62459272,-1.936100946,0.221792737,0.142940908,-0.134196405,-1.058218167,-0.987588109,-0.505924056,-0.15148414,-0.357957258,-0.603958731,0.514911693,-0.488699876,-0.217469614,-1.755485563,-1.56074174,-3.433466872,-9.867743492
0.297848826,-3.281554092,-1.540135204,0.445683085,0.855481499,-0.287220634,0.212221073,-0.056724928,0.55180235,-1.617690828,-0.508881261,0.398015095,0.426024422,1.341806228,0.44948791,1.266904226,-2.880454672,0.101648597,1.368217635,0.832794368,0.265056025,0.369711645,0.432221858,-1.95361911,-2.607342702,-1.158971039,-1.63840424,-0.324098064,-1.026214961,-1.488099034,-0.17919484,-0.820986125,-1.97257991,-2.776744778,1.827640238
-0.237930719,-0.628067718,-0.466044513,-0.526536308,-0.487038635,-1.670583413,-0.70705822,-0.962927061,-0.037228006,-0.269471594,-0.753917538,-1.900483639,-1.755496175,-1.607150218,-1.177448438,-0.697329487,-0.274172564,-1.171255024,-0.448330789,-1.772949788,-0.895461873,-0.377322762,-1.420795815,-1.308113668,-2.427431961,-0.858181858,-1.314719127,-0.469709241,-1.501410534,-1.143486,-0.711910494,0.913993278,-2.350970779,-1.567338371,-10.667623964
-0.083343958,-4.222574333,0.160513285,-0.454635897,0.030718652,-1.041406366,-0.639647546,-1.11026169,-0.856021505,-1.281913608,-1.542728293,-1.702430437,-2.231009483,-1.130602775,-1.828022548,-0.629934341,-1.426458693,-1.240691713,-0.881470195,-1.416882664,-0.734746175,-0.795116807,-0.644164117,-1.311728272,-2.047289169,-1.320802076,-1.116920083,-0.953101151,-2.020722071,-0.900191576,-1.722531712,-0.464808507,-2.302711588,-1.142639201,-2.881759281
-2.480166861,-1.611024338,-0.666915573,-0.978992018,-1.851572844,-2.366451238,-1.036139869,-1.812844393,-2.134003608,-1.534389431,-1.418935737,-1.818207702,-3.600762876,-2.64956402,-2.290637267,-2.408061824,0.025530828,-2.923879371,-2.326905491,-2.626646246,-1.732652623,-0.834702523,-2.041467796,-0.862709449,-0.654901868,-1.02743392,-1.657034663,-1.375166517,-2.115805147,-0.319187295,-2.379792459,-0.859510882,-0.770934246,-1.066138359,-14.049612737
-1.71087781,-3.893746392,-1.65232204,-0.35349554,-0.757944549,-1.32372776,-0.569098625,-0.802448576,-1.136336533,0.147204947,-2.011128529,-0.687679715,-2.376049019,-0.484113547,-0.227409823,-1.563598167,-1.015146974,-0.833268223,-1.103565063,-0.495636779,-1.149589388,-2.1092179,-1.687672162,-1.057406492,-1.267551442,-0.432345809,-1.221550787,-0.68226561,-0.257370406,-2.805719839,-1.811494703,-3.72996763,-1.054652626,-2.551409852,-6.637125656
-0.671686014,-1.327941935,-0.139873185,-0.483003754,-0.886754856,-1.894484297,-0.76119678,-1.186045638,-1.026410977,-1.370608897,-0.316976319,-1.252332769,-2.827615926,-1.189280368,-1.722480003,-1.204121787,-1.2111867,-1.853010344,-1.543027935,-1.514963903,-1.437745416,-0.498860063,-1.872400007,-0.759517254,-0.915091663,-1.651848462,-1.236419412,-1.022020535,-2.021282716,-0.85567577,-1.329108648,0.192241072,-0.788428966,-0.761940974,-12.698301771
-1.199378848,-3.907066967,-0.55776673,-0.071899891,-0.6141999,-0.82454507,-0.52348699,-0.898309249,-1.24616987,-2.417822061,0.282211031,-1.136083632,-2.107886611,-1.679287538,-1.596813025,-1.010246839,-1.384166423,-2.13305281,-0.580396502,-1.747605352,-0.89975339,-0.582753979,-0.777263624,-1.828057065,-2.019539283,-1.678525599,-2.353028633,-1.740301744,-2.34740807,-1.764197516,-0.968263625,0.115713314,-1.824245477,-0.990497384,-11.299647397
-2.325888331,-5.133577541,-1.284425384,-0.770176465,-0.511342915,-1.559519226,-0.862948508,-0.973572086,-2.187004789,-0.666294607,-2.17952447,-2.022094104,-2.538534274,-1.858620808,-0.954463259,-1.287903789,-1.646543822,-2.248381864,-0.9914712,-1.904604625,-0.962060178,-2.02392586,-1.011646545,-1.931707945,-2.552884076,-0.703729868,-1.889220869,-0.409577564,-1.046394972,-2.670815131,-1.619328216,-1.661940447,-1.864979742,-1.390155353,-4.585384867
0.452483908,-1.842273569,-0.815118364,-0.488913703,-0.206869749,-0.408254826,-0.334851935,-0.11822074,-0.512619493,-0.086140098,-2.292652036,-0.781050932,-1.729577352,-0.64977061,-1.311093392,-0.164443615,-2.215537066,-0.424175396,-1.482229803,-0.819443456,-0.087211864,-1.246243381,-0.64996607,-1.157143148,-1.824572319,-0.824567586,-0.447515704,-0.857775553,-0.149601392,-0.440943009,-1.231138842,-2.563081384,-1.902161475,-2.967514566,0.560099666
-0.737722693,-0.410101038,-0.400585777,-0.300548774,-0.418829186,-0.571469547,-0.392587933,-0.218200878,-0.911271311,-3.925942835,-0.508375918,-0.272713312,-1.866257671,-0.236186434,-0.287788856,-0.965920638,-1.068925655,-0.336440056,-1.433966487,-0.166441764,-1.422277645,-0.301528369,-1.748060441,-1.355675941,-2.194832303,-0.789026751,-0.564919891,0.099485199,-0.655937433,-0.828361666,-0.840060475,-0.948433615,-0.624789386,-1.935861183,-9.700834091
-2.481863101,-2.151843533,-1.228860074,0.160700312,-1.09688095,-1.780205792,-0.246003717,-0.635550207,-0.972628508,-0.210209464,-2.683972849,-3.049057448,-2.527488064,-2.793628544,-1.134075364,-2.101224171,-0.527075774,-2.526575112,-1.344082603,-2.767784514,-2.380819512,-0.102756768,-1.288556799,-0.940298109,-1.628723918,-1.857613721,-2.416734183,-0.480994483,-2.450295389,-1.090795949,-1.611893326,0.637679337,-2.177949904,-0.495059544,-15.827271619
-0.147447849,-1.532674755,-0.887673505,-0.53846826,-0.233367671,-0.773662638,-0.295457263,-0.144024341,-0.337869889,-1.969778548,-0.906050681,0.512106793,-1.03528322,0.225178318,-0.740037071,0.075273308,-2.070475592,-0.231382904,-0.756056553,0.131324851,0.230990943,-1.346780748,-0.603507253,-1.440878338,-1.607347102,-1.152777076,-0.870671856,-0.952071345,0.255794283,-1.64738104,-1.563622442,-3.21346125,-1.685180072,-3.054298807,-0.892716194
-3.594839409,-3.680007197,-1.263871205,0.322056332,-1.390665947,-0.336671035,0.087135048,-0.505111584,-1.113733316,0.853797267,0.497749513,-1.15681784,-0.951076132,-2.163488347,-0.689095058,-1.471798214,-0.828804989,-3.297115684,-0.967070605,-1.967623165,-1.061678397,-0.680905388,-0.612844348,-1.211313208,-0.667973111,-0.659216352,-1.832846833,-0.622990202,-1.68304154,-1.491239918,-1.546304355,0.854624168,-1.298927155,-2.183210767,-14.809220198
-0.318900357,-0.73707442,-0.276680808,-0.851710841,-1.340037695,-2.58944659,-1.268635612,-2.049087886,-1.164101368,-0.626858764,-0.991113987,-2.248415227,-3.449332987,-2.082572886,-1.683406102,-2.161413819,0.155156044,-1.692316221,-1.469005435,-2.181168701,-1.67574744,-1.213773267,-1.635639088,-0.448659326,0.453908776,-0.502431234,-1.02089965,-0.883854506,-1.68963395,0.988082902,-1.58555343,-1.845599706,-1.878040219,-0.372955262,-7.845544379
-0.587283424,-2.034640319,-0.904914477,-0.499168889,-0.783200315,-1.188360156,-0.406878359,-0.604361391,-0.448621366,-1.089014921,-3.092687853,-2.785654266,-2.634716537,-2.347162037,-1.58284856,-1.520734279,-0.612959721,-1.34612568,-1.632200706,-2.323602555,-0.976570341,-1.53865084,-0.662026082,-0.490539312,-0.700674324,-0.678421403,-0.411281015,-0.663535804,-0.570151824,-0.179016637,-1.943340972,-1.528844676,-2.161823303,-1.416774265,0.394517052
-2.032195456,-3.196536673,-1.288692735,-0.428506448,-0.620063244,-0.722176707,-0.113513962,0.070208043,-1.099700491,-2.488418419,-3.14833978,-0.675399694,-1.875210143,-0.696587568,-0.578193968,-1.075599866,-1.904991596,-0.557332033,-1.238294318,-0.541441879,-0.960288616,-1.513108969,-1.105616759,-0.717948722,-1.368291137,-0.926703017,-0.416033529,-0.825199365,-0.134491517,-1.749813288,-2.058608511,-1.729211462,-0.783781567,-2.329950447,-2.420235545
-2.765060563,-4.419915641,-1.858506928,0.14786384,-0.472263062,0.277571012,0.095947308,-0.007390989,-1.551656504,-2.995857826,-0.989176608,-1.290669793,-0.823407828,-1.092546233,-0.107635859,-1.70398791,-1.470015297,-1.420760543,-1.830277764,-0.912813104,-1.39412688,-0.934564076,-1.128556133,-1.174675805,-1.521399353,-0.987471666,-1.076291929,-0.435625224,-1.365680098,-2.258211444,-1.126470714,-0.271192666,-1.412548877,-0.94139179,-14.440034323
-1.100983674,-2.895770772,-1.315397797,-0.039177362,0.096260159,-0.029695196,0.365964223,0.923157777,-0.787829672,-2.598054895,-2.562810093,-0.396505884,-1.923795205,-0.195300936,-0.302177192,-0.272362808,-2.608829878,-0.484025837,-0.743010842,-0.275725958,-0.608195243,-0.886209162,-0.868631196,-0.916674925,-2.974950263,-1.092680133,0.135692066,-0.139894284,0.056744856,-2.250810355,-0.937867393,-0.781231596,-0.207462066,-2.191893177,-3.148725666
-2.853679718,-0.923587426,-1.013588963,0.106964709,-0.992544759,-0.417672403,0.096491527,-0.044824098,-0.780927295,-0.465473246,-1.237098087,-0.509811711,-1.010451896,-0.949615863,-0.473193835,-1.247653497,-0.784252099,-1.565971666,-1.17009234,-0.668850754,-0.622890571,-1.330265042,-0.808107396,-0.852912822,-1.116218233,-1.181799448,-1.930289668,-1.229383013,-0.558890855,-0.889112505,-2.365284866,-1.476984395,-0.164283432,-3.027667394,-7.633790455
-6.226181354,-2.967964634,-1.357192432,-3.141578441,-3.046144328,-2.850625468,-2.840623574,-2.405109201,-1.085598739,-0.470619698,-3.534578882,-3.075084129,-1.670154369,-2.138891918,-2.159558321,-2.472756793,-2.0809435,-2.548191231,-2.327250777,-2.452839485,-1.468961142,-1.325066923,-0.037020121,-2.180828126,-4.477883369,-0.845381373,-1.543957701,-0.846287382,-2.075759382,-2.283087857,-4.224434465,-0.785945828,-0.004603134,-2.323538471,-0.941803324
-6.98327786,-3.134756026,-4.160701836,-4.663977236,-3.377247897,-4.262282924,-4.751731483,-4.631057562,-4.838545126,-4.252709532,-4.466007288,-4.761994452,-6.158258613,-4.90585275,-5.446638882,-5.561569121,-3.253742673,-5.231112543,-4.57387001,-5.184649251,-6.082886528,-7.57252255,-4.014585448,-9.219882084,-7.818213079,-6.461300184,-9.069770517,-4.182867471,-2.822828521,-7.585009843,-4.504770113,-0.692851326,-1.304605092,-3.520583681,-20.069910474
-2.144103799,0.340857346,-1.451142256,-1.194461557,-1.317862072,-0.283517518,-0.921265841,-0.735240569,-2.203849907,-2.357763372,-2.560204371,-1.335540028,-2.658284667,-1.881748637,-2.785274767,-1.822866816,-1.026740204,-2.791673611,-2.622049526,-2.135890953,-1.278468312,-4.692859094,-1.256051914,-4.099497731,-1.927183392,-3.324719335,-4.377117393,-2.904146123,-0.255139322,-1.720726363,-4.161681042,-2.820427674,-0.801167331,-4.560382979,-3.286456595
0.981851917,3.448531979,0.965623487,0.659005538,1.230108647,0.639235294,0.664897093,-0.396738609,-0.180375215,-0.974310876,0.301595444,-1.00872931,0.296836197,-0.035573644,0.257958794,-0.232078497,0.920520483,0.16348832,-0.528677228,-0.022425345,0.686048835,1.051323401,0.420313845,2.792565313,2.340445763,2.279394399,0.845511308,2.600744283,0.447824693,1.297343337,-0.145463001,-0.810122745,-1.666027521,0.467601383,1.567564295
-2.560118304,-6.708507953,-1.469751882,-2.382188988,-1.500095885,-1.566632174,-1.685391749,-1.022687145,-1.811818498,-1.965887367,-3.169607787,-3.936429833,-3.181624592,-3.228905291,-2.349317884,-2.96249992,-1.901022339,-3.477803304,-1.926689623,-3.261110721,-1.534759685,-2.123017234,-1.319826548,-1.001790133,-1.938729153,-0.969238904,-1.389250133,-1.251447123,-2.45282781,-2.259404389,-1.584813805,0.388475455,-1.243721447,-0.888431703,-11.857219137
1.129224486,-1.328900736,-1.060362001,0.873916419,-0.17238365,-0.317572903,0.440170337,0.596346518,-0.268336294,-4.169071278,1.053651431,0.478899862,-1.61317468,0.078554581,0.150466011,0.698063369,-0.842361224,-0.399908734,-0.270109086,0.0596204,-1.244456991,-0.332069578,-1.313646279,-1.289674421,-1.337182913,-1.019087534,0.389401759,-0.554885863,-1.484709375,0.106688106,-0.234704219,-0.993113332,-0.11993049,-2.418106855,-11.671591893
-1.775890694,-4.17220136,-1.070385075,-1.125260969,-0.542476268,-0.660404721,-0.760558865,-0.546602702,-1.940918986,-2.618458489,-1.996703632,-1.31033141,-1.728079267,-0.680536801,-0.536824857,-1.640822767,-1.222977975,-1.754081289,-1.211941418,-0.816452435,-0.784617846,-0.577870731,-0.896252901,-0.707665969,-0.889019512,0.222218713,-0.557435629,-0.133362179,-1.531307265,-0.788915094,-1.711949918,0.303667873,-0.541648926,-1.966996943,-11.036184241
-2.751397691,-1.992951303,-1.874749121,-3.085321287,-1.750599672,-2.435900191,-3.061875088,-3.206382122,-1.706786614,-2.068093675,-1.982244349,-2.528590321,-2.537479107,-2.249530547,-2.296786869,-2.374630075,-2.043584231,-2.820477891,-1.985386363,-2.610076173,-1.799768242,-2.826877645,-1.585198281,-3.033311873,-3.655819476,-2.119271257,-3.065767026,-1.628160425,-1.550745868,-3.031500785,-2.425952161,-1.282495864,-1.322833947,-2.631056944,-6.707480609
-1.632572981,0.925047287,-0.919349231,-0.27922727,-1.006860015,0.075783096,-0.799144947,-1.545036607,-0.804644683,-0.085433157,-2.055075988,-2.64574698,-0.714893635,-1.679606808,-2.492776187,-0.124819994,-1.40731612,-0.358762757,-0.91334402,-1.373444849,0.112204178,-0.694860033,-1.894507575,-0.483490764,-2.428547588,-1.525048577,-0.708476128,-1.40111785,0.892749763,-3.799614483,-1.874402108,-2.58543319,-1.397827777,-0.202605855,2.741752183
-3.24229625,-5.807521595,-0.952437312,-3.448996351,-2.302076474,-3.426641389,-3.10653168,-2.426494547,-2.064591623,-3.601339442,-2.253322723,-2.209983015,-2.963066149,-2.353709638,-1.565562468,-3.596458364,-1.858570079,-3.888410716,-2.297923778,-2.753826262,-3.256548227,-3.31135717,-2.279334843,-2.689750916,-3.477560767,-1.463942541,-2.498744528,-1.404663069,-2.979913289,0.277697417,-2.830608025,0.086698968,-1.081289718,-2.722351227,-16.703625072
0.397729919,0.634722873,-0.534457207,-0.840408561,-0.394438944,-0.582237703,-1.31384716,-2.691290402,0.4520921,-0.879862207,0.810517473,-0.141959454,-8.229310583,-0.352993213,-0.532162659,0.057925242,-3.260207326,-0.71902369,-0.523936123,-0.674108982,0.33646374,-1.134240618,0.26371021,0.202772554,0.222468388,-0.262392055,-0.786600657,-0.170231945,0.072630682,-2.65993844,-1.743361664,-1.248438911,-0.822421685,-3.862352307,0.495994516
-3.32192007,-2.621150272,-1.348705718,-2.544763806,-0.954294105,-1.805103396,-1.678310002,-0.833727808,-3.455382631,-2.509657008,-4.027929886,-2.408483475,-0.535259337,-1.89308367,-1.676806645,-2.704170866,-1.013539848,-2.58983731,-1.793818303,-1.834431044,-1.504033452,-1.813396581,-2.440100072,-2.620910951,-3.937655,-1.345262293,-2.121899351,-0.690341141,-1.330513485,-3.437590779,-2.244292815,0.54217203,-1.409395063,0.273212418,-10.852989216
-1.882286923,-1.653065994,-0.10439655,-0.606155599,-0.111777011,-1.018374635,-0.337387961,-0.210981327,-1.41837289,-2.400648324,-0.938306492,-1.630999843,-1.44681236,-1.765595536,-1.385271316,-1.76681083,-1.977449094,-2.060203218,-1.125903632,-1.773903255,-1.446260919,-1.569891699,-2.504856399,-1.036847407,-0.745789694,-1.643375947,-1.086975574,-0.323817844,-1.003093133,-3.793375179,-0.190506421,-0.86751934,-1.567812961,1.167109903,-10.027723581
-2.855435482,-2.645441446,-0.186746672,-0.078247556,0.702199266,-0.028845404,-0.098189066,0.732836644,-2.302751698,-4.435258348,-1.137764424,0.876203317,-1.400215111,0.501166582,0.487774578,0.30589169,-3.47965906,-0.341076779,0.085259389,0.612083753,-0.964616119,-1.181903411,-2.26761444,0.113715788,0.702860902,-0.836200927,-0.602902378,-0.728144272,-0.738793172,-1.643739531,0.95073453,-2.026993403,-0.98161186,-0.449390264,-12.920851693
-1.27326282,-1.88755584,0.214305278,0.707219005,0.869298478,0.762503107,1.25543792,1.444227937,-1.839846789,-0.8247399,-1.720754105,-1.680042286,-0.727614487,-1.700172826,-1.142845211,-0.906727209,-1.40317889,-1.344132501,-0.079328098,-1.415455498,0.072298551,-0.54423623,-1.578051207,0.641593162,1.68544065,-0.39598209,-0.233367471,-0.243609696,0.470327824,-3.235669501,0.309825777,-3.118856418,-1.48462487,0.316988868,-2.35307469
-1.623410219,-1.618197206,-0.369037168,-1.117393776,-0.994496373,-0.860993262,-0.837569505,-0.773358514,-1.463917751,-1.380927282,-2.653240133,-2.074025311,-1.601935099,-1.558855948,-1.01649529,-1.440864791,-1.283937574,-1.845391372,-1.253284444,-1.610702754,-0.684307665,-1.064286487,-0.72790001,0.075213904,-0.274085385,-0.053557354,-0.326647808,-0.56504117,-1.194835928,-0.956253984,-1.106433196,-1.512840634,-1.181395174,-1.940055189,-4.145099249
-5.058417296,-4.027324072,-0.767878527,-2.212138548,-0.675546807,-1.208875117,-1.821603073,-1.788293626,-1.024524475,-1.250944284,-1.295775071,-2.214236512,-4.326600084,-2.317611541,-2.13336409,-1.999457144,-2.415382268,-2.701872827,-0.917255543,-2.518308547,-0.416710319,-2.025827248,-1.114587164,-1.041591249,-1.88753073,-1.475857884,-1.483660949,-1.210553792,-0.396676393,-7.048610715,-1.073742317,-2.634294884,-2.040812211,-2.171757276,-0.085390862
-2.226806314,-1.078738232,-0.139399091,0.118040735,0.223419456,1.192257055,0.807957888,1.064903946,-0.001995359,-1.179835801,-0.565947202,-0.728520197,-4.446138706,-0.54022608,0.145033639,-0.650914215,-3.182646143,-1.150100664,0.135789069,-0.847695215,-0.099408843,-0.747311823,0.167876911,-0.388178425,-0.817640541,0.713402514,0.879503979,-1.596598333,0.82534685,0.303415029,1.059253667,-2.343108486,-1.713952464,-4.805079865,0.216247014
-2.326687996,-4.207893909,-0.97873188,-2.856982359,-1.436077685,-1.943616467,-2.975220096,-2.968890011,0.009708679,-1.495392753,0.190881106,-1.50241082,-6.92316521,-1.43733939,-1.432295651,-2.26715374,-3.68688806,-2.537815779,-1.939132093,-2.058510491,-1.827894973,-2.661282621,-0.567222476,-1.777942321,-3.574121353,-1.352427395,-2.072691516,-1.379675426,-0.967020217,-2.90610849,-1.659653212,-2.770384689,-1.506228195,-3.732131946,-6.533631038
-3.528498343,-2.843932114,-0.702734581,-3.288512992,-1.811323689,-2.67955913,-2.735383513,-3.101799594,-0.48154886,-0.433233449,-1.907303043,-3.554258593,-5.715493626,-3.13452273,-2.810462359,-3.969936541,-1.92209057,-3.719712765,-3.080859393,-3.573159986,-2.555915889,-3.133447582,-0.107794115,-2.182608295,-4.225715993,-1.397787259,-2.858516235,-2.032572056,-1.20408048,-3.889713376,-2.564918519,-1.506179172,-1.754386453,-2.915167273,-3.55337974
-4.146707049,-4.045792453,-0.817104648,-1.741569075,-0.547366214,-0.477452787,-1.425058914,-0.657074194,-1.437111712,-3.781217749,-1.492305848,-2.521227218,-2.222687888,-1.708134452,-0.503228643,-0.819792297,-3.292426436,-1.422280944,-0.423566198,-1.586163308,-1.452292306,-1.432557729,-1.822197135,-3.155358953,-3.889514639,-1.513035674,-1.853619922,-1.537954239,-1.278077484,-3.179514269,-0.717639403,-2.701191416,-1.277221135,-2.304492437,-9.698089305
-13.580602099,-1.138737613,-0.417011151,-1.099580975,-0.789053229,-1.844167287,-1.020330395,-1.622371148,-0.734033418,-1.344081217,-1.183860295,-2.883266144,1.25606514,-1.961064352,-1.611060097,-0.190036106,-1.905135565,-1.583115301,-0.680583457,-1.725447805,-1.046672586,-0.590483061,-0.748730148,-1.350369351,-0.408646486,-0.538567225,-1.095592771,-0.381757033,-0.938804666,-3.272620216,-0.823800179,-0.043507745,-2.41659082,0.996975938,-3.279755277
-6.877740068,-1.899983695,-0.40062292,-0.778818473,0.601700642,-1.135832389,-1.114013831,-0.66773824,-1.422956719,-3.264167332,0.644526524,-0.133290802,1.275212623,-0.442910497,-0.586964177,0.487363835,-2.954137409,-0.142522916,-0.227961005,0.029084728,-2.071703325,-1.888872473,-2.727686742,-3.350577288,-4.64031417,-2.533196212,-2.819694211,-1.87142174,-0.674074146,-7.944731048,-0.65794588,-1.430390827,-1.867937469,-1.192426033,-12.301214872
-6.750797078,-0.432227937,-0.056540645,-0.125496807,-0.309613097,-0.19322216,-0.037944869,0.885847344,-1.005676043,-3.526246511,-1.408820982,-1.673755844,0.227835822,0.065182313,0.711074859,1.380993607,-8.205193829,-1.266142578,0.534938794,-0.015284509,-0.040264099,1.421469103,0.338963576,-0.899302493,-0.608413364,1.372645619,-0.736646773,0.683374802,-1.559225437,0.341645042,-1.637805948,-0.995700634,-1.646961952,-3.357512904,-1.809963964
-0.179387587,-3.575058701,-0.78310104,-1.530868337,-0.486337976,0.033506169,-1.396695967,-0.126121437,-1.321050283,-3.414018326,-0.438683498,-1.383427709,-5.979268427,-0.757317863,0.21523523,-0.300954486,-5.962981382,-1.210813149,-0.300084574,-0.832344154,-1.590320618,-1.505416661,-0.660720312,-2.847036135,-3.401023046,-1.088648929,-2.813232239,-1.284586557,-0.96050124,-2.639766354,-1.241184063,-2.489723286,-1.162240973,-4.630235193,-1.253705562
-7.39008076,-1.270396186,0.096273681,-0.489374177,-0.210695678,-1.240300807,-0.261504794,-0.507810174,1.159707275,-1.404715935,1.226919973,-1.02546359,-1.091749174,-0.593107618,-0.273647837,0.120210081,-4.561082336,-1.382303171,-0.437989715,-0.791941011,-0.816377973,-0.044043913,0.176671713,-0.167468599,-0.983186922,0.337663385,-0.037740105,-1.094843086,-0.521983284,-3.157960081,0.048944387,-2.530278396,-1.709285463,-3.19290427,-0.622294746
-3.808482858,-3.381926875,-0.694733256,-2.0548628,-0.84077577,-1.854147944,-1.574506679,-2.09610125,-0.037800658,0.080415635,-0.132002935,-2.081110302,-6.098338595,-1.78559233,-1.334373913,-1.985705924,-2.118304864,-2.371664844,-1.460284882,-2.250733052,-1.039778284,-1.80333627,0.030561645,-3.115787178,-5.425638589,-0.445732674,-2.615106339,-2.011329846,0.024746486,-3.148798189,-0.489290763,-3.080384439,-1.753433994,-2.91113144,-1.014152542
-7.063693416,-3.633090777,-0.244447307,-1.011081476,-0.496358758,-0.65447029,-0.540477394,-0.630462109,-1.466678829,-1.571008013,-2.077308423,-2.396450446,-4.032780216,-1.541526744,-1.053287694,-1.253350851,-3.008087796,-1.989905117,-0.544820344,-1.734392773,-0.67997608,-0.880822249,-0.144580331,-1.523991843,-1.725605192,-0.1719245,-0.724283305,-0.934483486,-0.437254821,-1.983629684,-0.356277604,-2.097762307,-2.0449365,-3.108607958,-1.488122479
-2.970989016,-2.732705546,-0.4943989,-0.379820427,0.128017081,0.548661129,0.167120792,0.391274758,-1.785048489,-2.910057881,-1.378594799,-1.510416691,-2.122325756,-1.48830581,-1.211573946,-1.177701944,-4.107501706,-1.549671705,-0.844607899,-1.507419485,-1.574298859,-1.50014097,-1.615792911,-4.237816163,-4.832305281,-2.231265195,-2.920108212,-2.644820447,0.099817316,-2.598172509,-0.645166487,-3.972856194,-1.175548857,-4.267495875,-2.132420924
-10.101096971,-3.736734535,-1.418016099,-2.172259495,-2.342661964,-3.546591945,-2.407479863,-3.251596468,0.442273378,-1.925047636,-0.2961014,-2.632853824,-3.841089241,-1.360852527,-0.547565088,-0.732777403,-2.865488244,-2.225747458,-0.634047801,-1.63388008,-1.159384588,-1.222826174,0.630825563,-0.495677299,-0.98193561,0.174985634,-0.981557497,-0.445125585,-2.015700408,-2.476392716,-0.428902321,-0.642014302,-2.125758329,-0.670114305,-1.745474517
1.694893056,0.186387002,-0.639134212,-0.761215109,-0.934602973,-0.285448167,-0.706668494,0.511655342,-2.514292212,-4.701485197,-2.972156115,-1.229523505,2.432674994,-1.135668984,-1.2195429,-1.569932724,-4.831026166,-1.959194524,-2.080137764,-1.185555936,-1.797078914,-0.506485317,-2.583173201,-1.819043407,-2.354359665,-1.170849686,-1.975322589,-0.740938593,-2.467894965,-0.614808721,-3.882938792,0.639950036,-1.190990948,-1.107731411,-1.774049288
-4.460900524,-3.59425872,-2.225493749,-3.55312536,-1.988755768,-2.581545627,-3.36977971,-3.559439179,-1.855955155,-1.806603822,-2.909303275,-3.226386545,-6.526906953,-2.641178185,-2.76938786,-2.125047628,-1.751393751,-2.492485052,-2.154109793,-2.774494473,-2.172610829,-3.433266214,-1.576515992,-4.833339235,-6.446534432,-1.88868821,-4.124470348,-2.270321091,-0.768885577,-5.274383415,-2.871803247,-2.601123735,-2.640587741,-2.71176814,-1.650856038
-5.315951599,-3.334514141,-2.008167421,-2.083501095,-1.615971635,-1.548706897,-1.868725603,-1.685999298,-1.722075012,-2.378550957,-2.061304141,-2.569393875,-5.816695712,-2.044192448,-2.020277307,-1.824257686,-4.841879405,-2.701982482,-1.420443226,-2.414813904,-2.076244361,-2.760431457,-1.107381631,-3.890351423,-4.046643454,-1.668415815,-3.271089536,-2.026106507,-1.041670205,-2.654453871,-1.638830856,-2.808184611,-1.702158522,-4.02941196,-2.9835532
0.175595376,-2.340892107,-0.680786754,-1.937905082,-1.038170792,-2.020751582,-2.140692731,-2.252281731,-1.257148318,-2.169766999,-1.214004076,-1.397301148,-4.140031967,-0.848491645,-0.513516552,-0.906208858,-2.086747374,-1.296773675,-1.39081232,-0.985701047,-0.891790096,-1.195744807,-0.622040691,-1.468513284,-3.347320866,0.038117152,-2.146186479,-0.481358871,-2.236452505,-3.515328019,-2.221289436,-5.771438663,-2.044668867,-1.600978926,-2.048227932
-10.706603097,-2.620212555,-0.043680775,-2.293856304,-1.603805951,-3.012333118,-1.407838097,-2.93802684,0.490306434,-2.124985917,-0.787257945,-2.77234152,-1.922610549,-2.42239449,-2.441675434,-3.063798533,1.225819575,-2.742779367,-2.182448058,-2.888527108,-1.330242211,-1.78540357,-1.509818209,-1.606523227,-4.353196613,-0.560516866,-1.276858233,-1.78986158,-1.740571103,-1.97563466,-2.44223614,1.320023545,-0.067219516,0.723501831,2.31303515
-8.650355508,-3.053907795,-1.415637084,-3.13446728,-0.963854443,-2.83488297,-3.02187923,-3.022698921,-3.411356778,-1.447908255,-4.661454391,-4.011116096,-4.648719825,-3.632000271,-3.567850347,-3.170714775,-4.056973699,-2.721963705,-2.50742558,-3.431270011,-3.162670631,-3.585901489,-2.141991021,-5.483296322,-5.541442691,-3.969921137,-4.415586416,-2.743661832,-3.862143319,-5.211048575,-2.682320359,-5.675576444,-3.290420786,-3.964343831,-2.610578677
-1.876439602,-2.342708062,-3.834693679,-4.282961519,-2.986518119,-4.82584935,-4.279272062,-4.042086632,-2.282484641,-1.97065171,-3.673207696,-4.613370534,-6.033973256,-4.658040222,-4.097212942,-3.971224841,-3.663255012,-3.306491792,-4.095676952,-4.270417509,-4.360262213,-4.541023163,-2.937066237,-6.8199748,-9.202646496,-4.234443752,-5.478333066,-4.109892199,-3.637612593,-5.224975719,-2.878176707,-8.012715051,-2.763770365,-3.608597524,-3.168251381
-1.970381669,-1.099071812,-2.396575381,-1.442296448,-1.618042146,-2.571806018,-1.240954754,-1.570353919,0.233952463,-2.505744566,0.744832749,-0.315562141,-6.149245954,-0.908474274,-0.897676914,-0.440953224,-3.053274577,-1.307209086,-1.810673962,-0.81032897,-1.957588642,-2.406175552,-1.425906869,-4.501983522,-7.59614242,-1.156029112,-3.711734884,-3.183156595,-1.418547711,-3.274794133,-2.491080857,-4.369059397,-0.97651679,-2.834532653,-1.617669068
1.160154026,-2.376766527,-2.78231551,-1.539494635,-2.115194837,-1.970384773,-1.989958968,-1.834649052,-2.329009012,-0.271848573,-3.18264175,-1.697462827,-3.382178326,-1.331285566,-1.669215779,-1.565664119,-6.544322395,-1.235828437,-1.022250462,-1.34575115,-3.659881536,-3.655678144,-1.83107002,-1.030291763,-2.188394712,-2.393351433,-2.17092763,-2.226568056,-2.090443959,-3.653287907,-1.701575913,-5.251164522,-1.452257381,-3.767010572,-3.185300774
-5.770898365,-1.182663706,-1.086845543,0.184513814,-0.483955712,0.084666303,0.746080659,0.727697033,-2.215073393,-1.642566923,-1.946989765,-1.658861036,-1.45906778,-1.38469241,-1.244547201,-0.995543698,-6.387297638,-1.638661074,-0.247218728,-1.524439133,-2.295348237,-2.047075637,-1.712515944,-2.451591526,-1.323584866,-2.277402315,-1.54382316,-1.908610064,-1.01300955,-1.061774232,-0.367355299,-0.962649644,-1.6073725,-5.029728787,-2.583000503
-2.342416679,-5.621060068,-3.287470799,-3.70730653,-2.866734368,-2.519150756,-4.037365262,-3.292289966,-2.897808173,-0.095701153,-3.671302025,-3.092029228,-9.123003069,-2.523780324,-2.411066541,-3.477729558,-3.8139752,-2.999681842,-2.555292675,-3.022818402,-2.518364892,-3.907483478,-0.934332326,-3.339880427,-6.661419684,-1.373293234,-3.481036296,-2.74783066,-1.956126948,-2.912878838,-3.393771633,-5.175663565,-0.733214531,-2.840599412,-3.649447046
-5.345326692,-3.564236283,-3.080600926,-2.182533935,-2.07476334,-2.826989947,-2.659275393,-2.91707168,-3.209379604,0.123216016,-2.378302721,-1.490648718,-4.502363739,-1.228597386,-1.131735113,-1.278639584,-3.223319144,-0.734031496,-0.958467272,-1.188155744,-0.96564254,-2.398193444,-1.034103413,0.017929501,-2.783923638,-0.184137083,-0.741464504,-0.97872932,-1.346575932,-3.906015741,-1.943220604,-4.4685371,-0.591810535,-1.51659776,-2.089084892
0.679167872,-2.241816935,-2.287957666,-3.779410808,-2.27703779,-2.115902819,-3.2311202,-3.41209049,-2.255669747,-0.508717113,0.267040816,-0.880842883,-1.430999833,-1.158689548,-1.136094661,-0.491508137,-2.062215326,-1.08753905,-0.585670952,-1.00402377,-2.802961895,-1.877924833,-2.708057014,-3.02678714,-4.898763524,-1.282420604,-0.753209616,-1.520888357,-1.41483479,0.449043728,-2.64742192,0.582768618,0.2592756,-0.832989546,-0.362977574
-1.899692539,-3.092145884,-3.96571308,-2.026176369,-1.747869539,-1.475901781,-2.36202863,-1.988626473,-3.765971711,-0.83179871,-2.420439808,-1.857992292,-8.836320073,-2.162135579,-1.996111245,-2.374889905,-4.800573422,-2.355510521,-1.7885076,-2.467302884,-1.95352061,-3.673417922,-1.427989797,-3.03986534,-4.930784421,-1.457753448,-2.558593851,-2.651195235,0.012856635,-1.98862719,-2.120408426,-3.290576281,-0.669785266,-4.028434162,-3.527696977
-3.622036489,-2.803243151,-1.654475933,-3.349402171,-2.161787823,-3.771655713,-3.510805684,-3.7193345,-2.34084066,-0.940045939,-2.70704999,-2.863052608,-1.813610016,-2.429940515,-2.271420746,-2.327076531,-3.745208971,-1.892922225,-1.805951595,-2.293286195,-2.853048433,-2.838129937,-1.806430541,-2.135142995,-3.2128235,-2.132706252,-2.068892546,-1.54284296,-2.819031718,-3.57269925,-2.027551302,-5.274009905,-1.655081711,-2.113934811,-1.422439055
-6.736211337,-0.696045567,-1.269758435,-1.748840168,-2.440339345,-2.265832022,-1.239294241,-0.814688387,-1.342653777,-2.109530904,-2.685616397,-3.024726819,-3.008380211,-1.943947874,-2.26620613,-1.545256836,-6.313421391,-3.195266204,-0.99712098,-2.362734972,-2.660716527,-1.407644986,-2.535008898,-3.003214088,-1.514794041,-1.459224189,-1.444744032,-1.641744371,-1.836854626,-0.85873619,-2.039472239,2.006700935,-1.623371116,-3.348372165,-2.812113215
-6.673421338,-3.754474965,-2.249455151,-5.455850413,-3.625226029,-6.810515187,-5.908702531,-6.892868289,-3.067453614,-1.991849075,-4.011178549,-2.343839645,-8.030978881,-2.913761208,-3.829476906,-3.386564099,-6.750901958,-3.321690519,-1.90070114,-2.824622026,-4.132872947,-5.701007756,-3.270851674,-3.196143569,-2.859842212,-3.257794983,-5.071871237,-2.397295096,-1.089996863,-6.404771229,-1.336880855,-5.603949657,-1.259628811,-5.047193707,-4.015167306
-1.787725891,0.052382771,-1.836552884,1.258587988,0.239232482,2.549472619,1.791320868,1.929170316,-1.852560666,0.150351431,-0.609317151,-0.341614002,-6.979816558,0.021009578,-0.018796008,0.317451895,-5.595837473,-0.863929102,0.399922079,-0.268489277,-0.728729547,-0.615789741,-4.408649268,-0.666066247,-1.095343051,1.038257882,-0.58235772,-0.688532732,1.263493835,-0.678894407,-0.54552244,0.028616633,-0.49731509,-2.703643853,-2.898938906
-2.966928365,-0.035766651,-1.812971238,-2.49141393,-2.455359812,-4.487212583,-3.300677421,-3.965676671,-2.006973221,-0.245773055,-4.147855338,-1.437785986,-6.75605676,-1.574418677,-2.415783668,-2.017384169,-8.253008674,-2.713346586,-1.165750624,-1.541817702,-3.019150402,-3.41401541,-3.350677815,-0.304324281,0.409810389,-3.092886565,-2.366037426,-1.313275008,-1.112973392,-2.428011529,-1.64967729,-3.708031341,-1.208953336,-4.604476996,-3.870370657
-10.306326014,-2.964260679,0.784185628,1.685861274,1.167423968,0.802788434,1.763157702,2.479394932,-0.378123367,-1.459985712,-2.874278655,-1.357833428,-5.800154339,0.016344413,-0.068962328,-0.745381122,-5.561889535,-1.464973699,0.660473712,-0.564218523,1.626040088,0.842415891,1.507231493,1.195049396,2.547532729,-0.064699891,1.494137399,1.178031053,-0.15227806,0.320436932,0.356925894,-0.95863069,-2.745312726,-4.553083386,-3.311662698
-3.229056481,-2.141350371,-1.568914391,-2.690660722,-1.306572904,-3.470596909,-3.131107162,-2.791232076,-1.902556018,-1.463735044,-3.801891973,-2.179836948,1.119702125,-1.272308538,-0.788957475,-2.149342901,-0.51410504,-2.030146602,-1.588757778,-1.511993298,-1.144303537,-1.847216567,-0.916624981,-1.427522077,-1.354211888,-2.250854018,-0.746206462,-0.82001143,-2.987664927,-2.026705372,-2.526793744,-0.387814334,-2.299567487,-0.678228307,-2.858506444
-7.057290557,-4.037693366,-2.488650818,-3.502003602,-2.272909181,-3.566893415,-3.196370571,-3.150589576,-3.582544262,-3.037073936,-4.179590522,-5.132769474,-3.548164939,-4.192968545,-3.488189191,-3.580203908,-0.925841496,-3.394643614,-3.794034285,-4.386721883,-3.633839167,-2.894772484,-0.537972696,-5.738371307,-8.66183453,-3.205126573,-5.395754292,-3.903296062,-4.746152448,-5.097644382,-4.429323432,-5.525538229,-2.609150072,-1.626140206,-0.737772604
-2.327749768,-1.344857796,-2.915412381,-1.756259295,-1.4997089,-2.821540652,-2.459383578,-2.927495529,-0.901754918,-0.465734628,-4.306960993,-2.594384727,-5.984179927,-2.488627939,-2.573332823,-2.39138656,-1.805251806,-3.263610626,-2.435643827,-2.577546359,-2.261548359,-2.854780893,-1.289627941,-2.011748664,-3.32960725,-2.714106015,-2.839317156,-2.016112332,-1.707648932,-3.706856579,-3.107788373,-4.058400865,-1.926972519,-2.606879279,-2.963256297
-2.964047028,-2.342274516,-0.031682933,-2.718944611,-2.184290816,-4.692761495,-3.009681867,-3.777032755,-0.359974838,-0.923258722,-2.484524703,-1.598203758,-3.701300482,-0.985827658,-1.492192671,-0.335926183,-5.28526285,-1.779059925,0.381297377,-0.869047063,-1.760795392,-2.446359035,-2.199329267,-0.306111698,0.099753962,-2.533538462,0.14786984,0.002612787,-0.785762231,-1.804790069,-0.979797111,-0.981435865,-0.94023522,-3.467245862,-2.880265646
-5.75755592,-4.697020219,-2.137479222,-4.300406169,-2.878319041,-4.24275644,-4.122422162,-4.172780958,-1.371667288,-1.714647843,-2.039196138,-2.176200688,-7.614034212,-2.600205931,-2.807917678,-2.900897751,-3.826562766,-2.629117812,-1.601206379,-2.651780435,-2.327107369,-4.128790374,-2.963745238,-3.540812751,-5.197617033,-2.33773698,-3.080305326,-2.130737777,-1.75901731,-4.730266037,-0.891867602,-2.662704585,-0.84335082,-4.032767405,-3.159797048
-4.77222119,-1.676699579,-1.501445669,-3.358361412,-2.291786192,-4.367633019,-3.555629705,-3.973565197,-2.393902191,-1.57202423,-3.338869565,-3.492807597,-1.446539889,-2.739817594,-2.691292714,-2.150506011,-4.606334049,-2.417684522,-2.091641177,-2.63217445,-3.550944909,-2.892086399,-0.958374959,-2.672162065,-3.176928033,-3.108976957,-2.452005059,-1.808655754,-3.212042622,-3.859610073,-2.583071607,-5.5366227,-2.245615085,-2.450344883,-1.446400277
-6.231543778,-3.291549084,-1.709176994,-1.677468191,-1.162979353,-2.448159827,-1.558402205,-1.039235906,-1.859791408,-2.348659632,-2.719976149,-1.973854919,-2.348893759,-1.478748727,-1.435144886,-1.135661963,-0.042564072,-2.169638788,-1.62854429,-1.785121188,-1.723310929,-0.906847729,-0.929946559,-2.724533581,-4.484270644,-2.216974243,-2.883500732,-2.377008228,-3.155841095,-2.962012771,-2.849815182,-1.329883682,-1.821317631,-2.207399403,-2.663695832
-8.254238604,-3.900440576,-3.776288472,-3.940993112,-2.064904302,-5.214251172,-3.576642961,-4.633169596,-2.163069596,-1.365382981,-1.803269637,-1.544237186,-0.547724404,-2.129342389,-2.951976952,-2.006362709,-1.075051937,-2.050214396,-2.348710952,-2.07468603,-2.375727175,-3.037218321,-2.904367799,-3.268964876,-3.75432291,-1.344883976,-3.31850753,-2.528853923,-0.837259446,-6.065824105,-1.733660544,-3.695857472,-0.431853088,-0.499246981,-2.981687533
-8.195193396,-2.845357515,-1.396841819,-1.9115467,-1.664709863,-2.251604231,-1.653718993,-1.633035603,-1.248749134,-1.882674128,-0.780107694,-2.315970006,-4.178427486,-1.555146889,-1.519502585,-1.58764627,-3.667207344,-1.583158261,-1.210770573,-1.645912558,-1.271661452,-1.873028786,-1.876386779,-3.300555186,-4.984618899,-1.928697562,-2.650028187,-1.817972914,-2.001111988,-4.241899114,-1.196851251,-2.144534504,-1.998589938,-4.498404017,-2.4515814
-5.870521197,-4.407164031,-1.653144054,-1.276338017,-0.556768063,-2.996208521,-1.443961446,-1.671440306,-1.820914246,-1.626057202,-4.444323947,-2.756607343,-1.431117741,-2.450832735,-2.328097326,-1.615022232,-3.059741326,-2.591947837,-1.586248795,-2.412279868,-1.953295762,-1.340951644,-0.037049598,0.297895645,0.69184218,-1.858762412,-1.566181387,-1.33139484,-2.851621771,-1.342457281,-2.728159924,-5.398952278,-2.394305486,-1.698481736,-2.613536099
-7.808401376,-0.071407338,-0.284169215,1.058262896,0.135174573,1.115496153,1.253176009,1.34686497,0.386422357,-0.752149337,-0.110192653,-0.934009958,-3.09520557,0.410543477,0.256898509,0.634255209,-5.229988264,-0.648997983,0.271900094,-0.045944648,-1.308590319,-0.991083526,-1.501700886,-1.445266302,-2.499394136,-0.533832963,-0.55424526,-0.594840595,-0.532512666,-1.219360439,-0.644616394,-0.430761625,-2.655612715,-3.839825725,-2.429567824
-11.271535185,-6.463271126,0.056600535,-2.006716121,-0.822812284,-2.112676554,-1.810454949,-1.530594585,-0.441736778,-2.570859206,-0.351612959,-0.327589032,-4.520386926,0.212552932,-0.465407966,-0.321140807,-0.658247948,-1.369570816,0.266781334,-0.375789382,0.849859296,-0.085719169,-0.262602281,-1.600355366,-2.359705198,0.108296539,-0.774213481,0.052915038,-1.602544404,-1.544166047,-0.263426788,0.422743882,-0.229374331,-4.524498835,-2.7987823
-6.597790993,-3.423476257,-2.021263643,-3.573830671,-2.175622371,-5.010195946,-3.584752481,-4.144130792,-2.309875296,-1.426523412,-2.899805573,-2.817883834,-2.367880217,-2.298834866,-2.385465102,-2.101976038,-4.096032987,-2.109900838,-1.978699499,-2.138854413,-2.512244792,-2.66837254,-0.722920596,-1.480153951,-1.896080329,-2.488300551,-1.796650627,-1.494361317,-2.400138797,-3.210081155,-1.959809369,-5.140564768,-1.794893946,-2.165999326,-2.174439162
-5.241868964,-3.806382288,-1.677764918,-3.745645906,-2.282875349,-4.916714434,-3.494393238,-3.945311995,-1.663904852,-1.180423484,-1.54236648,-1.711088549,-1.784311537,-1.581296281,-1.78086309,-1.427998448,-2.46022991,-1.865266864,-1.32785838,-1.45714625,-2.413915868,-2.266371439,-1.864425814,-1.163465134,-1.504620325,-1.604662793,-1.256855842,-1.530375078,-1.084363281,-2.293957699,-1.666769849,-2.514963478,-0.715100643,-1.213199281,-2.63453124
-9.544912833,-2.477775121,-1.461600943,-3.163125781,-1.908208278,-4.200887571,-3.076697423,-3.688141109,-0.759940451,-1.333782539,-0.171614826,-0.575230526,-5.106240572,-0.554372522,-1.591217986,-1.023114723,-2.032395946,-1.055091242,-0.721096517,-0.595665297,-1.314153573,-2.389182812,-1.607732774,-4.515793342,-4.697577644,-0.999755076,-1.308885974,-0.649319809,-0.383721449,-2.317684995,-0.197551292,-1.174884088,-0.257170933,-3.133777634,-3.778858843
-3.192755006,-1.840769718,-2.651425644,-1.840207465,-2.009884769,-1.891958599,-2.065174871,-2.114060956,-2.594683003,-1.354942105,-3.455432444,-3.752886195,-3.780809444,-3.028105838,-2.688348842,-2.246974266,-6.071468841,-2.447206994,-2.223319521,-2.962833621,-3.487831922,-3.560231466,-2.428359503,-1.979864347,-4.001588937,-3.322755174,-3.372667074,-1.795245773,-3.53971484,-2.742979575,-2.552743114,-5.639112604,-1.722876512,-1.413267342,-3.158823053
-4.727381403,-1.74485886,-2.577783652,-1.544900299,-0.871134913,-2.252974896,-1.536855805,-2.218578625,-1.876822497,-1.098411761,-4.519126223,-2.569623082,-2.638438347,-3.311789112,-2.847183279,-2.346862749,-4.696926871,-2.680354167,-2.088878132,-3.340676479,-3.303774135,-1.854842834,-1.760317264,-3.436094989,-3.723881526,-2.873151085,-3.985407106,-2.988302849,-2.773633555,-3.024566028,-3.582764786,-6.083835746,-2.106146497,-1.944623342,-2.575970371
-3.76163494,-3.127040411,-1.96741976,-4.115781445,-3.35322086,-4.669793674,-4.22234354,-5.321086152,-0.568071086,-1.784315543,-2.008902267,-3.048230108,-0.742155243,-2.355179226,-2.695209063,-1.140885561,-3.222452654,-2.278394111,-1.683229865,-1.994422562,-3.695933962,-4.520189779,-3.510795583,-2.435476863,-4.366302584,-2.830744595,-2.506108728,-2.168176654,-0.872611057,-3.509902266,-2.008249103,-5.210959997,-1.813844373,-2.285028992,-2.564804459
-7.615148757,-4.16450198,-1.257949921,-3.535111042,-2.648681976,-4.045246028,-3.557369941,-4.560943347,-1.512224612,-1.948909578,-0.879618229,-2.407829144,-2.539045816,-1.924885411,-2.293058192,-0.908984785,-2.786541549,-1.801215077,-1.132114949,-1.873980342,-1.82288024,-3.352817459,-1.803611423,-1.66874873,-2.498567932,-1.457336184,-1.7347128,-0.720568133,-0.823006692,-2.208425176,-2.434960585,-4.678226255,-1.896136273,-2.758418194,-2.221260405
-2.653497143,-2.009201026,-1.968817191,-2.425215879,-1.627414568,-2.678612333,-2.281363005,-2.549197814,-2.039700005,0.034468725,-2.271740361,-1.698333264,-3.996036055,-1.593842025,-1.23753769,-1.423096584,-5.026358683,-1.685360778,-0.978121676,-1.614956546,-3.205772275,-2.888937719,-3.123347358,-1.671667301,-1.122004439,-1.391983765,-1.353150416,-1.382154302,-0.093067068,-2.611602891,-1.045187614,-2.553724726,-0.420825978,-1.591419195,-2.424425221
-2.232215604,-0.42354311,-2.058384784,-1.63749622,-1.864058071,-1.649716427,-1.767328099,-1.857305757,-1.500470938,-0.252991327,-2.916660161,-2.373738374,-4.297672284,-1.96003562,-1.649476261,-1.372078596,-4.544040493,-1.575944341,-1.06112898,-1.651339357,-3.703736373,-4.435513864,-4.602762487,-2.36934323,-3.453041229,-2.993047992,-2.515993831,-2.186754683,-0.365739546,-4.588298293,-0.465987632,-1.983031558,-0.863490677,-2.090953182,-2.637882965
6.342318067,-4.787067649,-0.290160058,-1.922254131,-0.8228819,-2.522698921,-2.149448646,-2.259023819,-2.185084584,-0.266390744,-4.10828169,-3.677014487,0.722518957,-2.710980576,-0.963215996,-0.718616911,-3.261440132,-1.919213987,-0.582745396,-2.617791665,-3.142821953,-2.194541767,-1.332753876,2.26200287,2.616027076,-2.986513574,-0.222566002,-1.08574857,-1.148481562,-2.20129012,-2.651982287,-4.313808748,-1.135176986,-0.895080936,-1.469875852
-6.861577901,-2.475033266,-2.879054257,-3.419909262,-2.74670725,-3.823778095,-3.4453807,-3.689902384,-2.870830217,-1.670051609,-2.522634173,-2.590116991,-3.842740759,-2.506538369,-2.791090199,-2.484672515,-3.551190089,-2.194096131,-2.308560264,-2.341161833,-2.950584216,-3.963004508,-2.505287767,-2.857893639,-3.255643238,-2.856517991,-3.118127423,-1.789755936,-2.676793887,-3.235158146,-1.859255523,-4.382759806,-0.496155303,-1.658912818,-2.775710729
3.745206215,-3.116747207,0.033674854,0.267983392,-0.408837069,1.512891167,0.316091438,0.543736245,-0.515824573,-0.485154427,-0.360667665,-1.021070364,0.072379566,0.44906294,0.317422537,0.153076048,-1.558641918,-0.143105923,0.509637648,0.342330619,-0.076997377,0.375222342,0.306020782,-0.066942491,-0.083650857,-0.848793389,0.619909197,0.336926135,-0.96353638,-0.133485844,-1.012747035,1.240124496,-1.97721288,-2.999165799,-1.903193183
-1.337183948,-3.203322614,-2.180636204,-2.698771757,-2.025497143,-2.805926836,-2.62921534,-2.790174956,-2.958076129,-1.022216571,-2.235322367,-2.714293453,-1.805265058,-2.034343873,-1.882182628,-1.718177615,-4.28315641,-1.58749451,-1.877158885,-1.936496995,-3.162902418,-2.572479481,-1.382835888,-1.457824267,-2.125834512,-2.308873431,-2.306863784,-1.815030766,-2.310270391,-1.597147673,-2.393823921,-4.345319275,-1.253252434,-2.143913092,-2.013164056
-4.322915806,-0.354823998,-2.781447351,-2.44142928,-2.01636831,-3.309549908,-2.617254767,-2.997156407,-3.199707693,-0.031246503,-2.587696692,-2.09551406,-0.757660797,-2.147294396,-1.987168313,-2.062485928,-4.852605468,-1.222741351,-2.05502071,-1.919333374,-3.153746662,-3.392745461,-1.57646868,-2.135446718,-2.061079747,-2.237541221,-2.707332701,-1.363235276,-2.569726776,-2.729678405,-1.480377008,-6.28557359,-0.371417298,-2.103507861,-2.370007991
-3.026440004,-2.45814172,-1.528206628,-2.08535623,-1.487733143,-2.329634147,-2.043429969,-2.241555803,-2.247487906,-0.962506308,-1.693973275,-2.167330237,-1.150338848,-1.673773262,-1.489429832,-1.343930013,-2.472457775,-1.515264497,-1.33808189,-1.705033702,-1.794448699,-1.384471698,-0.958485403,-1.424282253,-1.690864845,-1.610093608,-1.728683076,-1.070900269,-2.308752159,-0.861404546,-2.411399874,-3.367876499,-1.453832787,-2.702530936,-2.222081799
-4.984392713,-0.594681399,-1.622111307,-2.589728681,-2.497270388,-2.519822043,-2.482048302,-2.603481835,-1.576666988,-2.405112409,-1.47302309,-1.396669453,-2.051290646,-1.094916308,-1.897661149,-1.145072255,-0.032904815,-2.009650716,-0.731044344,-1.001609549,-1.706275869,-3.218944729,-3.245114815,-2.980088783,-4.446549219,-2.541251549,-1.329097567,-0.909991959,-1.482016228,-3.563881811,-1.048877945,-0.59259216,-0.377529326,-3.087316032,-2.809435313
-5.317760116,-0.911341414,-2.373604613,-3.229600112,-2.194697433,-4.495506236,-3.50634764,-4.240364772,-2.308726566,-0.767934296,-3.329828244,-3.182174403,-3.170567256,-3.359628642,-3.394281635,-2.277519342,-3.969106183,-2.4387123,-1.869081647,-3.059571355,-3.028525379,-3.696827404,-1.367506584,-2.719213654,-2.492788463,-2.68607061,-3.691095319,-2.102899963,-2.076725652,-3.343164783,-1.461029461,-3.757360379,-0.32371365,-2.142011113,-2.375130592
0.738077478,-1.114639824,-2.818299906,-3.789700737,-2.815962829,-3.860368957,-3.963339837,-4.680643867,-1.798378552,-0.594784764,-3.606703378,-2.675474248,-2.736347698,-2.154493807,-2.509978445,-1.651488704,-5.64152703,-1.762084092,-2.018732079,-1.65981388,-4.580575656,-5.436523289,-3.993247995,-3.273642445,-5.684650876,-3.159016731,-2.907943473,-2.857418659,0.427558334,-3.013447912,-1.664943398,-2.236917167,-1.675436964,-2.877809531,-2.303364419
-32.528066118,-5.534664547,-3.568099322,-4.808109924,-3.267155844,-3.536588706,-4.773624688,-5.316781184,-3.076364077,-2.048645041,-4.905828106,-2.455123846,-3.295160184,-1.581420556,-1.506820147,-2.001460613,-3.626128995,-1.185502703,-1.977349585,-1.071770991,-2.865740742,-3.712106854,-3.84640423,1.928464378,0.790801646,-3.667460234,-0.782692483,-1.926819407,-1.162202665,-1.208253821,-4.396840322,-5.578192328,-0.536092482,-3.555296929,-3.13522263
-10.951848377,-1.794889745,-3.370402451,-1.10151822,-2.100173681,-2.171766684,-1.431744438,-1.552852971,-3.047903016,-2.739024909,-2.260877294,-2.643437154,-1.680624728,-2.668284822,-2.280806648,-2.704501013,-3.473702489,-1.77325579,-2.760111397,-2.365456437,-3.009210411,-2.333001833,-0.647164487,-2.211678504,-3.220735705,-3.630747446,-2.705366659,-2.532409591,-5.222128179,-2.851204145,-1.98813088,-6.002791338,-0.108575851,-2.419629999,-2.845104148
-12.693952726,-3.549030798,-2.340368496,-3.167638601,-1.906985662,-3.462333881,-2.77152301,-3.205900002,-1.709541311,-1.498434545,-4.566610594,-3.516344704,-2.636570355,-3.522261559,-2.872610535,-2.56420385,-5.339759994,-2.980574686,-2.381874716,-3.523943806,-3.028932763,-3.510795466,-3.948133225,-2.145180992,-2.80757058,-3.302960635,-3.908640299,-2.988888469,-2.093076263,-2.813229449,-3.877131558,-4.000835311,-0.207040998,-2.134770551,-1.77563034
-14.355309253,-2.092614823,-3.30243278,-2.47127687,-2.407876557,-3.061561428,-2.801244403,-3.35066962,-1.854347317,-2.980544726,-2.230286866,-2.189844921,-0.362446188,-2.192898175,-1.7059605,-1.996405944,-0.320239872,-1.290302733,-2.375348249,-1.976957827,-1.151558423,-1.994068033,-0.780559684,0.131720263,-1.629347614,-1.844764015,-0.614981201,-1.725471651,-1.908302944,-1.509215465,-1.975875618,-4.70196405,-0.915386523,-3.012740459,-3.928132932
2.695987587,-2.037446957,0.344080224,-1.457153573,0.558338954,0.623851746,-0.998083839,-1.532456966,-3.373233048,-0.199424895,1.109791465,-0.194044965,0.446314799,-1.106135977,-0.235863648,-1.501107764,-0.713793937,-0.447086047,-0.957314144,-1.139936448,-0.282345889,1.534388972,-0.551251908,-1.983275614,-1.981663832,0.352141271,0.347783039,0.296903243,-0.82903799,0.233877179,-1.679944294,-4.656530368,-0.969899932,-2.664608087,-2.201069056
-6.728780864,-4.805719186,-0.086036358,-3.801769934,-0.669246324,-4.011370104,-3.484611573,-4.583364886,-2.850087645,-2.465151263,-2.833524058,-1.132804155,-1.334072915,-2.023279234,-1.991245479,-2.330273693,-2.246210103,-1.854444343,-1.959979575,-1.909204102,-2.644503909,-0.813457877,-1.402746069,-3.480548639,-3.76461457,-1.477464787,-3.144321397,-2.477502008,-2.891803099,-2.070663825,-2.913263347,-5.055327091,-0.836440066,-0.924970889,-1.884600062
-2.318741004,0.689970675,-1.147752047,0.460611743,-0.700500196,-0.917016183,0.068719372,-0.585414307,-1.117209452,-0.030103924,-1.886867392,-0.505466766,-1.517377987,-0.466519838,-0.058316134,-0.362490983,-3.506035068,-0.146916483,-0.313488721,-0.512373747,-1.526605574,-1.645686903,-0.603099463,-1.934393763,-2.110667106,-0.510120124,-1.185073749,-0.778213498,0.572693086,-0.799684777,-1.405838231,-5.040782018,-0.731932889,-3.138235267,-2.021054314
-6.056865589,-1.160159653,-2.213523992,-2.392986044,-1.553800258,-2.642262143,-2.297294372,-3.048077057,-1.613475587,-0.96616544,-2.012237424,-1.565967119,-1.999912546,-1.478203084,-1.622525341,-1.385939983,-1.901791781,-1.557578163,-2.284846077,-1.497212596,-1.342346788,-2.707965659,-3.241789192,-3.347975932,-4.222353578,-0.855386944,-1.506814922,-0.95476934,-1.654956176,-2.16452365,-1.873402826,-1.443372806,-1.463368236,-3.308676155,-2.460962941
-7.53411983,-1.312508255,-2.0509369,-2.610519305,-1.237389974,-2.544041236,-2.278186051,-2.562579296,-2.275313724,-0.671731245,-2.760699175,-2.839481421,-2.173036519,-2.997542552,-2.371871395,-1.790680007,-3.979167032,-2.585201726,-1.749945011,-2.884860049,-2.007543139,-2.360337062,-3.417275906,-2.581262375,-2.823841196,-2.342492267,-3.092144565,-1.653109652,-2.243616536,-2.134808432,-2.70296506,-3.314406076,-0.684222694,-2.180436767,-1.481904954
0.391808158,-4.014561458,-0.146319049,-2.168450467,-1.023587933,-1.63045546,-2.029038933,-2.838017027,-1.512200345,-1.937813845,-3.189471607,-0.527435194,-0.769923293,-1.382381977,-1.786462763,-2.312206622,-2.342601826,-1.467817493,-1.504530468,-1.25357667,-2.109495119,-0.488327478,-0.005877285,-2.964338284,-2.443766928,-0.835326525,-2.65451118,-2.032038234,-1.135979495,-3.612237259,-1.870339342,-1.553432089,-1.170737629,-1.548860596,-2.023774171
-7.168321171,-2.866001249,0.146839356,-1.456230166,-0.152683607,-1.096577788,-1.200708132,-1.236776734,-1.855751495,-3.624689748,-2.642823109,-1.636227648,-0.889379796,-2.052598509,-1.407300948,-1.680957794,-4.369799646,-1.670040002,-1.392182616,-1.963498244,-1.988361566,-0.296687028,-1.357256218,-0.928201455,-0.328170367,-2.064514203,-3.009173424,-2.04219754,-1.716292274,-1.094689748,-2.470544115,-4.775872556,-0.527169806,-1.44487047,-1.021426734
-6.671024712,-1.165248005,-0.795689421,-2.054174399,-1.587261274,-2.649282409,-2.351942677,-2.532695779,-1.468149966,-2.451855918,-0.029479011,-1.225549557,-1.484218955,-0.998795554,-1.194974624,-1.036511758,-0.286092445,-0.993350078,-1.177770606,-0.895631999,-0.145105074,-1.260926048,-0.25874844,0.114968126,0.142605704,0.294927976,0.287288251,-0.147978636,-0.689775959,-0.093456039,0.16066908,-2.355609093,-0.880116804,-3.323097866,-2.963404965
-5.733657343,-0.515125025,0.409600668,1.0052598,1.414759264,-0.085627779,0.865865186,1.33759295,-2.183544836,-3.002967511,-0.289590144,0.546918371,-1.700610972,0.605852526,0.163207656,0.163417916,-2.666167146,0.254691049,-0.729474913,0.657537883,-1.83144415,0.532056891,-0.166600475,0.216629213,0.754053514,-0.763297396,-1.997895709,-1.882401414,-0.090214405,0.962726464,-0.506922658,-1.762550017,-0.353564047,-0.645912904,-0.744370328
-2.347952975,-0.684837236,-0.487329613,-0.657963671,-0.154830095,-1.402089573,-0.857865248,-1.216125883,-1.245863442,-0.295271644,-0.663454557,-0.983877202,-1.116410921,-1.073035157,-1.694345326,-1.431639958,-1.298882078,-1.296200429,-2.314606708,-1.223272562,-0.994261464,-1.155990155,-0.759588356,-3.429028733,-4.351234003,-0.277796409,-3.782458106,-0.631950859,-0.91160928,-1.826142485,-0.835584082,-2.628550618,-1.161755063,-1.358287392,-2.123429315
-4.809964576,-3.030475354,-0.737506803,-1.517864835,-1.020643204,-2.835417632,-1.588747472,-2.274336428,-1.584565646,-2.134927332,-3.674703799,-2.385930953,-1.990660424,-2.662499932,-2.259355633,-1.555976782,-4.246160472,-2.264077136,-1.453277627,-2.696360807,-2.682998186,-1.753755728,-1.001993419,-3.3390093,-3.186759987,-2.52715472,-3.366331283,-2.294557222,-2.007813637,-2.402186074,-3.182871296,-3.796229029,-0.382399704,-1.980978373,-1.140915214
-13.233888727,-3.071758086,-1.204645261,-0.69810338,-0.636972692,-1.355861215,-0.574958494,-0.728271727,-1.882012088,-2.672683925,-2.616389553,-1.423056775,-2.012835477,-1.322623487,-1.449342017,-1.010884535,-2.895809576,-1.379006626,-2.036069042,-1.296641949,-1.478150026,-1.29781407,-1.543048664,-1.934284488,-1.889862469,-1.309255675,-2.626159562,-1.594313587,-1.105862989,-1.306074622,-2.423523827,-1.913590662,-1.283683773,-2.711393278,-1.885390966
-1.796416107,-2.287272446,-1.878496697,-1.128495488,-1.461927884,-1.206990544,-0.30594089,-0.365477674,-1.868007072,-1.133710521,-4.72721704,-3.025335091,-1.949709428,-3.161186042,-2.61711123,-1.492202223,-3.0357449,-2.403090049,-1.938401878,-3.098886402,-2.391772379,-1.513199564,-0.906824199,-2.53447833,-2.475945221,-1.256465711,-2.989699292,-2.016254275,-2.744293279,-2.360969378,-2.441999827,-2.38628283,-0.405732793,-2.653969357,0.131432318
-10.638367496,-4.991117527,-0.170641668,0.456400619,0.068608743,-0.975053015,0.430255442,-0.004139991,-1.51264752,-2.442150983,-1.429323368,0.656810434,0.477916037,0.256632214,-0.21873328,-0.909693245,-2.496282477,0.018777996,-1.46325423,0.156291888,-0.808482714,0.398230273,-1.367750442,-1.623305885,-1.508345079,-0.230234619,-0.317035713,-1.124647244,0.372864321,-2.406879694,-2.156403435,-4.583966671,-1.373306414,-2.107807191,-1.308450454
-4.72695017,-2.660530146,0.086809561,-1.087615897,-0.288390821,-1.283527726,-0.884741842,-0.72073191,-1.897789486,-2.937521529,-1.858473371,-0.348056436,-1.126766075,-0.429856873,-1.057345741,-0.040659821,-1.288929231,-0.667617981,-0.641919456,-0.33473841,-1.835728489,-0.630224963,-0.595810951,-0.149797326,0.329615959,-0.4562244,-1.467985954,-1.611903977,-0.45190459,-1.535804106,-0.906511522,-1.48269101,-0.38405467,-2.091664557,-1.778220095
-10.165921831,0.42220828,-1.762052417,-0.039724851,-0.582714411,0.047908503,-0.147717444,0.135095624,-1.434032689,-1.179289874,1.140169159,-0.393939896,-2.448249464,-0.541772695,-0.309684788,-1.256882924,-2.18909634,-0.940603613,-1.097555698,-0.347874353,0.098170935,-0.603245218,-1.478028338,-1.348716292,-2.108295868,-0.492938633,-2.091677091,0.508645899,-0.734574588,0.624831617,-1.282402315,-1.148519664,-2.179868105,-3.639829846,-1.492021001
-7.11520449,-3.518442959,-1.057540074,-1.48871216,-0.683028491,-1.075002401,-0.987313061,-0.815860029,-1.723658552,-1.870306585,-2.776621058,-1.338514406,-1.655542635,-0.834909391,-1.76443096,-0.069081359,-1.918457706,-0.976099432,-1.537599885,-0.860101532,-2.873276878,-2.042371873,-1.335756404,-1.047886391,-0.66829937,-1.546453974,-2.101819118,-2.204730246,-0.08893521,-1.278316187,-1.551947852,-0.848108985,-0.355762999,-1.743968769,-1.747067756
-2.830137138,-1.553820013,-0.443651554,-1.490887485,-0.670189076,-1.853886821,-1.782975048,-1.975335894,-1.271760842,-1.419906687,-2.088334142,-0.878095744,-1.206819557,-0.550141749,-1.49691735,-0.426349783,-1.348143645,-1.268386102,-0.47887908,-0.796700954,-2.372841695,-1.987580356,-0.667725288,-1.367752913,-1.306957086,-1.230489275,-1.409645165,-1.787532421,-1.107844276,-1.013184007,-0.549190732,-2.039096974,0.362728122,-1.029076893,-2.298568528
-5.494171845,0.570347801,-0.047027736,-1.760333595,-0.233111747,-1.545316652,-1.395407956,-0.72616179,-1.607254546,-2.408131076,-1.573783952,-0.82839017,-0.926083773,-0.391606164,-0.876614568,-0.342807954,0.216488691,-0.697020173,-1.28173559,-0.276371726,-1.329708834,-1.504978365,-0.179298296,-0.408358484,0.332275895,-0.144677257,-2.108250281,-1.42211332,-1.741027016,-0.125961157,0.377762313,0.400593159,-0.086843697,-1.80322706,-2.483151168
-3.377069156,-1.030881607,-0.930460911,-1.357643467,-0.873873555,-1.604852106,-0.918663832,-0.636906648,-1.436936453,-3.181057903,-1.900787618,-2.258798473,-2.159530474,-2.237100638,-2.66162845,-1.013837066,-0.596903672,-1.751025114,-2.16262749,-2.120860913,-2.176129988,-1.319267574,-0.004478723,-3.205929155,-3.158103044,-0.992111385,-3.796709198,-1.611738396,-1.310287453,-1.658107349,-1.864766582,-1.179760918,-0.251205611,-1.608543332,-0.375643629
-4.187977058,-3.684181571,-2.099558724,-2.560688685,-2.420191309,-3.696194972,-2.186951828,-3.103230917,-2.35281938,-1.327217028,-7.257866075,-4.443551756,-4.636334972,-5.36030455,-4.078260942,-3.259449385,-6.40131795,-3.399712544,-3.952888968,-5.390753644,-5.645832302,-3.268165906,-2.560465811,-4.012548799,-5.618045639,-4.967703716,-5.434712423,-3.406773335,-4.90262759,-6.053042766,-3.78158104,-6.5011944,-0.507328913,-2.913153767,-0.735393901
3.161313676,-2.701036196,-0.816101343,-2.310433355,-0.380097323,-3.891656003,-2.199219411,-2.564765204,-0.24686896,-0.45383826,-5.091729814,-2.838996275,-2.005755619,-2.59776696,-3.362097391,-1.466896468,-3.730664699,-2.256226944,-2.303159098,-3.069702374,-4.644252086,-2.156348059,-0.082288859,-6.761984361,-6.893348321,-4.046250249,-6.260815757,-4.377687598,-1.729826837,-3.706444602,-3.172332304,-4.573381493,-2.424244395,-2.045685616,-0.805461277
-19.721712936,-1.626525028,-1.664735876,-0.940103077,-1.1603277,-0.46403744,-0.949532704,-1.140448532,-2.382808351,-3.875026799,-1.804347293,-2.200387574,-3.224657498,-2.180854779,-1.081797611,-1.409763399,-2.404501183,-1.92400398,-1.927779369,-1.771508625,-0.760376872,-1.640428125,-1.641810568,0.45309275,0.457366271,-0.533463925,-1.883905621,-0.19985063,-2.095230588,-0.410896394,-1.421609511,-1.192852108,0.199754331,-4.382752579,-1.808599165
-7.134125139,-1.309750422,-0.132871422,-1.067771579,-1.375531744,-0.432781828,-1.121365071,-1.501762716,-1.827306453,-3.22754378,-1.567435623,-0.943584785,-0.865711171,-1.300577574,-1.634528782,-1.486088649,-2.651317238,-0.993896011,-0.65190376,-1.232675974,-2.949892001,-1.468202332,-1.483305099,1.867876062,1.735324863,-0.853064014,-1.432883311,-0.827836098,-2.543177163,-2.306831537,-0.830496895,-4.663902628,0.787696232,-1.120171978,-1.938462657
-27.165614132,-8.031869273,-9.07888854,-11.589697049,-8.135338402,-11.380490294,-10.666103632,-9.63043041,-7.018258733,-8.426366928,-14.719380421,-11.566710078,-14.008725243,-10.912707445,-11.697632712,-10.605089127,-8.432298553,-11.031756708,-10.33900668,-11.450215084,-7.327860385,-8.884471172,-6.670584759,-4.47950313,-4.600922555,-2.791645353,-3.730002844,-4.784886836,-6.584166456,-3.645855614,-10.423922724,-4.858271291,-1.974834204,-4.239389251,-4.17524795
1.013056744,-5.890430389,-3.516814172,1.800416041,-0.515214369,-1.856946243,0.795531057,0.340422326,0.206035663,2.037491174,-1.476087133,-2.754099549,-3.055941203,-3.107727924,-1.271735691,-0.939910507,3.539702211,-3.892527499,-2.741789901,-2.824447552,2.75556385,-1.731773055,-4.013887866,-1.07160323,-1.910014024,0.275198315,-3.299513191,-1.825449725,-1.995519323,-1.477369737,-1.008855285,-4.162988804,-6.618721673,-0.261886241,0.962609524
-19.374877084,-15.32009377,-10.802813548,-10.216687868,-14.745882481,-16.194184912,-8.609657348,-7.670329881,-7.458668845,-10.742348043,-23.111045138,-19.909080926,-21.435093368,-19.777561321,-18.187378409,-13.65936142,-11.998629588,-20.961716356,-16.540504906,-19.946383589,-12.628627502,-15.810331382,-18.632266788,-3.969622717,-5.241018244,-9.962616873,-7.17126959,-10.379385831,-9.262775489,-13.627193318,-15.04362721,-8.971513803,-7.615405298,-14.576972492,-3.164064747
-16.688044064,-19.429909748,-12.900687171,-17.335573977,-13.42772835,-16.305701132,-14.796219705,-12.254648871,-9.715597647,-17.888314534,4.101759076,-3.122238226,-6.489252074,-1.579464778,-0.018817337,1.51981331,-10.007786981,-2.773979601,-3.24501026,-1.372762848,-11.105458624,-4.812927819,-1.683689437,-4.98148401,-6.388405875,-8.595002763,-6.403747325,-8.267187116,-12.16792257,-5.864055764,-7.694184006,-21.189414269,-8.820214091,-2.71289293,-6.795096201
-2.34531806,-5.73824153,-7.784938009,-6.028923615,-5.211929846,-7.229329737,-5.904932433,-5.223857498,-8.024956735,-8.130010378,-6.944289573,-6.756766301,-12.228247179,-4.734646646,-4.909581674,-1.657222528,-8.533586034,-4.025338643,-4.555975288,-4.623151644,-7.750057232,-2.22424925,-0.931906991,-5.188108642,-5.694755814,-7.701713397,-7.433845556,-5.541971191,-10.37770191,-8.207368544,-2.729725642,-2.733386431,-2.927379598,-5.293244343,-5.957922897
-7.094557203,-10.961448486,-1.612478529,-2.637932382,-7.247197363,-9.150676217,-1.832131241,-1.502070182,-2.492716153,-0.115184633,-17.191379352,-15.194283504,-11.178960787,-16.455664444,-13.778049066,-9.362376203,-8.171560605,-15.248526944,-12.704772342,-16.174291752,-10.32928343,-13.475378701,-17.116642732,-0.18527291,-2.400840525,-9.458682911,-5.588549739,-8.490714779,-6.437666615,-13.507151632,-10.103466433,-5.97639003,-5.932856652,-14.306144055,-0.762233398
-2.560862693,12.034142804,6.478968272,6.395312485,9.098852201,10.065985628,4.441703521,2.234173795,3.87485926,4.544285861,3.007077113,6.180419801,7.144736193,6.076743125,3.48988376,0.978490596,7.60764148,5.77249859,6.596064631,5.269270402,6.007194899,6.765451844,6.077334255,-1.019546982,0.496706532,5.208712502,-0.57208573,6.08854372,9.479982922,7.153436983,4.398226508,6.458770491,0.589813024,3.002781577,-0.074921992
-15.701501087,-16.047298123,-9.332249119,-9.637920008,-13.912487402,-15.902128914,-7.291007374,-5.298792105,-7.29369468,-12.433275943,-18.964646814,-16.607578743,-19.31721317,-15.587636181,-14.340376989,-9.840364898,-14.213730496,-18.092124784,-14.49997207,-16.031840798,-13.306505259,-13.783566334,-16.506062988,-1.837978772,-2.169105419,-9.325330365,-5.531514808,-10.160549649,-11.463159581,-11.406830319,-12.236696486,-8.59226894,-5.892227044,-11.586984197,-4.971065695
-1.785555315,-6.882395473,-4.013671455,-3.754046511,-1.97810844,-2.147000133,-1.781860466,-0.08330887,-1.602732491,-5.612875243,0.026909139,-1.558832473,1.151282658,-1.118440994,0.846161801,1.119373223,-3.343125595,-2.495915386,-0.231290586,-1.423820456,-4.325393524,-2.592895921,2.045973045,-0.306330309,-0.347790246,-2.366903953,-1.901071993,-3.524751899,-4.829512371,-1.179524175,1.437615333,-7.745928865,-0.583614126,-1.050532745,-2.514746481
-13.435101957,-5.642621043,-5.402265635,-5.218506855,-5.845446186,-6.912394625,-4.516969802,-4.118855691,-4.308306408,-6.242183092,-10.742450412,-8.674710314,-9.922114356,-8.299954891,-7.99968884,-6.027271386,-6.42032683,-9.127882855,-6.699687373,-8.647323511,-6.296281247,-6.067942383,-6.851687015,-3.122727679,-3.155030437,-4.3147709,-4.358685912,-4.636860476,-4.753228786,-5.68655002,-6.265600229,-3.951274759,-3.575251306,-6.162970178,-3.072452592
-4.470644588,-5.188301598,-0.215371541,-4.622864543,-3.391840332,-4.258944061,-4.289507405,-4.355259389,-1.291597761,-4.194094268,-1.48311052,0.123309124,0.679397145,-0.477410614,0.303398153,0.404697625,-2.943647658,-1.497029097,-0.518579301,-0.423956001,-3.047353435,-1.887785866,-0.738541201,-1.806962801,-2.240443529,-3.005034792,-2.88751742,-2.510954179,-5.756530235,-1.126824442,-3.111283531,-7.87549313,-3.825053389,-1.632778958,0.678612295
-9.954292407,-0.3755095,1.148087713,-1.145192344,-0.185401489,-2.266081794,-1.09193428,-0.60510698,-3.316029651,-3.136394907,-1.075848858,-2.116864936,-0.481741357,-3.787740297,-2.357355787,-1.265216293,2.353094589,-2.57806499,-0.640761197,-2.821918025,0.125334651,0.081340904,-3.297404902,-0.877847492,0.190781622,0.466921603,-0.998153438,-1.162675597,0.366859795,2.892867881,-0.912158141,1.304316189,-0.618873498,-0.231103367,-1.87836582
-16.86381373,-2.137851842,-5.006782969,-5.473754943,-5.356137931,-6.267876308,-5.625753635,-5.723158401,-6.509852326,-4.864291889,-9.166669361,-8.38671051,-10.867292595,-9.58856058,-9.284621755,-5.975023846,-3.319885061,-7.228502444,-7.169530595,-8.532072223,-2.883505221,-4.042686469,-7.589558678,-3.786221766,-4.055317005,-2.306214952,-3.88188431,-3.947638414,-4.115508147,-2.724841295,-7.82342269,-1.735668291,-2.104234038,-3.876053572,-1.670013958
-13.019066756,-4.7632106,-2.122165884,-6.748838195,-4.177119421,-5.986925699,-5.616019309,-4.129601506,-4.192299231,-6.836958101,-1.880516731,-2.611518353,-1.406478494,-3.483750607,-2.377906707,-1.021684978,-3.218528229,-2.680432567,-2.261789922,-2.570777089,-2.376736495,-1.643915547,-2.281654067,-1.243911306,-1.264131492,-1.304330057,-1.741578002,-3.312180598,-4.969133803,0.489183558,-3.329338795,-3.953336413,-1.171585894,-1.603855177,-1.206978784
-12.147189538,-7.23421014,-3.596360194,-7.372242749,-6.100932967,-7.676287252,-6.15927536,-4.86979762,-3.964421922,-6.668601791,-5.955618881,-4.884897303,-4.644001761,-5.288387382,-4.448325299,-3.036189782,-5.140369298,-5.858954678,-4.637869013,-5.108795477,-4.188276405,-4.576295773,-5.485742788,-1.528663184,-1.974463949,-2.980857674,-2.232215856,-4.248205381,-6.407388749,-2.709471092,-4.887481354,-6.372921425,-2.64151513,-4.205500812,-0.869396286
-1.720610094,-1.541040336,-1.511033421,-4.406476947,-2.807537275,-6.344295275,-3.695739111,-1.4583282,-2.277667207,-1.472283997,-1.667479955,-5.303359805,-1.872310184,-5.344270877,-3.320867707,-2.600229301,0.293653935,-5.68957124,-4.253613106,-5.168679654,-1.157639367,-1.467998441,0.611265507,-0.132142974,0.733770914,0.125020802,-1.429420021,-1.866047681,-1.566648323,-1.050218294,-0.787238511,-3.088272738,-1.34711134,0.847651151,0.415040881
-25.113488218,-10.013225223,-10.641717231,-10.315908364,-9.001919604,-11.432223247,-8.804210909,-7.813823061,-6.52017019,-7.769432088,-15.538301025,-11.339848655,-14.222480145,-10.680177136,-10.921050709,-10.213136446,-7.813786585,-12.062269787,-10.587926705,-11.258093907,-8.205168635,-9.149499921,-7.661322044,-4.23955614,-4.564165633,-3.19321064,-3.773845908,-5.805784234,-5.867738512,-4.820297939,-10.460721568,-8.078488409,-2.34334049,-5.269296136,-2.017696524
-8.02459446,-6.645860815,-2.583750866,-3.191379584,-4.697531415,-6.173820455,-2.857780778,-2.834360181,-4.329033138,-5.190510556,-4.909958175,-5.481141293,-5.47916241,-6.580368508,-4.933712093,-2.551376207,-1.021677777,-6.410356224,-4.116785969,-5.730569344,-4.163860397,-3.993949469,-7.821002467,-2.474254125,-2.472817133,-3.956710201,-4.007334747,-4.60440202,-2.980631171,-2.667430488,-4.697294526,-5.464115104,-4.512580705,-3.881187056,-2.150334773
-15.053891213,-4.602047429,-5.560506006,-5.112960593,-5.853237444,-7.732866798,-4.058261509,-2.948616155,-5.554505156,-3.641885985,-10.048109865,-9.389804492,-9.43067297,-9.929391465,-8.164526477,-6.151200337,-3.452587071,-10.232120984,-8.114227256,-9.641842375,-4.138454598,-5.482125247,-6.719433178,-1.74507667,-1.621457793,-2.29876715,-2.590631444,-4.437247805,-3.164153377,-5.080644361,-5.426809831,-2.720387198,-1.871244347,-4.864500411,-2.607996511
-12.065429271,-4.404110783,-3.384121855,-6.475350408,-4.705611346,-6.50356763,-5.413551098,-3.879261568,-3.735587775,-8.677624471,-5.429258824,-3.859298813,-4.536494497,-3.618656359,-4.238817148,-3.754496247,-6.191943581,-4.292255218,-3.869724718,-3.886139973,-4.022148882,-2.867024891,-2.936576248,-1.350003526,-1.263313996,-1.50162074,-2.219739367,-2.266413016,-3.749027039,-1.722737768,-4.68665663,-2.788591165,-2.495232089,-3.087931903,-2.030870511
-9.619464772,-8.567591365,-5.006833943,-7.187441037,-6.610697609,-9.575090806,-6.351845353,-5.895124007,-3.328603453,-6.413618843,-8.883992492,-8.210766499,-8.222406829,-7.644857363,-7.427369269,-5.876748341,-4.678836936,-9.482376355,-6.40839993,-8.122862852,-6.124833728,-7.629415742,-5.747535981,-4.032962645,-3.10301044,-3.090306488,-3.936194568,-5.164752756,-3.953718894,-3.107258109,-6.139189196,-7.096628254,-3.550707116,-4.182309335,-1.514250429
-10.863339693,-8.921754235,-5.733316993,-6.196939421,-8.95488206,-10.891147054,-4.939444948,-3.246839128,-6.131122482,-6.672742854,-7.988822564,-9.991573847,-9.411220953,-11.079628887,-8.140070054,-4.997971101,-4.425849457,-11.050390218,-8.738274934,-10.208560889,-5.503794723,-5.981894864,-9.257984297,-1.292353408,-2.177936683,-5.053953059,-3.481187791,-6.009296118,-6.075102568,-7.185485841,-7.015387004,-5.920893386,-5.27669229,-6.011958804,-2.865414076
-9.30014688,-7.272154213,-6.666359482,-8.485125945,-8.537485313,-11.19593095,-7.064515336,-5.379267851,-6.323352561,-6.602095779,-13.88013122,-12.652345643,-12.884989646,-12.885982732,-12.019239953,-9.298156045,-8.736458679,-12.198355743,-11.264086067,-12.773890758,-7.001603147,-8.991579375,-9.501276153,-1.415208909,-2.496834696,-4.515597535,-3.622721257,-5.504687217,-7.013713329,-7.400457039,-9.295615618,-3.334983034,-3.036630108,-6.880746902,-1.550117479
-5.137114534,-3.134147094,-2.044977992,-0.920270203,-3.575419052,-2.881340335,-0.490411445,-0.673366041,-1.556365221,-2.867217917,-10.757251659,-6.981781416,-7.337603224,-6.8213664,-6.931204533,-5.721308582,-5.246312634,-7.774331788,-6.307824312,-7.206290054,-3.811354743,-4.53407234,-6.400412556,-1.866480593,-2.313308338,-2.929630278,-4.270105642,-3.037390492,-2.220966784,-6.119701011,-4.508900122,-2.068593376,-2.691235473,-6.0436961,-1.041434561
-12.169983153,-7.323510555,-3.552040827,-4.445866772,-5.418148098,-4.712426604,-3.85241889,-4.075257486,-3.573553091,-10.076894783,-5.531715485,-2.741385356,-4.743894603,-2.282097093,-3.397112343,-2.40387589,-8.944080053,-3.412304115,-3.173664613,-2.764394215,-4.67515858,-3.02302912,-6.691395325,-3.135289447,-3.683243865,-4.428000254,-4.043083763,-3.081741688,-5.951614537,-3.226574657,-5.662137451,-6.507348729,-5.783568094,-4.949372488,-3.152580512
-7.062124752,-7.435970824,-3.806814217,-7.215227089,-5.26114706,-8.360860644,-6.167791338,-4.74335961,-3.832119128,-6.511854316,-0.850285022,-4.002076288,-3.690420042,-3.569077603,-2.367346492,-0.797798609,-2.977666616,-4.110587576,-3.238961261,-3.475401542,-4.828789517,-3.377311579,-1.872562767,-2.024090522,-1.744233997,-3.338981873,-3.039065272,-3.951121671,-4.496354941,-2.136111399,-3.087569269,-8.222258741,-3.881941201,-1.186899528,-1.576458559
-6.113629258,-6.071033295,-3.297416068,-4.862759168,-4.066464503,-5.142594067,-4.24585726,-3.801066836,-2.668154393,-5.951993812,-5.463228838,-4.52439376,-5.7852927,-3.964115645,-4.252547923,-3.278014615,-3.813877774,-5.04370362,-3.764665979,-4.317122225,-4.687891808,-4.338733805,-3.85055728,-3.387196939,-2.846782915,-2.921505554,-3.871354955,-3.492764851,-2.889719513,-2.177335623,-4.246165995,-5.263865316,-3.158936414,-3.247343308,-1.754509182
-8.195992251,-4.962084683,-4.424011044,-5.576181082,-4.910985866,-5.939005284,-4.882120051,-4.561172468,-3.088575741,-5.529064219,-9.495667828,-7.106450107,-8.324253981,-6.130443766,-7.123583575,-6.273772802,-6.236960048,-7.598221584,-6.270628419,-6.975388245,-4.757175551,-5.908009867,-4.932308772,-3.542699323,-2.937108686,-2.091376648,-3.13296442,-3.298496358,-3.194244777,-2.557013919,-5.872698662,-4.702316812,-1.995750441,-3.907082113,-0.721340539
-5.592429956,-7.946023836,-4.968070677,-7.19752115,-4.736216432,-6.898300401,-6.68369133,-6.411110156,-3.399977086,-5.101561524,-5.694679233,-5.380814373,-7.573840281,-4.259657739,-4.543553209,-3.295904855,-3.326651709,-5.653110874,-4.143313608,-4.750429254,-6.013033126,-5.948204222,-2.926698801,-4.615677522,-4.918343631,-3.731271415,-5.396349516,-4.490200652,-3.425251707,-3.370467684,-4.490660392,-7.980109525,-2.654438563,-2.790010638,-1.177983165
-14.369181276,-10.529186313,-7.584820143,-6.800010033,-10.842722695,-11.055244095,-5.370513156,-3.629149957,-7.601886008,-9.623874226,-9.736914852,-10.372732109,-10.160325573,-12.286387736,-8.163620128,-4.694204311,-4.655246183,-12.95811603,-8.928721207,-10.920016056,-5.738538515,-5.897900743,-11.279226824,-1.651995577,-2.959181842,-5.257489044,-3.986689492,-6.932025167,-6.299383063,-8.455692085,-8.898120408,-7.848731719,-7.517660572,-7.865632339,-5.390158321
-0.649056716,-0.516485881,0.72233365,-0.13996664,-0.517701492,-2.434460785,0.269337389,0.957003301,-0.466562252,-1.947441635,-6.036689047,-4.571160583,-4.339756462,-4.870034832,-3.819920738,-3.531533594,1.254833355,-5.544313857,-3.165027369,-4.618741876,-3.293403621,-1.534988211,-3.693064677,-2.638583144,-1.946136625,-3.035154179,-4.206621534,-1.139077692,-1.579346177,-1.799567268,-1.497406725,-0.624474408,-1.881857739,-1.729881097,-0.070832312
0.682224947,-2.092066715,-1.372315888,-0.24282192,1.259820789,2.290671493,-0.103244683,0.534570726,-0.679643695,-2.873260524,4.087171522,3.512124849,1.178360136,3.903079211,3.72626124,2.39044854,-0.52045901,3.991636894,2.265358413,3.76368956,-0.364238778,1.84743767,4.205153652,-0.165500354,-0.152186356,-0.947789245,-1.798399976,0.925238875,-1.395599104,-0.124896008,1.795388574,-3.246544313,-1.085611409,2.332993962,-2.015432482
-10.147657198,-9.841521362,-5.756738243,-5.79992483,-7.28771212,-7.322402258,-4.890670907,-4.651129269,-3.181454898,-7.363691477,-11.487584339,-8.123661884,-11.219469158,-7.584235509,-8.089158566,-6.335351379,-8.831559042,-9.296056662,-7.435898951,-8.135758616,-7.205653836,-8.943677379,-8.048210949,-3.672278544,-3.624828968,-5.385750996,-4.605371054,-5.377651021,-5.399089005,-6.140631599,-7.338736842,-7.206340312,-4.283019443,-6.647527668,-2.099722071
-8.438549349,-6.940649275,-3.915672811,-4.030079612,-6.517711364,-6.08431332,-3.188379877,-2.236058278,-2.728108783,-7.659124979,-8.555933073,-7.264072768,-9.709701542,-7.434318732,-6.498207295,-5.722583158,-5.65723965,-8.830513584,-5.671334798,-7.486207136,-4.705291226,-5.583998748,-7.680053202,-3.549683524,-2.204947362,-3.799452041,-2.019456316,-3.41277971,-4.412987385,-0.963247021,-6.470562563,-5.294518364,-5.151727921,-4.299968218,-1.716164455
-2.082940344,-6.772210488,-2.54723279,-4.582853458,-3.554102686,-4.992063013,-3.828176338,-3.069619945,-2.75519471,-6.563511514,-2.289175321,-2.969930011,-4.817242928,-2.898153932,-2.278546298,-1.563243134,-2.251959679,-2.612194831,-1.737855242,-2.606726848,-5.348461077,-2.710941576,-3.716226982,-3.165719685,-3.325005574,-4.597836972,-3.576848534,-3.05404826,-4.494838382,-1.202546504,-3.092754358,-5.886365047,-3.239917218,-2.338774842,-1.904253918
-10.365413717,-9.352015583,-6.412630017,-8.57116598,-8.156234708,-10.655406737,-7.374145214,-5.965541476,-5.342153585,-6.810896661,-8.484369473,-8.994795105,-9.151306325,-8.668654715,-7.754643956,-5.682587718,-6.750396196,-9.447732632,-7.757631822,-8.811506367,-6.363703748,-7.630341548,-6.251290995,-2.143284295,-2.189312493,-4.037261436,-3.280875845,-5.829192898,-5.641656193,-5.065686264,-6.82853566,-7.635341644,-3.832980862,-4.319554828,-2.052663228
0.397302385,-5.286083323,-2.524194437,-3.072459312,-1.212167887,-0.390403604,-2.491050979,-2.556545056,-0.337371749,-5.535205263,0.192238268,1.517329929,-3.091933248,2.963811939,0.762448728,0.302012169,-2.918733554,2.347512975,2.118424143,2.31260178,-4.769162183,-1.745191676,-0.968393156,-4.387665125,-4.228501447,-3.644606421,-1.809818184,-0.781058842,-2.557484126,1.08360163,-0.75550563,-8.126080946,-1.940007038,-1.274734889,-1.266670522
-9.094341558,-4.28646604,-0.419032722,-0.240974665,-5.467437776,-6.488633487,0.256785507,-0.140573966,-2.355184389,-2.250163032,-9.728724131,-9.857974326,-7.29905547,-10.684703963,-7.77481604,-5.140599016,-1.45842497,-10.544549439,-7.594050855,-10.096696176,-4.053077037,-4.336353104,-9.540583077,-0.203802358,-0.58078486,-4.253517276,-4.465125085,-4.504720608,-2.656080993,-7.320209726,-5.417599049,0.648423575,-3.883342352,-5.858867482,-2.059565891
-2.679185561,-0.657508133,-2.422051784,-2.50948037,-0.929170464,-1.292859596,-2.091922639,-0.680551194,-1.9718759,-2.769157547,-0.684813231,-1.396128216,-2.26275266,-1.155854639,-0.868040373,-1.697436632,-1.568527643,-1.566641065,-1.571782245,-1.39577623,-0.357762173,-0.026953477,1.533624229,-0.670900793,0.606226317,0.694101536,-0.501376697,0.279980691,-1.325195048,0.91212779,-0.993598346,-1.264924174,-0.7307537,-0.469536753,-1.363798868
-2.007141049,-1.973785175,-0.713709179,-4.360607623,-2.346751567,-6.368393581,-3.569458872,-2.264646963,-2.288389593,-3.305421326,-3.257923556,-5.381919378,-4.505512953,-5.292985098,-3.56759162,-3.005974623,0.375969742,-5.163032963,-3.486706102,-4.935163031,-4.764594043,-1.391501508,-2.258669975,-2.827299804,-2.532420532,-3.101429653,-4.156621695,-2.354976566,-2.61640057,-1.284395083,-2.092681496,-1.784792894,-1.031199256,-0.308932484,-0.453686836
-7.563104006,-8.854651341,-4.75752051,-8.518952908,-6.674391222,-10.244628401,-7.281864239,-5.118020916,-5.354576672,-6.232930148,-0.78754917,-5.304543266,-3.183853209,-5.58465775,-3.365961918,-1.804047479,-2.766572951,-5.426211931,-4.387677921,-5.131458025,-3.470780403,-4.435829343,-2.491144654,-0.131351266,-0.025853088,-2.273943576,-1.787830574,-5.001006651,-4.726735864,-1.949554766,-3.497280867,-6.790868559,-3.893722018,-1.402014874,-1.955984497
-9.119298305,-5.867168881,-4.472476671,-7.01102952,-7.070668148,-10.493453058,-6.050866214,-5.179192264,-4.766631936,-5.370501829,-11.407708032,-11.336173724,-10.73069823,-11.358590693,-9.751116468,-7.621367745,-4.302397801,-11.457379974,-9.139485205,-11.154299626,-6.898296743,-6.341776234,-8.070397279,-3.361026885,-3.782544972,-4.551098069,-5.192880622,-5.23280485,-4.901922287,-5.707539634,-7.510495191,-2.974379003,-2.690114268,-5.275118617,-1.436177232
-9.172353612,-9.866146759,-6.488807744,-9.226195184,-8.197227066,-10.664362524,-8.037192187,-6.656499855,-6.222927594,-8.975308619,-7.254081401,-8.09563119,-9.308476634,-8.208602305,-7.01410957,-5.149853245,-5.436908999,-7.976444683,-6.747008851,-7.784135461,-7.028437034,-6.141560773,-7.088172632,-3.51148691,-4.166824068,-5.16295942,-4.274396176,-5.633873468,-6.846199427,-4.099452534,-7.52991413,-8.355771452,-4.413505229,-4.476747541,-2.882258889
-7.062889853,-3.282286491,-4.694644183,-5.853395872,-4.782095525,-6.938856859,-5.247648022,-4.39998425,-4.244943953,-3.040422542,-10.493784154,-8.975157519,-8.805107616,-8.811039171,-8.804044105,-7.555015772,-5.511789847,-9.232841976,-8.020578222,-9.247219429,-3.628086766,-6.401243732,-4.679790737,-1.397533485,-0.825030383,-0.671687667,-2.256414283,-3.32888632,-2.417369512,-3.31014699,-5.996937886,-0.966674836,-1.310812731,-4.47117775,-0.959396405
0.385620059,-1.365674827,-1.19297142,0.537288873,-0.321507292,-0.217292737,0.559727941,0.663962586,-0.675386524,0.71405987,-2.816963706,-1.974811295,-2.436224289,-2.143864428,-1.277271055,-1.875874799,-0.670590875,-2.188444614,-1.48282189,-2.150449733,-0.325568698,-1.125926925,-0.687848053,-0.831759717,-0.423689781,-0.059126917,-1.283446784,-0.479111977,-1.85720447,-1.503398192,-0.403822962,-0.385662712,-1.173985072,-1.233079597,-1.554168506
-0.94455484,-4.160995516,-1.321868404,-0.604123261,-1.878867072,-1.760167933,-0.245834779,0.271498628,-0.399256285,-1.120752191,-4.594020133,-3.965922935,-4.617996977,-4.248407983,-3.35994467,-2.98218067,-2.163323437,-4.414929223,-2.74790037,-4.128371606,-2.039501426,-3.87141281,-4.111317679,-1.479485122,-1.399997194,-2.104197847,-2.015681972,-1.963493568,-3.584692236,-1.898927778,-1.782197915,-3.57827485,-2.754738089,-2.767383276,-1.12026788
-9.489140202,-6.876185687,-4.064191268,-7.885260761,-7.028951744,-9.232854903,-6.560658112,-4.629983583,-4.572891291,-10.775902625,-3.762965096,-5.741513595,-7.189701073,-5.117321097,-4.297472132,-2.154799389,-3.606426524,-5.485077941,-4.636677406,-4.806187989,-7.643860212,-1.953926331,-4.627685426,-3.233779034,-2.981170168,-5.417089082,-3.685826147,-3.774790718,-3.76914977,-1.668861986,-5.557566344,-6.90055629,-4.346126315,-3.016445977,-2.020405711
-0.511096359,-1.294912804,-0.073134185,1.289530524,0.704008289,2.1748472,1.879180995,1.882072242,-1.06649741,-0.249799586,-1.725853617,-0.47872009,-3.188823259,-0.768559377,-0.240141654,-1.54348962,1.221373555,-1.566368058,-0.314308346,-0.710016417,0.707858506,-0.495811821,-0.299256233,-1.555734974,-1.121475581,0.430661879,-0.360253085,0.347788276,-0.96408319,-0.355372679,0.860599381,0.168158583,-0.849652304,-0.345817236,-0.558026286
-3.340213831,-2.308476775,-2.734933214,-2.803238266,-2.964631824,-5.043948029,-2.653975239,-2.202856966,-3.326481328,-2.692064463,-5.911185252,-5.540433759,-4.410653963,-6.079818752,-4.721055476,-3.932042243,-3.559720961,-6.114066373,-4.837922246,-5.894087481,-3.641976685,-3.3702891,-3.603154364,-2.30481448,-2.993115485,-3.727568137,-3.538965772,-2.908476359,-3.897255909,-7.381748974,-2.912331131,-0.32545018,-1.378547596,-2.808949223,-1.847697525
-6.875006708,-0.226979149,-0.462697177,-0.318789058,-1.944725891,2.055088204,0.795322219,1.394584555,-1.335180367,-2.154790304,-3.85309774,-0.459906759,-5.078291155,-0.907967678,-0.596133336,-0.764671944,-0.838814843,-3.486829569,-2.520010866,-0.505794756,-1.036266225,0.208897903,-2.49723842,-2.275921556,-2.542148902,-0.624199252,-1.905339935,-0.536899342,-1.587064918,-0.789532753,-2.062482749,-4.761684521,-0.900828816,-3.356313992,0.801559424
-4.181981761,-5.817144303,-2.505017565,-2.426097296,-2.231300742,-5.782920207,-2.435730893,-2.000946643,-5.089934721,-5.092185564,-2.344195537,-3.183153739,-2.376218575,-3.693077735,-2.383159257,-1.493889726,-2.682099364,-3.028221294,-1.271243028,-3.308680492,-1.727162172,-1.45060529,-2.404362163,1.3897779,2.13431646,-0.82236435,1.55040561,-1.356126572,-1.377033818,-2.677357106,-1.254058442,0.167388107,-4.641180588,-2.465826736,-3.593838209
-4.968002872,-3.01173801,-2.333575207,-4.068888903,-2.852060659,-4.546258789,-3.608247066,-3.409926828,-3.773993567,-4.745840208,-3.396347559,-5.028014347,-5.080238663,-4.619223679,-3.726423256,-2.292709438,-2.16490941,-5.176890437,-3.634593684,-4.744431154,-2.749814535,-2.313537236,-3.235989255,-1.680488315,-1.172744541,-1.579200857,-3.085756662,-3.365854317,-1.066482188,-1.893584217,-3.884201718,-2.53196691,-1.397196539,-2.051891935,-0.740933199
-6.607129839,-6.696692118,-3.354420667,-5.06448254,-3.348494448,-5.705252102,-4.260266476,-4.928594178,-5.176873469,-6.60176209,-4.961527724,-6.296893895,-8.372645713,-5.215632475,-4.649855116,-1.986770286,-4.852193744,-6.057342204,-4.008829085,-5.777373083,-3.007027236,-2.927665511,-5.382121179,-4.544523268,-6.988041391,-1.879621295,-5.101997668,-4.40598156,-2.147362573,-0.561209835,-4.503871297,-3.064651305,-1.493319683,-2.903599317,-0.941959829
-4.735186146,-1.236126913,-1.328960861,-1.723801966,-0.742303005,-0.992599406,-1.351826642,-1.888552557,-1.707855986,-1.317028143,-0.399974982,-0.868173544,-1.104960804,-1.667533063,-1.428716483,-0.909475701,-1.521785806,-2.386467575,-2.204813611,-1.354685954,-2.374242679,-2.037441417,-0.570465073,-3.173236662,-5.245939865,-1.717034924,-4.666321172,-2.383692349,-1.933783846,-3.263387544,-0.969360015,-2.129190726,-0.009119525,-2.93223695,-0.428296309
-0.133074021,-1.546694021,-1.464000576,0.409045217,-0.105103811,-0.655260266,0.395840434,0.691924342,-2.494093288,-0.961776001,0.98701551,0.896344188,-0.672285756,-0.485915431,-0.71536224,0.010205604,0.899571144,-0.72173184,-0.711245478,0.241781023,-0.825298668,-0.804039273,-0.180619277,-1.639425632,-3.367299303,-1.609001769,-1.684486771,-0.216937065,-0.834138957,-1.730510938,-0.553577189,-0.04986151,-0.950499987,-3.119218199,-1.536661499
-4.506130288,-3.096444289,-2.577880747,-2.80959899,-2.329215271,-3.623366014,-2.599548921,-2.589880429,-3.32044949,-3.724082557,-2.965604268,-3.554513096,-3.707528337,-3.390927053,-2.732615418,-2.342102275,-3.428389368,-3.683382002,-2.866915348,-3.522488708,-2.520968083,-2.437132274,-1.008175732,-1.808157371,-2.761087064,-3.023790896,-2.577938258,-2.192579868,-2.741109354,-5.567392334,-3.090526342,-1.993075692,-1.347513522,-1.445657851,-1.439309709
-5.45647515,-2.442723819,-1.672516177,-1.172597293,-1.245410277,-1.828317984,-1.274762364,-2.073740511,-1.979241063,-1.774254735,-2.514312564,-1.384248968,-3.382694228,-1.037531619,-0.917814063,-1.184605516,-5.619694551,-1.127889747,-1.114554346,-1.082718011,-1.174867004,-1.275888256,-0.57070693,-1.763958752,-2.689875613,-1.244721622,-1.234179765,-0.650095062,-0.721740208,-4.592164115,-1.231621243,-2.098216289,-1.019898489,-0.480072706,-1.242291049
-4.750437595,-2.462417442,-2.146929054,0.072007118,-0.530007322,-1.073590472,-0.130770505,-0.535451486,-2.341245607,-1.033914983,-0.500145727,0.361989567,-1.537883273,-0.064252054,-0.533048415,0.034674511,-3.089564541,-0.6210666,-0.671709071,0.078103716,-0.091430477,-1.50023133,0.39487793,-1.082766136,-2.883384957,-0.833212981,-0.631616438,-0.343820931,-0.217272575,-3.146369478,-1.290375585,-0.992510958,-0.901798592,-1.96006167,-1.548415121
-4.311968162,-2.12318597,-2.103818825,-0.535382251,-0.948701588,-1.477598724,-0.247102504,-0.143261256,-1.868191787,-1.324770807,-0.825252872,-0.908758593,-2.672453974,-0.777554162,-0.762135518,-1.038918926,-3.425453176,-1.886774553,-1.178417116,-0.913919178,-0.058532149,-1.464812994,0.569482658,-0.557092634,-1.59396078,-0.931113408,-0.66491872,-0.699461635,-1.064270536,-3.35328881,-1.223312338,-1.33175794,-0.644589109,-0.954871138,-1.094332591
-11.246082262,-4.101490338,-1.736860633,-5.373095949,-3.565465303,-5.163416653,-4.926603369,-5.015656856,-1.834712687,-2.818216686,-5.542815125,-6.743794044,-4.225479768,-4.256329434,-3.262539238,-3.681326362,-5.139176608,-4.604115444,-3.376630508,-5.788176848,-3.027000033,-1.792449581,-1.748166807,-1.271693636,-1.371129465,-1.712345983,-1.340835816,-3.259551596,-1.249836188,-5.530090857,-3.349714801,-2.068257691,-1.18409163,0.240162438,-0.747610571
-3.283862445,-1.191782963,-0.829190121,-1.346903077,-1.285586797,-1.456623525,-1.471412243,-1.893601851,-2.609388217,-3.066779977,-2.973094302,-1.902802382,-1.67639006,-2.162698232,-2.037313809,-0.92350902,-2.945365374,-2.629619319,-2.242192148,-2.041886748,-1.33616924,-1.833554585,-4.074656598,-1.513904998,-2.275805496,-2.005272265,-1.708109237,-1.118155103,-2.076518203,0.067677615,-2.399316205,-1.19133217,-1.329351854,-2.47624932,-0.601746279
-7.944783384,-3.997512555,-1.887863896,-3.581314413,-2.519649272,-3.557447463,-3.657531698,-4.574248706,-2.452016674,-5.503805521,-4.692055985,-4.507749861,-3.885469283,-3.184367507,-3.098512158,-2.119815834,-4.729765332,-3.022916971,-2.752994192,-3.931768493,-2.981097139,-2.273200872,-3.152017862,-2.31323172,-3.52673578,-1.621560155,-2.758587992,-2.521626377,-1.366316507,-1.967059014,-3.323928302,-2.591700613,-0.909547537,-0.971147914,-0.685602867
-2.49266455,-2.852500888,-0.467467375,-0.068068661,-0.205808912,-0.326659054,-0.281174334,-1.354439123,-1.71308614,-2.465255834,-2.26105508,0.129824522,-0.855818222,-0.270172193,-0.84569398,0.228119471,-2.446889712,-0.337283611,-0.283714083,0.00585988,-0.20328877,-0.445169194,-3.727995422,-2.393328114,-3.7789488,-0.810532098,-1.294629545,-0.171337152,-0.356759811,2.11435024,-0.441635026,-3.035474135,-1.340564876,-2.863677597,-0.509445213
-2.825888886,-2.05080618,-1.07239593,-1.917195249,-2.03789839,-3.642505485,-2.141257733,-3.444248919,-3.190695452,-5.799571949,-4.019150559,-2.007937219,-2.073024997,-2.115259394,-2.922817741,-1.148261433,-6.77861616,-1.508618739,-2.512802064,-2.174980028,-2.92780614,-3.503087589,-4.272760761,-3.116275739,-3.723799217,-6.800890253,-3.926293388,-3.480114446,-4.412999724,-0.887721901,-3.945192899,-2.480106959,-1.624571401,-2.043163178,-0.938598277
-2.563288566,-1.191647855,-1.646794387,-1.011035438,-1.075247863,-1.36742917,-0.58520143,-0.336369584,-1.951870502,-7.113864752,-0.853611152,-1.074817476,-3.263188572,-1.575029693,-1.4307516,-1.355733722,-1.543218825,-2.644227732,-2.141402819,-1.334766854,-0.713938076,-1.06817457,-0.760305068,-1.26576876,-2.326578567,-0.263523146,-1.165614114,-1.069948994,-0.953751038,-3.054363317,-0.74532397,-1.504960229,-0.378849862,-1.247604294,-0.672570341
-5.738024276,-0.379940447,-0.010403161,-1.492726421,-1.547651539,-2.056671729,-1.142990445,-0.218504497,-1.022364269,-4.842109385,-1.479829841,-2.755597938,-3.622466115,-2.251862823,-1.157177102,-1.779844247,-2.717407535,-3.123224313,-1.842014941,-2.391470838,-0.388965609,-0.404351909,0.77580016,-0.378252372,-0.287672416,0.719414936,-0.214218433,-0.599582198,-0.745793247,-4.472557125,-0.8468961,-2.985972742,-0.144257289,0.109693336,-0.572956465
2.790236984,-0.791228297,-0.120726401,1.000835715,0.086352274,0.136520072,0.579751169,-0.952839523,-2.631247163,-2.083321073,-2.237999612,1.377251202,0.309242282,0.111179734,0.370572308,1.418742105,-4.228842071,-0.710039156,-0.28240089,0.681294132,-0.840687359,-1.68861081,-3.432761446,-2.715513135,-3.549740028,-4.464351984,-2.285744829,-0.813112168,-2.124023442,1.914067733,-2.289589953,-1.307940462,-0.86912023,-1.208014908,-1.306998574
-5.889169626,-1.180087276,-0.012248239,-1.152374665,-0.742520926,-1.002340879,-0.423997885,1.218626268,0.371302267,-1.481603373,-1.244903056,-3.122257784,-2.90086982,-2.213667046,-1.159016837,-2.548146147,1.039606734,-2.787722468,-1.597490102,-2.214782821,-1.170456546,-0.287679954,0.573256664,0.270461525,-0.13104578,0.42696325,0.085733048,0.044238448,-0.281515796,-2.297537505,-0.247063226,-1.350865474,-0.512526464,-2.23574973,-0.216856051
-3.936340318,-2.26270466,-0.711310441,-1.258361881,-0.536388484,-1.646149858,-0.693257281,-0.631943443,-1.353569237,-1.462540243,-1.531491644,-0.672771114,-1.549985322,-0.269056431,-0.647121835,-0.40012716,-3.537163311,-1.508669256,-0.897087686,-0.43123007,-0.051254553,-1.021153245,-0.330600436,-1.268591208,-2.590094957,-1.420433187,-0.60183007,-0.453927806,-0.635105246,-0.406636041,-1.663984423,-1.839120954,-0.907834171,-1.694346086,-0.971141474
-5.603992641,-0.830324741,-0.578232086,0.9093885,1.054481638,2.425078968,1.701574481,2.553362724,0.547827099,-0.091021209,1.003655767,-1.737141609,-2.136146382,-1.345029486,1.34422163,-1.384401743,0.753317306,-0.355982303,0.735055176,-1.022025121,0.847915662,0.872615885,0.256023477,1.166043002,1.368089276,2.025954907,1.780248886,0.217532848,1.612975713,-0.289909239,1.393260509,-1.005010554,-0.381991791,-2.620236211,0.431002719
-5.6418445,-3.614783636,-1.883442952,-3.330361762,-1.797118812,-3.768501179,-2.491318836,-2.143229167,-2.437036943,-2.40311637,-3.543514129,-2.518141325,-2.68058458,-1.107045214,-1.70162347,-1.534465033,-5.148105788,-2.369939155,-2.30359145,-1.999151387,-2.073198784,-2.395626286,-0.516639127,-1.955134376,-2.882971815,-3.211556268,-2.514169746,-1.980041025,-2.51865568,-2.231418404,-4.454422984,-1.72714465,-0.97736251,-1.202444791,-1.389611602
-3.393482132,-1.556364312,-0.506054512,-0.758494057,-0.217539566,-1.151174357,-0.164765467,-0.35999159,-1.402063463,-2.765548283,-0.264749077,0.633220677,-0.956401498,0.190918255,-0.854360648,0.187701249,-4.357236667,-1.071712528,-0.891912767,0.190314266,-0.323687837,-2.088047469,-0.748494337,-1.656732125,-3.315348577,-2.021082993,-2.035215485,-0.94161935,-1.024323425,-2.182222289,-1.37960546,-2.720920159,-1.413402383,-2.218332989,-1.07028732
-4.72688596,-2.01400213,-0.895946257,-2.582935982,-1.896863206,-5.04658558,-2.101845786,-2.730302503,-0.738746384,-4.961131625,-2.004656373,-2.636142262,-3.52968657,-2.730893856,-3.081085025,-2.092196816,-5.673968246,-3.067898584,-2.167884257,-2.744945659,-1.749118547,-2.497066281,-1.858092604,-2.69257009,-4.01406607,-4.558629666,-3.610517905,-2.357818912,-2.318695906,-3.355757105,-1.383904292,-3.678607033,-1.864060745,-1.772719114,-0.397467792
-3.904178826,-1.212711429,-0.519689386,-0.281864388,-0.425497267,-0.691906392,-0.207358183,-0.717183478,-1.469205226,-3.428181844,-0.69694205,0.489132056,-1.232258631,-0.248554273,-0.918975081,0.45905382,-4.804191382,-0.947105809,-0.712679484,-0.04579563,-0.242693957,-1.935899753,-0.964289176,-1.065147877,-2.168793686,-1.583842389,-1.790546386,-1.075486125,0.011675689,-2.41680695,-0.436439286,-3.005655556,-1.324660576,-1.017591862,-0.510928602
-3.339013011,-3.033703,-0.933620241,-2.066809811,-0.941925558,-2.505800108,-1.32426023,-1.318326022,-1.40024058,0.039533632,-2.31683012,-1.709116595,-1.814578953,-0.855378048,-0.88887734,-0.604042144,-5.123521596,-1.895931658,-0.900215002,-1.305850273,-0.911176309,-1.812272495,-1.315351841,-2.143452812,-2.327489155,-1.442843347,-3.049059451,-1.092600748,-0.429989088,-0.553495932,-1.927270598,-1.655745916,-0.724624778,-0.984357646,-3.64529107
-5.455968352,-2.521763055,-1.492117368,-3.165308927,-2.311827979,-3.549195451,-2.697043436,-2.558420031,-2.150812529,-7.921101841,-3.433484785,-4.53949149,-4.864028029,-3.720680259,-2.723625993,-3.002966216,-2.327373743,-3.568856462,-3.403013338,-4.198324475,-3.529884496,-2.091163749,-1.729446125,-1.905111451,-2.613559196,-3.817038195,-2.575193029,-2.986695355,-2.691169231,-3.646994379,-2.990708837,-2.056499843,-0.65898527,-1.599239678,0.037154358
-6.447221023,-4.18690055,-1.571701575,-0.89542708,-1.273954886,-1.98413993,-0.460877489,-0.43846942,-1.606401871,1.987482451,-2.998307004,-1.651035865,-3.34712812,-0.396379378,0.530444392,-0.590223173,-5.227022059,-1.086689821,0.059653058,-0.67232756,-2.548017738,0.599892926,1.18588428,-0.719371042,-0.547420339,-2.306901123,-0.421605737,-0.194665046,-0.220775884,-1.095892062,-1.341358267,-0.198332577,0.763367677,0.540069332,-2.360230937
-3.309589443,-1.562735856,-1.471479958,-1.993677589,-1.677904199,-3.517183136,-1.81472057,-2.179745864,-0.763319507,-1.893880838,-2.068366616,-2.558511348,-2.462432118,-2.733362567,-2.443897353,-2.155626763,-4.498408328,-1.933867748,-2.215684116,-2.366315019,-3.235570279,-2.653578978,-1.40313106,-2.549360141,-3.580653009,-4.982242207,-4.494395455,-2.278949918,-2.883600038,-3.428645127,-3.545334582,-3.258476073,-0.144402726,-1.110983787,-0.974851231
-2.196792989,-0.035146266,-1.556534076,-1.849056337,-0.339928748,-0.720703375,-0.641689473,1.480061793,-0.931812261,-2.438333126,0.78453087,-0.931114243,-1.371091381,-0.352300773,0.047090935,-0.130025359,-6.95545229,-1.287479674,-1.792489942,-0.796980195,-1.190152402,-1.548652029,-0.798611388,-1.506323884,-0.05330268,0.805070264,-1.716596372,-1.867731449,0.955414774,-4.558932175,-1.957714911,-4.169122295,1.087314621,0.049179857,-0.183120788
-0.455909682,-2.843389448,0.087684092,-2.408125249,-1.107334202,-3.587435977,-1.471934749,-1.055930898,-1.080238814,-1.730099235,-2.517199154,-2.309889607,-3.175016889,-1.467509982,-1.244578437,-1.84607094,-2.002791465,-3.042676662,-1.641104277,-1.933545833,-0.145215818,-2.263919441,-0.983840162,-1.225717436,-1.619542042,-2.102593496,-2.136012353,-2.15798514,-1.025968543,0.6478468,-2.596934123,-1.136152955,-1.604680825,-1.62040198,-2.877264473
-5.748239999,-3.181087044,-1.299272693,-3.082953755,-2.087847115,-3.264349317,-2.133328351,-1.442558,-2.253079563,-5.213681048,-3.593213203,-4.084152024,-4.960846245,-2.633658935,-1.17924886,-2.276749368,-3.517246486,-3.262112229,-2.284590289,-3.38484252,-1.854448372,-0.969453062,-0.546965127,-0.407922671,0.417659272,-1.520035848,-0.626390156,-2.497642351,-1.131813035,-1.505013092,-3.112126575,-1.632891444,-0.369445397,-0.314445591,-1.380936454
-4.930207303,-3.561085631,-0.616747451,-1.355461128,-1.293057326,-1.597693254,-1.233076553,-2.145439399,-2.098961207,-4.875063938,-2.433445241,-2.060232452,-2.965144443,-2.1675993,-1.724026182,-1.034477332,-3.534852686,-2.596745207,-2.722946485,-2.285875726,-0.669397683,-1.974136377,-1.637675502,-3.024343164,-4.670982293,-1.294202157,-4.099473122,-1.221100104,-0.527658651,-0.970748687,-2.070205456,-0.904582963,-0.694434705,-1.7961971,-2.460089135
-4.786920908,-1.38540277,-0.609743511,-0.032171783,-0.14868258,0.890491773,0.679316234,0.893189208,-0.470601781,-0.84174922,-1.153455851,-0.442418065,-0.238204264,0.212510602,0.998941733,-0.412411552,-1.475903268,-0.559873408,0.862332331,0.066446935,-0.145171143,0.194794582,-0.045065879,0.626437546,0.805075737,0.784954677,-1.498738083,-0.605317914,0.647812944,0.340200659,-0.208844058,-2.430057981,-0.278354579,-2.060309954,-0.66412593
-2.387220472,-1.60089617,-1.448878401,-1.954172395,-1.056551613,-2.221468257,-1.695594368,-1.888857942,-1.55231184,-0.325496745,-2.119259935,-1.765404832,-1.348863248,-1.625733916,-1.693371567,-1.048114972,-4.083995745,-2.120171625,-1.660138624,-1.885257037,-2.921531296,-3.372965663,-1.142631918,-2.256394271,-2.809880105,-3.355883996,-3.883979883,-1.568334233,-1.804425235,-2.992713409,-2.731486994,-2.526108754,-0.002394944,-1.492833367,-2.129666879
-2.375774142,-0.91060967,1.691926547,1.206102317,0.883794232,0.082456615,1.180017108,0.786830169,-0.272807643,-2.962270368,-0.691220224,0.718146622,1.127103404,0.104134513,1.335833556,1.550504103,-3.435168677,-1.020286809,0.979256419,1.125623981,-0.719042299,-1.754968112,0.206672485,0.726795234,1.004052364,0.0180011,-0.750914651,-0.859732462,2.208574895,2.681594662,-0.215866685,0.005822025,-0.029692053,-1.344597276,-1.106366595
-2.77982618,-2.721567317,-0.960465027,-0.845161456,-1.062202653,-2.102242548,-1.14592509,-1.964201815,-2.026144667,-2.431826643,-2.569446205,-1.103456463,-2.004393434,-1.702485274,-1.460297816,-0.547592273,-3.561558227,-2.602094455,-1.370765434,-1.265001737,-2.138692331,-2.649041921,-0.359548883,-1.832956042,-3.588277332,-3.655880207,-2.706808874,-1.216766033,-2.245218166,-3.272338085,-2.104618824,-1.386278406,-0.786807644,-2.255330381,-1.359166288
0.04534288,-6.822842789,-1.735626524,-2.599855265,-2.137110195,-4.156751701,-3.126114772,-4.466222906,-2.755535359,-2.188937786,-3.947785891,-2.748379879,-4.836315605,-3.125889398,-4.238141127,-1.556780207,-3.213594848,-2.357569664,-3.640935083,-3.451167719,-3.837476208,-5.476683409,-2.151773908,-5.601585235,-9.115033043,-5.615351742,-5.320272139,-1.577805761,-5.012045908,-6.695254376,-4.101813982,-0.381784935,-1.149829563,-1.180575552,-3.161766328
-2.698916569,-1.318393392,-1.052149808,-0.823347462,-0.733268064,0.405986748,-0.540445772,0.778410147,-2.065797529,-3.743130015,-0.585799603,-0.721959706,-0.964259545,-0.077365719,-0.129802309,-0.953074325,-2.330300235,-1.851380686,-1.581410807,-0.059954056,-1.819531518,0.399990497,-0.189728814,-0.607847295,0.315479938,-0.548500651,-2.15539305,-1.492265695,-1.801188752,0.851994252,-0.528631185,-4.093719492,1.57194334,-2.629232199,-0.652131794
-4.006847607,-0.664001628,-0.166620685,-0.335957652,-0.209362687,-1.827780198,-0.076232232,-0.148127018,-0.616835986,-2.892887575,-0.613628783,-0.1016838,-1.685886761,-0.302056738,0.173828198,-0.091369973,-3.820609395,-1.297882392,-0.078694877,0.00396788,-1.595886204,-1.30787097,-0.243877757,-0.808296212,-0.67294666,-0.793744436,-2.327088455,-0.646364979,-0.116601737,-1.395686925,-1.004926603,-1.695819718,-0.828764969,-1.332153406,-1.333209397
-1.197424988,0.997567601,-0.52483381,-1.468084287,0.008650379,-2.277606845,-0.909157032,-0.6549734,-0.843949732,0.14074011,-2.292635605,-1.180915701,-2.345070532,-0.956565711,-0.99216357,-0.194324424,-3.4999233,-1.198035437,-0.843199076,-1.08037362,-2.691978962,-3.61420149,-0.576224918,-0.963555729,-0.060317054,-2.58449405,-3.697715556,-2.048077168,-0.093511251,-2.413864944,-1.411937606,-2.473821135,-0.448640247,0.605139494,-1.873550679
-8.582941036,-3.053939649,-0.398881001,-1.05024421,-0.948334656,-2.822106392,-0.079512288,-0.886546018,-2.765904255,-2.479117838,-4.355085051,-0.600295407,-4.607682037,-2.676608705,-0.971301149,0.497114355,-2.175494323,-3.591126135,-2.269153516,-1.604854631,-2.519802279,-4.362804099,-0.153334748,-0.631705248,-2.643913329,-3.74270757,-2.25284334,-2.243108351,-2.418603074,-7.566892038,-0.681838782,-2.044100565,0.4747339,-0.866622436,0.290081111
-5.910731179,-2.979743412,-1.075536899,-1.57578161,-1.476584167,-3.773043838,-1.622078335,-2.615450379,-2.339153955,-2.028113725,-3.803269568,-4.329404589,-7.195548075,-4.244389226,-3.943391077,-1.99061669,-6.045285753,-3.517098356,-1.968070603,-4.868005716,-1.189921349,-2.734450839,-0.443349833,-1.866426909,-1.848397408,-1.890918302,-3.697047146,-1.556983844,-3.259488762,0.678961438,-1.94828704,0.683428525,-0.824545419,-1.733496874,-1.871132691
5.13221925,-0.040035973,-0.875149385,-0.885432339,-2.082500769,-3.670463703,-1.203249334,-2.641213218,0.225591636,-5.669160687,-0.181890963,-0.817824475,-1.499576182,-0.103482721,-1.206495199,-1.707495914,-2.093378906,-1.604316525,-0.369317397,-0.321605945,-0.767874048,-2.309384825,-1.562838318,-2.99577416,-2.514460452,0.701876693,-5.032871546,-1.97935099,1.072662453,-3.361404538,-1.176835332,-0.825047813,-0.301197752,-2.726351613,-2.139165356
-10.174793673,-2.882016438,-2.62247577,0.385204054,-2.108592912,-1.92460752,-0.753664778,-2.901686842,-2.703392522,-3.007540153,-2.200976269,-1.172319967,-3.993441615,-3.832806368,-2.012730778,-0.39195117,-2.220124247,-3.086921496,-2.796615851,-2.301254433,-3.780023029,-2.736226266,0.403055018,-1.906890474,-4.983979982,-6.646351606,-4.480961423,-3.381114676,-3.906702456,-5.798520661,-3.048061609,-3.381142719,1.011272338,-0.492053189,0.026286635
-8.230605819,-4.515313136,-2.812891624,-1.691544035,-0.834214749,-1.194095872,-1.917875237,-2.597413265,-1.016408323,-0.688706993,-1.830392363,-1.705905217,-1.729439652,-1.199545787,-2.4445151,-1.649466804,-0.048533194,-1.319600859,-0.961570209,-2.258840535,-3.326636775,-1.891425837,-0.289693639,-3.11174295,-4.227402602,-3.607635719,-4.060537948,-0.65736185,-4.179702679,-0.755183229,-2.258435404,-3.954944329,-0.02113808,-0.821321726,-2.540964359
-4.424017902,-1.906956178,-0.526145717,-0.84168133,-0.760283803,-2.785860429,-0.445191058,-1.185017285,-1.393390466,-4.3790614,-2.869496019,-1.590221177,-3.18770273,-2.236347967,-1.017606755,-0.504478101,-8.181724718,-2.355868823,-1.935200608,-1.686599274,-2.460369754,-2.628272379,-0.117428686,-0.556263043,-1.978021931,-2.794228901,-2.459036399,-1.805778042,-1.558788207,-3.512432927,-2.087253522,-1.532007101,-0.739264428,-1.14129462,0.462801756
-2.947334433,-3.85234649,-1.255141417,-1.488036782,-0.858069085,-2.221229403,-1.599100718,-2.044860301,-0.917903007,-5.494674914,-1.488516186,-0.785351946,-1.568001795,-0.681725273,-1.346190238,-1.130840862,-1.126329739,-0.852367776,-0.713768786,-0.771390391,-1.845537047,-1.311343893,-0.923972504,-1.88989207,-3.04516238,-1.959686527,-2.563385885,-0.661316755,-1.496492505,-0.374760864,-2.671960336,-2.906112546,-0.177886277,-0.952228605,-1.126272698
-2.465120086,-3.660996836,-0.70742103,-1.319358631,-1.072724446,-2.823964617,-1.449697756,-3.245115926,-0.951177262,-7.263387375,-1.684074468,-1.058602757,-2.834180445,-0.870286895,-1.346100975,-1.051424001,-3.459823256,-1.398639884,-0.973859419,-0.944955097,-1.166056359,-1.19736634,-0.813481267,-1.377356208,-2.865155098,-1.393297996,-2.08957582,-0.689830625,-1.31989571,-0.455179299,-2.464355222,-2.452466508,0.051465038,-0.693860557,-0.099123049
-0.012185415,-2.233934281,-0.543249967,-0.691039185,0.088842252,-1.059483179,-0.730574568,-2.071737985,0.238225925,-5.450467518,0.213597325,-0.361831791,-2.003418322,-0.426847765,-0.382143962,-1.622900525,-1.549593918,-0.039701571,0.365348256,-0.40543719,-0.980334532,-0.673520727,-0.750043524,-1.371013463,-2.073744865,0.899812882,-0.963129957,0.525864766,1.051562231,-1.155347078,-1.32651894,-2.144414695,-0.417372973,-1.888522029,-0.763521632
-1.614437638,-2.086544701,-2.215912611,-3.63032056,-2.507627429,-6.395211674,-4.335495212,-6.081512871,-3.004503895,-6.481501115,-3.289298911,-1.523631476,-4.172112182,-1.1064033,-1.996399426,-1.656989608,-4.65258375,-0.882185178,-1.202573347,-0.880293142,-2.702558041,-1.985186221,-1.854856271,-1.974126521,-0.952546598,-2.93314656,-2.088759112,-1.924224965,-2.349867349,-0.658851411,-3.077677531,-1.898491607,0.180534327,-0.507434307,-1.65233515
-2.499836525,-1.44564543,-2.355202195,-0.877632752,-0.909186322,-4.178688745,-0.682311698,-1.816762186,-2.10038053,-4.372107558,-4.090374883,-1.582967139,-2.995592001,-1.38450033,-1.877043759,-1.707984931,-6.139962807,-1.514579755,-1.092685732,-1.828746702,-4.950873319,-2.781275045,-4.357741608,-3.808987899,-4.326728503,-3.663911935,-5.161378623,-1.798726153,-2.171263887,-2.208238533,-2.215951818,-1.778329559,-0.238272112,-2.616045468,0.585856876
-2.878059852,-1.551369919,-0.225569507,-2.23935569,-0.007437721,-0.807112897,-1.42619443,-1.239971655,-0.554225273,-1.53344474,-0.718022081,-2.237959264,-0.874871173,-0.058057835,-1.820934063,-1.522942804,-3.060999268,-1.161038531,0.190716053,-1.815248204,-0.608478442,-1.233586042,0.017131153,-1.131363502,-0.974746876,1.901820894,-2.507716378,0.913541138,-0.350031778,-0.418965663,1.720120763,-0.924407359,-0.782519687,-0.436214783,-3.385377843
1.530692784,-1.406916999,0.291163578,-0.895694849,0.536794374,0.966716379,-1.569510547,-2.224025984,0.906101111,-3.333558107,1.602057623,2.485884359,1.299109487,1.222423952,2.133577421,-0.117604656,5.529100273,1.093192219,1.331846486,2.1148287,0.037684925,-1.635663762,0.155877907,-1.758207162,-1.857640232,0.517038664,0.131007451,0.448283006,0.026071127,-2.609949089,-1.482233392,-2.078788311,0.062766896,0.137700485,-0.573546945
-6.803114106,-3.415712037,-0.527456806,-1.449321346,-1.915938911,-1.796899838,-0.905942979,-1.093337916,-1.524626739,-6.850887395,-3.380787133,-2.144490331,-6.229545289,-1.713389685,-1.861677165,-1.457140579,-6.698243807,-2.297897811,-1.72088119,-1.904050083,-1.762088662,-1.75420341,-0.717750197,-0.900975096,-2.651791697,-0.227713089,-2.567086232,-0.318279261,-2.519484913,-1.199314054,-1.123272779,-2.126265486,-1.313775026,-1.543206266,1.798081777
-3.065422191,-0.524123443,-2.883186105,-3.246478899,-1.725275746,-6.670772927,-3.199118013,-4.654642324,-3.648675876,-3.33733551,-7.448216089,-3.606534792,-29.906639528,-2.587868895,-3.298720545,-1.801814941,-6.950331512,-3.468883179,-2.356289229,-3.431165333,-3.450306322,-3.460141821,-2.449995019,-2.125063281,-1.895401386,-5.285762924,-5.911499869,-3.773546607,-3.592987344,-1.405195611,-2.800768632,-4.39485702,-2.941728035,-0.389574887,-1.970640419
-1.497981326,-1.426845475,-1.074971815,-1.242439357,-0.325352664,-1.739100128,-0.889839584,-1.820000334,-0.635952043,-0.825659053,-2.017734686,-6.850181222,-1.725762838,-6.932442645,-5.144186931,-3.666785926,-0.17687806,-5.941454888,-4.145308893,-7.108410621,-2.410791655,-2.763100412,-2.200817596,-2.468607245,-2.579296245,-1.732580592,-4.661952785,-1.78126092,-1.768146485,-1.490078886,-0.4065546,-1.574623056,-2.100623053,-0.308568519,-2.427242998
-3.235076029,-2.631346576,-3.797214467,-3.464803409,0.301525526,-4.263902058,-3.191362657,-3.581139019,-3.319034331,0.26502904,-4.092614269,-1.138254961,-9.437622159,-0.677427186,-1.766907882,0.158214101,-7.658189937,-0.723274965,-0.839695784,-0.747847428,-6.013437065,-5.096309856,-6.696948049,-6.490714532,-6.338647232,-5.641161374,-8.921458775,-0.956423521,-1.2177563,-3.177620618,-2.84732805,-5.617545303,-3.586169636,-0.252453516,-0.321060675
-4.990889536,1.318141595,0.087862276,0.532094152,0.767413794,1.629628632,1.198103382,2.048233886,1.196804926,2.390510668,-1.807680241,-3.593189826,-6.472271062,-3.722897313,-1.443263926,-0.862686937,-2.114124802,-4.675315388,-3.164227667,-3.450675248,-1.054533818,-0.814780075,-0.140615803,-1.352168513,-0.656411039,1.120898128,-1.143324006,-0.55013097,0.029969511,-3.5251892,1.551730649,-2.149041047,-2.835307925,0.082421259,-0.236516537
-0.103414398,-3.073447506,0.17360448,-0.326921556,-0.420839947,-1.421823153,-0.520303866,-1.682238975,0.06813584,-2.19818963,0.606236143,-1.579396803,-18.4731474,-3.435681791,-0.618700885,-1.242762315,0.851639869,-2.071175799,-0.381409735,-2.880120627,-0.953127821,-2.339873745,2.89371595,-1.491171199,-2.331208513,-2.427472264,-1.450651227,-0.354105864,-1.719745476,-2.090787817,-3.446299631,2.383596802,-1.571172673,-0.824048561,-4.002408804
-4.637049842,-1.714787989,-0.433297856,-2.963804843,-0.216949288,-1.692953667,-2.54675085,-2.627828738,-1.335063839,-4.437694073,-1.248347491,-0.93199994,-2.51336408,-0.286229289,-1.49537878,-1.326420878,-3.431355106,0.515356978,-0.262929772,-0.839195349,0.061460133,-1.52610447,-1.045456185,-1.067882657,-0.634551016,0.126304712,-1.122557328,0.590239563,0.583248322,-0.941090021,1.102871012,-3.765304121,0.058531255,-0.223165938,-1.352521757
0.265669703,-2.355004996,-0.484303011,-0.148768589,-0.33167646,-4.11585644,-0.731044394,-2.907997234,-2.667699108,0.459875993,-3.652205499,-7.322312156,-17.770812211,-7.931080342,-4.79470931,-2.678944199,1.386021536,-7.23340922,-3.884704252,-8.328123668,-2.343100655,-3.217714916,0.509420168,-2.487158606,-2.718883569,-2.806332268,-4.14455085,-2.662007893,-2.888588987,-2.627262322,-2.335210862,-0.235235931,-3.378539611,-1.028049263,-3.990128071
-3.372559647,-1.810023026,-2.096234311,-2.14819656,-0.780495567,-4.519017298,-2.071557881,-3.088224342,-2.439869409,-2.215920189,-5.049408466,-4.738129686,-23.48249404,-4.143172037,-3.553240992,-1.775528686,-5.486460579,-4.191864541,-2.905735379,-4.821412549,-3.295143094,-3.95471775,-2.198471329,-2.130999496,-2.534199156,-3.487236638,-6.109699323,-2.703427188,-2.513238173,-2.579976308,-2.485424606,-3.825822715,-3.114325005,-0.273530295,-2.663958483
-0.812310647,-3.334383704,-0.622588247,-3.022655785,-2.526995655,-2.65913941,-2.61546835,-3.403632689,-1.605891321,-1.008936484,-4.515762194,-0.123323593,-2.419147039,0.294917823,-0.759007541,-1.794283739,-4.772494121,-0.016551381,-0.828798019,-0.119643263,-0.225586123,-1.31625938,-1.673529724,-3.167656932,-4.03673628,0.519763516,-3.14503508,0.852148807,-1.250378204,-2.885833491,-0.750948054,-3.517049923,0.331821378,-0.954965441,-0.591472862
-3.65780542,-2.730784784,-0.248153876,-2.1171588,-1.776469029,-3.256619707,-2.814204931,-3.31793511,-2.887710924,-1.440341052,-5.331609817,0.051600318,11.905619105,-0.497865944,-0.368255965,-0.827205272,-3.007298289,-0.653053592,0.418079773,-0.622989576,-0.335960167,-1.101079557,-1.516482842,-2.656547714,-2.267076042,-2.164627365,2.328226731,0.226330825,0.01996299,-6.744968998,0.210214792,2.123577788,-0.597240529,-0.551963571,-2.148556337
-2.306626396,-1.805705329,-4.03252696,-1.443286413,-0.57527364,-2.442899716,-3.128151162,-3.586105695,-3.473555812,-1.411067308,-5.060514697,-2.688495924,-23.996896919,-3.934817178,-3.790176556,-2.891190361,-4.629191846,-2.873956889,-1.839004439,-4.110547525,-4.095327443,-2.416857966,-4.042261375,-3.141815575,-1.920568342,-5.782566624,-5.226647762,-3.256962532,-3.928068281,-4.892106366,-6.406075399,-2.746539441,-2.231079264,2.152584883,-2.402086092
0.378769992,-1.894793256,-1.319323486,-2.810273282,-2.055265939,-2.436666087,-2.634560603,-3.264501445,-0.477388369,-0.333890124,-2.576859326,-2.953556967,7.050691284,-3.653834159,-2.394714167,-2.499058367,-0.961614724,-2.445801799,-1.937179107,-3.580784674,-1.191264033,-1.912005858,-2.717847821,-2.555336801,-2.182434474,-2.827877588,-0.372601907,-2.281278221,-2.789729284,-9.979066712,1.221742819,-2.340023152,-2.33972179,0.73060872,-3.766523459
-4.612498638,-2.202850072,-1.095001494,-2.62403874,0.06456889,-1.674958441,-3.066600181,-4.265270403,-1.38285098,-0.482854425,-0.964875078,-0.507030437,-8.172546142,-2.691069884,-1.970399957,-2.623154062,-2.973408782,-0.243017765,-0.152836076,-2.480671336,-1.972557211,-1.287499771,0.104530752,-0.075938836,0.236191383,-3.368635381,-1.843260225,0.392697639,-1.486408401,-1.405136515,-5.793053974,-1.137784762,-0.588695066,-1.057914003,-2.092547942
-0.319975873,-1.988578302,-1.659280771,-1.722478287,-2.391258045,-4.980211119,-2.285186874,-4.290660989,-2.303737841,-1.648587828,-3.101269749,-1.979420594,-21.108135455,-0.979546142,-1.49894361,-1.529110666,-1.125658273,-1.758806788,-1.578537435,-0.709104532,-2.472518807,-1.698571891,-0.679362099,-2.315264299,-4.27044875,-0.586538941,-4.415649208,-0.580362037,-1.815933863,1.925579079,-1.754231103,-2.955863567,-1.808331369,-2.163682097,-0.715042494
-1.298487771,-1.572235168,-2.40524438,-2.852883393,-1.393171184,-6.200617449,-4.279326059,-6.114985475,-3.634125695,-0.911890338,-3.860679052,0.589590276,-23.073125461,-0.061214965,0.034522219,-0.735034031,-0.765682102,-1.480884613,-0.283005697,0.25095899,-2.328799244,-0.533898854,-0.638883204,-1.76082156,-2.171832303,-3.022716605,-2.307555434,-0.957472965,-1.715129611,-3.172991926,-4.53498638,-2.532811182,-2.028704543,-2.475051635,-2.3517708
-1.635279583,-4.592549756,-3.280555084,-3.570519852,-1.872272439,-3.591866913,-4.057523267,-4.705895956,-3.082289993,-2.69424553,-3.669234092,-7.377018046,0.42726533,-7.619812712,-4.987900406,-3.779468245,-0.876204394,-5.657003425,-4.404017318,-7.389738884,-4.041663373,-4.203335234,-1.895546098,-2.938839803,-3.821203077,-2.238863524,-4.40697574,-2.202908974,-2.300704006,-2.950441944,-3.327975465,-1.251788876,-2.210293624,0.408705329,-3.231479286
-5.935275986,-5.34598172,-5.665474083,-4.09790882,-5.777624629,-6.205287651,-4.869322416,-3.882202954,-1.258409321,-2.738547243,-6.550991846,-4.114176474,-0.942765823,-4.020618821,-5.911059624,-4.947744596,-6.617778154,-2.6107189,-3.577721345,-3.924674252,-4.896239435,-5.729555626,-5.188260205,-1.900630812,-1.989540485,-4.19257913,-2.88790867,-2.476557084,-5.242331996,-6.150916083,-2.663970346,-3.259670138,-3.302280781,-1.901108207,-1.607902755
-8.111381179,-0.677053893,-0.174036052,1.152772301,-1.260935427,0.666041726,1.755324009,1.887633771,-0.558386462,-2.603915944,-0.308781078,-4.042975353,1.600526787,-3.226849502,-1.806770635,-1.091262956,-3.744256497,-3.817600102,-1.83005007,-3.3468945,-3.194335242,-1.457116046,-0.444998291,0.78923436,0.799215444,-2.001221537,-0.384912194,-0.157109033,-0.540464448,-1.395752597,-0.095702626,-3.017545417,-0.551106798,-1.65549262,-1.279957219
-5.30796719,0.144042202,-0.474575047,-0.934214584,-1.145647373,-1.77610494,-1.601519323,-3.151639394,0.164085559,-1.31273117,0.441001733,-2.336256831,-8.849159716,-2.174218274,-1.235026812,-0.488867984,-3.749019715,-2.079183435,-1.131604235,-2.19072274,-2.454406666,-1.752633105,0.348947507,-0.053313797,0.252524392,-5.23439256,-1.097372231,-0.33265288,-0.981732226,0.502327181,-0.218148204,-3.874744986,-1.892775549,-0.874355046,-0.873004546
-4.216807843,-1.406828801,-1.582245321,-1.740913785,-0.260398125,-0.986603457,-2.008989366,-2.332746193,-1.403109039,-1.989748371,-0.824267911,-5.368419955,-6.434978268,-5.881697609,-3.800672083,-2.449325189,-2.793666704,-4.474601255,-3.070276445,-5.933696898,-3.341979269,-2.60506054,-1.301330337,-0.8015509,-0.881600031,-4.282338753,-3.988465583,-1.304565802,-1.750245131,-1.801395265,-3.304797895,-4.607261442,-1.345789505,-0.094450303,-0.929467914
-5.778352746,-3.652356367,-1.232977673,-2.674456884,-2.961677696,-2.602907814,-3.155938791,-3.903983631,-0.955120357,-3.167157689,-6.021828114,-8.656797993,-14.205201415,-8.286736692,-6.372774114,-3.746261239,-1.994741881,-5.390852996,-3.820076964,-9.157469247,-0.67654539,-2.929215038,-0.310403813,-2.914122496,-3.11837632,-2.862788133,-6.310560864,-1.680614238,-3.133745686,-0.448895351,-4.903908105,-2.711478213,-1.888665611,0.287371589,-0.723775866
-0.837554693,-0.759297772,-2.334593415,-1.92376991,-2.538791286,-4.429577514,-3.030155956,-3.959504234,-1.598598213,-1.165550972,-5.640736677,-5.063865811,-17.064151772,-6.078737413,-4.86809813,-3.988520115,-0.989036115,-4.10938907,-2.930933987,-5.974115174,-1.034128868,-2.336292214,-1.574808825,-0.569786618,-0.924572556,-3.009391976,-2.210161415,-3.189147859,-3.0290788,-4.933472963,-3.329449418,-2.92928025,-2.872563601,-1.693554841,-1.309637779
0.291761198,-2.114747796,-0.353219746,-0.796418298,0.131923663,-4.611400631,-1.103844135,-3.57023318,-3.691039942,-1.081144814,-5.460212709,-1.099366005,-33.375395363,-1.061893828,-1.040591739,-1.00899204,0.418955719,-2.548973171,-0.83765427,-1.501429529,-0.534380082,-0.393016911,0.150929664,-0.917498054,-2.780821248,-0.299152894,-2.95048351,-1.672891522,-1.97881162,0.36421455,-1.950195782,-1.192379602,-2.559695615,-3.334059851,-0.461971856
-3.825706446,-2.237275067,0.73119242,-0.391617186,0.364578108,-0.807848742,0.113122618,-1.290430287,-3.079308116,-1.554069264,-3.783183331,0.303786136,-28.778640657,0.519244169,-0.667733135,-0.004968952,-1.101251976,-1.333747788,-0.069777761,-0.257855888,-0.269984589,0.878352052,0.186819837,-1.53453536,-2.266753801,-0.637094904,-4.737277386,0.516996214,-1.505158011,3.793794407,-1.997621489,-2.214241989,-1.09348163,-2.216839152,0.398402909
-4.313507889,-4.391196401,-2.264935778,-0.710772679,-2.226181914,-3.942367267,-1.039972757,-1.765029187,-1.880925414,-1.243498705,-7.210097329,-5.247526958,-15.539167423,-5.234805101,-3.9450067,-2.858088242,-2.614506244,-4.981811857,-3.43751365,-5.650348758,-2.814580744,-3.927897356,-1.241651085,-1.59458322,-1.887752924,-2.885188007,-2.246482956,-2.88492476,-2.532160714,-3.563932918,-2.536304981,-1.350477276,-3.190249053,-2.623286212,-1.24900782
-0.161892227,-1.117362689,-0.591580783,-1.051677015,-0.03513199,-2.865587217,-1.496666015,-3.160332416,-3.482344837,-2.222548471,-3.44301241,-1.766972907,-23.235230459,-2.051490656,-1.735195857,-0.96563335,0.672225794,-2.736130838,-1.117850921,-2.22959224,-1.165363576,-0.177134945,-0.520184307,-1.244795663,-2.452290863,-1.399820938,-3.833926792,-1.174424727,-1.605599316,-0.145994174,-1.643476475,-2.585991502,-1.670496595,-1.585327431,-0.103218561
-1.214474834,-5.653389071,-4.217549582,-4.825322861,-3.273158731,-5.038740551,-5.434799528,-5.190688516,-2.837726571,-1.735783532,-7.210805855,-8.179787668,1.728853576,-8.520769793,-7.050049336,-6.318290788,-1.468705488,-6.028187216,-4.998702107,-8.714812326,-3.026214838,-4.711398836,-3.048714119,-2.297089284,-3.249726953,-1.910698106,-3.494573277,-2.540664549,-3.888677613,-7.829601238,-5.817633697,-1.220756027,-2.025206665,0.190588572,-1.895594543
-2.759137393,-2.179646127,-2.881830402,-3.051915355,-2.534629602,-4.217274467,-3.46758719,-4.196190039,-3.87280197,-2.937938825,-5.108327696,-1.939289531,-0.304545115,-1.997919529,-3.235295336,-2.917254004,-3.323893331,-2.140910802,-1.708740847,-2.491574436,-2.951505112,-2.447038751,-2.855391474,-2.492287305,-2.893006004,-2.713910193,-2.906079217,-0.749443302,-2.333586546,-2.891988324,-3.18585017,-2.76806385,-0.791283873,-1.943548629,-1.281279561
-0.862428811,-1.578879785,-2.510149927,-1.479165949,-1.282084998,-3.226239924,-2.415832595,-2.993219225,-1.297156565,-0.577028077,-2.313453775,-5.573405041,-3.136479598,-5.764292471,-3.463240723,-2.978027627,-2.015231618,-4.973254925,-3.417086653,-5.709094841,-3.134188034,-2.517263212,-2.072683631,-0.833793377,-0.566382459,-4.556053349,-0.518088056,-2.199959679,-1.573468852,-6.422830589,-1.437150635,-3.394495956,-2.718364251,-1.07353752,-1.611426077
-5.127548972,-4.269132553,-1.862788423,-3.60856048,-1.889400509,-4.281798809,-4.160946503,-4.798560873,-1.954492467,-1.659794667,-4.094047418,-1.621199785,-6.242022527,-1.285682549,-2.143516351,-2.158328454,-3.500544768,-0.694330848,-1.157375035,-1.145925773,-1.561381666,-2.267320084,-1.080249553,-3.220750259,-3.926698014,-1.03845305,-1.635620921,0.244570837,-1.455306617,-1.794772638,-2.424861225,-1.162597571,-1.365756204,-1.560652605,-1.681584584
-0.715296761,-2.426523715,-2.629728875,-3.754715702,-3.438979371,-5.683150578,-4.352784683,-4.991732346,-3.78625942,-3.992689347,-4.16620478,-4.967064263,-3.644134547,-5.252034306,-4.295642687,-4.198849682,-2.036503803,-4.860180291,-3.059520488,-5.295338281,-3.292977358,-2.222723637,-2.226721096,-1.754667353,-2.942379279,-2.722645831,-2.687445752,-1.078943614,-1.548573458,-5.785607096,-3.806949074,-1.870593434,-0.950195783,-0.888290179,-1.420104834
-3.164299756,-2.771680409,-1.776127237,-2.448433337,-0.113766803,-0.463603261,-2.38294272,-2.022619211,-2.576915636,-2.87455368,-5.491975444,-5.955499456,-8.716969397,-6.391368775,-4.237418103,-2.39152295,-2.69455738,-6.073127589,-3.88876324,-6.762002194,-5.563755207,-4.103798013,-4.29330023,-1.838166891,-1.740940182,-4.959881086,-5.898446435,-3.012792321,-1.336653465,-5.405499798,-6.134571341,-3.355864769,-4.747749982,-0.514571422,-1.034903298
-5.932304972,-1.888250603,-2.843913915,-2.943258818,-4.679254899,-6.370292265,-3.869836655,-4.494519557,-0.893476848,-1.475699508,-4.103246512,0.518310711,-5.021075364,1.080363721,-2.173331667,-2.509148346,-5.15667286,1.166258125,0.246737812,1.129102514,-1.31301158,-3.335462871,-1.48285018,-3.850710746,-4.069594274,-1.14534047,-0.226168869,0.509983135,-2.993626339,-8.116979682,-0.30871506,-1.860447657,-0.072971382,-3.847489064,-2.282500498
-4.123474658,-3.542459948,-4.965217673,-5.113504362,-4.130847775,-5.552910215,-6.124736817,-5.85836344,-1.707832181,-3.28043962,-2.016578412,-2.060402657,0.49560412,-2.714825028,-4.09278406,-3.479605301,-4.746263025,-2.654063574,-3.039917809,-2.415451981,-4.49210199,-2.668347772,-4.425995084,-2.105013488,-2.748469259,-4.744899159,-5.303644133,-2.733934267,-3.894574884,-5.457845529,-2.580472592,-5.318085761,-2.206028682,0.004443081,-0.564493186
-4.025162768,-1.23144303,-0.976958655,-2.293271054,-2.730578761,-3.873736351,-2.533334472,-3.27584816,-1.439058665,-0.562277555,-4.847337632,-2.074937315,-3.855828154,-1.742409216,-2.334791815,-3.11830093,-1.306840713,-0.646899712,-0.448045023,-2.220941583,-0.121586246,-1.593731343,0.283950036,-3.102721223,-3.65333719,-1.618862585,-1.723308718,-1.226754659,-1.256371955,-6.693340426,-3.000792931,1.09231331,-2.90685607,-5.043029167,-2.175161581
-4.033635774,-3.139962227,-0.512579268,-1.909820361,-0.553069636,-0.750081229,-2.434838382,-3.378266739,-0.434569702,-1.264694405,0.58067209,1.645864318,0.71363042,1.889863872,-0.021898612,-0.353893512,-4.897244012,1.478533266,0.47119831,1.919309002,-1.272532224,-1.587392241,-0.131429388,-3.678874318,-3.826363008,-2.97395684,-6.597581188,0.178346713,-0.066345077,-3.819390701,-0.829642646,-1.291934483,-2.415342964,-3.249235408,-1.801448428
0.099765405,0.64309728,0.430516386,-1.320636271,-1.106616262,-3.378127694,-2.810817261,-5.080449582,-0.035638569,0.397701406,-1.384533159,2.069694467,-13.155323282,2.268965842,1.032269099,-0.301795371,0.602053274,0.758173006,2.592975104,2.194502899,1.365149905,0.460622525,-0.310562312,-0.53156624,-0.910815442,-1.539778796,-0.594017058,0.080876882,-0.769524279,-2.733775353,0.579445654,-0.889255475,-1.168811742,-3.405774618,-0.791548237
-1.937195241,-4.847932317,-2.996760729,-3.635079066,-0.860069324,-5.161086667,-3.745646016,-4.825955263,-6.192062937,-3.264786252,-5.97869484,-8.22353063,-25.684031424,-9.07902873,-5.450070555,-3.347938877,-0.76951331,-7.20155879,-6.093864419,-9.005441552,-2.692334419,-1.048942697,-1.098577228,-1.545243985,-2.933567998,-0.194349184,-2.945774573,-1.63671095,-3.549030409,-3.703716516,-4.092238076,-3.312669235,-3.350884375,-0.406678401,-0.267947668
-0.616789417,-2.36497998,0.361212299,0.506391802,0.249957069,-1.400011132,-0.345670494,-1.908004972,-3.096822214,-4.066128007,-1.458267502,1.838096288,-26.4005289,1.321643134,1.786360831,0.007087399,-1.43675724,0.68174368,1.323376836,1.91964181,-1.272595441,-1.178270844,-3.906985426,-0.713269084,-0.196650708,0.512143605,-3.360252256,1.42108502,0.103454928,2.678926397,0.006026573,-0.793746886,0.053879978,-2.752675237,0.363987575
0.21600244,-1.330661682,-2.2098554,-0.141965816,-3.619675575,-5.313175261,-1.444455131,-2.584020203,0.318790111,-1.358708053,-5.240916263,-2.295428601,-18.13740362,-1.315876386,-1.623668819,-1.789953845,-0.143471539,-1.330882921,-0.219336825,-1.188601743,-2.482182039,-3.862431926,-2.729062016,-1.533400852,-2.40819186,-4.1777044,-2.938329688,-3.242729782,-2.493798059,-7.258129726,-0.099494619,-2.232047942,-3.141989236,-3.214950738,-1.39647003
1.537520828,-1.267688712,-0.091439985,-0.676393622,-1.000517569,-2.540237864,-1.689224356,-3.020242977,-0.621417668,-1.075071032,-2.95385987,0.585953698,-19.69104129,0.895107314,0.752278439,-0.556498068,0.643803641,0.686622811,1.288303125,0.973448826,-0.115899307,-1.709030423,-2.6375991,-0.898029633,-1.586931882,-0.633235124,-2.651726953,-1.476727888,-1.901554012,-3.450523898,-0.701465613,0.275459882,-1.932705059,-3.644318058,-0.784081452
-2.379490558,-4.769745167,-2.725861925,-2.700427968,-2.588301728,-4.766602254,-3.276818665,-4.178766783,-2.768783009,-2.554848111,-2.9092187,-4.71026346,-15.794162592,-4.023607147,-3.469760987,-2.33401223,-3.566948307,-3.911034518,-2.996689409,-3.98015924,-2.078338062,-0.58173213,-1.245276094,-3.374372154,-3.309853494,-2.315573879,-4.449225611,-0.382018888,-0.85419801,-2.071026586,-2.137771325,-3.831745459,-2.088811858,-1.592225818,-0.683155587
-2.693931564,-4.222172445,-3.374051856,-1.299165495,-3.268278161,-5.676924722,-1.737052157,-2.483621527,-3.86225569,-3.250311679,-8.448243817,-5.379271085,-23.906924298,-4.99315389,-3.325989571,-2.732033638,-0.74351535,-4.612233453,-2.830562277,-4.831830885,-3.730116054,-3.322250353,-2.096714977,-3.052623695,-3.962846399,-2.76708315,-4.092773294,-2.103152685,-1.78942693,-2.95617685,-3.39123065,-2.793205446,-3.603012182,-2.611995719,-0.919344237
-1.907471708,-0.811676405,-1.345644779,-2.00762887,-2.223435477,-3.766382909,-2.875772311,-3.705787568,-2.575025892,-2.790676772,-1.756980813,-3.621179405,-8.808074462,-4.560387122,-3.234444289,-3.20428332,-1.128656316,-4.582591835,-2.817851934,-4.520812806,-2.24915969,-3.22705051,-2.607262828,-2.447783134,-2.654688397,-3.307341121,-0.851503304,-1.221334311,-2.404487763,-5.421677543,-1.223047319,-3.235882565,-1.803464791,-0.49674224,-0.667845822
-2.944449392,-3.774447552,-1.462962881,-3.168492977,-1.397090893,-1.112572233,-3.510107869,-4.057541192,-3.732522653,-2.462096143,0.649477467,-2.967648996,0.03867857,-3.492493707,-3.434046276,-2.83893292,-4.154609775,-3.063252575,-2.921503211,-3.489636249,-3.360863083,-0.904041419,-2.299648591,-3.208742016,-2.199891552,-3.421295808,-5.339351762,0.069209783,-0.01350128,-2.429161995,-3.8764418,-3.239174755,-2.038891828,0.472172786,-0.525017228
-3.656080026,-3.907031093,-2.555947981,-2.134548941,-3.105972527,-4.464666596,-2.796809388,-3.315214816,-2.234985372,-3.665715993,-2.16046628,-4.240445384,-10.331793985,-4.289520566,-3.217880434,-2.461806821,-2.805136533,-4.142826254,-2.999271489,-4.159622802,-3.285336743,-1.924000825,-1.975324917,-1.906797051,-1.834073863,-3.722638484,-2.608669666,-0.662094266,-1.129307003,-2.825323434,-1.87165319,-3.910692563,-7.310954602,-0.246948955,-0.645620014
0.221098861,-6.507099268,-3.079616064,-1.941777016,-1.742863202,-2.481890849,-1.951508364,-1.891069466,-0.927118779,-1.103621001,-4.127362618,-3.715273835,-15.059383154,-2.463093875,-2.608328043,-1.215194356,-6.253851563,-1.630719202,-2.209633055,-2.20032257,-3.113962118,-1.504559285,-2.427377134,-1.590996403,-1.494639526,-2.102674767,-6.609805833,-1.827674418,-1.255674801,-1.526656934,-2.373530674,-2.861415697,-4.733673211,-1.311879167,-1.139411637
-1.54362602,-4.531887062,-1.515281249,-2.679946846,-1.094779237,-3.479876189,-2.930494367,-3.582879492,-2.699904718,-2.211159054,-1.232237191,-3.988054764,-11.602887228,-3.982362121,-2.73744674,-1.812991192,-1.514316242,-3.071164902,-2.88615381,-3.854115473,-1.264354021,0.150081952,-1.019287279,-1.64132605,-1.816504718,-0.624400018,-0.766394527,-0.162666039,-0.934303924,-2.327933275,-1.508608216,-1.932994876,-4.989979028,-0.302229382,-0.727923912
-1.831171896,-3.264114279,-3.248902977,-3.653568282,-4.096942716,-4.696624767,-4.761857891,-4.619741597,-0.9073528,-3.66457786,-3.318505614,0.796690157,-2.604072673,0.706314034,-2.150015697,-3.003807475,-4.455455906,1.324885052,0.034567046,0.968884378,-2.22989073,-3.134125785,-3.361142921,-3.793831064,-4.912827811,-2.228491818,-7.039852602,-1.754353044,-2.36485613,-7.676672361,-3.368981292,-1.296605831,-2.042826321,-3.570097007,-2.079079287
-1.493046922,-2.835652001,-1.390424399,-1.844018456,-1.734739814,-2.813402174,-2.423353922,-3.382885826,-1.610723563,-1.220564987,-1.984678493,-1.900649777,-8.443187256,-1.723948341,-1.370608976,-1.481112782,-1.994123136,-1.238698159,-0.894413994,-1.679257818,-1.887784486,-1.859858188,-2.02813888,-2.095230045,-2.265014937,-2.179678474,-3.315738118,-1.006011436,-1.449732259,-3.567007557,-1.885959421,-2.235895922,-2.659582803,-1.79378144,-0.842764823
-2.476177952,-2.579705918,-1.526141216,-1.826807071,-0.887986172,-3.046670922,-1.826660238,-3.38156212,-3.249997793,-1.158222948,-3.340290674,-3.131464254,-11.476083796,-3.507418172,-1.413000697,-1.568349682,-8.389480711,-2.171802165,-1.204557417,-3.630149355,-3.757074757,-0.966980144,-1.95006965,-1.939994964,-1.262009163,-5.283947679,-3.052292534,-1.488893261,0.284996387,-3.100073369,-3.243611462,-3.069092797,-7.912741041,0.437142122,-0.922375836
-3.587596936,-2.941552383,-3.428777753,-3.581065164,-4.972036584,-4.214641969,-4.547237079,-4.3365254,-1.551032912,-3.755091179,-5.630977152,-2.544086067,-6.583584334,-2.750894036,-3.85803004,-3.687297655,-1.247588765,-2.648503614,-2.258416622,-3.111535646,-2.743335692,-2.453471405,-2.849717113,-3.624961473,-3.917185466,-3.672966261,-5.658944179,-1.887568371,-2.975182678,-5.185786498,-4.332234476,-4.083345659,-4.343160935,-1.746066865,-1.444552712
-1.617238239,-3.794687382,-2.220735233,-3.397748219,-1.952394005,-4.131922904,-3.812625273,-4.53311055,-2.417218177,-1.680171542,-3.52612249,-2.351037259,0.144079318,-2.321989962,-2.752153902,-2.946316672,-4.796447771,-1.497662074,-1.52389646,-2.105443095,-1.335706703,-2.128418693,-2.423837605,-3.3912967,-4.399986858,-1.672656562,-5.932231027,-1.993743833,-1.795280036,-7.042405977,-3.255074936,-1.898606814,-1.981843485,-3.206920729,-1.834419337
-2.613936585,-2.334531408,-2.742523561,-2.817219826,-3.793741743,-3.833785263,-3.755884589,-4.140524285,-1.558740232,-2.137017788,-4.684378793,-2.426350572,-7.203285357,-2.665352419,-3.484215152,-3.351326163,-1.312595973,-2.283423456,-1.837582877,-2.752274093,-2.639495449,-3.518645913,-3.014080339,-2.920190486,-3.731678027,-3.676083428,-5.46169242,-2.069923669,-2.945342991,-6.134670796,-3.501749651,-3.569030047,-3.296039137,-2.60466594,-1.384254436
-2.269151637,-2.340314714,-1.657681651,-3.802408215,-3.226938566,-6.646957986,-4.21777066,-4.543396417,-2.33971677,-1.951579305,-1.915216142,-1.945199773,-3.191529276,-1.577259388,-1.655094951,-3.14801867,3.139121099,-2.085702936,-2.000368695,-1.418354361,-0.997203138,-1.549503032,-1.354836248,-2.717048733,-3.29740894,-0.055529172,-4.174436611,-1.448674693,-2.727151555,-4.931292082,-1.858657003,-2.60276278,-0.716099804,-2.51567378,-1.063393502
-5.370319318,-4.889712645,-4.387721944,-1.331083108,-3.826764384,-3.39136159,-2.245525727,-2.343776386,-1.437036434,-5.167760546,-6.061296479,-3.868415964,-9.330147828,-4.08922084,-4.163576892,-2.413130709,-5.543808977,-4.918894722,-4.279185667,-3.8299673,-4.574761611,-3.857416857,-4.215201489,-1.189126459,-2.258526679,-3.993829466,-2.083878682,-0.668724512,-1.993292955,-4.608999531,-4.536519959,-8.753307077,-7.341655821,-1.447709769,-1.938943352
-2.73470924,-4.792068957,-1.479492373,1.245718083,-1.198734142,0.651109764,1.028070411,1.374899606,0.481758284,-1.870152579,-0.257577553,0.417359915,-5.073676745,0.162623296,-0.449869441,-0.842350985,-1.607875307,-0.028907746,0.284716069,0.529966727,-3.462375901,-3.329587674,-5.19508593,0.665474918,2.423231436,-0.469658452,0.514187169,0.770821737,-1.781166328,1.021449854,0.700206304,0.536925964,-0.000730458,-0.638298855,1.042558853
-0.669233851,-3.582077167,-1.789654882,-3.733847345,-1.680166387,-4.715130044,-4.133278141,-4.712097647,-2.446891285,-1.423341343,-1.853464665,-2.014135627,-0.467685376,-1.643509611,-1.817476601,-2.358214129,-3.77734421,-0.728232215,-1.272282726,-1.603081854,-0.948604175,-0.901015065,-2.039524368,-3.335134934,-3.827386112,-0.915863356,-5.688231642,-1.576219348,-1.728679893,-5.5603724,-2.371529801,-1.406983059,-1.560524525,-1.785656266,-1.392143423
-1.203165512,-1.048441368,-0.949432394,-3.300400215,-2.025057735,-4.707150761,-4.288251347,-5.552667193,-2.050349602,-1.660903926,-1.030565225,-1.663757508,-5.468461,-1.616713536,-1.449591508,-1.948621224,-1.277834932,-1.013897461,-1.113394248,-1.734624429,-1.114914188,-1.582300487,-1.654513809,-3.035198199,-3.408224939,-3.096383764,-5.336251648,-1.529921546,-1.273616312,-5.246123327,-1.999481993,-2.662035817,-2.37921079,-2.466547205,-1.198612807
-2.877112684,-2.685647644,-2.501904593,-2.168456944,-2.625367607,-3.870907164,-3.272917318,-3.640293494,-1.269115917,-2.593862169,-0.35224391,-1.828840532,-7.10482258,-1.904387692,-2.620403161,-1.949072156,-2.03401275,-1.199124581,-1.978175471,-1.688306572,-3.480672184,-3.773837711,-3.946503518,-1.090847479,-1.244377957,-3.690253607,-3.112652357,-1.285341782,-1.902114029,-3.769639308,-1.13592005,-4.466042199,-3.03406184,-1.326755015,-0.968697775
-1.543532396,-1.898098416,-1.977060459,-4.209211706,-2.52767754,-6.484290604,-4.634686917,-5.242462085,-2.601511594,-3.419471133,-1.331791629,-3.080729923,-1.304149614,-3.134479108,-2.751300458,-3.500047056,-0.958898342,-2.324326978,-2.21407209,-3.056957263,-1.36301644,-2.202262611,-1.402307388,-3.346218212,-4.697684708,-1.65425129,-5.930206049,-1.084645149,-1.894113336,-5.192295476,-2.655528948,-3.658050198,-2.140802377,-3.457710126,-1.83834088
-2.187217185,-1.317467832,-1.298239299,-1.749816428,-2.351914276,-3.438461148,-2.420800939,-3.402917201,-0.90295299,-1.800252478,-1.832159974,-1.916907465,-5.167504459,-1.69821125,-1.338240773,-2.063353919,-3.727864562,-1.909534246,-1.186435354,-1.76914525,-1.529239693,-1.986212452,-1.590843368,-2.492659137,-3.002194449,-2.561724956,-4.144708745,-1.193726793,-1.142919235,-3.729332023,-2.063040066,-2.835466435,-2.310374233,-2.675563935,-1.175924945
-1.823036811,-1.391271994,-1.579420407,-2.216890391,-2.613476335,-3.77625411,-3.133469531,-3.837757147,-0.192563373,-1.678152589,-0.514801859,-1.643765008,-3.411898292,-1.376438648,-1.809070441,-2.010327177,-3.511830189,-0.925892563,-1.045843305,-1.399450542,-1.321949144,-2.662529808,-1.915008944,-2.125975871,-2.90321038,-2.332511711,-4.807591941,-1.397801024,-1.652503841,-3.815648741,-1.570431761,-3.068817529,-1.097393405,-2.980585235,-1.716272293
-3.119454509,-4.240208655,-2.465519426,-0.768246653,-2.176000752,-1.061690465,-1.124961193,-1.312154914,-1.353738283,-2.053624353,-3.997672687,-1.355590512,-5.172946336,-1.180143265,-1.507160915,-1.482410978,-2.894898976,-1.959795508,-1.415262752,-0.99688732,-2.943754765,-1.957700275,-3.992559716,-1.083784625,-0.862441872,-1.258990742,-1.623219226,-1.294681601,-1.578096412,-3.221802365,-2.156309761,-2.254373576,-3.363496419,-1.268231719,-1.743940568
-3.253139315,-2.054371452,-1.054742661,-1.947382198,-1.273506061,-1.857020331,-1.884562087,-2.269404064,-1.151230193,0.184023102,-2.195599765,-1.342474853,-4.083466639,-1.034026488,-0.852898981,-0.75930048,-4.524500585,-1.490685258,-1.675778375,-1.031988343,-1.550554286,-0.682791188,0.021605977,-2.162794262,-2.979359514,-2.373282989,-5.510895962,-2.46394548,-1.347248237,-4.059954571,-0.683849743,-4.738000078,-2.124670912,-1.054791752,-1.251738623
-2.630251052,-1.059037923,-1.887065606,-2.969887402,-2.78155761,-4.30481022,-3.423219341,-4.164102435,-1.744782759,-2.172976791,-2.937257406,-1.779300415,-4.518477799,-1.885771594,-1.921229858,-2.240255628,-0.434130979,-2.164483688,-1.500585195,-1.586825202,-1.137918686,-1.315255044,-1.862864293,-2.801660513,-3.905655958,-1.878324822,-5.447193992,-1.912153599,-1.386857274,-5.008283575,-2.632210938,-2.736140087,-2.126866751,-2.749396311,-1.37200694
-1.256201168,-3.007239267,-1.5049321,-1.196107778,-1.015711294,-0.706602915,-1.60526014,-2.63356794,-1.42750777,-1.972995638,-2.875796457,-2.102049895,-5.895944284,-1.858321612,-2.446944675,-0.560442026,-6.765815279,-1.974422814,-2.335200181,-1.94339716,-1.004600061,-1.877496195,-2.517888106,-2.607524571,-3.941779425,-3.565726008,-6.876817499,-2.150852556,-1.906387757,-6.64563762,-3.592202966,-6.305189298,-4.431531269,-2.289381152,-1.441925772
1.774333876,-2.586169128,-0.496089766,-1.742925676,-0.638920106,-0.693247633,-2.493451117,-3.131655132,-1.270337059,0.6958125,-1.227254423,0.067354415,-0.394512103,0.291278462,-0.144559691,-0.882156105,-3.323619655,0.849839956,0.43149514,0.278461857,-0.270855072,-0.053700865,-0.439279049,-3.325103374,-2.999016962,0.093472268,-5.438360423,-1.302964744,-0.642996358,-1.158433393,-0.694822759,1.595231377,-0.362630676,-2.207954767,-1.341357394
-0.089374842,-1.138787051,-1.458481415,-2.461299456,-1.606542271,-2.704672819,-2.794932691,-3.299120682,-1.30969349,-1.452408334,-2.097947365,-1.504321183,-3.533438154,-1.58149593,-1.415245952,-2.081651884,-2.152117024,-1.365452607,-1.128537358,-1.242992708,-0.577511698,-1.491790039,-2.018697999,-2.403737956,-3.112272068,-0.466234875,-3.65411833,-1.206785324,-0.861941463,-3.350246388,-1.522710904,-1.561610318,-0.461128293,-3.149697918,-1.520916235
0.33503164,0.235256622,-2.324363906,-3.316105686,-3.991452055,-7.008602619,-4.413291601,-5.531691475,-2.658482147,-4.172144487,-3.870402125,-2.880149556,-8.122251706,-3.004525855,-2.099062879,-3.492389738,2.697261767,-3.152132593,-2.002321225,-2.669524886,-2.228442185,-3.086980444,-4.068684501,-2.322552823,-2.146327637,-0.550369302,-4.67099991,-1.624236153,-0.737558103,-2.553744663,-4.551274033,-0.242569995,-2.89647802,-3.358087626,-1.137399115
0.316292221,-0.505520112,-1.939104067,-2.509153746,-2.107385915,-3.877191029,-3.362419523,-4.183646203,-2.660584958,-1.593994266,-3.164907022,-1.989913076,-7.091255694,-2.230235752,-1.488302207,-2.622342713,-2.676397895,-2.257989037,-0.955085715,-1.990474838,-3.396281681,-2.917012684,-3.338935006,-1.320783377,-1.884973217,-1.817629786,-3.12496574,-1.904032841,-0.244140191,-2.755363964,-2.062640124,-0.448613391,-3.629118789,-1.484202985,-0.455577592
-1.525044306,-2.119283193,-1.638804748,-1.861399951,-1.68525191,-2.806948325,-2.262207981,-2.955731843,-1.622212078,-2.908499905,-2.721399552,-1.471034021,-4.809927228,-1.580793477,-1.961623884,-1.817545519,-2.92906357,-1.779262009,-1.663402446,-1.389200558,-1.085363499,-2.728945087,-2.571557203,-3.74316391,-4.48888292,-1.564441842,-7.220613,-1.525197037,-1.996390847,-4.059749528,-2.972248667,-4.291629095,-0.879031714,-1.506362816,-1.153966076
