date,Merval,IBOVESPA,AXJO,DJI,GSPTSE,RUT,SPX,IXIC,MXX,SPCLXIGPA,WIG20,GDAXI,IRTS,FCHI,AEX,SSMI,XU100,IBEX,FTSE,STOXX50E,KS11,N225,TA35,SSEC,SZI,TWII,HK50,STI,NSEI,VNI30,EUR,GBP,CNY,VIX,WTI,GOLD,dollar,GAS,Copper
2009/6/7,0.999807883,0.405991259,2.265638275,0.411447997,0.713391432,-0.667810539,0.648891637,0.505904181,2.171922169,1.329576155,3.943353928,-0.153553996,-1.99551673,-0.38738629,-0.544694346,2.251590896,0.192620124,2.031951949,0.07634697,0.241401924,2.40014355,3.696292382,-0.230345563,-0.368521512,-1.349445995,-6.142643558,1.118746931,-0.807810955,-0.076333384,4.297985426,-1.272725061,-1.280952722,-0.070270985,2.391641155,3.161673364,-1.82206904,1.623412276,0.856814277,4.032175576
2009/6/14,-5.919550496,-4.163297092,-4.0850715,-2.993823566,-3.411323325,-2.714802866,-2.67547981,-1.699862159,-4.767389906,-3.05176208,-3.801790185,-4.638776073,-10.8447561,-3.203678075,-3.1841049,-1.832200772,2.840062339,-1.383778747,-2.185369428,-3.011965166,-3.218707901,-3.50963233,-5.550721,4.863117608,6.601184455,-3.424476809,-5.264643767,-4.46889046,-6.06682585,-7.613606761,0.350012858,2.868530888,-0.033654022,-5.090245425,5.126407128,-2.301367789,-0.689850783,-0.284789836,3.791821932
2009/6/21,1.307891041,0.217771815,0.107645396,-1.193785926,0.984739826,0.097471595,-0.253243113,0.586521545,0.753128499,-1.086083963,-5.594895237,-1.31013643,-5.688858019,-2.882895288,-1.067271023,-0.844638726,2.579508101,1.100292399,-2.443832652,-1.859658789,0.80565761,0.926894574,0.983451892,1.643089627,1.508539139,3.661934314,3.720625559,1.950344213,1.42479767,-2.420331203,-0.579255741,0.382386433,-0.013165883,-0.570005106,-3.517560194,-0.479515011,0.565904312,4.437285154,-5.265509661
2009/6/28,-0.055078805,-1.075961601,-1.95557189,-1.885919573,-1.031893472,-3.169213108,-2.476824936,-2.294625182,-1.702347041,0.22871755,-1.625963867,-1.439398663,-0.546784942,-0.327080064,-0.287328244,-0.699615528,0.114201823,0.215522881,-0.111592278,-0.563530703,1.812759929,-0.622746822,2.501245916,5.32521288,7.147527894,3.074971724,-2.156716929,-0.788275299,1.107997358,-5.339618462,0.785830591,0.090829277,0.040966218,-7.644670398,-0.562325755,0.511401072,-0.65325146,-2.080014846,2.018054886
2009/7/5,-6.628616758,-3.422994834,-0.894749026,-1.634149418,-5.352888828,-3.318678287,-1.947627106,-2.279588092,-1.631552083,-0.873471917,-2.090876483,-2.841479679,-12.90074482,-4.471290994,-4.226831651,-1.904311578,-0.04892767,-3.809894615,-2.609358358,-4.080042924,0.602390313,-5.537511659,-1.603943622,0.824215039,3.583187918,1.555044041,-2.756815714,0.357226172,-9.983188645,1.921351104,-0.635330688,-1.107673671,0.01463486,11.18952304,-3.57680339,-1.003960158,0.696650202,-8.837052669,0.130208352
2009/7/12,9.349137842,5.630701457,5.304711255,7.07700468,6.188820741,7.650199625,6.735126681,7.172598841,8.449457199,3.331135176,5.798096443,8.421555773,10.20866015,7.593995601,9.111478857,6.581614924,2.542179931,7.193559945,6.145250643,7.907423948,0.800361226,1.156597094,3.020332654,2.405381474,3.297460527,1.191276014,6.011765567,5.191355797,8.862620506,-0.874880062,-0.222246211,-0.860484719,-0.002927143,0.068941747,-10.81450806,-1.994862335,-0.29175352,-6.928929953,-4.162655434
2009/7/19,3.17999243,4.478402316,2.200172798,3.917039132,3.025117035,5.478666544,4.05131355,4.119910788,3.453058586,1.046334326,9.382276715,4.918034538,9.050257296,4.495579239,3.594525768,2.937409122,4.326288621,3.874413446,4.191410089,4.496438304,4.247773018,5.681296946,4.567248701,5.574455148,2.998684387,1.769253494,6.071351476,4.128787473,4.330077674,6.22884783,1.184374575,0.799266474,0.019027964,-17.58641599,5.947479539,2.690163848,-1.156732815,8.411658929,9.133542351
2009/7/26,2.637584159,0.565816402,3.701015165,0.858156305,0.924335046,1.493010713,0.835905901,0.635830621,1.479374947,-0.635642672,2.539986033,1.946375888,0.477812238,1.761342923,2.510322766,3.241346672,7.917732704,3.912454179,0.691349595,2.121173826,3.575684533,4.062154304,3.757281709,1.163225422,1.021976042,1.486470674,2.912417369,4.845120989,1.47531193,3.768788107,0.749014242,0.616588749,0,-5.272146419,6.825838743,1.659745273,-0.770205828,0.706140903,4.004579571
2009/8/2,4.527681312,2.815768946,1.296925733,2.14077235,0.906040025,2.779358966,2.302450106,1.09331909,4.11498569,1.492288852,-1.01138484,2.350563689,5.97159586,2.731259491,2.555615229,1.264263831,4.867736674,0.848523852,2.638291251,2.548249442,1.194286031,0.532142551,3.730731914,-4.537738504,-5.221185204,-2.998282868,-0.966875833,-4.218690096,-3.401348959,3.554986588,0.316289141,1.749562001,-0.010246277,11.56152481,2.03643401,0.07336373,-0.565637531,-1.143180659,3.983816417
2009/8/9,-2.129735607,0.545288512,3.689747807,-0.520773486,-0.343435815,-1.496111687,-0.63438068,-0.739132818,-1.156861713,0.356680901,-0.896709472,-2.78340825,-1.884167889,-0.737417489,-0.857365412,-0.684335446,-1.044120363,-0.418316819,-0.372451738,-1.369535305,0.973042428,1.763445163,-2.901973287,-6.779117522,-3.733582328,2.88235902,2.510315081,3.17194012,2.177441749,5.347349988,-0.43603698,-0.227517761,0.004391133,-4.578542367,2.108640601,0.376451349,0.831460472,0.573223898,6.097196659
2009/8/16,2.007406671,1.907950888,-3.894637285,1.960613831,-0.155264135,3.07512379,2.171278569,1.766211217,1.615044187,-0.710693735,6.349161778,2.852628246,-0.898430957,3.390527098,2.221512449,2.548570527,6.270570245,2.34884727,2.86317528,2.814944046,-0.657550779,-3.447625969,-1.042561073,-2.869828456,-4.984105717,-6.045277177,-3.37958809,-3.348218725,-1.125291136,2.456902472,0.119747839,-0.854808961,-0.03805008,-1.998842808,-4.941774016,-1.101968437,-0.12649423,-12.63251315,1.794168387
2009/8/23,-0.017249294,-0.048514252,4.533702763,0.401466984,1.346152571,-0.284147362,0.272498295,0.388674134,1.022555831,-1.136771635,0.057263777,0.994717717,3.647303663,2.116114781,1.920387254,1.162312359,0.823397453,2.492641342,1.188769085,2.091522503,1.69089487,2.849558836,2.494819326,-3.438651517,-3.787087006,2.303316314,-0.498293239,3.776332251,4.396490414,2.587944799,0.827262149,-0.205761389,0.043905224,3.003472515,9.030176575,0.610207049,-1.152108476,-14.39088861,1.554752254
2009/8/30,-0.99378102,-1.834721303,-1.212326195,-1.084313514,0.35916574,-1.627352579,-1.225245486,-0.493632953,-1.020471706,-0.767881217,-5.46057998,-2.438621713,-2.405098674,-2.588770303,-2.373038414,-1.500516773,-5.17581893,-1.941345923,-1.172072512,-2.174598355,0.059685905,-3.349821565,-0.285262826,0.032154903,0.606016023,4.917846121,1.088655103,-0.763845256,-1.103833152,-1.250486828,-0.167703205,-1.452307684,0.019031585,-1.004629707,-1.568606124,-0.779197372,0.364252567,7.850525953,2.041762615
2009/9/6,6.575669133,2.980623716,3.556776882,1.72359764,2.117300376,3.967567605,2.557530139,3.030712388,3.945361911,1.153303305,1.484842733,4.353525527,11.78112421,3.712902533,4.938124792,1.844602927,3.100178518,2.02782656,3.240012624,3.158453731,2.625434487,2.49360518,-0.513874151,4.381874732,4.883943681,2.539909776,4.064200547,2.200054043,3.136971926,4.697681686,-0.041969782,0.759295792,0.004392419,1.999266911,-6.708965998,5.150468853,-0.281060549,-10.59834887,-2.877276614
2009/9/13,5.499136027,3.925959172,2.090653477,2.211500735,1.698075709,4.01054185,2.422632611,2.466330964,1.660935436,1.17222836,-0.068900665,1.409116833,4.014281194,2.458230842,1.811416419,1.467759629,1.233161215,2.795717146,3.170224131,1.954033505,2.865258773,-0.709015325,0.913220085,-0.911226204,-0.987477316,2.548764857,2.159866146,-1.243039946,2.9883108,3.449902486,1.919471328,1.633627811,0.019036044,-4.493773682,1.849881606,0.979126615,-1.970284337,8.162052835,-0.719238255
2009/9/20,0.409104246,-0.573275759,0.427364707,-1.591071773,-2.061653878,-3.113283769,-2.264519206,-1.985964157,-4.027733959,0.580585027,4.46238563,-2.169644638,-1.640767731,-2.344503697,-2.583872715,-1.404888232,0.979055359,-1.140010041,-1.768728783,-1.93355082,-0.485376293,-1.013357822,2.346098053,-4.269537075,-5.079862525,-2.438700796,-2.809470595,0.561506203,-0.344237884,1.760843679,0.956291441,-2.38063104,0.005857973,-0.956945102,3.892092467,0.406807129,0.039136391,24.40055007,-2.189283844
2009/9/27,0.443990899,1.342920583,-2.39624992,-1.853771015,-2.291951921,-3.178855447,-1.852593825,-2.068674384,-0.283154526,1.140647642,-4.609190552,-2.054680217,-0.039998531,-2.41558685,-2.092880515,-1.400514371,-1.62574229,-2.761107903,-1.856888393,-2.55174729,-2.808845044,-5.342944912,1.282081625,-2.114964732,-1.569771701,0.90343568,-3.135096008,-2.213347494,2.478630428,-5.735728148,-0.149670074,-1.961212243,-0.005857973,6.826797113,-8.726379388,-1.879115762,0.448971051,5.334254316,-1.596260993
2009/10/4,6.88137431,4.630227497,3.232915763,3.899399647,4.274682129,5.811930636,4.415273352,4.355190715,4.636688087,2.672474695,3.082861311,4.365358594,11.35721357,4.019865993,5.287073317,2.274204433,6.927311762,3.611157918,3.412356216,4.309890485,0.131250361,2.881668446,2.461771156,4.649810116,5.167856484,2.136783238,5.369418037,1.825412486,-2.75629199,5.028702841,-0.792895473,-0.087785308,0.029293299,11.32171155,5.782297469,1.323062299,0.25935306,16.88476687,-1.957226436
2009/10/11,1.747631493,3.268861949,1.741568425,1.318895198,0.591414384,0.20469506,1.499678435,0.815631791,2.259879232,-0.199134682,2.72608509,0.550141192,2.630339468,0.733954504,2.11966673,0.848630943,-0.853928336,-0.570463895,0.548102194,0.393025779,-0.391220857,2.37922434,0.671392357,2.204781625,1.947986043,1.872749678,1.982411417,2.074830569,3.90538708,4.291838829,1.078435133,-0.654543214,0.014649868,-21.55019719,2.568586033,4.316515974,-0.77355994,1.096132391,5.67232393
2009/10/18,3.9355224,-1.738591244,0.474433118,-0.237679329,-1.071628112,-2.517716633,-0.745638536,-0.10808881,-0.354134549,-0.772209396,5.970756323,-0.054686494,3.66733548,-0.507083477,-0.675541521,0.515589841,3.143420951,0.541506777,1.003189723,-0.257803005,-0.011583494,0.247607907,0.175532036,4.313938068,6.513164326,-0.856792173,2.964437576,0.266250853,-2.862354163,1.189276947,1.187758598,3.230696577,-0.01904441,-7.590623432,9.001415594,0.2761775,-1.115570333,0.230342474,0.263922032
2009/10/25,-8.170212627,-5.55096878,-4.551118979,-2.63618198,-4.22960399,-6.549094339,-4.104007746,-5.209317585,-6.656275526,-2.625100657,-5.867393504,-5.833726985,-8.030392475,-5.409946182,-5.714003969,-1.457721832,-8.519240885,-2.807401946,-3.850338351,-5.066470248,-3.693843443,-2.443800117,-2.060451275,-3.670317115,-4.344692561,-4.126178401,-3.774967536,-2.393121154,-5.879896123,-3.320419544,0.648636465,-0.30614768,-0.024898757,3.844867178,2.477646704,0.464918528,-0.224615276,0.125418077,6.430786723
2009/11/1,4.935807523,4.635309033,-1.065267944,3.148695855,3.065691953,3.07603509,3.145370408,3.23920997,4.179356634,1.095991549,0.088762733,1.344394978,-0.819041986,2.723347315,1.568530927,0.124807538,-0.456694543,1.442052525,1.927366978,1.832925677,-0.52201885,-2.475801254,0.044991736,5.46216944,5.459591562,1.66144361,0.352664124,0.266699974,1.776473565,-5.512793071,-1.91789466,0.860942579,0.014645577,32.06963874,-4.445176257,-1.47811779,1.150760685,5.24937434,-2.46884933
2009/11/8,0.476635913,1.325216633,2.41721803,2.434843247,1.38813515,1.016612134,2.236104229,2.590605401,3.724619061,-0.783443057,3.447106366,3.554353182,5.946554629,2.628024482,3.276461597,0.909004424,3.085810599,2.443015441,2.944144595,3.128155871,-0.02989394,-0.194686472,3.121959656,0.743427615,2.111949773,2.678252288,3.262368451,2.563347813,4.141437764,0.50587249,0.886128841,1.046306682,0.001464676,-23.7997544,0.556888054,5.194636191,-0.702033523,-9.3428898,0.016887613
2009/11/15,-0.086451529,1.520693475,-0.438662572,0.463266233,1.493479931,-0.273280214,-0.192232056,-1.012544813,-1.08834419,-1.233400061,-0.379231194,-0.417270063,1.187017821,-2.034475914,-2.339921868,-1.165943712,-6.858451356,-1.252438328,-0.852695635,-1.748789341,3.045411838,-2.830063708,0.96868816,3.716560747,3.19580008,0.225949043,-0.434531461,1.250205306,1.064538377,2.679235755,0.456897926,0.414278158,0.016112849,-3.491416666,-1.404627073,1.89724726,-0.680476976,-4.51840516,0.740245641
2009/11/22,-1.942107339,1.131869755,-2.456404089,-0.079891104,-0.997415808,-1.285853725,0.010078475,-0.354769212,0.354611455,-1.730141225,-1.316304935,0.395814685,-4.764910397,-0.212325988,-0.16463566,0.938637569,0.26274841,0.489443906,-0.108219964,-0.067794219,-6.11299636,-4.480597877,1.262946897,-6.625464415,-6.166499261,-2.531590568,-6.064393769,0.024620911,-2.215375468,-11.84141856,-0.37611704,-1.090405093,-0.021971423,-5.138342102,0.483439891,2.666824708,0.403559808,0.725956001,4.458293209
2009/11/29,-0.646797501,0.775140124,2.805786635,0.763138993,0.403827108,4.33627256,1.318808449,2.580928387,4.230663459,3.061760271,5.511318603,2.295797878,4.114670815,3.308146334,3.682331518,2.562880676,9.965075089,2.145489495,1.450240168,2.758701942,6.369362512,9.859996581,3.26797863,6.887788745,7.542731639,2.113430954,6.252630731,1.036883325,3.326459738,1.005926761,0.710744577,-0.254730851,-0.008787218,9.94394606,-0.877141187,2.402078387,-0.915307843,16.00747152,-0.080186036
2009/12/6,0.145217277,2.430144941,-1.435113627,0.791935262,-0.757544697,-0.402274554,0.03887199,-0.184278879,-0.636494237,2.014499931,-4.780280331,-1.060323017,-4.351516494,-1.121530538,-0.308762545,-1.38748921,-1.439394424,-3.520293133,-1.148735271,-1.663399201,1.958827403,0.847278305,0.678580897,-2.124277821,-0.065271896,1.866688757,-2.685010439,0.348370096,0.164283935,-10.33912074,-0.77805745,-0.103290102,0.026363969,-14.27243022,-0.765579241,-0.511728196,1.231722082,-12.4110795,3.530705582
2009/12/13,1.721841368,-3.635534616,0.329539267,-1.371245776,0.344907328,1.684681527,-0.356742257,0.971384285,-0.212188653,1.524914354,-0.486621055,1.293135603,3.159545097,-0.244269787,1.392767213,0.819209453,1.51122204,0.249344525,-1.23844855,0.310454175,-0.596864911,0.337581901,-1.523608132,-4.195729233,-7.17642567,-0.533036178,-3.37201811,0.065675118,-2.565207454,-4.057688562,-1.547157142,-1.223256844,-0.014647508,1.587334916,-7.709885373,-4.333691144,0.80627096,11.85096215,-3.27433627
2009/12/20,1.518574246,1.183199177,2.974354451,1.834288963,2.508615267,3.776641134,2.154460954,3.291101895,2.219510643,0.83567709,2.06368603,2.14163326,2.799023478,3.06985027,2.725659823,1.773388087,2.992394119,2.731773895,3.88001745,2.944835968,2.120594395,3.418117333,3.63689366,0.877989538,2.862025438,2.784828784,1.598052226,1.244987527,3.752124659,13.64331447,-1.933361332,-0.654444516,-0.007322949,0.415993204,4.874245538,-0.752894118,2.080447177,11.32318377,0.22378526
2009/12/27,3.124050577,1.46723444,1.649884758,-0.878842212,-0.072338212,-1.378390331,-1.015363964,-0.72626361,-1.323868475,1.273672084,0.741632757,-0.000167857,-0.389656642,0.601347706,0.51724511,-0.519127869,2.228141869,-0.230053432,0.193614841,0.26781554,0.025556371,0.491704153,-0.106487917,4.231844698,3.038628501,2.667369336,1.638681963,2.089584548,0.436440003,-0.298051497,0.375783323,-1.121227642,0.010252279,-8.416404235,6.197081901,-0.604613131,-0.025580354,-2.433380461,4.724551554
2010/1/3,1.370731574,2.412775216,0.848441615,1.80692773,1.752960717,3.019245834,2.644308262,2.094130147,2.373716161,3.328235199,2.141249802,1.336905825,4.603310918,2.72673434,1.952016149,1.093464984,3.666913344,1.850444867,2.217294998,1.768111569,0.739487625,2.360220426,1.831928667,-2.50710629,-3.208072967,1.126855614,1.921078794,0.863866495,0.836704799,4.01182848,-0.494378335,1.28214864,0.005858917,0.550414199,1.664481602,-0.717630368,0.057546598,-1.266178307,1.915738504
2010/1/10,0.776909284,-1.84577313,-0.254797981,-0.080460381,-2.27140971,-1.029232801,-0.78474412,-1.267291062,-1.933131733,0.892667396,0.08028181,-2.713708549,3.03324383,-2.26923352,-1.161897383,-0.634537786,-1.455854543,-2.649271903,-1.435380403,-2.605004557,0.385039303,1.687610815,-1.667007883,0.876932171,-0.023142032,0.913469017,-2.924334414,-0.491839693,0.141946018,-3.458199096,0.605450891,-0.882048082,-0.008788247,-10.01622514,4.182955128,3.818930421,-0.724943031,3.127187072,1.600745607
2010/1/17,-1.680347274,-4.080508106,-3.088264327,-4.202877851,-2.969891032,-3.321209099,-3.974865545,-3.681468335,-4.538160771,0.566931014,-1.426781259,-3.122636782,-4.579129826,-3.436923508,-2.550065517,-1.255718498,-0.016666204,-4.062854201,-2.832963224,-3.581795541,-1.030678173,-3.630458057,0.753075127,-3.008692579,-5.170774715,-5.277258837,-4.379994833,-3.097593562,-4.203492026,-4.891874359,-0.19445801,1.455539617,0.008788247,-1.220880869,-5.911518757,-0.739830748,-0.225610048,-1.013994702,-1.019738386
2010/1/24,-1.427623784,-1.242969308,-3.884525214,-1.043965824,-2.220635743,-2.473960618,-1.652212702,-2.662449575,-1.435117469,0.845296202,-1.049604452,-1.530977496,-1.056275365,-2.151337428,-0.480697022,-0.823217902,1.203902325,-3.814790707,-2.182231969,-2.136666703,-4.985850559,-3.776654909,-1.730855243,-4.554652281,-3.709862938,-3.68585668,-2.958438857,-2.67254714,-3.104690256,0.263729444,-1.731978925,-0.945239176,0,42.18937194,-4.537293264,-3.682612843,1.218666869,2.224244605,-0.566067354
2010/1/31,-5.978884623,-4.118711117,-1.221984227,-0.548818184,1.154357203,-1.516321667,-0.717739967,-0.290546716,0.783716993,-2.317748954,-8.173098637,-3.159693194,-4.345299615,-4.81250487,-4.000906896,-2.776869582,-6.025987343,-8.026728538,-2.490020778,-5.370276332,-2.228168722,-1.391768655,-0.05460246,-1.683042212,-1.829741656,-5.75882628,-2.296877288,-2.276430014,-3.404247188,3.199930061,-1.957065534,-0.660150619,0.001464783,-10.36938147,-2.238443866,-0.597950358,1.543552913,-12.58278537,-8.981291831
2010/2/7,4.879126384,4.808962758,1.057721238,0.864292597,2.174242975,2.947791738,0.870342142,1.961377665,1.216859523,1.819197705,0.954598443,1.208092076,-3.410097014,0.985931148,0.221947521,2.395440286,-0.762789133,1.196381877,1.598133465,1.614026482,1.679371785,0.348399898,0.113574846,2.643195541,3.201010481,3.125119975,3.023285683,2.768777832,2.267133926,2.726263493,-1.453091537,-2.332670009,-0.023433953,5.875926195,-2.359909628,-2.902010256,1.179457649,7.217108075,-6.533417451
2010/2/14,2.67267015,2.610824791,1.587472993,2.958147045,2.066417778,3.364935849,3.081702019,2.725922046,3.692757952,1.791967359,1.467496371,3.950813398,4.2561753,4.627749935,3.075054402,4.472521768,4.321299249,4.323787509,4.109287928,4.350126142,0.01505854,0.310549885,2.562661411,-2.357794345,-2.88716415,1.7971666,-1.865814679,-0.063813898,0.37325243,-3.193729907,-0.337218999,0.344783894,-0.071732339,-13.86327448,4.046794955,3.472441465,-0.229806629,-0.855873384,7.606249588
2010/2/21,-4.987898408,-1.631654394,0.056077993,-0.743842203,-0.682639208,-0.485645862,-0.422829791,-0.250327542,-1.685036652,-0.193412904,0.688009554,-2.183557287,-2.337508414,-1.624460394,-2.443619584,0.019522125,-7.018720878,-3.266307509,-0.068143485,-2.35077397,0.042653553,0.024197997,-0.546104033,3.471796314,3.953239924,-1.874327823,3.529413268,-0.228032052,1.584929565,-0.374209956,-0.022032094,-1.379863372,0.062946022,-12.6953864,7.382850122,2.902423345,0.384782949,-8.071350076,8.578454012
2010/2/28,3.423252236,3.463959181,2.754057676,2.306690707,2.92766825,5.788821125,3.050357087,3.860173739,2.503569518,-0.884261232,5.345055893,4.861612158,8.14399301,5.293641094,6.382227048,2.017803107,5.710476253,6.42929328,4.478267565,5.315999743,2.476939414,2.37073917,4.057601951,-0.686176149,-0.766154912,3.048236452,0.866113727,1.423194302,3.324649425,4.133712235,0.080760623,-1.458169307,0.043939306,-2.631730832,-0.188123213,-0.231977263,-0.347481114,-4.687882778,-2.570217381
2010/3/7,2.628776036,0.71497106,1.062052903,0.552031071,0.322481954,1.574577634,0.986598585,1.760160994,0.435349189,1.052086935,1.100904112,1.146135142,1.739837307,0.433284423,0.262440254,-0.163398013,-0.749581514,0.51772318,0.461275729,0.724404982,1.708707121,3.620622909,0.146460765,-0.584336461,-1.408623972,1.06484539,2.008605613,3.211687182,0.944685629,4.094373011,-0.029359953,-0.743742527,-0.00585969,-11.27954941,2.283544249,1.44550914,0.024860162,-4.678718498,3.984709803
2010/3/14,0.891365869,-0.741119409,1.116592099,1.097889172,-0.549542736,-0.399858361,0.858054782,0.284685994,1.356069456,-1.082830109,1.052877525,0.625780702,0.651430021,-0.049918247,-0.271298565,0.643857893,2.278891088,-0.781232732,0.43402869,-0.014146931,1.39572566,0.68094505,0.456209311,1.787206598,1.49916987,1.912083124,0.756593001,1.184752329,2.419395302,-3.358463768,1.029769918,0.316602072,0.013184785,0.914292083,-0.319528353,-2.993834247,-0.773553452,-4.292886442,-1.103358012
2010/3/21,0.892648421,-0.212345184,0.505677138,1.003882953,0.078559824,0.751005112,0.575116888,0.868852357,0.377720783,-0.254191526,2.198166708,2.274342649,-1.621138558,1.604457765,1.512205354,-0.609489988,5.769992269,0.727955023,0.931907522,1.472566767,0.686207378,1.573281083,1.338405985,-0.262098536,-0.915378396,-0.266882021,-1.497814746,-0.323601531,0.364160937,-2.23171157,-1.677879419,-1.145821722,-0.014649654,-3.531481301,-0.691702363,0.533817146,1.411583305,-5.392834203,-0.22214004
2010/3/28,-1.203491796,3.509182187,0.220304844,0.704493756,1.60685841,0.735173347,0.981800789,0.310565082,0.357212929,1.082307991,2.252405474,1.869812423,6.036953651,1.129242876,2.194982046,0.728011275,2.527364598,-0.028908262,0.731490494,1.269055995,1.50651304,2.600577566,0.162298177,3.1602841,4.219238732,1.874820285,2.272409358,1.256235213,0.160794549,0.642195428,-0.898065189,-0.728734631,-0.005859261,4.606456292,-0.846407841,-0.289174248,1.231045353,-7.390502948,0.900308642
2010/4/4,4.692857517,0.394239846,0.819826423,0.641113797,0.211937813,2.73570881,1.371587844,2.119656102,1.711987223,0.946680135,0.042302511,0.226507194,1.06954868,0.403475229,1.258269467,0.000725801,1.919117281,2.905542717,0.453114609,0.503681549,0.056845209,-0.726979075,-1.740511443,-0.400107779,-1.680252523,0.820207651,3.070271222,0.978876758,1.337765497,1.120491184,0.676155193,2.032482292,0.020508914,-4.312251902,5.909403931,1.891500075,-0.653525107,5.379532698,5.446926241
2010/4/11,-3.635573408,-2.834652084,0.736955655,0.193586455,-0.875807227,1.646516736,-0.187722661,1.102677469,-0.650618106,-0.851023238,1.602470771,-1.106957066,0.657226023,-1.590394308,-1.74030808,0.068491861,-1.637049054,-1.187447463,-0.469304219,-1.477011433,0.579366516,-0.915971781,0.246391805,-0.479632511,-1.1073324,0.241181089,-1.557602254,1.178105532,-1.866521313,0.295705102,-0.037032923,1.08554558,0.032236794,-5.30884603,0.058896285,3.129626049,-0.249562167,-0.392349694,0.194606678
2010/4/18,1.984807117,0.126682519,-2.092067138,1.670564893,1.390215025,3.749048776,2.08772384,1.951209385,0.688553219,0.775198331,-3.139532844,1.264121049,-2.439145312,-0.89016238,1.032535164,-1.840531078,0.195604119,-3.079885781,-0.354215416,-1.07503728,0.146333621,-1.705296986,-1.27391313,-4.801833164,-5.922111564,-1.323883261,-2.880150831,-0.623784479,0.78549052,1.748846386,0,-0.097608597,-0.030771711,12.88737224,-1.998163531,-2.175133605,-0.366248829,-0.764586287,-2.105045453
2010/4/25,-2.096168258,-2.8884297,-1.529615225,-1.761815426,-0.236724835,-3.472361577,-2.545094257,-2.76336167,-3.506076864,0.610705475,1.299466149,-1.998093134,-1.898773287,-3.458248479,-2.136533957,-2.258629767,1.058860503,-3.97989976,-3.021616885,-3.531335704,0.260450502,1.301137151,-2.995325162,-3.858596422,-4.727058125,-0.007995433,-0.641750099,-0.465530515,-0.493286832,1.651027558,-0.840622395,0.123621474,-0.02929759,-9.956759577,2.233402407,1.46689088,0.682092252,5.256755026,-0.113523497
2010/5/2,-10.37125517,-7.148693548,-7.037711321,-5.87553912,-4.337099268,-9.294067559,-6.60154249,-8.278769309,-3.735467292,-2.240149822,-8.625656036,-7.101412593,-13.81378582,-11.78685124,-10.20542717,-6.415794747,-11.24735413,-14.82983984,-8.064643601,-11.92600601,-5.552227589,-6.470469818,-2.049671727,-6.558576902,-9.544259571,-5.616274771,-5.794125636,-5.298251344,-5.050582606,-0.971490496,-0.65957367,-0.704733749,0.033692969,28.27058125,1.202793738,2.372600694,0.603100507,-8.247303304,-4.888245865
2010/5/9,2.408950555,0.856810988,2.868715604,2.283177892,2.721174845,6.086601237,2.207909645,3.521672372,1.023396195,1.794568527,2.226639615,5.805670321,5.106405598,4.826802186,4.656949271,3.531228494,5.647278946,2.926007181,2.69285962,5.211050152,2.87953658,0.94032027,1.220807849,0.306406356,1.794490189,2.673435518,1.123865338,1.201497104,1.492380502,-3.178588409,-4.114164253,-3.11932982,-0.007325524,61.90392084,-13.71362573,2.499398715,3.202193793,2.39456936,-6.434968156
2010/5/16,-4.11681359,-5.100117917,-6.859639148,-4.101461061,-4.19515364,-6.656368345,-4.317540911,-5.150300394,-3.791435426,-1.380561881,-3.435028997,-3.827840122,-10.50538218,-3.7085682,-4.318160913,-3.515759867,-2.978556254,0.989218621,-3.872733801,-2.2942194,-5.793823027,-6.69948026,-4.714379193,-4.285003513,-1.178929494,-7.123940006,-3.021549922,-5.544927685,-3.239299048,-8.048284443,-3.176386442,-1.792761283,-0.016114265,-27.06524853,-4.771897668,1.426253685,1.839831872,7.136448621,-0.334475107
2010/5/23,2.09457845,2.762724194,3.471802198,-0.558387522,1.29429961,1.879680027,0.158008393,1.248322081,2.954376157,1.188606447,4.992136642,1.986064942,5.179012374,2.428061347,2.280676094,1.841132869,2.052273298,0.19327987,2.44857795,1.537353147,1.402460498,-0.220590732,0.452919838,2.758182133,2.768434475,0.792818865,1.123724513,1.415230664,2.708788603,6.074789422,1.684351659,-0.489537986,0.008789277,24.96770093,-2.21682216,-4.315780959,-0.808071092,-6.639553188,-2.356848397
2010/5/30,0.581180454,-0.438430444,-0.181881513,-2.039674868,-0.876299923,-4.267462376,-2.277414853,-1.692096822,-1.774585186,0.736550341,-3.021997144,-0.122843316,-0.451673276,-1.705759747,0.180724818,-0.363683152,-1.130675605,-5.474174244,-1.210551866,-2.340435604,2.516173645,1.405727025,-0.823117138,-3.923441925,-2.982885533,0.673094111,0.067565554,2.40932932,1.351709702,-0.673582606,-2.439439889,-0.013824566,-0.067364724,-22.34553206,5.459309818,3.194518649,1.21429109,7.30984346,1.748749228
2010/6/6,4.48350025,3.07972073,1.252961707,2.77135788,0.83756541,2.3431082,2.47823931,1.094846655,3.586205091,2.188648957,0.994671498,1.817896661,-0.290705367,2.850232806,1.342052982,2.008128327,0.945836018,6.908849564,0.732387566,3.263834843,0.671366541,-1.998797573,-0.601414859,0.638234011,0.51041575,-0.615950508,0.465596283,-0.364817996,-0.314973176,-0.81856892,-2.425261161,-0.020740434,0.030747831,10.10481437,-3.382230554,0.221975674,1.981802684,9.98859862,-9.612913464
2010/6/13,1.700757487,1.30114376,1.024585552,2.319079465,2.20967171,2.723738199,2.345848616,2.907922205,2.126201728,3.123094573,-0.7274969,2.758472828,3.806375159,3.636874909,3.174293899,0.31568017,3.39172714,4.199557378,1.673856021,3.673117664,2.161694193,2.941999274,1.297921083,-2.231775283,-2.700270517,2.617944894,2.06351639,1.318386537,2.759772334,1.349821657,1.137460892,0.565362786,-0.052704781,-20.89410528,3.125039211,1.021292426,-0.90769084,-0.334099288,2.95982609
2010/6/20,-0.095720607,0.597238395,-3.098999793,-2.979955332,-1.859464697,-3.32492538,-3.71464639,-3.80874046,-0.634317167,0.153804325,-0.986571501,-2.382681132,-1.556649203,-4.648579238,-3.04230094,-2.699495258,-2.072741569,-4.479187025,-3.969907484,-4.017110288,1.0395847,-2.610461167,-1.036985688,1.563383099,1.378004474,-0.245860911,1.972268188,0.641686341,0.122487945,-1.2940154,2.236827954,1.933743105,0.074673308,-18.40597808,4.505266394,2.258484582,-1.776487267,4.418800272,-0.740425251
2010/6/27,-4.457412521,-5.377758998,-4.029811183,-4.613256842,-4.46976263,-7.42093315,-5.162768663,-6.105337735,-3.837074512,-1.258081322,-1.608692383,-3.972886451,-5.252824337,-4.991062186,-5.611778316,-4.916232421,-0.40896918,-3.025920478,-4.216897422,-4.150366321,-3.411606532,-5.637569364,-2.978120159,-6.888039716,-9.078310736,-1.944885676,-3.870164104,-0.261595035,-0.608217063,-0.038483741,-0.080762401,1.578944959,0.515446135,17.49878414,2.153377234,-0.167031258,-0.462826159,-2.75935543,7.023648088
2010/7/4,3.214243833,3.276356652,3.650665961,5.146346557,3.289250344,4.960313455,5.274152056,4.882226193,1.971035023,2.671697079,1.421175471,3.884553046,3.198957425,5.973511944,5.129004974,3.877286168,2.686641416,9.052471342,5.91585797,6.106948429,3.015990799,4.06260978,2.65757771,3.62723176,6.186987698,4.22696403,2.350124221,2.533565122,2.178648999,-0.920311202,1.491607446,0.905282556,0.302277632,5.423323771,-8.906545297,-3.862862609,-1.067857829,-3.645145912,-6.231769273
2010/7/11,-0.281242463,-1.807464856,0.598709125,-0.986708295,-0.006914404,-3.07165508,-1.220824929,-0.795341868,-0.692675495,1.082276226,1.768634544,-0.412539999,2.216598534,-1.540009796,-0.13263215,-0.421465651,1.006275901,-1.347999934,0.5035092,-1.336279296,0.892115027,-1.863410571,1.922419819,-1.906010278,-0.104058971,0.226230551,-0.632558014,1.380473301,0.771428542,1.275721979,0.587303275,-0.905282556,-0.019195984,-18.71138982,5.330817471,0.181863322,-0.613666022,-6.273373584,4.607565953
2010/7/18,3.956061598,6.194951188,0.803958795,3.184283474,1.241734467,6.387376609,3.486332577,4.065732205,3.166851367,2.392227683,3.545303271,2.065675611,4.175858813,3.008158202,3.978562323,0.272574331,2.68496591,3.891579825,2.937143579,2.741031366,1.121701675,0.239923849,0.645794281,5.916502224,7.097296822,1.253112673,2.752703972,0.531091974,1.0181772,-1.168949694,2.315316566,1.489024744,-0.033953101,4.959048434,-0.105193961,-1.80845797,-1.791307415,2.623174732,-4.145671368
2010/7/25,0.795079419,1.781305039,0.784195084,0.39558589,-0.006658801,0.036879389,-0.096177409,-0.652939765,-1.52745581,1.338698118,0.555553608,-0.298352301,2.085485904,0.995568339,-1.946810415,-0.007579404,0.951612911,1.068566276,-1.03305922,0.842666126,0.072212638,1.121253231,0.007152117,2.513602842,2.415605632,-0.007602187,1.025122049,0.477423963,-1.506957618,-0.618919843,-0.201238458,0.943802365,-0.076721064,-11.19429792,3.832974528,-0.016820858,-0.035090479,1.34082677,8.362052902
2010/8/1,1.293515895,0.855399361,1.602754076,1.776793352,0.736094234,-0.032268722,1.802823157,1.486654559,1.867940848,2.488218515,2.94489061,1.799913191,2.015066944,1.981532904,0.166205862,1.925928429,-0.190603636,1.430696384,1.40450129,1.347485199,1.382968338,1.093057492,2.734509216,0.788917759,1.450485384,2.577997034,3.039386952,0.246040413,1.326030247,-2.057292058,1.086506547,1.593864075,0.094434287,0.127741129,-0.037991516,-0.548223867,-1.185765397,7.221910265,4.15124939
2010/8/8,-2.393032657,-2.725702572,-2.360037296,-3.344443488,-2.32964443,-6.5395428,-3.852554455,-5.155390235,-2.516894839,0.193536259,-3.863155051,-2.412720389,-4.364496399,-2.870145805,-2.219565709,-0.4283558,-2.153458331,-3.587155697,-1.073745472,-2.573359908,-2.129783312,-4.114346582,-0.81577492,-1.963562286,-0.516366616,-0.904711851,-2.841008592,-1.856488754,0.235967184,-6.723922989,1.800071389,1.662963934,0.084180683,-7.784653946,2.192383457,1.81861287,-1.429556078,-9.720105841,0.944322389
2010/8/15,2.953854799,0.621330257,-0.645635222,-0.872755003,1.667284492,0.211428697,-0.702951373,0.288520934,0.596106029,1.318002936,-0.282202838,-1.73747744,-1.417247802,-2.376170185,-1.838229784,-1.739124101,0.460633758,-1.782070813,-1.531156713,-2.41945327,1.6639697,-0.803787141,1.925633503,1.356848104,1.855535984,0.451739165,-0.426839008,-0.118779209,1.430449376,0.660713465,-4.094745716,-2.212802286,-0.409897068,18.81310824,-6.806393505,0.93408408,3.10908406,-3.161150083,-2.752744896
2010/8/22,-3.755631389,-1.65130546,-1.381683155,-0.618438085,1.335935492,0.974314044,-0.664709321,-1.205998846,-1.674808715,-0.493906435,-0.60506427,-0.903126076,-0.250131871,-0.531168965,-0.3086325,-0.043334283,1.009356896,0.532544176,0.120805952,-0.516844048,-2.623756111,-2.07289139,-1.965983319,-1.201982852,-0.503770751,-2.612252392,-1.849392175,0.076933293,-2.229658108,-4.737140232,-0.345640564,-0.411153091,0.078016329,-2.899874569,-2.593359983,0.998780304,0.146812864,-4.998079876,1.189038399
2010/8/29,3.10777291,1.65430495,3.840540217,2.886612982,2.207823073,4.222447385,3.681204919,3.652699696,2.603233771,3.058663017,1.866935025,3.036029767,3.195049368,4.590451086,3.80930662,3.458268866,2.747274861,4.350104588,4.263979548,4.311214485,2.87575593,1.359520619,1.536650108,1.695783051,3.843362183,1.379809355,1.800194637,2.148434006,1.298683768,6.705943014,0.447533429,-0.077279757,-0.105969632,-4.165600247,2.30111748,0.730463438,-0.23114717,-12.01236401,2.232804228
2010/9/5,0.557615761,0.19178047,0.419711653,0.141936927,-0.394604755,-1.07828708,0.455273001,0.39006088,0.104262921,1.977258231,1.931401237,1.298058048,1.317914909,1.449602433,1.689010662,1.041009059,-0.643057303,0.847391045,1.344785353,1.236574021,1.25943718,1.362609827,1.169001206,0.294062559,0.555699993,0.762074689,1.354022651,0.654625531,2.88973248,-2.340049642,1.021013507,-0.477882731,-0.050002207,-13.74537698,-0.761170798,1.133771643,-1.022469112,7.592578132,3.623532108
2010/9/12,1.493245945,0.421223064,1.708885833,1.377105114,0.556187843,2.326372481,1.435281491,3.209075546,1.278522799,1.763294375,0.590060757,-0.080646918,-1.552583139,-0.102043017,-0.125466783,-1.223812031,5.229760774,-0.94933555,0.123704727,-0.831747536,1.364785794,4.102506574,0.331627194,-2.452469025,-2.838807928,3.342941471,3.30124303,1.773881707,4.250531378,1.183170719,-1.689123676,-0.629892664,0.467170055,3.141135846,2.449642517,-0.368472061,0.700139368,-1.431883324,-2.75299913
2010/9/19,4.130719475,1.636581599,-0.800800747,2.351596222,0.330742683,2.959874283,2.029740872,2.793980964,0.705774176,-1.558045408,2.618003471,1.415750786,1.658774509,1.61133475,0.984555611,-0.443145279,0.591713084,1.304190899,1.621185545,1.274944659,1.047928043,-1.617188251,4.350140947,-0.275131959,0.022213311,0.101562341,0.673937787,0.528769843,2.240658291,-1.807846289,2.860891631,1.794754437,0.675868526,0.090909097,-3.717702136,2.433827375,-1.290010709,3.566838205,3.422469617
2010/9/26,2.851037172,2.937541904,-0.494495131,-0.281974226,1.288037885,1.226409506,-0.21177309,-0.440660061,1.570292802,1.084298152,0.173243842,-1.390310205,2.863221897,-2.418718578,-1.211991668,-1.211566635,0.994401181,-2.620831193,-0.099719614,-2.165979791,1.618479034,-0.714564995,-0.103542044,2.443705906,2.273538707,0.945238227,1.073539457,1.228247423,2.057350741,0.803046076,3.338793114,1.221000861,0.299372436,-1.372391165,3.770010232,1.592823388,-2.533005681,-3.618358041,2.66159429
2010/10/3,1.76394485,0.822478012,2.207290011,1.619367724,1.385718679,2.116442582,1.636281364,1.30578934,1.925701385,-1.746654812,-0.082368383,1.28498826,2.255191162,1.907165127,0.820520484,1.249133645,3.534054378,2.557423198,1.150360537,1.903528447,1.077968995,1.94445057,-0.78123478,3.080474925,3.788577168,0.000121298,2.587250721,0.71417054,-0.652414975,2.230170157,2.206591746,-0.025286049,0.209048904,3.574232532,6.442412056,1.56784979,-1.628791264,-2.188157114,2.011699726
2010/10/10,1.324040127,1.431610482,0.162212961,0.510213049,0.584459755,1.337190106,0.943056696,2.745579672,0.79969955,0.559152186,1.713763112,3.139032304,0.955942174,1.69135386,1.451395725,1.247071292,4.201086755,1.365531432,0.805568665,1.998260936,0.274783294,-0.92859797,3.283278386,8.145448833,6.925281339,-0.472842288,3.483943247,1.602208676,-0.670718685,-0.852203893,1.088887629,0.937615024,0.269420908,-8.28986338,1.315167519,2.065335701,-0.962310795,-3.921017858,2.250597337
2010/10/17,4.168567771,-3.254390198,-0.873929222,0.628782708,-0.06259359,0.038390718,0.584080634,0.429251128,1.085973627,1.20277379,-0.477733473,1.733724696,1.680595937,1.069929163,-0.11135206,0.528168879,1.284140446,0.519434013,0.664062961,1.122944793,-0.262133006,-0.777096481,1.20749679,0.130503533,3.536124593,-0.454886037,-1.015721632,-0.962715813,0.056065367,-2.637590092,0.257861328,0.168966529,0.467216858,-8.45999941,-1.720498787,1.965249279,-0.381061101,-3.228780332,1.694399242
2010/10/24,5.309029798,1.630529052,0.287868896,-0.126465959,0.59389147,-0.011373491,0.015213368,1.123778571,1.265671714,2.110722854,0.36539763,-0.067690302,-1.349896118,-0.909895086,-1.132254467,-0.075679419,-3.215628322,-1.029556838,-1.159910101,-1.005476468,-0.759739757,-2.407739629,-0.147091817,0.127312169,1.069947204,1.446745562,-1.807322825,-0.980029028,-0.800252538,2.358895376,-0.193333632,-1.938253172,-0.270680927,-1.322420753,0.540077414,-3.478160102,0.53822902,-5.914057504,-1.100063477
2010/10/31,10.85763832,2.699773129,2.938217326,2.886307749,1.944255593,4.617679383,3.536113986,2.814362404,2.084745158,0.514181649,3.049650967,2.288733036,0.964997597,2.147889799,2.827136383,1.768659307,2.894016602,-3.62357802,3.466687592,1.08200247,2.931205091,4.499697908,-0.408585586,4.934264141,2.702097194,1.938944962,7.426314872,3.061215733,4.781874726,1.022952074,-0.01433589,2.231700765,-0.17704962,12.12087079,-0.318783987,2.504043196,-0.293924487,19.21767956,-1.539308525
2010/11/7,-4.167897976,-3.133693265,-2.273280033,-2.222150698,-1.370026901,-2.379461924,-2.197147426,-2.384564026,-0.718815833,0.263000137,0.224014185,-0.290463188,0.525285166,-2.209993336,-1.072318636,-1.259161783,-1.747329466,-1.949236004,-1.344751601,-1.878136131,-1.341632967,1.021362001,-1.96995659,-4.712945731,-7.613833271,-1.590094933,-2.665119021,0.360118745,-3.889347698,-4.073891734,0.600344856,0.862850258,0.223614696,-14.92883065,6.443873721,2.908636596,-0.993858247,-2.533050793,5.578306653
2010/11/14,1.399591735,0.751782113,-1.362404278,0.097963361,1.611280982,0.705169758,0.043352481,-0.003574031,1.497465525,-0.163886672,-3.101443316,1.604670112,-0.62205403,0.755144475,0.401291649,1.306511419,0.637761834,0.438081536,-1.110881611,0.82284372,1.444727885,3.014123813,1.962842837,-3.298222009,-3.442776965,-0.119478999,-2.579662407,-1.69415948,-3.032346665,-3.637084918,-2.459820348,-0.266130437,0.281353389,12.10635197,-2.294399838,-2.328882284,1.988162723,-3.568113776,-1.490758321
2010/11/21,1.282225109,-3.841650052,-0.669739702,-1.000656461,-0.492243646,1.148877841,-0.864755319,0.65074606,0.82478167,0.000217246,-0.529670054,0.079313323,0.093648749,-3.466239555,-2.444161385,-1.641106402,-5.657201442,-7.314462313,-1.124948604,-3.897883781,-2.038188992,0.171169843,-0.21285611,-0.585738107,1.958277765,0.072570734,-3.134566494,-1.236434888,-2.37680024,2.957644523,-0.043827612,-0.933946145,-0.045190252,-13.31848803,-4.05127822,-0.970595855,0.462937221,9.173827655,-1.500286806
2010/11/28,3.555600995,2.232106121,2.064103413,2.581693962,2.195882439,3.181949269,2.925510299,2.220137149,1.295958773,-0.039850845,2.625526707,1.431381212,5.161274812,0.585625805,1.74814681,-0.660146032,1.07062252,4.781608109,1.34257958,1.646245518,2.874472988,1.372667943,-0.054671871,-1.024486878,-0.768636893,3.683187389,1.919069271,0.45367599,4.10198209,5.934383189,-3.297736628,-2.482711432,-0.428291923,17.68557967,2.722985446,0.736163513,2.312917909,5.490109161,-2.120313844
2010/12/5,-0.926429945,-2.062227338,1.095338331,0.247714168,0.458165976,2.662475874,1.272982697,1.762524111,0.777663531,0.028205784,1.869158676,0.83776412,1.504017717,2.807792332,2.31668362,1.207418349,-3.192819393,1.06373944,1.170257691,2.032827493,1.464752059,0.329863513,2.908784762,-0.048913781,0.140221502,1.093488089,-0.678136721,0.408314056,-2.286146577,2.994653452,1.290437293,1.179371717,0.079508551,-17.85201522,6.281335912,3.090945084,-1.283801416,-1.143130875,6.255665704
2010/12/12,0.359437828,-0.529625733,0.361762935,0.71251005,-0.287508996,0.344398094,0.282573619,0.205662026,0.84456265,1.109853718,-0.135439057,-0.339133134,1.79014269,0.258909876,0.524023641,0.291331492,-1.925489981,-2.235857374,1.00645282,-0.627419789,2.00184133,0.895706761,0.553520404,1.83796008,2.372349865,1.129869182,-1.953339686,-1.022659632,1.548383058,4.296873542,-1.358420829,0.240536893,0.120132761,-2.246023668,-1.582132674,-1.526309592,0.826476897,1.5514799,2.750034575
2010/12/19,2.132212473,0.740109045,0.297681659,0.707382835,1.366977067,1.205010532,1.02852931,0.852588817,0.220115099,-1.506594801,0.330669708,1.071794445,1.462979779,0.850703017,1.093277553,0.932750135,4.227424847,2.087553938,2.309231643,1.413536893,0.162725941,-0.239420763,-0.055903786,-2.045141015,-1.601839243,0.488716398,0.522299872,-0.292529283,1.050982262,-4.197319535,-0.393701296,-1.798976814,-0.003005079,-8.902672532,0.261646244,-0.412431394,0.853143505,-8.280101741,1.136925647
2010/12/26,1.34773276,1.188770885,-0.674195255,0.034728522,0.447768952,-0.675313038,0.069201127,-0.478710017,1.22592844,0.251106812,-0.888478734,-2.05419809,0.040114695,-2.481837715,-0.380019881,-2.506983752,-0.397668947,-2.482347235,-1.830285053,-2.44478785,1.048874979,-0.490246061,1.595085284,-0.959739719,-0.785840283,1.249343363,0.879243934,1.460119659,2.023763917,2.186901314,-0.486692976,-0.587496444,0.427627773,9.242808914,3.888419454,0.094213146,0.099019713,0.417229713,2.353329426
2011/1/2,0.641317077,1.079214275,-0.850780777,0.836482348,-1.279573312,0.531983844,1.096035708,1.878308557,0.129796335,1.000280047,-2.291587644,0.485499831,-1.89959792,1.585356448,0.526013505,0.95255899,4.105225708,-3.073394042,1.420220484,0.550967548,1.701675017,3.005720743,0.71739283,1.088045188,0.9219284,-2.137818938,2.787642025,2.210776418,-3.81968671,-1.851140521,1.970098062,1.017853276,0.552291137,0.451722959,-0.142161979,2.997013463,-1.928613362,7.590824705,4.378248519
2011/1/9,-0.203237186,1.252525293,2.030259606,0.960022103,1.43447566,2.47474081,1.695339153,1.91011712,-1.582735331,-0.134341345,0.849476416,1.823555866,7.384481108,2.999386503,1.359806954,0.895535462,-1.302616297,8.271114041,0.296002352,3.915907966,1.047604333,-0.399238556,-0.012725456,-1.68596604,-2.250125193,2.13793039,2.487523471,-0.473007393,-4.327117735,1.120283106,-3.498721751,-0.282413538,-0.568888271,-3.497060275,-3.734897066,-3.775114324,2.531749268,0.385182305,-3.769276031
2011/1/16,3.038918644,-2.580226383,-0.958447047,0.713974161,-1.53797774,-4.351785818,-0.767685085,-2.415615432,-1.78880844,-0.591024739,1.045577996,-0.187860959,0.781393379,0.85417725,-0.074753938,0.170992315,-2.919337108,4.186486851,-1.778785411,1.702989403,-1.83103134,-2.161678045,0.13017231,-2.762300559,-5.46811604,-0.20226605,-1.687619955,-1.908445372,0.739142035,3.564169133,3.483771834,1.941437764,0.596203627,-10.315887,3.909836975,-0.615116175,-2.433422082,1.303096399,2.979115018
2011/1/23,-1.801920322,-3.585721805,0.402913268,-0.406321749,1.341112355,0.286714477,-0.547723945,-0.098578433,-1.298250738,-3.541417634,-1.044099198,0.570130353,0.040845665,-0.377318002,0.030462054,-0.598378014,-4.206973264,-0.761030921,-0.252682765,-0.554629596,1.816799976,0.831801086,-0.379768626,1.370165033,2.160940271,2.110275534,-1.094215055,1.405946496,-3.289720446,0.586888261,1.785563275,0.8724361,0.080471904,17.78917511,-2.69044736,-1.450158589,-1.262886389,5.556985115,-2.362224276
2011/1/30,1.333754158,-2.165777591,1.82208079,2.245048998,2.602257863,3.137019298,2.669443181,3.021018974,1.647923001,-1.145573057,1.373923354,1.584081183,2.257503233,1.115356185,1.197256516,0.858268319,3.265151557,0.997152006,1.953297923,1.64708658,-1.714915589,1.752639838,-2.536226016,1.66475076,0.814549081,-2.484745781,1.228564554,-0.576637145,-2.134314004,-5.428110571,-0.036722853,-0.8724361,0.021267546,8.158248201,0.25777543,-0.007452953,-0.114905854,-9.12432919,1.588614047
2011/2/6,-4.828853027,0.743373009,0.373578989,1.486643037,-0.182084706,2.712498784,1.384860126,1.439059455,-1.182743596,-0.865179831,-0.558746471,2.125063087,-2.450207603,1.327868004,1.126297341,1.219974647,-0.890507965,-0.471875399,1.086552627,0.702774827,-4.685215828,0.587542478,0.250624771,1.00848838,2.478960741,-3.549003743,-4.622513083,-4.257694565,-1.60197714,7.044420487,-0.198536776,1.489202844,0.359192508,-22.95261523,-0.347592434,0.542611061,-0.157251833,-0.301170157,4.619810661
2011/2/13,2.201572391,3.454159256,1.136746269,0.956766626,2.555547183,1.53419267,0.845081783,0.868632298,1.370701792,-2.262583203,-2.357179513,0.751591083,-0.719945514,1.352090296,1.22070778,0.777588325,1.921782576,2.418768502,0.330811794,1.432307818,1.80190474,2.211438726,2.453566432,2.530551716,2.574824243,2.681311333,3.301684353,0.313098976,2.766462832,-4.017575407,-0.27271069,-0.591772992,-0.506453407,-1.518055718,-3.95217806,0.841519693,0.520668345,-9.740053012,-0.953275175
2011/2/20,-2.915086298,-1.724870503,-2.050577314,-2.127175799,-0.503847706,-1.553656679,-1.544963463,-1.884294397,-1.726060123,-1.777192055,0.374364552,-3.307724637,3.389762674,-2.109097665,-2.002874121,-2.716990535,-7.257036693,-2.242131676,-1.353690218,-2.741943652,-2.50027484,-2.958067875,-4.765125666,-0.734467752,0.164534502,-2.799966671,-2.501309933,-2.020984741,-2.888005592,-5.578077532,1.086408689,1.475995788,0.278003719,4.60853653,0.721856668,2.051727119,-1.081368313,-0.873367997,-1.162739416
2011/2/27,0.935230685,1.644035102,0.573150175,0.324522627,1.417728808,0.369169909,0.096174606,0.13008202,0.055949335,2.951295877,4.017305125,-0.087301167,4.048709092,-1.240222112,0.321211078,-0.101930411,-0.414762188,-3.039434021,-0.180293071,-1.207928138,2.079150325,1.5730456,-0.005500615,2.190134407,2.036758369,2.125591631,1.708268574,1.187894628,4.339243588,-2.682853514,0.393471799,-0.772490941,-0.033462112,15.68424715,12.70720609,1.578998976,-0.541866892,3.273988649,-0.760289888
2011/3/6,-1.869006543,-1.970412012,-4.617450611,-1.036422501,-4.143677159,-2.722827962,-1.285140505,-2.511276857,-2.218469255,-3.957827621,-1.222267363,-2.788380694,-4.215962219,-2.303064847,-2.442970382,-2.744287147,4.274640938,-0.959949182,-2.736767455,-2.240442623,-2.481807689,-4.194123516,-0.795264189,-0.289647605,-0.355996407,-2.496409655,-0.681891356,-0.583804567,-1.698844593,6.683586766,1.687377791,0.963148768,0.12477937,-0.835950532,6.467898941,1.309877883,-1.150185726,-5.017689302,0.682291109
2011/3/13,-3.761343085,0.29199287,-0.396928643,-1.555322505,0.840235821,-1.022863521,-1.941628184,-2.684850256,-1.881533996,-0.34510143,1.099307687,-4.648243397,1.71256154,-3.061656135,-2.441345809,-4.107771571,0.089326998,-0.67545657,-1.914701511,-3.214609697,1.300101886,-10.77728967,0.400789466,-0.921472991,-0.985772165,-2.040681407,-4.169867731,-3.603170719,-1.32637133,-3.817493523,-0.537732072,-1.199173722,-0.106528697,5.21323966,-3.171780618,-0.476892691,0.462184051,2.078536768,-6.398132493
2011/3/20,2.14172099,1.316062546,2.480648067,3.007563751,1.795008995,3.607412428,2.668881894,3.690598227,3.783602564,5.042649608,1.222845697,4.14378543,3.924677289,4.167848104,3.983409196,4.084475564,0.637074122,3.631784957,3.143932731,4.163337903,3.614119653,3.51508321,1.012575469,2.410434985,1.715125315,2.536310313,3.777223214,4.497796374,5.089079048,-0.722688104,1.915399082,0.971572357,0.077602542,19.64968395,-0.089007572,-0.401507953,-1.046225032,6.928424928,3.077525973
2011/3/27,3.610536467,2.192244485,2.482323118,1.269505461,0.644386199,2.744063664,1.406563109,1.68241308,2.657905309,2.337162825,2.226363365,3.305513895,1.713868387,2.052608833,1.30774238,1.370076129,2.257696251,0.18190049,1.833028114,1.756524712,3.208380482,1.790271733,3.13215078,-0.349861254,-1.892692224,1.094289347,2.739618497,1.603249169,2.993176594,-0.102496832,-0.672259546,-1.239326806,0.187407208,-31.08619182,4.194929002,0.710345147,0.674295466,5.484982232,1.826951933
2011/4/3,0.24279607,-0.797186545,1.60780416,0.026901732,0.552463808,-0.696825639,-0.318727765,-0.329981754,-0.806284609,0.54045676,0.909573681,0.516920501,2.227530833,0.176180671,-0.681706628,0.279426814,3.556242527,1.693882879,0.75967966,0.731056895,0.327608331,0.612946667,-0.264507311,2.087970168,2.617608114,2.152509828,2.465664433,2.119366936,0.273396325,2.172829814,1.038328241,0.466549321,0.141931668,-2.888900985,2.381288108,0.140065854,-0.526979354,-0.935545899,-3.488525046
2011/4/10,-2.889889286,-3.004612956,-1.807518039,-0.309200032,-2.923062842,-0.705308228,-0.641277194,-0.568435416,-1.298270588,-0.807861282,0.470044193,-0.538093219,-4.490050951,-2.17593844,-2.187595846,-0.897021847,0.522913388,-3.3032372,-0.991398589,-2.222761663,0.587097297,-1.824055201,0.642996602,0.674612586,-0.54211389,-2.003398699,-1.603202992,-1.072777735,-0.299146072,-1.896329111,1.741476164,1.673988256,0.191086269,2.665312295,4.395216546,3.114271658,-1.070334487,-7.643848168,5.549068274
2011/4/17,0.962158591,0.559287247,1.26359723,1.321342383,1.245193636,1.268596466,1.332319317,1.987957625,-0.466285576,1.261557744,-0.315524284,1.619515588,0.917309434,1.185553306,0.002785477,0.885097811,0.352919239,0.241218126,0.37105794,0.589206449,2.64265134,0.941080624,1.176889839,-1.32025247,-2.004649946,2.841851055,0.541018111,1.30530537,1.02740191,-2.520663243,-0.338948203,-0.38523911,0.039791858,-15.39641649,-2.814301268,0.804031222,-0.326012757,3.954426692,-5.525638096
2011/4/24,-0.232259531,-1.389005071,-1.860996504,2.406054006,-0.195079657,2.297097373,1.942311865,1.875109825,0.39661782,1.443846096,0.175566729,2.957281532,-1.08392438,2.092390084,0.258710764,1.270170021,0.809040095,2.747225838,0.853730306,2.520498958,-0.248737082,1.715487788,-2.05770591,-3.344097437,-3.160996325,0.427651078,-1.744748299,-0.466540655,-2.324286785,2.315921351,0.855531643,1.145236688,0.391107792,-4.199217413,2.370014061,1.190729167,-1.136680514,4.829164838,3.261221199
2011/5/1,-2.683346901,-2.629029242,-1.67677613,-1.350156938,-2.749507204,-3.76229887,-1.731673823,-1.613057023,-4.851366627,0.042388203,-1.589564844,-0.296001138,-4.575349561,-1.198065018,-0.228075642,-0.20189488,-1.467758783,-2.498105651,-1.546184221,-1.956753663,-2.069749746,0.095997052,-2.8800509,-1.649100641,-2.012979876,-0.34072682,-2.396320292,-2.558990987,-3.505373961,-0.155884677,1.675902703,1.168195377,0.249265412,0.40760926,1.449941413,3.476565489,-1.457045066,6.280878485,-5.380270599
2011/5/8,1.862611773,-1.85196281,-0.668474312,-0.340724473,-1.406211469,0.279207616,-0.180733288,0.032178047,-0.475652063,0.753835556,-1.568463863,-1.194195545,-3.681590982,-0.969691362,-1.193324898,0.561508668,-5.506337155,-2.422973496,-0.855277657,-1.99408061,-1.28272679,-2.157458333,1.056068132,0.249000987,0.734722827,0.326738073,0.504486763,2.04886462,-0.120762077,0.325850008,-3.380371321,-2.019782032,-0.03388734,22.11075818,-15.90192957,-4.25093518,2.663009031,-10.37535581,-4.992145711
2011/5/15,0.165928015,-1.01405917,0.440510687,-0.666807474,2.03570331,-0.794126944,-0.337695235,-0.893150035,0.720834137,-0.639924048,0.24274605,-1.860841568,-2.219159015,-0.699155126,-1.883144825,-0.49870768,-2.011265445,-1.262217301,0.380989415,-1.41324209,-0.405522843,-0.433011943,0.188851622,-0.438783213,0.036434472,-1.900790486,-0.330840144,0.153500698,-1.058834488,-7.701915024,-1.329554248,-1.056261356,-0.073896179,-7.502812781,2.509911768,0.13394055,1.136300616,0.259403518,0.201030348
2011/5/22,-3.548550334,2.676451409,-1.023776491,-0.564729184,1.058813106,0.864704064,-0.162890325,-0.230706972,1.463877632,0.380778724,1.306184587,-1.432428138,1.794425043,-1.004059139,-0.627972682,-0.634260529,-1.419208267,0.337762306,-0.161852625,-1.219041497,-0.534697148,-0.89017171,-4.374238009,-5.335283373,-5.652365558,-0.30634074,-0.351142241,-1.047588442,-0.187002048,-5.465791594,0.240486748,0.191198751,0.076976372,2.087032273,-0.160691006,1.012127431,-0.473875106,-0.377537022,3.405634493
2011/5/29,-3.136730286,0.07151964,-2.177682068,-2.361122078,-2.047846636,-3.421663285,-2.351833425,-2.317795325,-1.960253676,0.435549846,0.597868035,-0.76286935,-0.016682497,-1.537969986,-1.696091948,-1.270573692,0.638908366,0.23847891,-1.42211746,-1.080154783,0.627952255,-0.312714733,-0.806220504,0.66458868,1.29406853,2.646618354,-0.73157986,0.323187448,0.739575002,6.739358499,1.186853357,1.710592141,0,-8.685491919,1.099571254,1.831541007,-0.745038208,6.586742499,1.779534756
2011/6/5,1.964791944,-2.588346452,-0.459258123,-1.654176987,-3.262536319,-3.601893454,-2.269907737,-3.312860731,-0.456885722,-2.37885553,-1.10392022,-0.55194714,3.591200102,-2.224430543,-1.901936958,-3.334636646,1.411803035,-3.310163112,-1.535379247,-2.049096896,-3.211706431,0.233918235,-0.694617486,-0.842240437,-0.421936107,-2.331338358,-2.332884358,-2.163316488,-0.562598336,0.418046245,2.161611737,-0.485762082,0.211219369,11.62521746,-0.368507961,0.331201394,-1.627450668,4.098134437,-1.223036828
2011/6/12,1.277828086,-2.64566123,-1.706684511,0.437881889,-2.27304034,0.283099421,0.040904944,-1.036089577,0.177055125,-2.25592311,0.975883006,1.322912798,-2.495549488,0.488935712,-0.21591156,-0.844086516,-3.162514287,1.836156336,-0.886011402,1.365906099,-0.722800185,-1.728457986,-1.143086375,-2.330713809,-1.601770402,-2.308914788,-3.287611712,-2.402299747,-2.200564277,0.143300717,-1.994200983,-1.187866037,-0.015432575,4.945316227,-0.932290849,-0.859492203,1.33375686,1.056645503,-1.899947542
2011/6/19,0.559412156,-0.070447344,0.515958,-0.582984858,0.925651502,2.031040859,-0.240162323,1.38197088,0.915435036,1.022650796,-2.764831886,-0.597393665,-1.15163804,-1.023595591,-1.320560099,-2.423536534,0.575169208,-3.233704824,-0.301770368,-1.977461446,2.85654704,3.440256323,0.454344982,3.837525042,5.016338822,-1.203001532,2.173417295,2.028023453,1.934981688,-0.75135106,-0.258208734,-0.234336565,0.143614951,14.71576443,-6.533784679,0.645310716,0.882481985,-9.520507707,1.1491569
2011/6/26,3.243436971,3.821670587,1.826564909,5.288834926,2.991322532,5.160410483,5.462763233,5.967847985,4.027984008,2.264948844,0.418883094,4.100205577,4.245078837,5.713712965,4.19383633,3.919974448,1.902114186,6.693559694,4.998524973,5.716966448,1.656842635,1.937566433,1.053812848,0.477698949,1.505768463,2.396851779,1.014815738,2.325648737,2.810487321,-1.971431553,-0.827958701,-1.474044788,-0.061795151,-3.492788106,-2.009080988,-2.513290182,0.987672118,-2.244658189,-0.109455773
2011/7/3,2.176955926,-3.012068515,1.373603401,0.589780541,0.531108675,1.480580747,0.307810653,1.542709741,-0.820925921,-0.384139923,-0.703769823,-0.225473154,1.069320271,-2.368528451,-0.099226624,-1.373977468,0.521832165,-5.422714425,0.013689094,-3.02118372,2.536543732,2.695981495,2.918804505,1.382390251,1.840879699,0.111267599,1.455243054,0.390125592,0.592674387,1.660532323,2.312241742,0.730408716,0.154559536,-28.48425059,4.062890875,-1.193043641,-2.036071503,1.920433727,4.60165592
2011/7/10,-4.242608459,-3.364203831,-3.970636182,-1.412049513,-0.54110852,-2.830057728,-2.079821128,-2.478528038,-0.946911317,-0.879351174,-1.66104425,-2.497727783,-1.019270091,-4.895128407,-3.866725737,-3.550690386,-1.522634799,-4.675866162,-2.483092262,-4.198242704,-1.625262625,-1.623527869,-0.697577245,0.797449553,0.823727887,-2.016177311,-3.816676086,-2.150344582,-1.415283703,-3.224468567,-1.771187125,-0.11202391,0.007734251,0.502829469,1.318424455,3.914031698,1.118609688,-2.489560234,2.513185229
2011/7/17,0.891233087,1.322797122,2.851543963,1.601169938,1.456238037,1.561147473,2.170567261,2.444254155,-1.113549371,-1.773435294,-0.150790586,1.461132473,1.955438058,3.068163813,2.727346523,1.568454516,-4.628512208,5.887032362,1.551308503,3.569408179,1.206103912,1.568076024,0.959897941,-1.766468873,-1.24252185,2.196252918,2.5697158,3.150316604,0.942490514,0.090546909,-0.823281574,0.478336057,0.038680231,20.24929157,1.075279178,3.083649479,0.007945231,7.797343201,0.02266289
2011/7/24,-1.033221734,-2.430153261,-3.950666074,-4.334479112,-4.153354907,-5.467389543,-4.000078269,-3.649422559,0.679706085,-3.955389687,-0.627085095,-2.314471949,-0.598706962,-4.563486942,-2.824513506,-4.20839263,4.085811306,-4.354166707,-2.039693834,-3.756846853,-1.766593972,-2.996246203,-2.462256985,-2.524016953,-2.974964012,-1.391676443,-0.020274011,0.198047524,-2.734079684,0.108548179,1.424135753,1.029633931,0.226191864,-10.86086594,2.668719081,0.726638126,-1.478030268,-3.287048306,-0.068004083
2011/7/31,-7.962309987,-10.52037488,-7.487669859,-5.925375954,-6.242796489,-10.9127393,-7.460334354,-8.474680613,-6.606597434,-7.985071545,-10.80004464,-13.79735702,-8.841044417,-11.31360735,-10.50331464,-11.17120378,-10.18067732,-10.49487232,-10.28188807,-11.71564462,-9.300879058,-5.574562989,-6.51736228,-2.82706064,-2.436957377,-9.597408368,-6.890184023,-6.291814185,-5.065024767,-1.324161045,0.278241693,0.721186355,0.16143557,36.54830702,-4.26510418,1.714097844,-0.506575776,-5.947445378,1.786664752
2011/8/7,-3.335078589,0.984766749,1.623616241,-1.546150906,3.076864385,-2.424807573,-1.729930156,-0.969377025,-1.00320901,3.754898319,-4.842389571,-3.898187673,-12.04188901,-1.992537164,-1.512991037,1.549210974,-7.521870037,-0.276005603,1.382436358,-2.896958151,-8.055602268,-3.681617745,-7.768825708,-1.274063663,-0.432235435,-2.790470371,-6.540441736,-4.934478271,-2.689724778,-4.638478677,-0.795038709,-0.176759257,-0.055911041,23.69097471,-9.669044227,1.237782944,1.02931612,-5.046829037,-8.419058621
2011/8/14,-4.890510207,-1.935465105,-1.708906171,-4.087830831,-4.35700023,-6.793251717,-4.802994049,-6.854070309,-0.675537721,-2.329222708,-3.452839004,-9.027763064,-1.220831501,-6.321928435,-6.273587601,-3.07488735,1.658929646,-6.022356548,-5.392207807,-6.641343845,-2.737728889,-2.765324124,-0.32336553,-2.293992585,-3.047878871,-3.926544364,-1.128102147,-4.18955941,-4.584110716,3.685761771,-0.231327431,-0.697890803,0.793438455,12.77333665,-1.741597486,5.35631681,-0.078906019,2.97484754,-2.602012286
2011/8/21,2.04972084,1.707051915,2.363424429,4.225458792,2.63043942,5.969810802,4.632337575,5.726112931,2.695435567,-0.223278128,2.667876213,1.043442267,1.314223551,2.314739944,0.889701738,4.404529961,1.210092503,0.53407283,1.753320015,1.442486347,1.933751723,0.896733877,2.199666229,3.024781028,2.331924624,1.381406679,0.93867728,0.53084781,-2.040004241,1.455322369,1.040257923,1.124019165,-0.02816637,16.88929616,-3.722691853,6.07800309,-0.855906172,-3.00022503,-0.748880185
2011/8/28,-0.409312594,5.791412779,1.016247242,-0.393167149,2.20547152,-1.226063426,-0.240772289,0.019354136,3.15800424,2.766961341,1.98806047,0.015348765,3.755259249,1.952863219,3.492175897,0.684280841,3.056626215,3.339850333,3.111185065,1.372903074,4.871119526,1.72367935,3.902218137,-3.264972032,-2.981998396,4.104729855,3.166579402,3.395261447,5.972472922,7.825660755,0.699037348,-0.548213592,0.067299493,-19.02975314,3.710978822,-3.017896099,-0.320324653,-0.228687687,2.865100891
2011/9/4,-4.22758155,-1.342732309,-1.142517406,-2.232241368,-1.71969368,-1.385104512,-1.695771243,-0.498756167,-3.834745579,-3.053289998,-4.818562187,-6.497280166,-1.947334074,-5.682946287,-3.673105927,1.317852266,0.948981762,-6.760973374,-1.472994306,-6.85114833,-2.979017689,-2.409379117,-6.327452611,-1.214890301,-3.037299679,-1.906532591,-1.728006941,-0.634772667,0.385169966,3.430185929,-2.048566622,-0.945082211,0.065778142,-4.80598886,1.257146111,4.381455984,1.304588532,-1.512267703,0.30389618
2011/9/11,-0.105023131,2.534918187,-1.085807818,4.595759573,-1.004663387,5.814627981,5.214155221,6.065155454,3.968456524,-1.105687299,2.18953782,7.130480744,-3.146908508,1.881277728,2.018604655,0.406298079,3.504752378,5.869673316,2.905980319,4.045484847,1.487559698,1.437376112,-0.56142551,-0.618866293,-0.13008359,-0.436793762,-2.092139925,-1.28463116,0.488974426,-3.089384084,-3.96347376,-2.093534405,-0.081433229,12.7172776,0.90967292,-0.921319924,3.235481612,1.104416003,-2.99375607
2011/9/18,-10.24024223,-7.21065611,-6.116701596,-6.623525744,-6.753137861,-9.061318803,-6.768323739,-5.449547659,-7.656135342,-5.9111533,-8.974255,-7.002814884,-17.96583381,-7.569536317,-6.227650187,-2.8657868,-2.756259229,-4.779583249,-5.782034703,-6.369661958,-8.069868424,-3.488561686,-1.710177479,-2.001083963,-3.173781544,-7.267883008,-9.63179703,-3.289022083,-4.351570798,-1.495928451,1.070931446,-0.587289743,0.081433229,-21.78357519,0.821922435,-2.440341156,-0.918826683,-2.744864195,-1.791846048
2011/9/25,-0.768261007,-1.716699036,2.664532366,1.30876589,1.394504532,-1.27567113,-0.441828882,-2.769522726,2.768602708,2.213673488,4.079857939,5.711842932,1.892387788,5.935717395,5.675959015,4.301637195,5.811178312,6.647957646,1.209789072,7.309068812,4.166055319,1.622579491,3.67405617,-3.085976814,-2.362677129,2.510852495,-0.433451119,-0.879803813,1.539119161,-2.836762981,-2.212706584,-2.060477298,-0.078302408,28.63092778,-9.673229103,-10.1416461,3.382408294,-2.876363409,-18.12526096
2011/10/2,-5.750731432,-2.085661883,3.776989361,1.723659052,-0.30570155,1.853371722,2.10250521,2.613152419,-1.498155249,-0.727279428,0.073988147,3.107860624,-2.199862553,3.738802433,2.860403637,2.154774413,-4.023374012,2.903634373,3.353880533,4.025403829,-0.559866823,-1.094088024,-2.619867752,-1.265334748,-5.142919973,-0.185906876,0.649304734,-1.311664458,-1.122955867,-2.143564624,-0.833214164,0.760019116,0.090836485,4.061833742,-0.817357584,-0.999732329,-0.19330025,-0.950190399,-3.8585994
2011/10/9,15.54181752,7.127995308,1.020502374,4.760695685,4.169324813,8.224291055,5.809939498,7.327647553,5.434600702,3.024687221,4.913034329,5.008390188,9.958279078,3.87570385,4.774742241,1.90817427,3.362828553,1.992875636,3.026482271,3.732158873,4.207932271,1.640505213,3.261713731,4.277717604,6.550814399,2.005827013,4.390687779,3.858611423,4.876045084,-1.203720325,-0.067257037,-0.160539447,0.112877446,-17.12103314,4.662331608,0.828708588,0.093538282,-5.178154059,3.78225769
2011/10/16,2.919015208,0.408034297,-1.526235077,1.401106266,-1.100579453,-0.005614508,1.110116442,-1.145657177,0.49326584,3.056775048,0.207118073,0.062991284,0.512731637,-1.457165376,1.082051636,-0.132005883,-4.321383527,-1.37422585,0.406937662,-0.765826811,0.162230763,-0.792689002,3.433413105,-4.806080042,-7.363968663,-1.417568472,-2.606785727,-1.16411227,-1.617555954,-1.588659308,3.669597908,1.663465272,-0.062725422,-24.83197062,4.500700676,2.844593389,-2.873525233,6.18236931,4.041256292
2011/10/23,7.4935911,7.423594204,4.977955843,3.513853659,4.659962788,6.596573272,3.712966232,3.710090028,4.707169228,4.344570319,4.407337645,6.094691434,10.02387193,5.439709546,2.363091001,1.708441733,0.439236787,4.109576253,3.817675646,5.203397941,4.836578753,4.192304975,4.007275166,6.520368126,8.542349222,4.863583118,10.48941842,6.884366954,5.971622132,3.04748752,0.136823555,0.830872785,-0.075218608,10.35174585,0.6888661,-2.82625542,-0.363435447,-2.01861737,-5.595970899
2011/10/30,-8.794948402,-1.426625314,-1.672419226,-2.047369913,-0.892665356,-1.925113682,-2.510453628,-1.880829142,-0.052480981,-0.992778785,-1.952275114,-6.175112846,-4.309975556,-6.958113146,-3.590746422,-3.350240233,-1.522701693,-7.050863619,-3.118495887,-7.192670664,-0.055470738,-2.790589033,-5.451803545,2.194541956,1.293436929,-0.16860186,-0.885309416,-1.997994847,-1.437332751,-2.425019304,1.79722424,1.047587058,0.392385103,-24.43600129,6.553916449,6.690034691,-1.859857092,7.7899539,14.24697623
2011/11/6,-0.35153119,-0.209867246,0.359075185,1.412299771,-1.064619881,-0.248134093,0.843839927,-0.275867386,2.333649305,1.226484147,-3.194313502,1.511607656,-0.760801434,0.823543256,-0.328385733,-0.191000742,0.037372866,-0.469903211,0.329102743,1.444478225,-3.426622084,-3.314373066,-0.061472818,-1.884923564,-2.657173287,-3.152322534,-3.620819977,-2.032280301,-2.207100942,-3.39552449,-2.519457627,-0.559842219,0.280319559,20.66196849,1.002247434,0.444901487,2.554313359,-3.633932158,-3.895705896
2011/11/13,-8.476370115,-3.150905193,-2.820745226,-2.98579498,-3.181247104,-3.445554829,-3.888370463,-4.047207908,-3.444144813,-1.352327132,-2.144806972,-4.332028493,-2.301716973,-4.959048307,-4.40486156,-0.611172004,-3.121102672,-2.917283637,-3.345281649,-3.864569172,-1.311522545,-1.652673769,-0.195517641,-2.634890796,-3.852541326,-1.828821054,-3.433595157,-2.195231309,-5.223204804,-3.061991365,-0.319442699,0.242983204,-0.01576914,-0.398671624,4.896191344,1.810386979,-0.040183288,-5.403785054,-2.866257507
2011/11/20,-4.120048842,-3.291674562,-4.723164742,-4.902679458,-3.686045331,-7.691544989,-4.800611757,-5.226148837,-4.830819722,-6.165082943,-3.455635773,-5.444840841,-5.686549326,-4.785350233,-4.851764133,-3.978646899,-6.450670218,-6.803837905,-3.767499569,-5.770769789,-3.472553846,-2.599493692,-8.116382976,-1.515212091,-1.39540278,-6.411817463,-4.432645303,-3.215969697,-4.071965491,0.906941965,-1.775411611,-1.751402226,-0.233092996,6.32060759,-1.608996015,-3.538279341,1.446745016,-7.772025784,-1.786410152
2011/11/27,8.059934136,5.307150622,7.345878568,6.777641483,5.210220212,9.83678278,7.128425378,7.319916363,6.122892244,3.806134385,4.25692425,10.16656442,8.955029023,10.2375635,9.186829263,5.818207625,6.990751902,9.750336194,7.237311879,10.39338095,7.567171172,5.759112197,6.42780808,-0.825167943,-0.792307369,5.116446342,7.359239975,4.77931349,6.971942213,-0.487705238,-2.064087638,-2.196061236,-0.389374354,7.435347773,-0.659184589,-2.325618094,1.993917506,6.593230209,-4.006514931
2011/12/4,-2.75744473,0.602816107,-2.002186775,1.36212798,-0.334635465,1.402327732,0.872990617,0.755438973,1.273683549,0.764836367,-1.383367509,-1.557451934,-9.160450811,0.233538048,1.258792536,1.298094566,-1.720052719,1.058801289,-0.416550708,0.003841975,-2.178523896,-1.249011447,-1.342364296,-1.941492955,-3.400903229,-3.525808454,-2.414152838,-2.880981116,-3.700185648,-1.248241769,1.268928691,0.940667976,0.334330356,-22.51763675,4.23873699,3.722875107,-1.387492144,1.178795575,8.88274004
2011/12/11,-4.997924821,-3.742138505,-1.047580794,-2.643492052,-3.374784197,-3.182659847,-2.871482417,-3.518887989,-3.20046573,-1.002528033,-5.105981109,-4.876360569,-2.62585983,-6.513657428,-3.525197547,-1.042251739,-4.112388833,-5.297593578,-2.599319157,-6.156419455,-1.873148495,-1.590995516,2.092401091,-3.984130849,-4.292497069,-1.582236762,-1.631860363,-1.321692363,-4.52048429,-1.934709971,-0.209126971,0.422346568,-0.0644416,-4.230686578,-1.547168657,-1.98962764,-0.06352756,-7.741873515,-0.770581746
2011/12/18,1.359176859,2.819216922,-0.453034656,3.540130417,2.47266126,3.528185108,3.676082634,2.44737252,2.700145776,1.001883094,2.464616005,3.059636577,1.473372391,4.274001399,4.57359293,2.75900566,0.546254314,4.05284146,2.300276468,3.902041623,1.470686146,-0.078109748,-0.174842023,-0.905727224,-1.167554681,4.687735308,1.862625149,0.646591541,1.332555808,-2.445221462,-2.57492454,-0.898017581,0.25171494,-8.254140428,-6.097047178,-7.177182573,1.973259772,-5.898668149,-6.538275926
2011/12/25,-0.165134042,-1.654836593,-2.044721718,-0.623707735,0.238006021,-0.948358239,-0.612781503,-0.516484391,0.097411007,-0.134386903,-1.129075289,0.329787822,-0.88257375,1.843582134,1.509073232,0.715803065,-1.321519775,0.275878368,1.074978462,1.136563336,-2.246530942,0.714402781,-0.539263152,-0.243404144,-0.644862852,-0.545027335,-1.051068992,-1.131743004,-1.921179636,-0.007719723,0.0613544,0.456430994,0.175000242,-15.84828166,6.368281459,0.505634836,-0.016200891,-0.416600506,4.031736271
2012/1/1,11.75271789,3.200855812,1.271281405,1.158471838,1.93472413,1.179380783,1.594253241,2.616749392,-0.740296258,0.574951795,0.602059974,2.669385606,2.982146229,-0.713021726,-0.436191718,1.298756505,-2.137094641,-3.289450204,1.379460047,-0.775701584,0.94852546,-0.771714118,2.514208164,-1.651725339,-3.240711,0.682471458,0.857045091,2.582790893,2.768239548,-3.824126502,-0.731025532,-0.346954858,0.687189987,12.11540959,-0.856385265,-2.39456936,0.355814705,-4.096919011,-0.898166258
2012/1/8,-0.587697024,0.929117404,2.104985964,0.501494475,0.347424765,1.914306992,0.878886798,1.353808776,-0.696610613,0.175289467,0.41398733,1.395973821,1.586007546,1.867165085,-0.589953193,-0.291253369,2.710864315,1.929604605,-0.231076308,1.697814611,1.750062144,1.29862805,1.366792325,3.684198544,4.486116222,0.853449267,3.235206806,2.758417387,2.326484073,5.313241282,-1.768716489,-0.665140807,-0.24596745,-12.59896953,2.724855445,3.14516995,1.326205758,2.412941393,-0.029107845
2012/1/15,4.059186258,5.212815299,1.036106714,2.373936878,1.348395623,2.636998913,2.018905418,2.766226327,2.260663542,1.285401515,4.275846711,4.165744767,3.394971408,3.836315533,3.50422614,2.084899279,6.252799706,1.308468337,1.61743013,3.733930516,3.880170039,3.085315248,0.714291905,3.266938209,4.710351809,0.723543468,4.609514155,2.050801188,3.683873277,4.924520807,-0.346484322,-0.747898,0.041216849,1.348118636,-2.85648104,0.867617663,0.237471652,-13.69898248,5.714224033
2012/1/22,-1.263709601,0.945573107,1.144477783,-0.472954208,0.558247239,1.204765166,0.072196408,1.065463165,-0.535076748,-1.016944317,1.985882107,1.665986472,4.534074226,-0.082526894,-0.297028374,-1.466768754,4.398192953,1.108076753,0.085499918,0.397238771,0.763276686,0.850320726,-0.563769475,3.449506455,5.15894285,6.487042922,1.927074382,2.320054665,3.045108639,9.023491433,2.037938967,1.631632183,-0.430353174,-13.44199474,-0.243457211,2.001643829,-1.707841284,-13.06463129,2.926245096
2012/1/29,-0.744755,3.611041645,-0.871240698,1.581135872,0.8846965,4.551498093,2.14720995,3.114782727,2.412789513,2.778279073,2.909939472,3.836553255,3.746732997,3.236244405,2.159014618,1.965956007,4.751329799,2.327929996,2.881624662,3.172061086,0.381492753,-0.10513124,-0.797687573,-2.964294126,-5.467357627,0.294217285,1.237622941,0.057934152,2.301025975,-0.898619575,2.201587163,1.041376605,0,1.358347427,1.111010317,4.048564202,-1.750171699,13.36380877,3.77304382
2012/2/5,-3.20608178,-1.886833827,-0.138880738,-0.475384963,-1.504912908,-2.162522548,-0.168183583,-0.06127852,0.14797615,0.530471314,-2.106711896,-1.095286228,-1.384415936,-1.610960194,-1.930693306,-0.368773705,-1.36594022,-0.726007391,-0.828356558,-1.376747908,1.077656954,1.296371739,-0.381545138,0.921759994,1.618287213,1.551348733,0.12941483,1.430795341,1.041340446,1.943563007,-0.621920852,0.500841063,0.490623759,-8.031257679,-1.742698612,0.36266338,0.0582028,-6.917959542,0.50016135
2012/2/12,2.787498076,3.388905121,-1.170463062,1.154448943,0.554418485,1.869714213,1.375087776,1.636060442,-0.616641223,2.504572093,1.490787205,2.290479196,3.273449014,1.951693887,2.419796472,1.730751017,2.954309325,-1.605387948,0.896117912,1.581694499,1.481663477,4.768694596,-1.061115792,0.22084627,0.253979432,0.407321164,3.348636776,1.361966766,3.338546292,-1.541621603,0.235571369,-0.469067797,0.055544536,19.53936384,0.844745749,-0.865656375,0.213541649,-0.884250135,-1.093328789
2012/2/19,-1.302558766,-0.395015156,2.608731093,0.25512087,2.124200396,-0.212611822,0.33077035,0.404698018,0.080464102,-0.69151942,-2.054963596,0.239198624,3.874813241,0.793731951,-0.925195007,-0.862358848,-2.272354889,-1.504855367,0.507762784,0.134020639,-0.177080494,2.766214877,-0.690027343,3.438039916,5.156391902,0.819750139,-0.395166031,-0.753013843,-2.456097846,5.71744197,-0.174725611,0.620726594,0.01111261,-15.63978718,4.527542598,0.034770515,0.289888155,8.02600686,-4.024555266
2012/2/26,-0.192394501,2.750594046,-0.785560981,-0.041447552,-0.646051316,-3.00757936,0.284422409,0.418860062,1.002228713,1.052300079,0.576648892,0.8260721,0.271400488,0.979887867,0.900796581,-0.563669551,1.929768108,0.417761899,-0.405191729,0.886422562,0.72709297,1.334938105,-0.51425266,0.859540996,1.721344024,1.929910873,0.723313289,0.516113324,-1.296751312,5.253370775,2.292557845,0.321513279,0.0158773,-2.67898609,6.133089285,2.884019088,-1.336672695,-5.121485994,4.063347534
2012/3/4,-3.397283834,-1.603175183,-1.440196488,-0.428964977,-1.115035587,1.80069333,0.090494441,0.407409027,-1.674422336,-0.589872641,-1.70195465,-0.596455218,-2.909774785,-0.391778598,-0.556678504,0.634470935,-2.699403391,-3.332830535,-0.400725367,-1.193587601,-0.805841126,1.549853749,-1.141122271,-0.866509508,0.333910191,-1.220439873,-2.233525114,-1.018703913,-0.482564133,-3.333743007,-1.905534026,-0.321513279,-0.019052458,-0.115606949,-2.836610939,-3.745240588,1.344223759,-2.62231951,0.913718473
2012/3/11,3.684109611,1.458489407,1.512717048,2.375216041,-0.053278765,1.600344989,2.400080611,2.21466461,1.494284643,1.285472417,2.244933094,3.95562906,4.152362823,3.031728979,3.062758272,2.439417873,5.026712703,2.42840963,1.317652386,3.60482023,0.796502383,1.995024185,2.744528699,-1.433491373,-0.534403669,0.484477596,1.093543678,1.591307519,-0.293856916,2.000269964,-0.676371466,-1.021809417,-0.185571478,-1.046521179,0.653902377,0.09346341,0.779716384,-6.658032508,-1.146698128
2012/3/18,-1.948176399,-2.8032428,-0.135726509,-1.154483842,-0.25077509,-0.018070003,-0.504056356,0.413511216,0.199625752,0.74763335,-2.318450282,-2.292122641,-4.678424975,-3.356271243,-3.013695072,-1.605546003,-1.485243823,-2.439276242,-1.872907518,-3.228732287,-0.374760058,-1.175310059,0.549123548,-2.322222529,-3.908841718,0.268666223,-3.091943308,-0.686582397,-0.749335808,3.163548322,0.464073259,1.072311281,-0.194717365,-16.75855473,-0.317075711,-3.330376347,-0.437998923,0.086021511,0.50410499
2012/3/25,-1.033394051,-1.998163531,1.50602456,0.998838021,-0.591203532,0.032523655,0.809819152,0.767924494,3.047754048,1.183959871,0.095824216,-0.699879851,-1.855994041,-1.518002364,-0.825000831,-0.07726935,1.624712741,-3.361929406,-1.487379593,-1.925016117,-0.63303411,0.71749392,0.813183153,-3.762099914,-4.924316375,-1.794095572,-0.549287993,0.679274811,0.328171473,-2.521581706,0.741080222,0.145050951,0.267636017,2.390007922,-0.177628243,0.397614838,-0.198355473,-2.217000169,-1.808414599
2012/4/1,-4.828991487,-1.279248658,-0.355864038,-1.156369153,-2.360318414,-1.470471997,-0.740414207,-0.358713102,-0.31008594,-0.430251047,-1.018936787,-2.5007698,-1.506035885,-3.084641371,-2.694314165,-1.161719654,-2.404402365,-4.436378624,-0.779320554,-3.480562097,0.741519127,-3.997192051,1.762393062,1.915433647,3.917162477,-2.899828874,0.181877529,-0.809121489,0.515142238,2.261904692,0.533494897,0.909638969,0.128529623,4.486240406,-3.66899984,0.52172467,-0.551937588,-6.773777248,0.549883554
2012/4/8,-2.189219249,-2.520066268,0.080989464,-1.625293933,-0.519561299,-2.711892019,-2.009936393,-2.271007984,-0.666933392,-2.117042446,-0.594691202,-2.865046749,-0.031618201,-4.017194273,-2.830970177,-1.493537281,-0.587544789,-5.499303171,-1.26378989,-4.314457421,-0.996555992,-0.522187373,-1.227753335,2.255272183,2.59753554,1.058577005,0.523272833,0.054234838,-2.192797504,3.984010464,-1.876000555,-0.796267413,-0.14597153,7.45686955,0.281103272,-2.531934163,1.448928008,-1.755679735,-0.747005636
2012/4/15,-6.76212403,0.62279495,0.994277334,1.388569329,0.883844503,0.96980152,0.601721117,-0.361956422,0.555141864,1.361419771,-1.253191827,2.493300758,0.420138787,-0.015993302,1.001113477,2.691815024,-0.762186183,-2.939083025,2.107231896,0.85861681,-1.720111896,-0.79826043,1.946654932,2.001736994,0.865542771,-3.676285589,1.484503552,0.22265693,1.588862092,0.270158883,-0.145187814,-0.239490881,0.058680329,15.7566567,-0.465703762,1.829671441,-0.29685456,-5.308371486,-4.561840394
2012/4/22,-2.890226641,-1.293249896,-0.100818009,1.516163248,0.742016025,2.629146479,1.785164719,2.26546639,-0.078089456,-0.303078039,1.002648222,0.755642849,-1.576394068,2.407298444,0.500041368,-1.965880465,0.785292306,1.483137771,0.085892954,1.407024709,0.035443038,-0.424164453,0.849724032,-0.438876616,0.486032953,-0.355626507,-1.289486251,-0.431723244,-1.912961606,1.388006729,1.117839859,1.738956687,-0.08087472,-11.4208868,0.21371681,-1.053597394,-0.931184882,-2.763737828,1.949751587
2012/4/29,-2.519298865,-1.42029291,0.774144376,-1.4470351,-3.040761083,-4.159356989,-2.471577156,-3.746492455,0.214574068,-0.789537077,-1.536495459,-3.590204777,-6.220778064,-3.245340999,-3.20445924,-0.978719157,-2.643679332,-3.8487684,-2.135283805,-4.167523795,0.696181397,-1.488191671,0.405042989,2.297386911,3.789700766,2.90440632,1.647519959,0.3017331,-2.019051895,0.239918912,0.234147922,0.870563952,-0.020604668,-6.637506894,1.807915383,1.402344064,-0.703488699,12.61090003,3.241516535
2012/5/6,3.950557415,-2.288360876,-2.555114754,-1.683562672,-1.498464338,-0.225045926,-1.154103367,-0.764668862,-1.327828606,-0.850538191,-1.426821658,0.280944376,-2.262989049,-1.023573165,1.428525027,-1.69689053,-0.24260121,1.724429247,-1.416513305,0.275379487,-3.687813575,-4.65831188,-2.818384549,-2.353321627,-3.485460592,-3.967857966,-5.464710524,-3.650053896,-3.154293905,0.997770649,-1.306116221,-0.690891651,0.061826744,16.0433423,-6.333844099,-1.189519807,1.048360029,4.166336051,-2.756601791
2012/5/13,-7.651507813,-8.661230998,-5.729157905,-3.582918838,-3.60452004,-5.576262182,-4.39319911,-5.428974699,-5.316327051,-4.557970403,-5.55740475,-4.805319391,-12.73108458,-3.968411334,-5.559886475,-2.673941541,-3.345475149,-6.326995679,-5.68069389,-4.995094122,-7.28348434,-3.894684079,-4.825560895,-2.129418998,-3.065889289,-3.438634179,-5.206065582,-3.684301912,-0.762705638,-8.237993821,-1.276940428,-0.508875369,-0.066581065,3.739232032,-2.42535781,-3.788284885,1.021316326,9.614751712,-1.981337715
2012/5/20,9.186564771,-0.09176333,-0.428446487,0.68844356,2.58866077,2.537100447,1.72982913,2.091837428,1.64314353,0.104400987,-1.16199513,1.089839161,-1.309075541,1.31905465,1.372263723,1.156324109,-3.805517094,-0.361564732,1.580385369,0.797856811,2.31306564,-0.359708852,-2.890488479,-0.46899769,-0.183241957,-1.118777146,-1.266117294,-0.228752678,0.590104496,1.896256568,-1.042811006,-1.605553461,-0.286426591,23.26507533,-4.958107292,0.497153411,1.260614366,8.880331376,-5.045684837
2012/5/27,-5.492837,-1.965464787,0.857525859,-2.73695126,-1.877054823,-3.855966683,-3.065120182,-3.224982751,-0.813947486,0.298796404,1.672579344,-4.67630999,-3.603099786,-3.25014729,-3.118910984,-1.506900655,1.373483694,-7.586123349,-1.721535356,-4.407253323,0.565232681,-1.646743799,1.332760731,1.694966635,2.604541667,0.486115791,-0.832109545,-0.979991389,-1.61445834,-1.690368902,-2.102844284,-0.99117655,-0.249360945,-14.27944241,-0.680050882,-1.454341157,1.340697252,-6.556019531,-0.592787104
2012/6/3,-0.756745182,1.904854828,-0.004921502,3.531628406,1.219777496,4.218040536,3.658279426,3.95848967,0.379941584,1.211892135,3.896928924,1.322230458,4.369393059,3.373105583,2.766466608,1.577291326,3.069312772,7.723580415,3.270709211,3.572554566,0.061577867,0.224977032,2.266104535,-3.952917383,-4.419400887,-1.509201507,-0.302207313,-0.285214286,4.577007624,0.493194924,-0.657264309,-1.921152434,-0.399572643,20.30908928,-8.771200057,3.264598671,0.54382113,-9.897733173,-3.782956987
2012/6/10,3.334313129,3.030946267,-0.15761609,1.682176138,0.210809558,0.276531974,1.287632555,0.501813931,1.104877332,-0.550689056,3.625455177,1.595311591,4.200649639,1.170503207,1.985437943,0.721495277,2.017897231,2.516898739,0.801368422,1.726233754,1.219355624,1.292668356,-3.726453953,1.107175183,1.821839278,2.206726127,3.877921624,2.635274118,1.385291663,-0.041334922,0.657264309,0.719917498,-0.01098927,-22.7749039,1.039870722,-1.910747411,-0.496572742,-1.167580832,-0.877331297
2012/6/17,2.967813509,-1.192358024,-0.224538988,-0.994893665,-0.778386226,0.496612681,-0.584050117,0.680635804,3.471038759,0.626263641,0.391909393,0.541759445,-4.247444941,0.106174304,0.395747909,1.302581615,3.335352349,2.314138265,0.63461664,0.255492305,-0.581291864,2.6375821,2.24969922,-2.012883955,-2.074445541,0.921143705,-1.249379629,0.606128021,0.136119261,-1.507546304,0.962042801,1.558173297,0.072237318,-0.566841385,-0.083268904,2.279955879,-1.165899164,7.052859177,2.890071624
2012/6/24,0.221408444,-1.976474923,1.139669456,1.875461255,1.398245261,2.965298444,2.012540212,1.463096694,2.846250057,0.787447269,1.467668488,2.413929079,5.215454851,3.364107581,2.821643461,1.286162026,3.402120066,3.232387862,1.036740533,3.500727006,0.357702872,2.341342315,-1.485652052,-1.580396265,-1.9014273,1.022578311,2.322526857,1.765038269,2.548831258,-0.5230106,-0.539512575,-0.811324602,0.010997211,-15.328259,-5.215175229,-3.831454563,1.020448119,6.20780585,-2.238899489
2012/7/1,1.564814389,1.893467898,1.531705579,-0.839063481,0.545224798,1.077469116,-0.550641105,0.077651655,-0.919397914,0.225696667,-0.088818934,-0.096207904,0.531715811,-0.87535749,0.819902511,1.90707733,0.379815975,-5.250788835,1.628695278,-1.298174103,0.225741635,0.154985212,2.409214865,-0.083164574,1.978545538,0.986174252,1.830636132,3.418465009,0.7182088,-1.434710001,0.713439411,0.760411345,0.176120059,-5.855608353,6.315843184,2.421150988,-0.839250944,7.307342359,5.405927685
2012/7/8,-0.096955561,-1.937631821,-1.835002945,0.036165007,-1.255103427,-0.764867266,0.15489813,-0.987383573,1.660237322,-0.676908404,-3.667855023,2.267200057,0.805462101,0.378606979,1.524595542,-0.03008375,-0.189727662,-1.108677003,0.061789642,1.049268738,-2.468602021,-3.343587577,-1.506556784,-1.709544136,1.050482773,-3.653036003,-3.64118637,0.569458747,-1.701450351,0.349949492,-2.982424031,-1.403914209,-0.168264167,0.117027515,-0.602091424,-1.588580796,2.187439771,-1.714327699,-2.519681518
2012/7/15,3.22413322,-0.250631316,2.823415783,0.355317593,0.936843425,-1.18680476,0.432442647,0.576986981,0.763183349,0.238221539,-0.863897654,1.105938874,1.656415578,0.410372829,1.623744983,1.652450203,-1.398129706,-6.482064838,-0.253757459,-0.96788867,0.55228397,-0.623780696,1.140377946,-0.79228253,-4.803675823,0.846738701,2.830663858,0.664441007,-0.424641299,1.024468694,-0.293398743,0.547241024,-0.232273559,-2.127739845,3.08972406,0.831972529,-0.104169794,3.469374501,2.73395201
2012/7/22,-0.958055443,4.258959829,0.254492402,1.954558727,1.226646224,0.561877085,1.696158366,1.114675026,1.623049048,-2.280537824,-0.457649811,0.891636323,-0.629334142,2.666173792,1.107217482,1.233606443,4.092038429,5.7743478,-0.435501062,2.816057197,0.341174836,-1.197820606,1.254763189,-1.856059239,-2.671988037,-0.562525409,-1.880219107,-0.566677384,-2.042778665,-1.584568736,-0.77840534,0.294909818,0.086254896,-2.847814383,4.862613563,-0.585441224,0.11852953,6.954943196,-1.611082027
2012/7/29,-1.62147595,1.233672331,0.27753745,0.156733436,-0.885832942,-0.949214438,0.361546833,0.331084223,-1.159347803,-1.297348834,2.736598094,2.600799042,1.115377509,2.825394797,2.178322128,1.539600417,1.435899961,2.065382653,2.804864591,3.053420804,1.061502583,-0.134682515,0.266776459,0.189601987,-0.115725015,1.297187343,2.009356495,1.746873252,2.24621801,1.574516565,1.323765041,0.816070834,-0.112900456,2.608579819,-1.442994692,2.204204002,-0.971523471,-2.331414085,-0.64009529
2012/8/5,0.585321257,3.477387508,1.313145428,0.849909998,1.938627753,1.644031167,1.064060439,1.768692704,-0.362622025,-0.22774699,3.988861445,1.142644483,2.052689868,1.804210877,0.92480288,0.338355423,-0.272943511,4.231472947,1.028511635,2.111926361,5.150964158,3.856025092,1.021218259,1.674295959,1.764518487,3.051135707,2.361480812,0.094013139,1.987518086,1.836741609,0.550474959,-0.675333861,0.133298852,-6.557698431,1.399240589,-0.750088754,-0.386173313,-4.519199419,-1.57390908
2012/8/12,2.016164212,-0.336254045,2.146392273,0.50787119,1.659700544,2.262283178,0.870392849,1.828028173,-0.743294155,1.613429663,0.025935964,1.377454309,-0.741887507,1.524004077,0.67835364,0.70546325,0.965748162,7.030213411,0.090772883,1.974015782,0.007192507,3.003005105,-0.688745405,-2.517582835,-3.914018123,0.35951381,-0.099621917,0.258652829,0.859016951,1.75125544,-0.786161199,0.300003417,0.188489626,-5.926684836,1.595518733,0.842684211,0.22413792,-3.790076437,0.753271415
2012/8/19,-0.046353147,-1.116531325,-0.483995853,-0.886997425,-0.063378804,-1.313643759,-0.496945486,-0.221268544,-0.832309356,-1.357749471,-1.33182441,-0.99644343,1.405956675,-1.594176147,-1.842525187,-0.821209541,-0.15828086,-3.371914398,-1.303997661,-1.520690731,-1.382721475,-1.006301387,0.883631512,-1.083445548,-3.485688636,0.12860103,-1.180328784,-0.380198737,0.379429452,-8.666758443,0.357375299,0.070083785,0.033022243,-9.158578071,3.325168692,-0.210006254,0.038718889,-1.858315455,0.747639633
2012/8/26,-2.072317076,-2.36401252,-0.759371689,-0.511490969,-1.106642634,0.357742413,-0.322957576,-0.092231236,-1.983562842,-0.617380919,-1.091751882,-0.004016681,-3.334396982,-0.588350406,-0.109269725,-1.367097501,2.577159967,1.496212776,-1.133708983,0.265849582,-0.768122409,-2.577935774,1.000905217,-2.15390415,-4.387649305,-1.081989958,-2.019549058,-0.823908742,-2.408713755,-1.590584043,1.440842731,0.704474084,0.056634942,12.09996659,0.145711933,3.248460814,-1.290607567,-0.627192611,1.809152752
2012/9/2,-1.103064412,2.184136329,0.224487765,1.635040978,2.632570961,3.648945647,2.203639882,2.239517911,1.566044535,0.36362669,2.575598606,3.436432851,5.738385351,3.057888729,2.486444357,2.310449976,0.841067742,6.043673035,1.448277921,3.932376739,1.275736393,0.358410371,-0.717375398,3.844047846,5.889151049,0.375793943,1.627080296,-0.455844265,1.577301912,0.139600336,0.510164518,0.347233532,0.097613208,14.05063522,0.332260715,0.935337908,-0.475375391,3.5269971,-0.820916254
2012/9/9,6.575893434,6.286426667,1.473213271,2.131901511,1.869118203,2.628199804,1.918307673,1.504054225,1.609203419,1.160119659,4.229561271,2.702495764,7.687044501,1.761297701,0.21010587,0.333525043,0.357046156,3.388675141,2.062351336,2.180419743,3.962765395,3.191878327,1.824045727,-0.183930375,0.355089913,4.130915447,4.094464029,1.930965668,4.314870664,-0.438785871,1.882464126,0.872217119,0.088248741,-19.46467719,-0.05184302,3.088665407,-1.216490691,-4.269942567,5.349621686
2012/9/16,-0.477184929,-1.272044699,0.415990052,-0.102308049,-0.931322683,-1.068484363,-0.384153149,-0.125394624,-0.875633139,0.347777116,-1.542455606,0.531361102,-4.291748369,-1.430222768,-1.228396096,0.708853266,-0.424778879,0.930114364,-1.069505282,-0.675997036,-0.25985376,-0.540687131,0.464916439,-4.682655902,-6.359518824,0.213520824,0.508453709,0.254039641,2.014479595,-1.382655542,2.39767875,1.309642279,0.442415675,0.89997146,2.640620116,1.828746096,-1.751419906,9.286668439,5.064880985
2012/9/23,-3.211686541,-3.558999972,-0.484350543,-1.053732276,-0.535524857,-2.133622191,-1.343088701,-2.024468023,1.301060669,-0.029239389,-0.374600058,-3.210988873,-3.130664935,-5.110369844,-3.338055041,-1.678294886,-2.225160318,-6.554744963,-1.906965173,-4.883168489,-0.308109623,-2.667987678,4.376058024,2.892592854,5.661094065,-0.509770169,0.507225085,-0.582873557,0.2132618,-0.229756887,-1.126146655,0.07396906,0.152137079,-3.721033009,-6.370385274,0.298751667,0.70400129,-1.990456929,-1.153354856
2012/9/30,1.378454998,-1.025928759,2.418655518,1.279406729,0.820898473,0.643931024,1.396493607,0.638474952,2.577694886,1.612075963,1.658170053,2.487055126,2.212915573,3.001461388,2.852063805,2.717410785,1.475572627,3.140161857,2.220861115,3.087215913,-0.052112303,-0.077367872,3.062156555,-0.621362038,-2.731201594,-0.318191912,0.821933695,1.541158319,0.762432461,-0.721135831,-0.944352556,-0.388949402,0.330426519,11.79419803,-0.756433259,-0.157719855,0.786590684,14.0439883,-0.927036172
2012/10/7,-3.505554525,1.00226772,-0.173700077,-2.088497901,-1.762360187,-2.373531995,-2.238527538,-2.980011138,-0.642589325,-0.513683361,-1.469011038,-2.260874572,-2.43950536,-1.985423347,-1.386892385,-0.294373364,3.240006885,-3.870591056,-1.332285398,-2.484778758,-3.152156261,-3.78469097,-0.767065146,1.516598387,2.396163908,-3.353238508,0.588630418,-2.15045964,-1.241371102,1.528418814,1.359514219,-0.179549935,0,-9.321447523,-2.537621749,0.388218903,-0.748813493,2.263348552,0.530786809
2012/10/14,1.156556351,-0.406490855,1.865869956,0.109926542,1.738120174,-0.254244126,0.321478518,-1.272470651,1.716473255,0.447538903,-1.085881652,2.02769805,1.488499911,3.350647953,1.878868779,1.505321706,1.668403176,3.353820095,1.759406587,2.919592045,0.545770099,5.345006472,0.032866087,1.104132656,1.676353451,-0.380983635,1.945939174,0.235442187,0.14436241,2.37922414,-0.646553976,-0.403614445,0.275660045,11.8945421,2.179023158,-1.191936156,0.392039103,6.138647385,-2.005146715
2012/10/21,-1.984933253,-2.831538837,-2.182869887,-1.786766384,-0.936070029,-0.94845441,-1.493808378,-0.589633597,-1.30584975,-0.172199824,-1.292003763,-2.0365474,-3.615056672,-2.002185145,-1.422524817,-2.325480739,-0.093298094,-1.756689957,-1.528545013,-1.831606835,-2.733224138,-0.776330942,-0.61969708,-2.960752776,-4.434681836,-3.778258654,-0.028725678,0.281342967,-0.351587129,-1.949880722,0.554444667,-0.417745409,0.214040494,5.543587922,-1.990060728,-2.049616773,-0.065233211,0.166021067,-1.784666943
2012/10/28,0.619837561,1.912560459,-0.275398999,-0.107250404,0.649173232,0.137624283,0.159935494,-0.194972323,-0.179763609,0.360268732,1.110581981,1.808801207,0.194762275,1.656323277,2.443716536,1.511506944,1.006122565,2.455584021,1.059343917,2.024557327,1.432514031,1.314055389,0.820766508,2.430759898,3.098665946,1.065363908,2.591991986,-0.54966637,0.587926355,-4.482753934,-0.616239818,0.622860936,0.084784405,4.302355524,-4.27672501,-0.704330744,0.585572605,-6.186952135,-2.434902901
2012/11/4,-0.212322291,-1.771242339,0.042590871,-2.1443164,-1.494176239,-2.404753661,-2.458920258,-2.624917142,-2.631702417,-0.838378989,-0.943055752,-2.758420545,-3.260611503,-1.992249269,-1.693765941,0.206163049,0.554304247,-4.259398776,-1.699096488,-2.678911018,-0.748604773,-3.297766045,-0.669608635,-2.292437924,-3.792463925,1.141101305,-3.342939786,-1.031030684,-0.201160473,3.410293443,-0.814621053,-0.497977998,0.112089683,-1.242953855,-1.659498175,-2.107453812,0.655316044,4.429829811,-1.790583579
2012/11/11,-4.578449764,-3.4696634,-2.846034705,-1.787818691,-2.650924593,-2.385399173,-1.457833705,-1.797200161,0.376725728,-0.952470525,1.865898357,-3.018077269,-1.568908445,-2.425807299,-3.710323256,-3.124001574,-1.443111482,-0.635806882,-2.885230557,-2.139820882,-2.314962457,2.998353029,-2.491218654,-2.661900303,-2.895772668,-2.262409741,-1.059492947,-2.147117255,-1.992908066,-0.341768325,-1.00212222,-0.801959063,-0.059263058,5.63685119,1.415807889,3.268974507,0.513040357,-1.445398552,-1.008799447
2012/11/18,2.458695217,3.845538272,1.741798132,3.292509023,2.785623286,3.903341188,3.559022517,3.908414665,2.632050492,-0.853249458,1.286176521,5.030633597,3.998624097,5.453207652,3.580693887,3.122363486,0.300433951,4.148280247,3.738817036,5.205866067,2.677671006,3.726609735,2.44663845,0.626409114,-0.042013468,2.710997731,3.505896982,1.47098396,0.938345285,-1.312146063,0.275016871,-0.069219397,0.153836323,-12.58081656,0.694688448,-0.939791115,0.261071031,7.874627488,0.159201134
2012/11/25,3.336150138,-0.172100626,2.085511172,0.122142064,0.213637895,1.809637499,0.497642011,1.451902589,-0.205437318,-0.203592579,0.96060225,1.309871575,0.300475339,0.803833808,1.511891683,1.559021181,2.853112041,0.315573153,0.81602649,0.710018804,1.122213102,0.842090768,1.551854166,-2.358687014,-2.640809374,3.410459749,0.529807447,2.662871909,4.402589929,-1.354382082,1.804092477,0.921088,0.110716217,-8.055065709,1.840577824,2.122217932,-1.329671826,2.886691143,2.160158382
2012/12/2,2.479241475,1.745443667,1.011291712,0.989668022,-0.653882927,0.042574156,0.133368636,-1.07544438,2.278572981,-0.005756949,1.198631836,1.505057458,2.375921696,1.349475796,1.784604757,1.522670798,4.264515806,-1.09105124,0.807730586,1.009161255,1.262113994,0.857837805,-0.117144614,4.041708861,3.560075778,0.815774411,0.727159822,1.203175889,0.467455092,1.372168951,0.077035671,-0.131065708,0.032114585,4.709028653,0.711104074,-2.297226727,-0.091023018,-9.119152623,3.120899708
2012/12/9,8.386197161,1.893495585,0.685286593,-0.153061216,1.121440129,0.179827754,-0.317129855,-0.225570198,0.589993929,2.585430586,3.451342447,1.041012374,2.005464287,1.039340895,0.518196211,-0.328903893,0.066869901,2.212708246,0.124364675,1.115091898,1.902149449,2.181976475,0.191102802,4.218628494,4.082004084,0.736720489,1.852001104,1.954316335,-0.471706992,2.400862119,-0.455370678,0.162246525,-0.05458866,0.188857469,-3.409161081,-0.421274978,0.297698971,-0.281215033,0.356018451
2012/12/16,3.261781159,2.324914852,0.879799738,0.424146485,0.721002118,2.89192059,1.165384023,1.658154854,1.316929787,0.704443113,1.807129841,0.522036019,0.74940528,0.496121313,-0.078430237,-0.18807942,0.512493114,3.272107594,0.307374786,0.778172788,-0.735515684,2.058248394,-0.827212849,0.124537068,1.482930734,-2.081982635,-0.441964735,-0.15382213,-0.544031084,0.97195089,1.809171614,0.807307372,-0.182815407,6.689423483,0.926683337,-0.499633662,-1.052759751,-6.907333496,0.545257621
2012/12/23,2.40726856,-0.090194252,1.02637831,-1.934542964,-0.563360789,-1.883366581,-1.957288758,-2.029721998,0.229690788,0.322727599,-0.00309715,-0.312684288,0.973961028,-1.130250371,-0.617969669,-0.978714024,2.439836606,-1.948667191,-0.246431754,-0.918546646,0.836214825,4.476918031,-3.045734956,3.645173045,4.169480528,2.09146422,0.709720845,0.888704522,1.031818308,4.237868784,0.189746177,0.024737168,0.206894966,4.82297831,2.200898462,-2.198414473,0.190868509,4.050812511,-3.204694131
2012/12/30,4.854839357,2.544781988,1.11761549,3.770165309,1.807915298,5.500290568,4.465170606,4.664345946,1.903907641,1.842786775,0.723283722,2.131246532,2.448293405,2.987051135,2.805309875,3.407488617,1.245724108,3.680063719,2.737867647,3.0923344,0.742833904,2.778967148,2.21327424,1.939647173,0.762347358,1.373599601,2.889477175,1.041614399,1.808091523,2.629028401,0.212089157,-0.012367819,-0.049758033,24.18024667,2.385045629,-0.120547299,0.091537778,0.520232387,0.769073217
2013/1/6,3.649851218,-1.654609591,-0.303181516,0.395340818,0.488168844,0.184099329,0.379783477,0.770161018,0.728451124,0.993318794,-1.697827072,-0.785446753,0.440206091,-0.645507107,-0.455932172,1.815150972,1.830709044,2.677274611,0.519842434,0.311029633,-0.761863781,1.055958528,1.108142426,-1.504013979,-0.864981268,0.168446531,-0.287669561,-0.270735311,-1.083783676,9.088365038,-1.118520316,-0.614126802,0.019258237,-49.64054482,2.490748152,-0.495768851,1.028719443,-5.389107331,2.856160095
2013/1/13,2.845231031,0.743606255,1.301610031,1.188526243,0.975297007,1.356606674,0.941850013,0.28976036,0.720086627,1.619556782,0.553989959,-0.172528348,2.001181662,0.954945761,0.216826994,2.481129567,4.78412586,-0.703008912,0.534866488,-0.302171812,-0.442714024,1.029073497,-1.352116595,3.248920094,4.494732991,-1.109577858,1.441202263,-0.164288463,1.882592614,-1.989535314,2.0823832,0.378847144,0.231388595,-3.457497757,0.503617459,0.706631356,-1.247043704,1.209570235,-1.075206003
2013/1/20,4.357960062,-1.276758243,1.332464751,1.788204631,0.712076149,1.383751029,1.136200972,0.477371929,0.800392957,-0.288837288,-1.166118727,2.001840604,0.952110322,0.972913652,1.372734291,1.212090272,-0.294533672,1.391941036,2.090943025,1.268497345,-2.092315827,0.122253042,-0.942598732,-1.118411439,-0.800134981,-0.782714011,-0.090500218,1.792802623,0.168876517,2.280469894,-0.18752584,-1.650037436,0.011261714,-6.974165475,2.115138074,1.576340259,0.632331018,6.93735224,0.681851817
2013/1/27,5.580944083,-1.347935584,1.760958965,0.815678127,-0.373650156,0.656231022,0.677029107,0.928775276,0.42176727,1.145336603,-1.71103706,-0.313293687,0.583282377,-0.122621574,-0.053424062,-0.514954754,-5.49669501,-5.839705975,0.994174448,-1.250415063,0.568579166,2.39355056,-1.599225219,5.424315739,4.831203396,2.3620818,0.597901205,0.665505585,-1.254825531,3.373770667,1.067931437,-0.410470723,-0.082020606,3.392830359,0.334308711,-1.817362309,-0.370148482,-3.481093288,-0.736601339
2013/2/3,-7.388015597,-3.11849518,1.014929257,-0.12013103,0.25342152,0.27070438,0.314077656,0.463520978,-1.494956458,0.273704592,-0.150962767,-2.341001922,-2.372689325,-3.342073098,-2.974472868,-0.329096861,-1.93579604,-0.668107773,-1.321228909,-2.988024663,-0.35254815,-0.341739911,2.772580878,0.551592479,1.704284392,0.643042523,-2.159062925,-0.63522855,-1.603072372,1.418985985,1.313575083,-0.704876708,-0.110862084,0.077549442,1.952037195,0.781207026,-0.861884484,-4.240813369,3.748675643
2013/2/10,0.470239849,-1.022336891,1.251365628,-0.080143763,-0.899257704,1.032227891,0.122460282,-0.057626961,-2.098632953,0.244710266,-1.119887587,-0.769141218,-0.81266095,0.297406329,-0.487961699,1.404376038,-0.769308167,-0.302601746,1.021753319,-0.573438916,1.540182223,0.185157121,0.843220403,-3.964051062,-5.336717649,-0.219532941,0.983297149,0.389723643,-0.27309213,-3.687402662,-2.036730282,0.673232139,-0.08186262,0.925932541,-2.119051848,-0.221722937,1.481359912,-0.882403413,-0.608467486
2013/2/17,-4.818981398,-2.104789743,-0.314365559,0.134442006,0.118164866,-0.760071293,-0.276076726,-0.950926687,-0.629864915,-0.829792603,-1.239192431,0.896736483,-1.676349072,1.246444297,-1.047834911,0.714850985,-2.834324032,0.352742692,0.117498805,0.563933846,1.885522864,1.880482385,-0.222248739,-1.019114292,-1.11961053,1.229259934,-2.864842125,0.154005387,-0.632153208,-0.373536844,-0.014965579,-1.788270927,0,-4.396312342,0.146153069,-3.504204221,0.323198452,-3.704703818,-0.598844028
2013/2/24,-1.303525298,0.329280723,1.345995262,0.634315196,0.561263115,-0.156208215,0.171402244,0.250175443,0.273103664,0.602315476,0.638843914,0.601820806,-2.694848195,-0.172018314,-0.041200707,0.628252762,5.097176284,0.098985105,0.674833263,-0.506976766,0.375737703,1.917568603,0.284488216,1.940719964,3.004220739,-0.279095841,0.428271807,-0.568194611,-2.257658552,-0.660584916,-1.303072707,-2.314239065,-0.041708108,12.86035403,-2.88924272,-2.306610135,1.244458312,4.28370894,-5.585591144
2013/3/3,7.012803213,2.686669223,0.730695254,2.158351863,0.488037666,2.990697956,2.149050902,2.327162087,0.740031795,-0.729073206,1.530910479,3.546935191,1.465562461,3.720293331,3.670083649,1.861676004,4.497422749,5.246457383,1.63241894,4.192153311,-1.015755789,5.671172063,0.442746071,-1.748610217,-3.848284072,0.632176411,0.921129009,0.610762941,3.875191275,-1.414003388,-1.281873191,-0.827791886,0.200679165,8.063967402,-2.665954089,0.019072444,0.943017669,4.892038098,-1.178405061
2013/3/10,4.810978137,-2.713042154,-0.062478037,0.809656606,-0.043482259,1.053319008,0.611850695,0.144761508,-3.951988356,-2.227106778,-0.176813387,0.703463809,0.3628964,0.100986711,0.325774711,1.531815953,-0.512430842,-0.104364776,0.093577319,-0.112200947,-0.97733783,2.232612757,1.104007322,-1.749442596,-2.02931938,-1.099578716,-2.449828886,-0.105846186,-1.237080329,2.436691066,-0.122944537,-0.807882878,0.127037236,-19.88638797,1.390812541,0.304665421,0.451878241,4.884527729,0.228245463
2013/3/17,-1.693654959,-2.900874166,-3.031706786,-0.014331909,-0.56809408,-0.654116881,-0.244419689,-0.125345139,0.191413693,0.652487048,-4.789726766,-1.648506074,-4.438052345,-1.936937387,-0.806455984,-1.538401199,-0.800888515,-3.41772405,-1.504250012,-1.629287862,-1.920668107,-1.786590854,-0.114534615,2.165635532,2.647489347,-1.669746515,-1.871610641,-0.839778673,-3.840301126,0.272521533,0.536769942,1.325228332,0.019310922,-10.81001223,1.618158285,0.990075879,-0.575804533,6.481404118,0.327192838
2013/3/24,-1.450337053,1.987609678,-0.016106626,0.457262377,-0.058414766,0.555378415,0.786932099,0.691593723,3.205321856,-0.362274317,0.002109665,-1.477616645,-0.741742427,-1.036306332,-0.755541342,0.891380115,4.095588164,-5.041222454,0.296458494,-2.173224178,2.842158121,0.480102343,-0.114665947,-4.016399983,-4.977010454,1.557668453,0.830040972,1.508555761,0.550562098,-0.462461985,-0.675263462,0.757903915,0.020924375,18.30587481,0.277837323,0.837347891,0.331341141,1.410460618,-1.560183368
2013/3/31,-2.031269885,-2.335770401,-1.523680559,-0.091202969,-3.333808196,-3.014917763,-1.019073854,-1.967495451,-1.907586977,-3.073911059,-1.005003752,-1.767348574,-3.410137722,-1.837534292,-2.145811925,-2.233188327,-4.558746119,-1.547262138,-2.558442183,-1.487367369,-3.950545759,3.454193843,-0.642781484,-0.507405973,0.836780909,0.299351587,-2.601896223,-0.251820687,-2.301673369,3.193201243,-1.301940275,-0.184004783,0.022538839,-6.625948038,3.687439869,-0.705657532,0.779707518,2.44006572,-1.555603078
2013/4/7,4.448299797,-0.159979673,2.46557129,2.037493807,0.046535309,2.097465606,2.264165999,2.803466046,1.74223981,1.087054053,2.138187689,1.116899179,-0.399068897,1.780703314,2.30368781,1.551677021,3.012492881,3.056024875,2.130968538,1.846854888,-0.15578511,4.951849,0.030896068,-0.835729851,-1.453090296,-1.531622851,1.653088645,-0.169548886,-0.445776695,-2.204048545,1.317337919,0.864502077,0.149851385,9.172466144,-4.771083325,-1.248597379,-0.690082242,2.478958699,-1.729149711
2013/4/14,-0.550089836,-1.899186496,-1.640996464,-2.159364782,-2.229641512,-3.271911772,-2.137417969,-2.734822441,-2.755770244,-0.740531266,-5.108077768,-3.746772458,-5.034743919,-2.095653871,-2.019392713,-1.8446024,-1.544119417,-1.565597067,-1.543715517,-2.239070008,-0.912566566,-1.258597252,-2.167834888,1.701071251,3.076524487,1.386094055,-0.342292924,-0.004249997,4.501429609,-4.647647585,0.934801076,0.045636797,0.154921199,-14.34324636,-1.532721999,-4.842853149,-0.238774968,2.324292964,0.193610903
2013/4/21,8.076846442,0.597149148,3.302591412,1.12810261,1.273603578,2.462578777,1.720526013,2.257501826,-2.15147469,-0.342007998,0.715262128,4.646420096,3.366657503,4.237830264,2.833508472,3.070467662,2.169957528,4.707114115,2.199882469,4.118415885,1.963550834,4.174409533,0.112087623,-3.017945065,-4.717044797,1.144133347,2.39744273,1.650516475,1.516175099,0.92166551,-0.458646271,-0.719568749,0.231213976,21.61540071,-3.659080819,-7.307357583,0.532521288,4.311212242,-6.278436944
2013/4/28,4.037628914,2.252692306,0.625796508,1.761182146,1.766839442,2.028995291,2.01341945,2.98525147,1.668861832,1.185159375,0.514788222,3.859788089,3.388563512,2.664925281,1.723329586,1.029391897,4.572395593,2.942890711,1.468065922,2.9467298,1.081777282,-1.378575957,-0.046480359,1.258853922,1.782126706,1.398418168,0.628902721,0.626009483,1.228068534,0.364075818,-0.184049132,1.608578854,0.204170991,-9.524338177,5.514904877,4.071880777,-0.332493339,-5.983092599,0.820452693
2013/5/5,-4.62124087,-0.687188498,1.482282645,0.960580553,1.207185121,2.149773396,1.187162201,1.700648892,-2.040604761,-0.50745398,1.38932395,1.906052992,-0.00559511,1.039316416,0.99057545,2.981705749,0.531728583,-0.003510969,1.574907575,0.777092065,-1.072006911,6.457713208,-0.111308635,1.856609335,2.494600259,1.769494044,2.744113982,2.168373119,2.504543745,2.287615567,0.66557259,0.605437892,0.150965477,-5.746100532,2.767792394,0.767547628,-0.456405633,-2.709795977,4.079685278
2013/5/12,-0.479801116,0.101567043,-0.487153049,1.548357987,0.19014264,2.142678248,2.046012659,1.799184866,0.156053532,-1.281307522,2.237666923,1.432091822,-1.724131989,1.192708134,1.895154423,1.24438813,2.596374921,0.442579356,1.469605503,1.168981925,2.139690335,3.567823216,1.039303263,1.59130894,1.912115837,1.056324374,-1.028112297,0.160451038,1.507105928,0.307603471,-0.934586242,-1.344644993,0.227690504,-2.044096328,0.448735426,-1.916110728,1.252540162,-3.29548121,1.154868478
2013/5/19,-5.137392435,2.226496921,-3.882702908,-0.334665566,0.428556205,-1.211793315,-1.077467336,-1.144863621,-3.123030992,-1.159557475,-0.27179563,-1.109730893,-1.20408347,-1.117872024,-0.941716503,-1.355359026,-0.993771195,-3.773226142,-1.027413466,-1.924004405,-0.674705736,-3.534216086,-0.029615492,0.247626674,0.631553583,-1.911148609,-2.030688131,-1.640672421,-3.348476683,1.843749648,-1.192333729,-1.270648482,0.0081414,-1.118222515,-0.020826825,-5.118342239,1.379348672,3.641331357,-0.898747811
2013/5/26,-0.579786312,-5.278173868,-1.148336046,-1.233008385,-0.132713811,-0.014224607,-1.149893475,-0.093419433,2.599233718,0.032788376,4.145083835,0.522633373,-4.198487909,-0.207453733,-0.343402214,-2.752381362,-5.680430481,0.675303437,-1.07650334,0.193352705,1.388876269,-5.905194441,1.356562439,0.525592173,-0.505420245,0.546872282,-1.006477384,-2.440258666,0.040101926,3.166721808,0.721744625,-0.290448419,0.156443549,11.66221658,-1.9667248,1.576895662,-0.748167277,4.390478408,-0.831008786
2013/6/2,-1.145692598,-3.590397538,-3.909730908,0.873087836,-2.214949092,0.352984503,0.772119702,0.384397589,-3.313975792,-1.426614683,0.134289192,-1.134229482,-1.286565686,-1.943501932,-2.985963454,-2.061750456,-9.326204027,-0.651106766,-2.63345648,-1.658659142,-3.934365617,-6.733802855,-0.548579874,-3.976593933,-5.487472135,-1.95235559,-3.716360971,-3.899762797,-1.768824109,1.069949361,0.516757156,0.474840963,-0.052175048,15.28223191,-2.342681819,0.431655346,-0.427138883,-6.156913192,0.136456696
2013/6/9,-7.515566363,-4.531686406,1.135433784,-1.173825994,-1.51415762,-0.633826398,-1.018323168,-1.324883948,-2.423655758,-2.76701878,-0.419144328,-1.547034267,-1.574243967,-1.756549348,-1.344447727,-1.930958523,2.119515507,-2.395829973,-1.630978942,-2.105653343,-1.815375483,-1.494391966,-0.25578283,-2.234745202,-3.296115198,-1.964269345,-2.849545478,-0.733991619,-1.24216698,-4.385768624,1.708530615,2.334533957,0.02119283,-7.38248598,4.319820574,-0.720464212,-2.109601381,-3.994386613,-0.760459939
2013/6/16,-4.116815683,-4.723457589,-1.112218462,-1.813131742,-1.585443137,-1.82004551,-2.131071341,-1.955875887,-3.189786971,-3.434088775,-10.39927535,-4.256667542,-3.793178006,-3.943055552,-3.016476774,-2.854676339,-9.030839906,-4.701869768,-3.092380213,-4.51848062,-3.578439333,4.195679179,-0.851313741,-4.200714888,-4.134196428,-1.836292662,-3.423997152,-1.176618918,-2.453057593,-1.683812867,0.933390292,0.940415721,0.044030235,12.46579256,1.877505119,0.332058343,-1.244548132,-2.513027366,-2.067017908
2013/6/23,-3.1286814,0.848565607,1.337349883,0.741866138,1.106343075,1.4218542,0.865979508,1.360867093,6.579662021,3.580310394,0.535801678,2.158771096,2.357754111,2.186664025,2.03750654,3.469339805,4.275167918,0.808390927,1.610526197,2.061768623,2.196960437,3.324218234,-1.840614292,-4.634729637,-5.580291523,3.392203912,2.629928569,0.828385792,3.033286849,-2.752643784,-1.692522458,-1.844347495,-0.042399831,9.716374845,-4.344423388,-7.138423075,2.288552815,1.012801834,-3.537524861
2013/6/30,2.894923316,-4.850573658,0.81084608,1.506014064,0.047807413,2.815297363,1.581790578,2.212325958,-0.000516946,-4.329827614,0.348956708,-1.943833635,-0.538516964,0.398785489,2.278042049,1.279550235,-4.261489337,1.352452625,2.542431075,-0.253145213,-1.623676662,4.521751056,0.454553861,1.404294088,2.085078104,-0.751869668,0.24667567,0.610428514,0.438938032,0.894711677,-0.864812339,-1.345106797,-0.068454081,-11.42179695,3.017311683,-5.390383593,1.035616545,-5.617616441,-1.267485282
2013/7/7,5.174069387,0.711903649,2.693834191,2.146870019,2.661203534,3.049342248,2.916802995,3.410195044,-0.724572642,-2.183824228,2.164999075,5.079759122,6.131667475,2.661237306,3.462463288,2.55260238,1.101797127,-0.301659354,2.622657567,2.992513012,1.980465941,1.362309391,1.612744065,1.595906053,1.969258498,2.696080219,2.006193277,2.071012967,2.37615268,0.895897533,-1.37762414,-2.146190479,0.081498269,-12.42541059,6.669805593,-0.894364936,1.562522493,1.44808991,0.244998081
2013/7/14,5.539258047,4.01848909,-0.036195456,0.512384361,1.77319834,1.337825415,0.7057569,-0.34698248,-1.092336757,2.686410455,0.454928299,1.436165383,2.454775898,1.805352353,1.309378863,-0.692089518,2.606358648,1.24780722,1.301362288,1.532201875,0.076442182,0.575060287,1.013357515,-2.323436544,-4.451251918,-1.946443215,0.39934668,-0.707054232,0.33559866,1.500711527,1.822444261,1.460171958,-0.079868954,-7.312689651,2.610465199,5.203068008,-1.818318572,0.743702643,2.894092661
2013/7/21,0.38195187,4.177344049,1.396054269,0.09703379,-0.293924784,-0.187709382,-0.026006726,0.709649308,2.897841928,-1.008768032,-0.964734776,-1.045587356,-2.487402567,1.102598399,-0.392917167,-1.669740974,-4.472917478,5.037636694,-1.150977481,0.945019336,2.083507849,-3.203141264,0.191358008,0.909210709,2.313457811,1.077891906,2.799678926,0.708290295,-2.400370379,-2.120939468,0.564671474,1.053473003,-0.006517099,-9.863941498,1.962679824,1.174516671,-0.544993331,3.902015264,-0.476569607
2013/7/28,1.034595205,-1.936809746,1.472641489,0.637663654,-0.353647628,1.076671518,1.059598544,2.093260505,2.375148618,-0.711645618,4.720722217,1.946151497,-0.892450686,1.916836925,0.819311012,2.120407321,2.01660448,2.60417845,1.410042252,2.486729878,0.655681906,2.351334752,-1.756245183,0.919251969,1.494634219,-0.609505816,1.005535656,0.555605776,-3.602918211,0.130219098,1.037063153,0.737384659,0.101062798,1.425202271,-3.149496508,2.157201374,-1.151555513,-6.374706878,-1.10480669
2013/8/4,4.420346699,2.849230348,-1.211182718,-1.498232721,-0.486133997,-1.087163146,-1.073195661,-0.802213916,1.410029508,-0.799492569,0.516183226,-0.819699727,-0.80162406,0.760881266,1.087403917,0.168242595,-0.661347597,1.866081476,-0.974669237,0.518751762,-2.243468987,-6.062604756,-0.413989947,1.117696885,2.290967026,-3.055385509,-1.742875071,-0.747068576,-1.996766672,1.216927921,0.030118214,-0.599936589,0.035885558,-5.993696522,2.116881164,-0.843566199,0.261386965,-6.029064103,2.30773351
2013/8/11,5.389439366,3.281892742,1.154490604,-2.255579452,1.541148543,-2.325574001,-2.126601913,-1.578743193,-1.414547868,-1.14246629,1.288938559,0.641116345,-0.173641301,1.15458502,-0.173298717,-0.201146338,0.987695758,0.977406852,-1.27491718,1.00883091,2.073311094,0.256149898,0.169453553,0.787252772,0.271177298,0.87269281,3.204985298,-1.007563631,-1.043943196,1.239860048,0.450688061,1.370640835,0.124067469,11.27621046,-0.911189433,0.152520429,-0.990519781,-3.558228499,4.024284636
2013/8/18,2.278261394,1.268621934,0.185595865,-0.471621552,0.199064978,1.351751943,0.462142279,1.515337023,-2.710795224,-1.538809905,-1.166823511,0.298056075,0.570373117,-1.328412282,-0.021349844,0.571011076,-8.926721651,-1.536461934,-0.121458533,-0.993614169,-2.635848736,0.076453667,-0.300062149,-0.532732221,-0.022161859,-0.654376126,-2.948751455,-3.45797834,-0.657585524,-3.102206558,-0.104979014,0.835212051,0.112773672,6.91420028,1.396265011,4.375907766,0.151419121,4.183695915,1.678444918
2013/8/25,0.833774013,-4.276204534,0.226156222,-1.342706255,-0.85300444,-2.668594871,-1.852337375,-1.874314976,-3.583712302,-0.845544291,-1.375022966,-3.799940719,-3.053689859,-3.391197417,-3.183566034,-3.313096182,-2.290051389,-4.669435115,-1.226978833,-3.774454698,2.960822309,-2.008909896,-1.922158276,1.969340614,0.442306675,1.869549646,-0.606219834,-1.958613002,0.00091378,-2.021851955,0.396840774,-0.397461899,-0.098071273,-2.751496329,-0.972515613,1.778402975,0.121707609,3.414894783,-0.402055489
2013/9/1,6.05521339,7.206208555,0.194552591,0.75465812,1.311274373,1.828079039,1.350327986,1.93498895,1.084651951,3.80492562,-6.285162181,2.106700978,4.145388259,2.891606544,2.20998953,2.609732894,1.254263371,4.302690767,2.074106818,2.970467044,1.491653684,3.46424157,0.111952652,1.963553767,0.944627511,1.758468748,4.013156504,0.63877373,3.741402284,0.669777276,-1.202841145,-0.373254826,0.024508803,19.61736696,1.149169464,0.021493821,0.917246882,2.71740468,-3.662188474
2013/9/8,7.22609294,0.091122957,1.439540132,2.994161334,-0.7635394,2.345166104,1.96347494,1.68436385,2.980099115,-0.079425614,5.916227847,2.78539004,3.717922022,1.600045895,1.551082067,1.094882503,6.343445668,3.257735546,0.555475329,2.246445338,1.975439147,3.848702595,1.93748873,4.398578431,4.800699252,-0.266394053,1.291553315,2.332869042,2.95225673,-0.673542194,-0.318157984,0.777114472,-0.016339869,-7.063190608,2.640175351,-0.690104097,0.03043047,-1.434422007,0.863004277
2013/9/15,5.62318796,0.57827199,1.088013172,0.486779661,0.650769418,1.772654219,1.290226556,1.401933882,0.251395271,0.708741893,1.368028694,1.9355687,4.641520792,2.143825432,1.378314371,0.831041038,8.336709079,2.541901517,0.191650735,2.073836469,0.563015563,2.317659283,3.051540763,-2.004100435,-2.409210505,0.815823836,2.5303287,3.688154235,2.722988507,1.190156079,0.861227655,1.548942287,0.027779367,-11.27484121,-2.121319374,-5.783331088,-0.87889818,4.079933137,-1.702300469
2013/9/22,-0.522717417,-0.688001675,0.574464438,-1.255986602,0.293249283,0.126687239,-1.067724142,0.181569915,-0.784933903,1.156103628,0.592058236,-0.164039988,-2.075501242,-0.402602079,-1.66265838,-0.623625585,-4.050738879,0.615212645,-1.278061868,-0.268535515,0.309654798,0.119650932,1.304275752,-1.46238256,-0.099687203,0.261559554,-1.265154304,-0.848368306,-3.020837029,1.462548922,1.715307923,0.821810717,-0.039215687,-7.628330475,-3.316570592,1.825186038,-1.109908491,0.271591693,3.541957064
2013/9/29,2.61511041,-1.670020424,-1.88496418,-1.224248595,-0.667353185,0.377246735,-0.073915296,0.68939074,0.014398656,-0.803236665,-1.157152655,-0.445949937,0.714879853,-0.539336622,0.069167334,-1.391259609,1.900983864,2.064493972,-0.906647458,0.306790148,-0.739380436,-5.113330937,0.101829762,0.675021999,0.49779756,1.613390159,-0.295605535,-2.271586241,1.262313938,1.199037653,-0.014789618,0.827505111,0.021239921,16.41182596,-1.744202252,0.50155437,-0.213762929,-2.693950709,0.315860983
2013/10/6,7.657430814,0.567931413,0.43874425,1.085670068,1.040602339,0.560448345,0.748449143,-0.417916241,0.16078668,0.003125603,3.892609548,1.174341076,2.318477906,1.329420133,0.021272635,-0.096096996,-0.040686954,2.594255308,0.514796281,1.557652809,1.388427726,2.676506675,2.753478349,2.429931427,2.589908352,-0.18164505,0.344199667,1.317884973,3.147675201,0.016300952,0.265879034,-0.802517605,-0.026140801,7.95450219,0.938519781,-2.212162233,-0.195520527,-2.339782567,-0.85966897
2013/10/13,4.183943215,4.106429818,1.71718711,1.061088216,1.874790775,2.770426561,2.395914705,3.177210338,-1.382730993,0.44933372,-0.181314965,1.594923612,2.647117104,1.553050786,2.525598905,1.854775147,0.077422237,3.389189829,2.065555897,1.965243962,1.348952346,1.082648732,0.301228312,-1.55455614,-1.76765457,1.093720702,0.523128911,0.413959707,1.516444686,1.299116819,-0.118081195,-0.337859297,0.01470336,-6.286727806,-1.768238046,-3.235222614,0.288787295,7.418946178,-0.974132513
2013/10/20,1.099705956,-2.235056337,1.21034743,1.10191871,1.984801835,0.319733738,0.871513705,0.740174728,0.63864615,0.740383524,2.090166183,1.351665655,-1.623263354,-0.320623199,0.89300134,2.016235844,3.906430193,-1.880230793,1.48025173,0.039223378,-0.881382043,-3.304694865,-0.796749098,-2.811539697,-2.419997751,-1.126662744,-2.788111728,0.385737583,-0.720760361,0.212509567,1.050437543,1.313719358,0.389608756,-18.69122305,-1.193131543,3.593386456,-0.905243448,-0.318302656,0.91352645
2013/10/27,-8.132180912,-0.260708127,0.459370656,0.290324367,-0.463480488,-2.047939469,0.106207467,-0.542122517,0.998158529,0.727458775,-0.341452867,0.245532277,-1.147152481,0.020595635,0.515128191,-0.334039729,-3.558116411,0.232016305,0.199166539,0.579631764,0.246943405,0.801566412,0.14216079,0.775248365,0.856859692,0.496690554,2.400430567,-0.126123105,2.606936848,-1.047261432,0.873050289,-0.006185631,0.210166897,0.382702342,-2.980186322,2.842229489,-0.605136052,-1.525929755,-0.91352645
2013/11/3,3.841320879,-3.320400643,-0.192382456,0.932080956,0.30596162,0.391685841,0.507892662,-0.071672066,-3.003421673,-1.644195363,-0.788399663,0.779054825,-2.753154684,-0.298817959,0.730962033,0.232282498,-3.434744195,-0.930286763,-0.3915751,-0.566121389,-2.71120329,-0.811433319,1.714008828,-2.041102983,-3.568968642,-1.908737633,-2.197757815,-0.750969673,-2.674495344,0.368867995,-2.330458685,-1.495727748,-0.254442621,1.441056413,-3.367251513,-2.918327202,1.954378195,-5.375255088,1.034701867
2013/11/10,5.120517488,2.276330301,0.018514404,1.260408043,0.776150637,1.464715267,1.545092229,1.688548948,2.892599743,-1.19694376,1.499201359,0.990967156,0.633476224,0.743397007,0.321759566,1.042848668,0.479112334,-0.527694854,-0.223551152,0.64439646,1.040979101,7.381261662,0.411222365,1.400318971,1.828702508,-0.639618533,1.257254439,0.753156329,-1.387259988,0.532006664,-0.86380759,0.576009607,0.146020157,-2.903183268,-0.010570266,-2.193492339,0.711483485,1.300923324,-1.325733703
2013/11/17,-0.770864942,-1.225392499,-1.225615103,0.643657299,-0.031378763,0.778186264,0.365257668,0.142398383,0.401079762,-1.495267365,1.692306455,0.547649175,0.046380424,-0.319691875,0.116287901,-0.927515465,1.821130838,-0.190984557,-0.286361241,0.047459215,0.029412718,1.412898607,2.179203841,2.795522066,1.285123179,-0.740648658,2.842700783,-0.891736846,-1.007343644,1.159840005,0.923106384,0.640967999,-0.02626654,-5.661136787,-0.806627171,0.209879979,-0.602645321,2.798354089,-2.54790853
2013/11/24,3.36333801,-0.605987626,-0.296546764,0.134614053,-0.617258806,1.584822019,0.058162563,1.69512004,3.106913547,0.942064997,-0.224147753,2.00024495,-2.94841291,0.389095565,0.189310336,0.166761268,0.1453239,1.641850871,-0.356176459,0.998279386,1.907687879,1.804930457,0.989989884,1.092184518,1.524804032,3.51109469,0.777723337,0.110250121,2.968615609,0.48972212,0.465753254,0.649212408,-0.024618617,0.572598701,1.060005685,-3.436221332,-0.193021589,2.90812093,1.282068843
2013/12/1,-7.014665009,-2.974326344,-2.552941305,-0.41243902,-0.859800499,-1.012201565,-0.039879255,0.064759107,-1.358841736,-1.97701007,-4.168191607,-2.507329491,-0.882040699,-3.937559534,-2.435160404,-2.426655806,-3.178787823,-4.544889953,-1.493374498,-3.517995456,-3.203032381,-2.338541792,0.738671189,0.745245855,-0.186651051,-0.466302474,-0.580334521,-1.977007474,1.347720624,0.184344794,0.235744915,0.865221855,0.008205532,11.10539023,-2.260706217,0.489037733,-0.105329039,4.818336803,-0.093254592
2013/12/8,-1.378928413,-1.768450464,-1.70359221,-1.666980112,-1.174121906,-2.173930673,-1.662976367,-1.5266639,-0.09714789,-0.903954111,-2.016434746,-1.825796763,0.089129769,-1.701331047,-2.657676679,-2.984308268,0.931892286,-1.368828005,-1.724649138,-1.966223164,-0.887582793,0.672575905,-3.070862623,-1.851545502,-1.142465173,0.110124672,-2.116060846,-1.55823605,-1.472472554,-0.640520235,0.8499465,-0.110037913,0.188913312,0.654785897,5.180545829,-1.726266954,-0.424919259,3.966806648,1.267013241
2013/12/15,0.123728403,2.242357157,3.219236655,2.913470498,2.065271538,3.498883655,2.39323095,2.560557178,0.711184104,0.701509224,-0.861014184,4.278674039,2.697770774,3.248854824,3.82649947,3.173564565,-6.256652499,4.400950663,2.554379317,4.268751871,1.035926816,2.988756213,-0.292834818,-5.200126852,-5.650255467,0.376397412,-1.883674965,0.923957551,1.701447096,-1.027378952,0.269591041,-0.306297716,0.171151198,13.35313926,-1.08109161,0.454620039,-0.118354267,5.600991251,2.00645126
2013/12/22,2.538922342,0.158121318,1.112455166,1.573570943,1.396072265,1.267156271,1.2613154,1.255262308,1.340896427,0.039115657,-0.186570707,1.992844092,1.076767611,1.980370265,2.379772895,1.724238813,-8.5291969,2.146075217,2.160526338,2.013469051,0.949919704,1.925339729,0.781495135,0.786427499,1.025635927,1.493337603,1.871973322,1.770638036,0.628375803,0.284961367,-0.517965776,0.226750518,-0.00164708,-13.35313926,2.776821942,-2.534688457,0.658510176,1.528140126,-0.225988797
2013/12/29,-0.335924027,-0.559425604,0.48715691,-0.051110222,-0.288316747,-0.43155972,-0.546183123,-0.595525679,-1.622918636,0.14945442,0.036177871,-1.6215202,-0.184202925,-0.703790455,0.244096963,0.588880431,3.207002494,-1.036657488,-0.299669253,-1.194362544,-2.843860763,0.692144031,-0.820806283,-0.865603497,-0.255268786,0.134647986,-1.849619343,-0.582371659,-1.639165001,0.092437878,0.51068908,0.883694083,0.046128502,-10.14201784,1.001811624,0.852054623,-0.262883937,-0.249291914,2.458224341
2014/1/5,2.001919163,-2.552856732,-0.707154178,-0.200200389,1.455603326,0.727395025,0.598846564,1.029314806,0.931203599,-1.697183405,-3.267909757,0.402890479,-3.299061975,0.069426061,0.491364896,1.13805496,2.905813245,4.905257397,0.137632987,0.962040767,-0.391281119,-2.355452453,0.124684055,-3.410120392,-4.852713036,-0.201336572,0.126884645,0.395198225,-0.641224557,2.346107466,-1.126978631,-0.389081894,0.282176077,9.924231915,-6.549591709,2.038391001,0.516432201,-2.3649363,-1.258809662
2014/1/12,6.485114983,-1.039674407,-0.122430159,0.130777347,1.018183456,0.33433952,-0.199398611,0.547525089,-1.29716449,1.881621308,2.057396178,2.807399119,-0.008596912,1.792985863,1.061311842,1.350886519,-3.410365918,1.687238611,1.31711565,1.596326791,0.305947671,-1.122410075,1.854066398,-0.415604406,-1.362263211,0.778382182,1.248830922,0.109994925,1.450991025,4.966916309,0.601660044,0.395149303,-0.009914406,-12.52600469,-1.328496076,0.66766125,-0.248594826,-6.008747521,-0.403196245
2014/1/19,-5.50051919,-2.877406692,-1.232616964,-3.58412977,-1.234893511,-2.101644448,-2.668118227,-1.667395925,-2.247645654,-2.503924252,-1.221086701,-3.668458037,-2.295836189,-3.912163083,-3.59341002,-3.326248064,-1.856076903,-5.871484489,-2.454129081,-4.073481022,-0.201799793,-2.203390429,-2.016564214,2.435984411,4.034132084,0.026869354,-2.998201252,-2.292767369,0.08141503,3.63422811,-0.948153074,-0.352519662,0.029746166,2.441130168,1.7639027,0.384092654,0.750083706,6.518597988,0.089739761
2014/1/26,8.192848964,-0.310188248,-0.975954213,-1.141694764,-0.166492212,-1.164843216,-0.431025499,-0.590134183,-0.244443195,-3.962424847,0.359320273,-0.914946084,-4.735362913,0.102075259,-1.793310515,-0.124078653,-4.070688556,0.518468398,-2.327384624,-0.471355488,0.030398974,-3.148340167,-1.715051421,-1.042708232,-3.662766344,-1.591276233,-1.864212809,-1.598209404,-2.869190241,-0.51253096,1.006658268,0.358586703,0.024795233,37.72023574,2.376950815,0.977555967,-1.014196201,18.05477546,-2.206861025
2014/2/2,-7.477854916,0.908973692,-0.453822051,0.604772501,0.666343094,-1.275251661,0.806237448,0.534161523,-0.869750263,1.315719139,2.723731911,-0.049010125,3.063236431,1.48825106,0.692953481,1.54176936,4.358966991,1.522592763,0.936246531,0.810585277,-0.965415856,-3.078303606,0.64736067,0.560137624,0.578570597,-0.892829161,-1.825327909,-0.466198223,-0.432826303,-0.301398202,-1.406244414,-0.285549573,-0.201489771,1.477455056,0.875707445,-1.964762507,1.064575583,-4.721864782,-2.209778552
2014/2/9,8.337301445,0.26382773,3.607796154,2.255665308,1.927127595,2.883117569,2.289099168,2.823645037,0.455829644,4.246124172,2.52109223,3.802123411,0.127389027,2.613496523,2.386953995,1.182840457,0.415454237,0.597867677,1.389337286,2.617099289,0.920587016,-1.038255831,0.084827694,3.430336219,3.447754187,1.494966316,3.011749586,0.845035887,-0.245220594,2.941132555,1.091375776,-0.146127644,-0.039589588,-18.56949753,2.421965677,1.846058738,-0.795509896,-3.457846039,1.149616514
2014/2/16,-2.599638111,-1.7179569,1.526662351,-0.316761942,1.068357196,1.332869022,-0.129528057,0.455837628,-2.452548455,-0.914267031,0.199981155,-0.056420119,-2.080759906,0.938409858,0.35280466,0.168552436,-1.54854029,-0.611768011,2.584118524,0.403473422,0.900442449,3.788421656,1.109105179,-0.102138776,-1.703858018,1.03041774,1.202823269,1.994644734,1.755236068,-0.318556149,0.424473705,2.01466492,-0.057706736,-11.93375461,0.419622956,4.315990403,-0.71953932,8.795334158,0.876591542
2014/2/23,-2.229815589,-0.605459436,-0.625261409,1.347190353,0.027238837,1.567550392,1.255529657,1.04323045,-2.399096969,2.233581625,1.230876963,0.363119377,-3.738224727,0.614851626,-0.455627275,0.515169018,-2.108604765,0.428037037,-0.415599935,0.559156992,1.125507714,-0.165619019,2.016266693,-2.752698391,-5.089978396,0.437551158,1.183666793,0.349396801,1.954632546,3.751264741,0.342653344,-0.773315606,-0.40465906,7.862454934,1.87659828,0.378472937,0.113431695,16.26627627,0.321027563
2014/3/2,1.653669888,-1.821387856,1.058249885,0.799468963,0.627811076,1.700545935,0.994793474,0.65013868,0.335024297,-0.460804246,-3.36670417,-3.585250316,-8.941958804,-0.949576911,-0.56868375,-1.14811415,0.86431787,0.493136552,-1.435128093,-1.726991584,-0.268543428,2.875828184,1.365527658,0.078265333,-0.509718745,0.857236685,-0.775739673,0.815750861,3.900960109,-1.877996605,0.457467305,0.767343853,-0.874438621,-4.742869357,0.380878433,-0.143651028,-0.68754568,-28.59991644,-2.738625551
2014/3/9,-2.300074908,-2.802507717,-2.463128499,-2.380611582,-0.500724227,-1.837576289,-1.984916626,-2.116695703,-2.50343495,-2.03312776,-3.901163085,-3.19837597,-8.684900628,-3.496888309,-3.500029885,-3.20850194,0.289614446,-3.526561616,-2.791301837,-2.973030219,-2.813325856,-6.396468469,0.296080435,-2.637607517,-1.22767637,-0.302616256,-5.073488481,-2.014245278,-0.344567272,2.56558376,0.541889264,-0.197268199,0.309673461,0.782643625,-0.009748014,1.27055049,0.002508749,0.195079719,-3.349595443
2014/3/16,5.742691809,5.231465582,0.163112293,1.465033476,0.756915776,1.037421836,1.3696221,0.736668437,5.312749314,0.879580786,1.018713381,3.114818358,6.710177625,2.781163039,2.250711924,2.142758853,2.033575999,2.427491826,0.447534041,3.011145146,0.78032169,-0.724508622,0.716869753,2.136331358,0.034667,-1.279615255,-0.478358812,-0.010736753,-0.169264663,1.719155046,0.259067502,-0.395707693,-0.39425932,23.34376562,-3.663486068,2.987932924,-0.356873965,-4.269143247,-4.376630854
2014/3/23,1.81944557,4.915090275,0.538067622,0.124379993,-0.524821043,-3.574824063,-0.477963607,-2.870740447,0.066117208,2.450034043,2.824530957,2.580685453,4.312419803,1.737416425,2.630171157,1.001869391,6.791144024,2.706474685,0.88683658,2.422864381,2.352544947,3.263054079,1.050737301,-0.289045106,-1.055042222,2.276172061,2.891225593,3.163470938,3.073992333,-0.541183516,-0.866181249,-0.965841143,-1.208884074,-17.22712209,0.5747432,-3.182354581,1.030698108,-2.563656079,0
2014/3/30,2.992095554,2.605997745,1.036182659,0.547720271,0.924002048,0.13621439,0.401321082,-0.676770467,1.364345039,0.164110424,1.539608495,1.126187552,3.938183738,1.647779309,1.401320429,1.537933031,4.893001386,3.316483538,1.201565339,1.808644345,0.357261112,2.471513377,1.420710514,0.835016826,2.783154268,1.28970637,1.994654651,1.270203408,-0.023151174,-1.336687462,-0.297673288,0.917769997,0.205834183,-4.012779109,2.1976721,-3.171006665,0.092156723,3.910477785,2.971838069
2014/4/6,1.271387489,1.525056513,0.106898659,-2.379683346,-0.94525148,-3.704029015,-2.684374854,-3.150076022,-0.537300224,2.184827886,-0.299050798,-4.003257177,-2.449671305,-2.682296438,-2.943806148,-2.430570638,0.210571304,-4.519363491,-2.01934109,-3.58608871,0.469198182,-7.609284406,-0.370987144,3.423760843,2.929337711,0.219255574,2.168925539,-0.452352533,1.216734323,-0.222025624,-0.364219517,-0.349208615,-0.001609723,-3.172631268,-0.522657864,0.708294593,0.293339178,-1.030936966,-0.577416436
2014/4/13,-0.289508843,0.471249874,0.470468027,2.354272979,1.687913534,2.352798652,2.671506015,2.366683453,1.254431906,0.86573298,-1.233572807,1.008499869,-0.320261141,1.499288684,0.282685701,0.914729388,1.012237461,0.848876684,0.963839128,1.252178629,0.341853336,3.907041035,-1.677688071,-1.551012695,-1.742832575,0.655789213,-1.063731026,1.722913905,0.045737218,-6.952402015,1.319433379,0.918566781,0.016098393,19.87803973,2.538207327,1.182091934,-1.309249528,3.996557924,0.610311173
2014/4/20,1.651743228,-1.377653151,1.398267693,-0.287336176,0.228560034,-1.315406882,-0.077784487,-0.488553281,-1.707130206,-1.371064377,-0.169006827,-0.086756554,-6.973884628,0.26635315,-0.990370426,-0.007283778,-2.881502643,0.133989709,0.908131437,-0.26684832,-1.64090665,-0.601199992,0.064772901,-2.962287294,-1.787536795,-2.170677502,-2.386351654,0.42230453,0.049402198,2.420832664,-0.505416238,0.441264878,-0.207470622,-24.27113266,0.538359308,-1.92129604,0.476711101,2.585337883,0.082189534
2014/4/27,3.369611035,3.029576682,-1.326788716,0.921271879,1.580852835,0.5124732,0.947520001,1.179115699,1.896285986,2.206681285,0.092968541,1.629675309,2.609115834,0.326675794,1.610983229,0.811555499,5.146207366,1.619807608,2.024482624,0.964073937,-0.621710939,0.195591331,-0.724965266,-0.500138876,-0.147439546,1.056612919,0.166980675,-0.460728532,-1.305151878,-0.670111696,0.130208352,-0.011900512,-0.472836855,5.106871827,-3.611910434,0.531854647,-0.106435607,-2.002623382,2.113556159
2014/5/4,0.949180562,0.22624444,0.049455532,0.425728891,-1.577481387,-1.930275225,-0.141503686,-1.269696416,1.629784676,-0.57038092,-1.836200698,0.265761514,7.041459628,0.427735126,0.674025219,0.798442286,0.536087588,0.121173393,-0.115128058,0.194907936,-0.147599995,-1.800091178,-0.559582283,-0.754432691,-2.078373707,0.251956966,-1.802619133,-0.012913779,2.420139367,-7.247373452,0.267119243,0.362329998,-0.089506919,-8.533168152,-0.838495629,0.176658136,-0.319988226,0.579338601,-1.230187091
2014/5/11,0.466871807,1.636257508,0.332730339,-0.556500144,-0.133017563,-0.390022801,-0.033010857,0.458686054,0.617024113,1.195071125,0.212521259,0.496082598,2.343390636,-0.470138191,-0.591400244,2.015072245,-0.735863906,-0.08108405,0.603350091,-0.357726977,2.866198383,-0.728016679,0.44283735,0.761341393,1.10701802,-0.013949716,3.813823239,0.321119219,4.896510658,-1.022370938,-0.796240182,-0.088975893,0.507733194,0.07742935,0.230287962,-1.181070505,0.498985514,-3.107257043,0.42255873
2014/5/18,7.93570823,-2.532920913,0.251554117,0.694675939,1.323367762,2.088811309,1.199996403,2.301101967,0.045527888,-0.232961389,2.990089813,1.432299706,4.989851384,0.823967752,1.386874472,0.232581517,3.988246599,0.762448079,-0.586035751,0.958602071,0.1850837,2.560335046,0.797813148,0.397432727,-0.01726151,1.338481272,1.107528007,0.471822311,2.252653575,2.111820584,-0.473502979,-0.207918808,-0.093090449,-3.785941104,2.009869151,0.441638652,0.182422521,-2.63879354,2.054646918
2014/5/25,3.501625633,-2.670933336,-0.005461844,0.665600007,-0.70919428,0.735177086,1.20500399,1.348076933,-1.333850545,-1.216875622,-1.471314767,1.778317985,-2.351452377,0.586284178,0.509633651,-0.33743147,1.562144496,2.245665033,0.421076063,1.281679114,-1.107153899,1.17006066,0.295393587,0.22779836,1.696769736,0.748615677,0.502916419,0.542451972,-1.879202114,3.902008603,-0.446412977,0.095102242,-0.049719726,-9.081867402,2.258176103,-0.131512803,0.427263242,-0.18144709,0.649301513
2014/6/1,2.580953573,3.622195769,-0.520240301,1.231294232,1.594569137,2.670930305,1.33593173,1.839842089,3.36551146,0.507842718,2.80810057,0.44073314,4.773303789,1.352665314,1.474791194,-0.171106772,1.387728297,2.429795245,0.199960366,1.519555518,0.026062289,2.994944073,0.501103474,-0.454638953,-1.773170424,0.643042418,-0.567642101,0.108562498,4.772952738,-1.552441328,-0.022006235,-0.476418243,-0.18262797,0.351494211,-1.584115035,-3.609817425,-0.057194725,3.06271843,-1.494938782
2014/6/8,1.672841373,3.109500449,-1.083816996,-0.881548212,1.090541767,-0.217364308,-0.683552178,-0.249071902,-0.686342239,-1.648384355,-1.081587522,-0.746935894,1.158737782,-0.829429156,0.190980464,-0.068501659,-1.738956059,0.445487255,-1.178653223,-0.347872976,-0.232293969,0.136536527,-0.216598067,1.987545521,2.267815274,0.675694096,1.591426054,-0.187480715,-0.546099007,1.508742461,0.087995899,0.303978777,-0.041605326,-6.056979876,-0.048692605,0.520313361,0.028601451,3.632046434,-2.268773378
2014/6/15,-9.096615675,-0.308831165,0.266060797,1.016175245,0.713107851,2.190542311,1.370105787,1.32256911,0.890583168,0.093092605,-0.392789244,0.747436534,-1.185965387,-0.042709547,0.925542997,0.551415743,-0.776305729,0.371821092,0.696170215,0.592846297,-1.150831612,1.652600107,0.514635378,-2.149749159,-2.818018033,0.838112602,-0.537955768,-1.051588967,-0.407213479,-1.714383681,-0.743060252,0.959495634,0.658108314,12.67517056,4.056480189,1.709849303,0.284325664,0.613823496,-0.707297956
2014/6/22,7.312894757,-2.747981253,0.471256142,-0.563569795,-0.097473059,0.089994245,-0.097353869,0.681957977,-0.8712844,-0.02343699,-2.571227017,-1.737913021,1.53518834,-2.324590407,-1.698964559,-1.616141091,0.090519088,-1.765363504,-0.99286907,-2.282108346,1.033224747,-1.671412514,-1.451462576,0.484350643,1.611938701,0.355639745,0.118322353,0.375200483,-0.035285698,1.571825054,0.420029356,0.276657916,-0.241274043,-11.56301823,0.326843453,3.281260905,-0.266920089,-4.48834773,2.783609367
2014/6/29,2.949088262,1.677074741,1.456712571,1.276074874,0.796527776,1.555721323,1.240640279,1.981185619,2.381642944,0.137157986,-1.53825606,1.956353301,-1.406474468,0.718397605,1.890214916,1.346978341,-1.201242595,0.450629595,1.589602329,1.311742454,1.057993896,2.241208333,0.541022777,1.11625523,0.290717528,2.160059495,1.389180882,0.03667874,3.182360761,2.271167524,0.366999825,0.135107372,0.096439773,3.709154273,-1.427254275,0.265483525,-0.442293918,-2.729475931,1.703184824
2014/7/6,8.025866646,1.341414061,-0.693803978,-0.731802301,-0.589709314,-4.073060552,-0.904127322,-1.58270187,-0.083287466,2.05048576,0.382256197,-3.484293337,1.65476174,-3.471530597,-3.670560785,-2.446067948,2.331541762,-4.36857687,-2.594969239,-3.52956582,-1.046428116,-1.784881101,-1.466293441,-0.604434509,-1.746018465,-0.14953262,-1.337819315,0.654283949,-3.839748019,-0.623154021,-0.389062704,0.731104295,0.231835629,-8.717286266,-1.601559495,0.07572316,0.243192298,-0.0680658,3.45904978
2014/7/13,-1.83408892,3.984462514,0.814997477,0.918641438,0.928340933,-0.719869518,0.539817165,0.376598046,1.816511593,-0.558667921,0.91901612,0.553792844,-8.043559947,0.434822994,0.195542197,0.505420703,3.650848617,-0.112029937,0.88217352,0.226537211,1.53090691,0.340161126,2.138659953,0.589865886,0.725545508,-1.004093252,0.948168782,0.508763623,2.701919909,2.895017599,0.095570674,-0.204170991,0.009671492,15.74674325,-3.153172546,1.27112388,-0.064793473,-6.082323437,-0.320684401
2014/7/20,-8.915695593,1.407271949,0.932063751,-0.819775148,1.226969319,-0.600089767,0.006065875,0.392042125,0.242980705,-0.552593437,0.515388817,-0.785067885,-2.381055429,-0.10985639,0.108744017,0.703044708,2.285532402,3.372706446,0.621817231,0.340106335,0.712020712,1.578981203,-0.215752897,3.227473801,4.296107939,0.406789002,3.193924624,1.19027934,1.637763201,-0.553019709,-0.619151385,-0.216292137,-0.072513398,-0.165700121,2.255439792,-2.114882449,0.455156733,-4.817530258,-2.618883691
2014/7/27,4.973381516,-3.373398551,-0.486540336,-2.793275632,-1.563629214,-2.643122913,-2.725422245,-2.202265732,-0.906417041,-0.231842359,-2.71317738,-4.603846079,-2.725677991,-2.994834364,-1.563387581,-1.898683504,-2.554374294,-3.496274733,-1.668396687,-3.279013778,1.911452296,0.421162251,-0.414951737,2.722395633,3.918711384,-1.847394005,1.298193107,-0.17178054,-2.440833053,-1.088524965,-0.689990496,-0.669370123,0.262909738,5.092009043,-1.013555115,-0.459067371,0.655456218,-4.398018652,1.743234806
2014/8/3,-1.196646795,-0.592057419,-2.20356997,0.366505389,-0.124623638,1.468277342,0.333961117,0.418637999,0.272079172,-0.262887074,-1.127641008,-2.203893937,-3.536582451,-1.316572698,-2.107049212,-1.625695381,-3.59012597,-3.969714392,-1.688330026,-2.162797729,-2.046755334,-4.916525601,-0.452745131,0.416465581,0.055180954,-1.967646046,-0.822780748,-1.674316359,-0.448879052,1.083851668,-0.014890924,-0.905465574,0.192377701,29.41622129,-4.211253861,-0.762099066,0.310150278,0.448608748,-0.619101188
2014/8/10,5.235776634,2.472201756,2.385177334,0.656175548,0.707727897,0.906297448,1.207738555,2.128459915,1.179657222,1.218286154,4.232351172,0.920129882,5.139836319,0.638056903,1.298388912,1.106650287,-3.216627202,1.155126732,1.836442074,0.883729377,1.5690351,3.588617808,0.229867765,1.461636688,1.219370516,1.321306267,2.530369033,0.78381178,2.905756104,0.49725834,-0.141574481,-0.28576551,0.382620441,-7.68670937,-0.235258125,1.228799733,0.094576593,4.227433589,-1.281267528
2014/8/17,5.617447792,2.501625631,1.410999052,2.009981483,1.500103196,1.623848122,1.690941173,1.635404107,1.656980599,-0.040802823,0.958648189,2.67564873,2.225247391,1.86165364,2.2830843,2.215458717,2.876398326,2.68324788,1.279992045,2.1194462,-0.316511264,1.431441668,-0.747016146,0.630326606,0.964133574,1.864699632,0.628317987,0.323179911,1.54731866,1.512231819,-0.089518842,-0.454138815,0.146301049,-18.16876424,-0.30769255,-0.359396296,0.018413606,-4.808369999,-2.113706027
2014/8/24,6.808671926,4.814831955,-0.349554541,0.570270994,0.578796839,1.200173742,0.75004673,0.915037057,0.556246344,0.971767226,-0.908572972,1.392947527,-5.702070922,2.970854959,2.116002189,1.217806353,1.737011703,2.153740981,0.654654784,2.364277349,0.574028784,-0.740223082,1.825143535,-1.059226908,-2.738346447,0.597035101,-1.4850349,0.047800933,0.518669766,3.283119361,-1.171096636,-0.757488292,-0.069926093,-13.66868275,-3.874830293,-2.019645388,1.108369195,1.680711832,3.130690463
2014/8/31,5.906925366,-0.993695149,-0.484650736,0.227305951,-0.357806678,-0.359994929,0.216400655,0.057403717,1.313655048,1.536777112,5.020829037,2.88147388,5.478818415,2.378451972,1.913176881,1.487899231,2.313863953,3.840912392,0.517008651,3.183330514,-0.929109757,1.570082621,1.407722108,4.808976517,4.644888984,-0.300676137,1.993135114,0.43905889,1.652033682,0.118130016,-0.834096434,0.168827294,0.133389746,4.350366155,2.436700908,0.615626336,0.491645456,5.69413764,-1.853941552
2014/9/7,5.958510609,-6.385980224,-1.214771717,-0.878250749,-0.246547719,-0.816912478,-1.110385164,-0.334408267,-0.938254524,-1.695582876,-1.74807976,-0.988659033,-3.561555609,-1.00334728,-0.789123309,0.081434433,-5.465882264,-2.359691659,-0.704728266,-1.2343636,-0.369078969,1.768779803,-0.016851566,0.23699237,-0.825600355,-1.98341331,-2.587979967,0.114246761,0.230355795,-1.163735859,-1.403235846,-1.652227344,0.045588499,0.914007194,-2.8218517,-1.589634507,1.1697023,-6.925648029,0.443038699
2014/9/14,4.65575576,1.501113466,-1.787683733,1.705634882,-1.728981636,-1.186564042,1.24427898,0.26652427,-0.082567369,0.826711582,1.676440598,1.523186568,-3.610179262,0.438508518,1.882598218,0.501699274,-1.161939622,1.032406341,0.453797368,1.173280908,0.584031662,2.311142469,1.593881268,-0.107263922,-1.231811572,0.187070528,-1.182636477,-1.21795028,0.196586606,-2.301660142,0.115763085,-0.36201911,0.094499486,9.613696778,-1.099385938,-2.882736249,0.575011852,1.673241652,-1.977105217
2014/9/21,7.920895951,-1.003477956,-2.227794177,-0.968754314,-1.575227705,-2.434979653,-1.379850354,-1.487052231,-1.936313113,-1.110582254,-2.212837275,-3.201030594,-1.212188158,-1.501162453,-1.717583652,-0.747227501,-3.022255176,-1.377388123,-2.795847068,-1.653245886,-1.085812511,-0.561028265,0.642043511,0.781245622,0.317987778,-2.749775973,-2.616615367,-0.389252999,-1.896851836,-0.752972879,-1.054518572,0.122865232,-0.102641814,-9.448407484,0.151613631,-1.217882559,0.739189079,-0.519886796,-0.451905224
2014/9/28,-9.325247318,-4.782928918,0.090296857,-0.606399216,-1.589687545,-1.312027885,-0.756821938,-0.813773362,-0.460439209,-0.872910734,-1.621762464,-3.156275813,-5.697475822,-2.605117766,-1.75976,-1.040570419,-0.332850471,-2.650138753,-1.843829034,-2.71418136,-2.768778096,-3.264123944,-0.340486158,0.685546206,0.092489249,1.287145936,-2.626642219,-1.190764897,-0.292816778,1.469985519,-1.128804022,-0.252036402,0.226604054,20.39683077,1.21539544,-0.098732935,1.057255851,3.759552846,-1.861278222
2014/10/5,-12.87135208,1.405550576,-2.47288097,-2.775363887,-3.876953035,-4.766293254,-3.189197576,-4.557077081,-2.820196968,-1.882289567,-2.12715911,-4.525448714,-2.581285122,-4.980533688,-3.844959101,-3.622600674,-1.203709471,-4.026975103,-2.921279423,-4.633416882,-1.799348024,-2.632274058,0.798823861,0.450362802,1.610529357,-1.547556659,0.103915023,-0.906892157,-1.083177842,-1.14878034,-1.333247271,-1.757208916,-0.194030763,-2.040887163,-4.147255175,-1.819213688,1.22372464,1.371079686,-1.17697173
2014/10/12,4.882317365,0.742105066,1.594680065,-0.994343416,0.002249162,2.716904406,-1.021393628,-0.417122278,-0.374193588,-1.611405669,0.355046005,0.696864561,0.809463392,-0.999898548,-2.2026084,-1.49767998,2.736587662,-1.926723053,-0.469240228,-0.982919495,-2.096089319,-5.150056676,-2.053100039,-1.414865875,-0.733606907,-5.19084081,-0.2833553,-1.75672582,-1.026246806,-4.223143983,0.882885035,0.711569072,0.128768324,37.82952028,-4.466452098,2.385601412,-0.916386711,-4.558905403,1.209926089
2014/10/19,0.125791128,-7.030247481,2.630277336,2.561474974,2.197679815,3.31584338,4.041740973,5.155016298,0.901879426,1.356342595,1.038678747,1.542013516,-3.437924492,2.345588099,2.313747588,3.360902759,5.014280428,3.76964337,1.23538663,2.273898538,1.30831508,5.091806513,0.874593549,-1.675513951,-2.867054051,1.551763213,1.204493918,1.715772857,2.974086272,0.757404222,1.06337893,0.105678685,0.115870141,3.470160819,-3.642806531,1.406127122,-0.955369206,-2.439465232,-1.04331492
2014/10/26,4.297797495,5.045641825,2.09171337,3.422437178,0.476728044,4.772469931,2.685321661,3.226362353,3.071462573,0.420994137,1.532991975,3.703137943,5.14746261,2.492119516,3.765430471,3.520136481,1.453802863,1.330656466,2.439047248,2.700495663,1.991778183,7.08137336,-1.495394043,4.99419813,3.771858562,3.731825022,2.942521703,1.591586361,3.76680032,1.460248292,-0.731336567,-0.024855527,0.114369754,-31.11476074,-2.125141041,-0.582808838,0.707477035,-3.871101832,1.240813339
2014/11/2,-3.988118315,-2.607424353,0.406295421,1.049132375,0.529004805,-0.016192055,0.684946023,0.03864726,-0.921135383,0.759630099,-1.89429015,-0.376396219,-7.984726634,-1.025774222,0.026739593,-0.236311121,-3.308025963,-3.412273338,0.316767984,-1.5668213,-1.258116638,2.803199333,1.859917011,-0.083086181,0.112511919,-0.694794318,-1.883698225,0.370086268,0.177679647,0.622685481,-1.151034736,-0.579639505,0.070320616,-13.82423031,-0.581864842,-4.976482312,1.386323509,6.672698862,0.197109131
2014/11/9,-8.254237979,-2.764117117,-1.723146404,0.345426626,1.031162119,0.04175312,0.388040981,1.201807821,-2.824820239,0.644696108,0.039289887,-0.419418057,-0.723074711,0.299558751,0.131163487,1.109742088,4.089279937,0.214064192,1.318012879,-0.160981992,0.271299339,3.552474283,-0.36798125,2.477158473,1.111366083,0.785229371,2.25520404,0.887001693,0.632516203,-0.760543071,-0.568479052,-0.778116376,-0.16346016,-6.70601106,-2.374632592,-0.153701678,0.812631087,13.02987009,-0.328731394
2014/11/16,2.3012852,8.000110428,-2.788647604,0.989264602,1.78964476,-0.118487971,1.154200154,0.519704919,2.866546693,1.625920416,-0.005789119,5.053459905,5.671627955,3.386879255,2.750852746,1.83647399,2.516941989,3.607760831,1.438130944,4.293127858,1.007686316,-0.765147783,0.516034039,0.321008168,0.064829046,1.202266727,-2.736696163,0.890263935,1.036929951,-2.244791637,0.560494701,-1.29344943,-0.111000485,1.437784889,-3.664551942,1.332730562,-0.151723459,-9.304619876,0.2466498
2014/11/23,-1.698981544,-2.45481968,0.16388351,0.102025077,-2.454786222,0.069064015,0.196559784,1.655236326,-0.997061413,0.181994718,-0.055013351,2.519231912,-8.320299773,0.983136786,0.565159513,0.766938778,3.407804483,2.347523437,-0.417713164,1.759818268,0.807988946,0.587869354,1.660307344,7.587948535,7.733279591,1.046255772,2.320968665,0.154723425,1.299708901,-2.039118665,-1.075710782,-0.095770159,0.075075079,-3.128832104,0.905934116,1.01515197,0.922744306,5.939471742,-0.361961567
2014/11/30,-2.352455027,-5.119327592,0.418846813,0.72959717,-1.855048677,0.781101413,0.377028299,-0.227111613,-2.196659142,-0.514430825,0.88521488,1.059110547,-6.961844377,0.665181359,1.213663779,0.67950974,-1.083967699,1.199752294,0.300324166,0.810321346,0.294399567,2.603855953,0.515726027,9.073773447,11.18182366,0.211159104,0.063304739,-0.78233898,-0.583306523,2.188108207,0.499155694,-0.03833376,-0.298334927,3.278982282,-14.54965607,-1.89599107,0.009048852,-4.262076715,-6.029502392
2014/12/7,-14.7477831,-7.986641743,-2.192434499,-3.848189404,-5.267351768,-2.568153201,-3.582794857,-2.695841607,-3.56920953,-3.593721287,-3.268866954,-5.004537309,-12.84838269,-7.285938813,-5.947550038,-3.507058036,-2.391100822,-7.184603408,-6.783157276,-6.624010654,-3.321928753,-3.110698129,0.173559767,0.017699657,3.848871455,-1.966071698,-3.189310146,-0.00782129,-3.749305658,-2.486351742,-1.342084984,-0.422644072,-0.113882258,-12.02241222,-0.469733419,1.25957961,1.065413711,-7.252860884,1.993306312
2014/12/14,-3.005070487,3.377585457,2.254267571,2.987028924,5.229759289,3.704237605,3.355106517,2.373616848,1.935665459,0.095698909,-2.103321467,1.983689797,-3.97183469,3.178969051,2.959441728,0.90524181,0.417266792,2.131869354,3.809302298,2.382614399,0.42942255,1.427853497,-0.399368815,5.63855255,1.562900777,-0.308540006,-0.57184509,-1.350786629,0.013374429,-6.565402883,1.422361138,0.875321054,-0.594955188,57.85317117,-13.00657853,2.660855727,-1.142355069,-0.184283322,0.956454772
2014/12/21,4.289415288,0.990027726,1.041646969,1.388311996,0.969760512,1.598441432,0.871280834,0.86667822,1.104345668,0.189094472,0.524826838,1.371471291,7.583346824,1.269709591,1.706323836,0.504837467,1.629506567,1.134075305,0.983041242,1.371517277,0.93756972,1.114898643,-1.173621212,1.56397813,1.638226537,2.404109195,1.001644626,2.235813094,-0.298309598,2.053738081,-1.895561009,-0.56136917,-0.531967596,-24.55705871,-2.256721328,-2.191528684,1.67918372,-9.126042015,-1.679847524
2014/12/28,3.435863041,-3.310761852,0.764518423,-1.230109111,0.983562006,-1.35958449,-1.474356157,-1.679350792,-2.083544791,0.756849966,-0.589325236,-1.598868612,-4.677004732,-1.019177904,-0.77608457,-0.425437075,0.600919616,-1.257660846,-0.944394843,-1.430109287,-1.121159733,-2.08792852,-0.179049854,2.411775961,1.943293255,0.958240625,2.1543328,0.502955284,2.347037595,3.244915686,-0.426160291,-0.487367901,0.112605378,-12.86054871,-3.218255266,-0.058545563,0.5206755,-14.14810867,-2.414392995
2015/1/4,-2.415144744,0.673845922,0.544880493,-0.537639936,-2.531007416,-1.100460679,-0.652693878,-0.482246494,0.631828605,-1.396334303,1.197448992,-1.197445132,-1.028401073,-1.736892761,-1.596940378,1.352550075,2.529206431,-6.298107889,-0.715156923,-3.1233432,-0.09036286,-1.460637538,0.51918044,1.556144891,2.776799784,-0.989921078,0.260079259,-0.958417121,-1.33035934,2.74591662,-1.431018258,-1.476519506,0.109509633,20.44878523,-3.798632093,-0.730512506,1.181126927,-0.133111501,-0.21272832
2015/1/11,2.328682138,0.361752747,-3.09180394,-1.281190803,-0.526307283,-0.76450318,-1.249453417,-1.49256662,-2.340398729,-1.241843586,-3.699267436,5.242045079,-1.651652444,4.687322889,4.099234022,-14.20897317,-0.265046081,3.238481399,0.752872403,5.103955685,-1.918319015,-1.958673839,-0.426198517,2.734525449,1.820367046,-0.842225175,0.764504914,-1.137512416,2.730207738,-0.598478833,-1.350408443,-1.102084101,-0.043496122,-1.358255177,-8.575265847,2.48858084,0.832566243,-1.916347096,-2.2614029
2015/1/18,0.903978495,-0.494929021,3.751944565,0.915361223,3.231357339,1.03823251,1.591686269,2.629976564,2.969127847,2.761312188,2.942520997,4.629754111,6.438018826,5.790109945,4.863838055,3.257545634,3.7275859,5.263964681,4.223266606,5.4779298,2.508355409,3.768142421,-0.525525449,-0.735112737,-0.84035169,3.575488485,3.051797311,3.302356942,3.710063877,0.071551699,-2.332342706,-0.059384384,0.028995313,17.70846965,0.680064445,4.88488789,0.803086943,5.962576044,-5.120731438
2015/1/25,-2.869122769,-3.902964991,1.5599815,-2.914590355,-0.718915337,-1.999794803,-2.808816636,-2.611421327,-4.065473504,-0.70190636,0.918774259,0.419230464,-10.74482514,-0.788327209,-0.921604401,2.70735833,-1.992474725,-1.698412981,-1.228532418,-0.92397587,0.6779338,0.924461497,-0.537970858,-4.310250062,-2.529025326,-1.157883359,-1.391502977,-0.596823622,-0.302644114,-1.411171818,-3.170129801,-1.068322426,-0.345784591,-22.91280096,-6.578527597,1.229300472,2.301863337,-4.613937936,-4.51380716
2015/2/1,5.923427629,3.93781284,4.065949899,3.769261981,2.758749291,3.380544189,2.986549446,2.327699756,4.219423946,2.397773089,0.573746055,1.411954633,11.40162401,1.867238456,0.950199397,2.390481657,-4.55311404,1.618997625,1.529710396,1.384400444,0.320632935,-0.146590523,0.926728252,-4.278228795,-3.277965908,1.001916651,0.70076511,1.177284299,-1.69266117,-1.805028087,0.711240552,0.525634132,-0.34459304,23.00822082,5.650015819,-1.088488433,-0.057879202,-10.40218274,-0.240144202
2015/2/8,5.964350692,3.709642078,0.979687602,1.088404669,1.192090359,1.455191021,1.999845093,3.101229622,0.832267181,0.735814763,-0.319903621,1.073014666,10.08063567,1.446103087,2.220646063,0.742348088,0.962559248,1.56154933,0.292563165,1.444132756,0.101200616,1.489600924,-0.608830931,4.074617668,5.866083849,0.772480375,0.012762872,-0.149907138,1.654056392,3.547272297,0.247743889,1.167752013,0.09604611,-19.29645452,6.907578679,-3.548785156,-0.154859946,-4.251114485,3.639626671
2015/2/15,-1.321038193,1.181865849,0.068032999,0.669751968,-0.608273702,0.705524899,0.632713428,1.261563909,1.105575005,0.372783455,0.084754972,0.792589245,-0.397924306,1.491958029,1.059116613,2.738291774,-0.37361834,1.293336806,0.604553968,1.237815093,0.201584676,2.311772817,2.268121624,1.335680572,2.37913509,0.030221252,0.604025456,0.275143429,0.318610629,0,0.607904608,0.998539868,0.05927445,-16.29613095,2.086799187,-0.609336898,-0.604876798,8.364524227,0.884791308
2015/2/22,1.732021121,0.671071658,0.801000024,-0.042676207,0.408464788,0.128186423,-0.275220825,0.152427067,1.456373102,-0.377174386,0.770141464,3.1270614,-1.52627406,2.465373608,2.952677333,1.366660574,-1.581055942,2.71124978,0.453908119,3.060244195,1.233785997,2.508275802,2.141426562,1.933504488,0.333273439,0.936702378,-0.035404026,-0.959279245,0.124447075,0.192620589,-0.035140122,0.006493717,-0.236887285,-2.690745292,-4.733234137,-1.825708605,0.064680655,5.109712679,-0.499137147
2015/3/1,3.350178187,-3.154922763,-0.50559388,-1.533367007,-1.867358026,-1.293425733,-1.592079148,-0.7311804,-2.079301645,-1.005886226,-0.898366545,1.301045729,0.757747726,0.259585072,1.213853901,0.723977661,-4.668300707,-0.775928671,-0.503087263,0.516032196,1.357448434,0.916420801,0.776978172,-2.10982734,-3.156017768,0.245694121,-2.691840311,0.429596123,1.047677636,0.702582776,-1.638872665,0.220535862,-0.231542576,-6.949249678,-1.158854128,0.711217024,1.03448653,-7.637835766,3.535674077
2015/3/8,3.13894174,-2.810171022,-1.44110951,-0.603662611,-1.489045165,1.193649207,-0.866016187,-1.135010904,1.653232831,-2.409574432,-1.829561951,2.990426896,-8.050308629,0.924535474,0.537504348,0.833408988,-4.674891684,-0.525182331,-2.508412126,1.061074071,-1.35795201,1.482031822,2.324100821,3.983532692,2.780494721,-0.690973729,-1.420360672,-1.614717663,-3.298470816,-0.93733797,-3.194464002,-2.60590375,0.113309035,13.05283874,-0.301902212,-4.095934772,2.366833303,3.768613919,-3.113165286
2015/3/15,10.55080842,6.706767875,2.731297857,2.109175502,1.421542033,2.740204509,2.6290112,3.125273298,-0.077616985,1.218830461,4.428564271,1.150842785,3.36999886,1.525685792,1.339269715,2.590334407,7.372578861,3.436788845,4.097472936,1.892696714,2.557913078,1.57660964,2.238840571,6.995754692,6.852692307,1.762574964,2.290754744,1.466253884,-0.89264269,-2.159500647,-3.271297836,-1.967761017,0.047915669,5.129329439,-10.10918281,-1.035563276,2.73867903,-4.024977363,2.067404122
2015/3/22,-6.550619449,-3.668769903,-0.934821946,-2.315875881,-0.873746057,-2.071256998,-2.2586062,-2.726623997,-0.753786524,0.105662674,-1.444110704,-1.430860502,-0.66334077,-1.055776957,-2.719363384,-3.385314783,-1.973136229,0.068280302,-2.41394734,-1.270492843,-0.859745402,-1.413765298,-0.439385068,2.019109644,2.59640603,-2.555218873,0.454183056,1.097563819,-2.714167661,-3.49552769,3.068214595,1.394196686,0.871265951,-20.61020855,1.943524072,2.754900888,-2.159441042,2.140477149,3.595188557
2015/3/29,3.756661501,5.868877677,-0.360452224,0.285151521,1.435727687,1.221936064,0.287792291,-0.087542038,1.286365978,1.767420092,1.150870609,0.831194278,8.252934731,0.793023685,1.359786213,0.516962717,2.562866035,1.791786512,-0.31500967,0.980222338,1.260465077,0.771942158,2.886709153,4.576028363,4.705017258,1.011313034,3.17313925,0.105738113,2.893101856,-0.923603078,0.617200614,-0.496179106,-0.157807475,14.62193759,6.662787236,1.282875096,-0.665337089,-7.294899965,0.235145265
2015/4/5,5.405324526,2.03291982,1.176385017,1.643826435,2.379263344,0.72289567,1.68388875,2.206724831,1.52457436,1.529206588,1.774101239,3.347103935,7.182147662,3.22522283,2.959547701,3.665165652,-0.420188979,0.986181886,3.682176607,2.695054132,2.04885735,2.402339475,0.60576603,4.315048314,3.77164499,0.18087196,7.603374906,0.537964056,2.235418363,0.978474646,0.814016476,0.295322048,0.346536995,-2.690142048,0.550965581,0.049975014,-0.740016037,4.639715797,-1.144738584
2015/4/12,1.978063104,-0.478881186,-1.527932952,-1.289452279,-0.181339398,-1.025984213,-0.998277574,-1.292752842,0.290029458,-0.379282366,0.828926537,-5.703392689,-0.04203489,-1.872216107,-2.422788632,-2.410069324,-0.276256658,-3.374806935,-1.351018817,-3.810729934,2.634828617,-1.287918287,2.125846054,6.082188079,0.965896042,-0.487477143,1.386372555,1.509409771,-2.005663576,2.669170519,-3.46619817,-1.962705126,-0.241896586,-15.36963409,4.962319889,0.307628594,2.846467833,-7.73739535,0.018273184
2015/4/19,4.022907108,4.775260671,0.938099537,1.413920338,0.31057379,1.244756883,1.739083142,3.198229469,1.676382928,1.174784433,2.217157903,1.039603738,3.787379122,1.12503132,1.797774235,0.605995803,3.730882968,1.277089538,1.081677311,1.080409697,0.757561776,1.850987943,-0.175685426,2.451225655,3.126381877,3.514489296,1.464143856,-0.346396224,-3.557178946,-0.505347372,1.896278389,2.237108805,0.17249305,9.906090549,7.640145608,-0.124600257,-1.914879876,4.782252315,1.306970864
2015/4/26,-2.937301665,-0.647033448,-2.024295142,-0.310656628,-0.445946993,-3.160161191,-0.44486796,-1.717302351,-2.636223216,-0.627874021,-0.181571537,-3.064641092,-0.79445752,-3.024448075,-3.258812759,-2.448536949,-1.892704201,-1.051979086,-1.205849572,-2.684364167,-1.522316702,-2.469856914,-2.313666091,1.085875972,1.495404911,-0.944905839,0.25632653,-0.731676785,-1.501233707,-0.496112012,0.61805464,1.505782821,0.069403536,-12.23832332,2.498136819,-2.363341146,-0.62421278,-3.988912176,-0.742152017
2015/5/3,1.27726504,1.622925423,-3.141143916,0.922548119,-1.112769059,0.553788605,0.369757948,-0.036767131,1.211853106,1.320192785,1.270414071,2.204793052,2.892730053,0.866149633,0.600835618,0.178421605,0.134518225,0.348097871,0.867546205,0.932964055,-1.977423317,-0.783539282,-0.736511111,-5.453512379,-2.303113858,-1.312541105,-1.994884351,-1.019693534,0.122152339,-1.74145176,2.962844131,-0.316518563,-0.1500448,3.281606989,3.439720018,0,-1.718091123,9.239656108,6.250383993
2015/5/10,1.389149104,0.174828276,1.774877068,0.446746778,-0.408876412,0.727751227,0.312822425,0.890191158,0.457336323,0.251266319,-1.26206329,-2.268981242,1.425349187,-1.91533005,0.034632035,0.182275194,4.130724436,-0.944514981,-1.232657707,-2.115952146,1.00095778,1.808849713,1.574405065,2.414085695,1.464918815,-1.167749219,0.884271755,0.320747161,0.861201942,-3.67622941,0.026779737,2.059098144,-0.106346991,1.251972534,0.40492716,1.218083069,-0.568431099,3.67792515,-0.30769255
2015/5/17,-7.692287066,-5.146890469,-1.242099441,-0.222109207,0.611307897,0.662617551,0.156750542,0.810251383,-1.017137847,-1.097534566,0.076317676,3.164044931,-2.21275856,2.941403031,2.201831409,2.636529253,-2.077244849,2.071647881,1.018146745,2.925385899,1.862443901,2.657783836,3.372308167,7.786638041,8.794323574,0.617330879,0.611126739,-0.37377381,2.351600174,4.303855477,2.198084702,1.712733102,0.053159359,-3.803945155,0.503864015,3.014471378,-1.833274797,4.6141156,0.13686914
2015/5/24,-5.919593764,-3.018794249,1.966519992,-1.221447364,-1.235633306,-0.455428501,-0.882028655,-0.380732355,-0.380497114,-0.28623134,-3.187226471,-3.454585514,-8.162864639,-2.660050957,-1.673654014,-1.242654265,-3.345395953,-2.956503376,-0.674795567,-2.98949699,-1.469199607,1.463449355,-2.272684409,-0.989506787,0.340008882,0.643956916,-2.052293533,-1.697425695,-0.299539667,0.466026866,-3.872140537,-1.492995406,0.140283008,-2.04005443,0.050247049,-1.761217444,3.096026245,-4.371354946,-3.958323398
2015/5/31,3.769417147,0.402902194,-4.944380848,-0.899165961,-0.379897859,1.154929608,-0.693299795,-0.030773844,-0.31743512,-1.713904998,-3.007686028,-1.916562025,-4.879687345,-1.7555743,-2.915082972,-1.447676978,-1.258778233,-1.39681619,-2.608453188,-1.716517285,-2.2329934,-0.498489114,1.16843912,8.544204685,9.183700207,-3.791601793,-0.599917497,-1.737834742,-3.855242406,0.490885763,-0.272653082,-1.29302344,-0.014521165,13.18812272,0.966513106,-1.219629185,0.907326935,-8.868169458,-2.814038498
2015/6/7,1.313493178,0.705413898,0.847539437,0.276265061,-1.454721224,0.317494517,0.061142507,-0.343098258,0.292557083,-0.30016943,-0.289989641,-0.005894531,2.959026384,-0.398089292,-0.338508796,-0.866896935,-1.735684529,-0.285164842,-0.289635156,-0.206480242,-0.77325415,-0.263384836,0.022982613,2.811917007,2.513212962,-0.409826526,0.074733184,0.603514046,-1.637547774,2.017602769,1.131182597,-0.12433336,-0.082246793,2.638299192,-1.95936939,-1.840672859,-0.646508275,-1.987833039,-1.36307139
2015/6/14,-1.260813347,0.748857342,0.928001778,0.652157037,-0.598962064,1.540615957,0.755456603,1.296228847,0.626572393,-1.595365482,-2.54968643,-1.406623755,1.723317287,-1.766514728,-0.488885666,-1.778433181,2.357352377,-0.784539037,-1.103648968,-1.350010516,-0.254200418,-1.14753564,-0.723237423,-14.29095351,-14.05346627,-0.902367316,-1.924558676,-1.589560442,2.987046364,-0.170593392,1.393999877,1.861816291,-0.078957762,-3.072767652,1.39392634,0.945774527,-1.436151531,5.994303597,-0.483362161
2015/6/21,4.04096001,0.497374965,-0.917182389,-0.385233703,1.052037098,-0.379808993,-0.403659119,-0.715667957,1.309764035,-0.213460773,1.487993577,4.015445897,-2.501819046,4.938955273,3.926682419,1.568495502,1.315681629,3.836180124,0.642449004,4.679842838,2.093269446,2.602421453,-0.808649821,-6.587144432,-8.813821008,2.614578401,-0.361857524,0.602249527,1.880695319,0.933861495,0.742643321,2.067306394,-0.019327095,1.297783175,-0.5854328,1.906739552,-0.755581929,2.371652662,-4.108603733
2015/6/28,0.69678848,-2.812380295,-0.137132156,-1.214081537,-0.852483657,-2.494542039,-1.182799966,-1.413343222,-1.105274526,-0.913446146,-2.413392096,-3.849914187,-2.512721991,-5.087548497,-4.198384515,-1.056462996,-2.827279351,-5.350656159,-2.517772365,-5.086943883,0.674668266,-0.80667771,-0.445547221,-12.85940425,-16.19392282,-1.108784632,-2.275019327,0.655200787,1.230894232,4.957813453,-1.660857929,-0.834497193,0.008052502,0.428878427,0.03354579,-2.416857986,1.452192977,-1.538767166,2.473997117
2015/7/5,-0.648958435,0.136999355,-0.839510656,0.170749864,-1.865215523,0.300766541,-0.007704531,-0.230041143,-0.33226879,0.738389499,-0.322268201,2.299553996,-1.579375336,1.953458628,1.517511565,2.453048748,1.92068535,2.349770514,1.3213699,2.497773517,-3.542316111,-3.770124888,-0.35160002,5.047656136,-1.712347901,-4.861851182,-4.564006446,-1.898100204,-1.476389871,1.375157477,-0.466787203,-1.155713148,0.053162784,18.02985895,-4.633636017,-0.778680185,0.665832064,1.75160868,-0.322550322
2015/7/12,5.716506717,-0.474589438,3.191426636,1.819121625,1.595481755,1.196468576,2.380169746,4.16289202,0.907350707,0.34891065,0.622934627,3.112950665,0.796641611,4.414995401,3.878997645,3.358594719,-0.002415722,3.949564707,1.512469661,3.93235972,2.221145071,4.309713886,2.148567345,2.030662682,7.725004957,1.468280191,2.043096672,2.218283029,2.938268228,0.353911861,0.448874082,-0.289417188,-0.056383863,0.237953711,-7.644826204,-0.490851362,-0.122621624,-1.859853323,-3.618465769
2015/7/19,-12.67635841,-6.097096202,-1.85121251,-2.905380577,-3.167899807,-3.297425188,-2.23436591,-2.359808768,-2.402329454,-1.352093183,-4.354210285,-2.832141341,-6.021372032,-1.316688553,-2.098070841,-1.312812089,-5.051165959,-1.504196856,-2.924530527,-1.935045537,-1.495631542,-0.516514501,0.469948923,2.829195235,3.872903429,-3.122769721,-1.134711638,-0.023858875,-1.030864751,1.060361348,-3.037425466,0.533163299,-0.004831424,-34.24317298,-3.570774032,-2.287710003,1.871697246,3.546470957,-1.648989386
2015/7/26,1.790088195,3.23469182,2.363118495,0.68823607,1.969724485,1.029761561,1.156463603,0.776168118,1.131307147,0.695164877,1.804731917,-0.339506444,-0.034925551,0.498030116,1.053528069,1.122076885,1.510537982,-1.143631851,1.754627878,0.01916483,-0.775250931,0.197958867,0.618511575,-10.53848075,-8.844215688,-1.176160221,-1.978290487,-4.581932311,0.132517141,-1.62567836,1.411960745,-0.610482891,-0.001610423,13.95800084,-5.555300825,-4.193770236,-0.658358535,-3.330098713,-4.653909396
2015/8/2,0.596630097,-4.602489639,-4.017006876,-1.805244437,-1.152139494,-2.599120785,-1.256530483,-1.666210383,0.243731448,-0.275739916,-1.389171785,1.595134134,-3.116216887,1.409371051,0.278270868,-0.211292658,-1.873274556,-0.02236246,0.331127858,1.025360956,-0.98654643,0.674515627,0.235619455,2.172622185,3.015275813,-2.607756189,-0.340769306,-0.182524007,0.37140084,-1.393750784,0.036409977,0.706535151,-0.001610397,-12.54543062,-2.141589301,0.825541287,0.095489906,-2.185083295,-0.568243137
2015/8/9,2.524753433,-2.225204995,-2.184496863,0.596946805,-0.173684413,0.478594394,0.670169522,0.092947032,-2.517759336,-1.43563598,0.065529013,-4.500587557,0.323811177,-3.922482587,-4.682978255,-0.658072856,-1.435787751,-2.710355185,-2.528540654,-4.118228171,-1.340634899,-0.994625357,-0.291105736,5.738110388,5.290153701,-1.631879671,-2.313244969,-2.611816194,-0.539129043,-3.095670868,-0.17306558,-0.822626747,0,9.965117906,-7.146682417,-0.08224812,0.184560542,2.974466655,-1.359986962
2015/8/16,-8.730995416,-3.836227899,-2.684839303,-5.999061095,-5.797407588,-4.719210474,-5.941541937,-7.019089674,-3.685413123,-2.222147997,-0.844692604,-8.158324595,-9.11901779,-6.792312568,-6.7698954,-6.041915289,-4.647874734,-5.746936021,-5.702265034,-7.238525778,-5.566363108,-5.425494697,-0.971602438,-12.26171244,-12.19613415,-6.44893991,-6.818967953,-4.708639044,-2.599664788,-5.1570547,1.241239039,0.963336716,-2.890333326,-4.272198108,-3.172663925,1.686197145,-1.118722781,0.107162003,0.618536685
2015/8/23,4.344825635,3.088300219,0.93528196,1.107230166,2.863531711,0.527655662,0.908142088,2.565179102,2.637901994,2.395218877,-1.600552105,1.704096214,8.492033896,0.948630171,0.695298864,-0.153210367,1.13717205,0.787413279,0.969643939,1.203898927,3.230705701,-1.553016981,-5.98963208,-8.176252858,-9.716452006,2.939076925,-3.62235696,-0.508525716,-3.656422871,1.683518726,2.516247447,0.325431803,0.046946154,78.14891865,-4.943743243,4.121026865,-1.5955397,-4.565335401,-2.12751121
2015/8/30,-0.300409726,-1.40095402,-4.329008068,-3.302322131,-2.829100103,-2.326252748,-3.460623734,-3.03632149,-1.273936339,-1.61443788,0.062913747,-2.561929052,-4.472289999,-3.306379213,-2.963011163,-1.522614427,-2.29290765,-5.266226874,-3.336447058,-3.289074305,-2.700682744,-7.28301892,0.605718065,-2.258360325,-7.149600171,-0.231963339,-3.636327426,-3.166379906,-4.431970121,-3.23505378,-1.8610959,-1.955675067,0.004695828,-7.325759698,11.14728233,-2.224349198,1.182393183,1.446881112,1.893343993
2015/9/6,-0.372928153,-0.208829019,0.603263398,2.032989782,-0.125019597,1.885005857,2.051964317,2.912392126,0.088560367,0.361830022,1.800170036,0.848350457,0.684353636,0.565269699,-0.627920086,1.378402855,-2.216291573,-0.85789163,1.230867762,0.241513012,2.891451652,2.618604388,-0.786896274,1.25968586,3.986103647,3.743993503,3.13526832,0.842170267,1.738543628,0.772776102,-0.286661488,-1.452714986,0.511598366,6.50182525,1.818829585,-1.117627386,0.109161804,-2.234729869,-1.438255983
2015/9/13,-3.102954602,1.842789562,1.941163905,-0.295633635,1.368085888,0.479075854,-0.154117834,0.101351675,1.816745584,1.212105793,-0.793361459,-2.069963107,2.161429971,-0.283337761,-0.678680233,-0.379404806,5.119588386,1.116166216,-0.223370166,-0.965770819,2.772621806,-1.06792287,0.07276149,-3.249176367,-6.036154418,1.864562282,1.918115603,-0.292668589,2.442548131,-0.092624363,1.716589489,1.692795561,-0.300057566,-18.0883742,-3.132148406,-1.600465739,-1.092815707,1.421115914,5.959388411
2015/9/20,-7.431423363,-5.284904194,-2.514673367,-0.427594557,-1.985821656,-3.548711493,-1.372480323,-2.958676898,-2.627630993,-1.782328478,-3.590124334,-2.322303797,-3.490457816,-1.224214009,-1.063389308,-2.705619787,-0.653269662,-3.38448244,0.080241581,-1.407894448,-2.696416027,-1.055343318,-4.537619816,-0.179959889,0.546582495,-3.975216203,-3.408163595,-1.64387839,-1.43090313,0.919004794,-0.309119257,0.658874549,0.167984152,-4.046286361,0.111969556,3.096664692,-0.208212915,-3.322313862,-2.767628114
2015/9/27,3.904580328,4.794961858,0.196154252,0.961972878,-0.290662301,-0.775180353,1.031250286,0.452829998,0.704285315,-0.734998354,-2.684721751,-1.408014281,-3.041148956,-0.487274359,-0.052047601,0.112563799,-0.285892804,0.879570176,0.34267567,-0.805636689,1.37151258,-0.872788616,-2.359517552,-1.287866877,0.839395247,2.101142066,1.498046046,-1.403914779,1.041768275,-1.261085284,-0.977785568,-2.279189627,-0.153865508,5.840439571,2.25723237,0.665618152,1.502405108,-1.586413615,-4.366197458
2015/10/4,9.154880433,4.784509222,4.408507343,3.648660254,4.576081945,4.496519653,3.203803796,2.572943623,3.766845291,3.461368745,5.119310865,5.533616471,14.68874765,5.296059625,4.413893521,1.915534098,6.275005638,7.093747181,4.562832061,5.116845579,2.499371807,3.946668305,2.073033356,4.181862166,5.378616738,1.682686519,4.334636873,7.094217241,2.959213735,4.191654973,0.142818912,0,0.284365593,-12.04326053,-0.350723726,-0.788716734,-0.485445416,-4.507243451,1.735025089
2015/10/11,0.095598622,-4.353826148,-0.218052969,0.766640704,-0.908271196,-0.26206479,0.900203708,1.157141126,-0.025828327,-0.487819825,-1.000660133,0.077520804,-0.539853616,0.029773994,1.396297039,0.408371716,-0.927089247,-0.760430321,-0.595896778,0.448794658,0.52990526,-0.799721772,0.482475934,6.335679967,7.620745015,1.864939854,2.673654525,1.065175576,0.589853699,0.679653411,1.302690228,0.800371654,0.16848673,-20.37530171,8.600442896,1.683791144,-1.135982874,2.05943075,3.735005299
2015/10/18,1.352795605,0.76134203,1.570683338,2.471135565,0.831618192,0.322114032,2.046679981,2.927451439,1.445808318,2.340191788,-0.686156895,6.606650919,-0.949809027,4.589214474,3.766424311,2.210316208,2.069313288,2.364436634,1.030103976,4.809961712,0.49820034,2.874883782,1.18607283,0.619657527,1.990030983,0.797052156,0.36595135,1.241188769,0.693136757,1.034435721,-0.105708255,0.852342582,-0.113405484,-12.65301972,-4.893121784,2.325885096,-0.311393552,-2.919915469,-0.435911432
2015/10/25,9.523330444,-3.698022641,-2.118859366,0.095383103,-3.08937443,-0.360837534,0.202671383,0.43408449,-1.044039276,-1.335657579,-2.274864983,0.513753239,-3.179969992,-0.529055433,-0.632032907,0.31519699,-0.897620329,-1.1095761,-1.296213357,-0.221506686,-0.537119185,1.36014168,1.811626323,-0.879182822,-0.495994237,-1.387289113,-2.23585582,-2.311366971,-2.807427101,0.508387857,-2.933495985,-0.787021526,0.053536564,-3.999177446,-5.793041273,-1.730722257,2.768238236,-6.108769198,-2.25106802
2015/11/1,3.456162067,2.263320305,-0.466789951,1.387501327,0.178196497,3.209103251,0.949616571,1.830679298,1.561712263,0.444381762,-1.973195121,1.262851535,1.035376452,1.750533731,1.654632953,0.353120488,3.12535122,0.888834951,-0.114196563,1.451573748,0.569950493,0.951799554,0.522925894,5.952773975,6.108685796,1.614842244,0.998923427,0.403407539,-1.392023776,0.557221141,-0.118058407,0.748141277,0.489454053,4.131979591,4.36520668,-1.822492515,-0.230616486,1.519456192,-1.134065861
2015/11/8,2.172143105,-0.860487351,-3.189345255,-3.784147799,-3.58959283,-4.53557684,-3.695498916,-4.352845967,-3.660303024,-1.804910557,-2.046261987,-2.577801827,-4.722702104,-3.59920795,-3.526541009,-2.488036146,-0.062267643,-3.324465143,-3.777676942,-3.150420307,-3.377197963,1.705077859,-1.548156606,-0.256314925,1.043073012,-4.278024158,-2.082063181,-2.856928045,-2.444042232,-0.053011624,-2.428152036,-2.487086427,-0.550861224,-5.03507708,-5.062700789,-4.817290857,2.283583455,2.131367979,-3.214445333
2015/11/15,7.249324755,3.427482221,3.974367097,3.299904053,2.701671094,2.463836567,3.216552731,3.52959053,2.886315639,1.525028506,2.155620027,3.770152073,8.627484626,2.120068046,3.283605203,2.99465067,-1.472704565,1.753820374,3.475039511,2.694971629,0.836208398,1.433274309,1.032856538,1.377297008,2.3900848,1.618974388,1.588397382,-0.265932572,1.207533816,-1.81277765,0.353160218,1.208613596,-0.32530064,33.7369053,-8.354850714,-0.636152055,-0.164350173,-0.422654898,-3.436142752
2015/11/22,-7.380795254,-4.82159507,-1.023080625,-0.142158166,-0.486909829,2.29071269,0.044983826,0.441733091,-1.451715476,-2.890719821,-4.343236002,1.552035987,-3.675628421,0.389590691,0.739752114,-0.142850904,-6.455669967,0.198048703,0.637621379,1.052817211,1.947384779,0.020772689,-0.776362287,-5.49750687,-6.005194432,-0.795196273,-3.062950047,-2.03537214,1.090568905,-3.423675345,-1.241556205,-0.269515364,-0.17713408,-26.08216302,-0.862818122,-0.454230213,0.530393099,-9.594570572,-5.483415129
2015/11/29,-0.722444762,-1.122400366,-0.985115459,0.275710406,-0.070864645,-1.591127466,0.07556555,0.287250472,-2.874380005,-2.554504725,-3.565300376,-4.914927647,-5.346532892,-4.466300883,-5.493710743,-2.247333549,-1.831902492,-2.27579049,-2.170151382,-4.641479219,-2.727357757,-1.926818795,-0.020495347,2.548228824,3.025893161,0.002381378,0.756455421,0.694649344,-2.045274352,-1.300346387,-0.499082914,-1.025514297,-0.154930821,-2.288429383,3.215867863,-1.8851672,0.449682025,3.075753128,-0.121551006
2015/12/6,-2.254653172,-0.216278333,-2.398677044,-3.31772322,-4.351339172,-5.184493509,-3.865921972,-4.14520218,-2.338130247,-1.980511557,-6.117843795,-3.907541256,-4.349633645,-3.56738514,-4.07119908,-3.477158959,-5.515251416,-4.546837339,-4.684776903,-3.904407185,-1.314312499,-1.414766248,-1.80654411,-2.598295192,-1.595573272,-3.42411569,-3.532820754,-1.554896142,-2.227822147,-0.85274038,2.72841544,0.497529966,-0.095343047,-2.071574247,-4.261173549,2.607258839,-1.743855174,-1.182369391,1.064612039
2015/12/13,-11.38079213,-3.032506353,1.523282745,-0.794683217,1.815713711,-0.230773103,-0.33947946,-0.210824352,2.20406896,2.27994456,5.615040296,2.560067252,-1.482948947,1.650206061,1.170010451,1.248922637,3.054742215,0.893130737,1.659985473,1.779459788,1.360898081,-1.27525194,-0.92652106,4.117760796,5.579258624,1.727621128,1.348991445,0.640357214,1.971128844,0.145220709,0.95082084,0.692409374,-0.844727066,49.88705839,-11.52218949,-0.777853723,-0.808604975,-9.393875102,1.718009328
2015/12/20,5.429175997,0.236562674,1.9565694,2.443092706,2.168376261,2.965354503,2.726811253,2.515483778,1.36853043,0.685794993,1.117001305,1.119724408,0.937179872,0.816503324,2.270469968,1.118486478,2.359468473,-0.352577685,3.286539624,0.725726961,0.773080802,-1.153423145,-0.1080184,1.358446947,1.164796001,1.275061497,1.743210415,0.864857427,1.268659402,0.081162528,-1.116307685,-2.145477665,-0.405046624,-16.4039512,-2.530341111,-0.999681329,1.202366204,-11.88514454,-0.165739354
2015/12/27,-3.08398144,-1.522378169,1.681383924,-0.726991068,-2.278615668,-1.647604555,-0.830713218,-0.817037332,-1.273388913,0.725041721,-1.101939525,0.143172215,-2.078533371,-0.561707411,-0.519223687,1.282271506,-3.376212444,-1.442780305,-0.197168015,-0.517401211,-1.484860124,1.400184821,0.741916225,-2.476166299,-2.462002596,-0.302011924,-1.015750621,0.177419821,1.291074382,2.766392823,0.997948314,0.261508179,0.078716463,-27.39284573,9.261041538,1.018272146,-0.726824956,13.82598675,0.496396244
2016/1/3,-3.217411898,-6.524311379,-5.933671873,-6.389692992,-4.435935505,-8.225193267,-6.149739854,-7.542242739,-6.518492861,-2.984401494,-7.481118742,-8.685086266,-2.707246322,-6.764501924,-7.274739695,-6.57100578,-1.565298223,-6.884918946,-5.429330238,-7.43241086,-2.252778354,-7.276223894,-2.300686052,-10.50001707,-15.1088758,-5.473139852,-6.897967086,-4.668967742,-4.650506603,-3.348071633,-1.07158602,-1.24660487,-0.265227603,14.57656508,-2.821587235,-1.44170256,0.741003894,14.13249947,0.681473675
2016/1/10,-12.06710809,-5.161474444,-1.98314808,-2.21673038,-3.034543909,-3.747419867,-2.193462581,-3.399564124,1.435872184,-1.836281391,0.562427603,-3.135870402,-12.0797128,-2.893487376,-1.780520767,-1.835131408,0.63384719,-4.190198605,-1.84940414,-2.706168364,-2.041430149,-3.161973241,-2.684356175,-9.384972739,-8.536776875,-1.685785561,-4.66852572,-4.477530658,-2.17507569,-3.570166746,0.660795356,-1.558047098,-1.572212888,39.42362741,-11.06540795,3.48409186,-0.147965002,5.615948404,-5.437952608
2016/1/17,3.042258142,-1.404722837,0.473045495,0.657264054,2.584614159,1.275912358,1.403159351,2.263632491,1.876177955,1.114580706,-0.441930305,2.274653163,5.717202655,2.96107326,3.81889998,2.00247987,-1.157784011,2.07692868,1.638948146,2.367368566,0.029800708,-1.105869421,-0.995727532,0.535967578,1.130324141,-0.075137632,-2.281163171,-2.061192244,-0.206591483,-2.993475458,-0.137306077,-1.82088567,0.176005629,0.037016473,-11.96696151,-0.676172167,0.426073036,-16.30901949,-3.959664929
2016/1/24,9.029272468,6.057667217,1.804211617,2.289978294,3.431678758,1.431903223,1.733278991,0.494725147,4.715033966,4.21144795,3.024062429,0.339723447,7.50682944,1.835387625,2.821857665,0.587069793,4.505197409,1.059381469,3.067381121,0.721127657,1.721265551,3.247509676,0.842282032,-6.332321545,-7.103632524,4.894007946,3.109351237,1.998453049,1.883146534,4.040586701,-1.105288953,0.049083197,0.088119118,-19.01985389,8.998113014,0.484749657,0.63522318,1.840108537,2.990592865
2016/1/31,0.830785229,0.459271407,-0.587076032,-1.599788276,-0.454465938,-4.925290329,-3.151330453,-5.589234147,-0.923557032,-1.428303909,0.594773142,-5.365685217,-2.636078169,-5.022122419,-4.103649536,-4.419408665,0.979118768,-3.653822789,-3.951787472,-5.595199122,0.299228653,-4.070177033,0.164445995,0.941274953,2.67441331,-1.014432871,-2.026895298,-0.22466272,-0.98920266,0.419339977,0.369788718,-0.126262643,0.045609342,-10.06961892,4.346528267,1.844203415,0.001003497,7.170074933,3.339372404
2016/2/7,-1.093202013,-1.950310574,-4.330605335,-1.436560114,-3.044550117,-1.392536844,-0.815528856,-0.589153089,-1.899104213,0.260215371,-1.42506067,-3.49246122,-5.087938065,-5.01854385,-5.481640264,-3.88773104,-4.502589788,-7.051512741,-2.431136224,-4.374005954,-4.397642299,-11.7658412,-5.020258455,3.598341288,3.180980245,1.035953265,-5.152152139,-3.225436288,-7.026361943,1.010535333,2.928014226,1.780916634,0.033460076,14.61983516,-8.468862105,3.632605555,-2.641659207,-10.78779453,1.652534313
2016/2/14,4.759356598,4.266113827,3.859257902,2.584041671,3.430907454,3.836999443,2.80251834,3.776090623,2.235436228,2.086218723,4.189056411,4.582955836,5.097580668,5.549664997,5.002162411,2.664597503,2.88727403,3.39343761,4.16312542,4.08394099,4.316787424,6.564887272,2.490169933,-0.164916875,1.748883946,2.162261231,5.138308499,4.500434242,3.238795741,-0.384804158,0.901027551,0.027576698,0,8.286821798,-4.807821307,6.819211332,-1.110685075,-4.816021236,-3.578718454
2016/2/21,8.918591422,0.120284849,-1.480785336,1.501483162,-0.121899857,2.654526002,1.566060518,1.892105837,0.225818151,-0.940551692,0.19046953,1.32532156,4.243506237,2.144241935,2.564181608,0.173693326,2.587609901,1.873913896,2.420458453,2.003787598,0.204358324,1.376081484,0.623484171,-3.298902542,-5.966700693,1.029155485,0.406990017,-0.282308786,-2.542182477,1.781364231,-1.1163322,-0.698650509,0.786485732,-21.2861943,0.677050657,-0.696302708,0.645947434,-8.599460008,2.263696515
2016/2/28,2.596019595,16.56216053,4.21326107,2.180386757,3.189085143,4.224099151,2.631330831,2.719482893,3.115317093,3.009089778,1.556748884,3.21548563,7.721038478,3.239296399,3.562800573,1.330948548,2.974187143,5.390330937,1.682289354,3.626973223,1.830387626,4.978682401,1.575372189,3.791738597,-0.387119336,2.725398255,4.110505493,6.842150547,6.279663365,0.557546864,-1.821610024,-3.791655214,-0.275591931,-3.570037032,10.06937729,-0.823989977,1.613145224,-0.723229856,2.260655463
2016/3/6,-1.654470106,1.122332594,1.489829046,1.20714217,2.315463747,0.519017155,1.103890201,0.664521662,-0.253436779,0.10193483,1.974495889,0.070820596,3.286669518,0.808325844,0.854803213,0.198485767,2.796357743,3.117187735,-0.966681272,1.192915646,0.803663061,-0.447139712,1.97113295,-2.246218082,-1.833902187,0.721514581,0.113432892,-0.287335218,0.331431961,0.506512763,0.638164259,2.541333334,0.496613632,-16.12429081,9.147567012,4.045820262,-0.851077673,-7.234857933,6.798844565
2016/3/13,-1.118049767,2.34147715,0.322721184,2.234665355,-0.184536382,1.289055548,1.345381156,0.988679612,1.655784821,2.994770109,2.639043477,1.209906817,4.569991831,-0.676250162,0.685814947,-2.336922876,4.390717753,-0.435461532,0.808638707,-0.457483145,1.045037554,-1.271773527,0.310620071,5.025461345,7.835509732,1.193950307,2.30994266,2.717901612,1.245835539,-0.332807553,1.344967695,1.118345339,0.195335092,-2.158357167,6.936399786,-0.885031458,-1.210256872,8.950925509,-1.483805321
2016/3/20,-3.206339469,-2.305221913,-1.926564121,-0.493024098,-1.034893382,-2.029218587,-0.667726541,-0.462737367,0.362515644,-1.734706904,-1.322694597,-1.004444832,-2.622406836,-3.021775172,-1.654841228,-0.48879903,-1.931903857,-2.929433898,-1.352642426,-2.416060629,-0.418016016,1.648184997,0.181199129,0.818259606,2.082428313,-1.207390002,-1.589706503,-2.065003454,1.464044139,-0.639552598,1.043580804,0.651242429,0.365546528,-16.28754993,2.412228844,-0.40561554,-1.099900263,4.559652778,1.834913867
2016/3/27,5.302614729,1.806093856,-1.681978642,1.569173661,0.614438162,3.472008388,1.793307273,2.911627482,0.905791344,1.491525881,1.895473728,-0.577320435,-0.030159264,-0.171984989,-0.690393467,-1.12831579,1.225315395,-2.156234895,0.645909662,-1.126272636,-0.517515268,-5.057864997,-2.41881635,1.005191334,0.385823765,-0.54623543,0.750703803,-1.020150467,-0.044719387,-1.739234951,-0.927088116,-2.361764331,-0.683731759,5.008000515,0.050697086,-2.632368386,1.100940061,-5.441687162,-2.371827908
2016/4/3,-7.546141954,-0.533440361,-1.243852205,-1.220211743,-0.325742533,-1.839337811,-1.222232583,-1.30771953,-2.647312763,-0.438224581,-2.765380474,-1.775613295,1.965566459,-0.44334454,-0.073678397,1.666631078,0.17347952,-2.051757539,0.945073048,-1.408315492,-0.077047464,-2.142540707,-0.476176566,-0.819757397,0.325972398,-1.349513621,-0.628933506,-0.361484076,-2.067763158,1.865400487,1.959890694,0.585147427,0.57562531,-11.79526566,-7.006143148,0.106309042,-1.63009202,7.978711662,-2.751737011
2016/4/10,7.985469157,5.671867127,4.357258278,1.806984981,1.779070542,3.016973052,1.605041808,1.788397951,1.497948105,0.923739421,1.063914248,4.364967689,2.918090437,4.366314602,3.714470536,2.489367215,3.654727736,4.900711479,2.220974672,4.773026782,2.140165362,6.286269738,2.106509947,3.073267459,3.027585245,1.843121584,4.539714659,4.034558206,3.833478708,0.945479092,0.122871702,-0.705420532,0.197768984,15.91544975,7.662877006,1.645560579,-0.387568654,1.723306712,-3.543724083
2016/4/17,4.99202281,-0.603001752,1.518227336,0.592126619,1.721523221,1.384807058,0.520096755,-0.649911627,0.168272617,0.415195306,0.158641077,3.152467215,2.870781279,1.643531688,0.210612739,1.17639368,0.298713189,4.224321236,-0.526467153,2.801589422,0.038707757,4.210087498,1.493308659,-3.93865424,-5.573564543,-1.910462639,0.703872224,0.562380732,0.620329296,1.849440348,-1.04039027,0.487271894,-0.151451958,-12.0227427,1.598435631,-0.742417871,0.459410773,-4.522867461,3.035170051
2016/4/24,-1.3850664,1.877998256,0.301279712,-1.286360872,0.556686055,-1.391881195,-1.264426692,-2.703646235,0.375413552,0.712319875,-2.41647107,-3.2778994,2.087647595,-3.127401037,-2.661677292,-1.849303711,-0.585429087,-2.268629759,-1.092238357,-3.660773834,-1.064444763,-5.296089492,-3.935678138,-0.709448916,-0.100722907,-1.866593942,-1.880852707,-3.527303958,-0.628609419,0.981096427,-0.435227405,1.454672829,-0.389936147,-2.98084663,8.019516994,-0.373286159,0.41524885,11.78998649,4.928664742
2016/5/1,-1.988145542,-4.152865533,0.754920981,-0.185897159,-1.808031917,-1.43574671,-0.395882567,-0.824479438,-1.263651962,0.17435697,-2.343446753,-1.697973178,-4.196780392,-2.926144029,-1.919691558,-2.870272757,-8.508697309,-3.651168769,-1.878998552,-3.06375125,-0.878404786,-3.413713986,-1.952685311,-0.856869298,-0.405196268,-2.801749195,-4.64994692,-3.868818302,-1.493297767,1.042365493,1.956871611,1.447502528,0.413102707,17.19298779,4.886638659,4.879016417,-2.153867269,1.760119548,0.747256224
2016/5/8,-2.501309123,0.166148297,0.696735706,-1.164035657,0.34324197,-1.107734721,-0.513190283,-0.390741604,0.42515254,-0.137986332,-2.035461989,0.836917842,1.075314358,0.434973422,0.508765724,2.428516371,-0.717142711,0.222686563,0.208737702,0.671593285,-0.492939102,1.87889938,0.710520198,-3.001430801,-3.437029517,-1.144942298,-1.961339485,0.150392201,1.047709179,0.397529928,-0.446175448,-1.260217071,-0.400795961,-6.445359905,-2.78225056,0.278357869,0.886935635,-3.599360265,-5.838277491
2016/5/15,-3.610314421,-4.099976365,0.417591873,-0.196253887,1.236093598,0.88860576,0.278609476,1.093690412,-0.544534055,-1.321098921,-0.496996959,-0.371233488,-3.172770357,0.781890772,0.193575209,0.898577049,-1.881144687,0.568238565,0.289878379,0.186862572,-0.987066916,1.955743065,-1.592599323,-0.057672679,0.587250781,0.95855216,0.671748776,1.051525221,-0.837803495,1.048632782,-0.854141591,-0.47235431,-0.489561371,2.150620522,3.411797847,-1.658335329,0.753415139,-0.23826554,-3.784746893
2016/5/22,0.560832931,-1.360702955,1.015142767,2.104890943,1.324916856,3.374120749,2.25187649,3.379664481,2.12155057,0.387205836,1.801672609,3.666225384,2.698701838,3.627560422,3.746060961,3.624147756,2.164774567,3.760266261,1.842314709,3.851723674,1.097834782,0.586754789,2.265955308,-0.15691056,-0.031787464,4.005990345,3.584793737,1.390166343,5.117941253,-0.879914427,-0.745609703,0.963178288,-0.259919113,1.058210933,3.278284204,-1.534718834,0.789743806,-1.635438086,-0.895998245
2016/5/29,0.498618901,3.148618195,-1.622443466,-0.370849533,0.85804534,1.182944681,0.00333477,0.182462032,-0.425671332,0.011703916,-2.52115813,-1.795574091,-1.635057523,-2.080526943,-1.256362411,-1.752387331,0.140873954,-3.41427666,-0.980103067,-2.664068033,0.842986426,-1.150710772,0.998839755,4.085134486,5.272237559,1.500569341,1.784412585,0.239498024,0.783398247,1.631463482,-0.975879538,0.851478055,-0.218115901,-14.71576443,3.255334832,-3.05150948,0.164533187,5.058984625,3.042515193
2016/6/5,4.085113941,-2.395108593,-0.118515745,0.326751505,-1.339093442,-0.018040695,-0.145881033,-0.975298137,-1.64807854,0.466934729,-0.638243507,-2.694933047,2.40914847,-2.636573644,-2.165608762,-2.808826995,-1.61524805,-3.598563173,-1.523226689,-2.92608366,1.588155684,-0.245882112,-1.003034181,-0.392783124,-0.271903827,1.431926495,0.454395984,0.487909778,-0.619249913,1.314882339,2.241887329,-0.720538372,-0.022851746,2.632720691,-1.449744636,2.130508296,-1.553363723,10.03688248,-0.165308811
2016/6/12,-1.90210907,0.226363329,-2.862165915,-1.070225884,-0.971899941,-1.66596161,-1.19263572,-1.943559248,0.284515462,0.39893792,-1.559213484,-2.08843724,-1.566304304,-2.656219595,-3.265443946,-2.674701794,-1.91184804,-1.525025847,-1.560073991,-2.150672796,-3.235211124,-6.223550057,-1.532899356,-1.446964221,-1.310206627,-1.705708474,-4.235549489,-2.132047915,0.001835957,-2.171938038,-1.025740712,-1.82088567,0.044184754,23.45115043,0.921288121,2.620445318,0.565251864,6.380847991,-3.977865653
2016/6/19,6.307464946,1.146150104,-0.963426715,-1.564695534,-0.071167338,-1.510432546,-1.645841227,-1.942780744,-0.932239796,-0.320901572,0.863767104,-0.773382938,0.2424882,-2.098730617,0.574490037,0.43426051,-0.086208617,-7.115206697,1.934305829,-2.598426093,-1.452080874,-4.240271138,1.686580037,-1.073990182,-0.342642794,-1.068823621,0.441019575,-1.019502139,-1.003772543,-0.49819386,0.230823966,0.698912546,-0.403033176,13.08119025,-2.246359269,1.470443112,-0.233985104,2.587516437,1.003311977
2016/6/26,8.181586533,4.159367554,2.575481645,3.104170809,1.235223933,2.559336999,3.16617275,3.230816343,2.914505433,1.454332248,-1.429071366,2.265206551,2.257099519,3.991370654,3.395262691,4.270756054,3.373700771,5.995592334,6.909353936,3.780876723,3.173636211,4.769775792,-2.451201828,2.702535574,3.016127294,3.035336243,2.607672085,3.977047656,2.920969438,2.203425625,-1.4289785,-4.837236596,-0.505670939,28.30345041,-0.711151292,2.109202445,1.299553868,1.475901909,2.856308422
2016/7/3,-2.832817533,1.723427932,-0.307337196,1.093591343,1.379045862,1.76430054,1.273390938,1.918519676,-1.020001109,0.117011979,-2.268509651,-1.509475846,0.110297869,-1.9677786,-1.164322933,-0.586363526,0.085913412,-1.008832729,0.194555693,-1.574912775,-1.226214098,-3.738727701,1.031182747,1.87859059,1.455823774,-1.120089505,-1.113203596,0.023535983,-0.061856105,2.712190813,0.170763534,-3.103210925,-0.510639407,-55.62248047,2.794345116,1.351980936,0.146376171,11.51918193,4.8046192
2016/7/10,6.289971213,4.483868113,3.735859061,2.017399651,1.548830534,2.346215139,1.48384227,1.458616837,2.096472844,1.642541685,3.116124722,4.44048954,3.092894249,4.247420299,3.118444413,1.461289912,5.977756142,4.129342591,1.185544976,4.162998088,2.721529855,8.807318071,3.378189342,2.19160465,1.972631274,3.512887103,5.18823739,2.713427357,2.587813252,1.552617934,-0.730028928,-2.334380164,-0.485619744,-11.2381267,-7.588385054,1.488420236,0.638407509,-6.429304296,-4.521065135
2016/7/17,1.291102667,2.529891544,1.255529954,0.29282203,0.813123311,0.626914633,0.612900458,1.393344193,1.748254169,1.095518011,1.889493717,0.797061361,-2.918593413,0.196261948,1.296557026,0.470553416,-14.37093549,0.804398736,0.914055314,0.457942961,-0.343629298,0.781284634,0.45823241,-1.367391656,-1.060185629,0.70467402,1.398442725,0.68135239,-0.002341564,-2.995635383,-0.172015795,1.812738459,-0.008970755,-4.097983526,1.182150369,-2.319979135,0.244699173,-1.619614313,5.262558252
2016/7/24,-0.271974547,0.535387509,1.160890386,-0.749184181,-0.122809558,0.579573561,-0.065767842,1.207737323,-1.861261963,-0.40358385,-1.870739188,1.855463248,-0.90258454,1.331174833,-0.779472048,-0.827480394,4.986625418,-0.147785284,-0.089930002,0.621502288,0.290572981,-0.349314078,-1.069279817,-1.117471776,-3.609394344,-0.319265949,-0.332454695,-2.637217597,1.132744348,0.758537139,-0.545158537,-0.623481338,0.137640093,-5.266506523,-3.905532966,-0.301363899,0.982082203,0.759085517,0.089505488
2016/7/31,-2.623347386,0.614080507,-1.175441661,0.601963589,0.45177353,0.926884461,0.425574559,1.136265325,1.136831855,0.003043873,3.666046112,0.286988037,0.847012358,-0.66121845,-0.380867992,0.822721124,0.871453703,-0.558197472,1.021469316,-0.571720419,0.086759728,-1.918305751,0.298437893,-0.088649511,0.124324516,1.191725124,1.156846198,-1.422562019,0.515540943,-3.845063566,1.787858005,0.911098854,0.633788016,-1.255772049,-6.039835188,2.075940738,-2.09844649,3.502923153,-0.470800107
2016/8/7,-1.496759609,1.098675235,0.607529774,0.177478495,0.671381359,-0.12027046,0.054042668,0.225367944,2.448351666,0.933520326,1.751263143,3.285015391,2.023306625,2.012021987,1.323436259,1.221407377,2.803903832,2.051556092,1.787860298,2.367086502,1.599184608,4.012490859,0.754488248,2.454593426,1.780752534,0.638839701,2.764720879,1.377583645,-0.126762447,4.148122504,-0.799680797,-1.201352648,-0.287354358,-4.127843116,0.479617226,-1.010184628,0.67318534,-3.683135853,-2.964869392
2016/8/14,2.812644065,1.364621634,-0.075965855,-0.128740217,-0.407611799,0.56353252,-0.008241909,0.104667252,-0.137448961,-0.323916784,-3.145805853,-1.590697481,1.156106322,-2.239690235,-1.189633108,-2.043144158,-0.106155086,-3.096886388,-0.828609086,-2.552548805,0.281003713,-2.235812409,0.066079673,1.865036839,3.220810707,-1.277137745,0.745275266,-0.818715156,-0.060556953,2.054829811,0.683271561,-1.154036504,0.317491633,1.394965951,6.236810529,-0.044802868,-0.473366262,-6.945680098,-0.743497849
2016/8/21,1.057332286,-2.367957236,-0.202858196,-0.850769057,-0.324475672,0.101826419,-0.681385895,-0.372180629,-1.939893186,0.182329233,-1.357376821,0.410844161,0.799340034,0.935274319,0.951511509,0.503695314,-1.321622163,2.441953942,-0.305176553,1.410396446,-0.915550616,-1.125077318,-0.997185096,-1.223307332,-1.659652143,1.072894291,-0.120750096,0.478106448,-1.094593413,0.349317357,1.467540902,1.169334041,-0.26940604,-1.834913867,8.671163926,0.246167742,-1.261026886,-0.077369443,1.274492978
2016/8/28,1.270941135,3.238956298,-2.621312253,0.523540967,1.058728624,1.108507411,0.503102909,0.591854487,0.879431328,0.061108252,-0.471292975,0.903088606,-0.367418555,2.232941248,2.310791117,1.530527452,-0.306485786,2.839379288,0.823589324,2.27855049,0.039746701,3.394926648,-0.604364844,-0.096453705,-0.499950184,-1.591378047,1.546973607,-1.898117065,2.728247363,0.3617575,-1.136577676,0.488289671,-0.2806735,18.54032233,-1.830333959,-1.471056248,1.114601725,10.53218152,-4.232938534
2016/9/4,0.062114098,-2.748098387,-0.627335889,-2.222829543,-1.743312591,-2.640337269,-2.422242067,-2.390095857,-2.820049034,-0.961204426,-0.762710027,-1.038525116,1.839937896,-1.124041427,-2.339492174,-0.364406932,0.220868232,1.300312728,-1.721134828,-0.86549569,-0.021588841,0.23652001,0.921640116,0.374215399,1.143485798,0.73321231,3.517623852,2.445319782,0.645497493,-0.065262761,-0.375772116,1.165267423,-0.128815811,-13.05009289,-6.953277972,0.173748863,0.315592834,-2.790221624,-0.264582235
2016/9/11,-0.927004824,-1.598921794,-0.799184389,0.211824406,-0.616130782,0.455812802,0.531994683,2.288518541,-1.160974127,-0.951577815,-1.138649721,-2.851757381,-2.715015324,-3.60312553,-3.096833606,-1.630941994,-1.35100112,-4.441550233,-0.988646935,-3.939759241,-1.907801539,-2.666840639,-1.64950198,-2.499431294,-2.908717706,-1.68627391,-3.22197293,-1.609639053,-0.984336329,-2.972415159,0.687840489,-0.195783195,0.035931909,37.89622882,3.188932749,0.541965948,-0.539829319,0.178922932,0.76775809
2016/9/18,3.803076668,2.793482559,2.509453085,0.75662889,1.696450326,2.407150186,1.186393552,1.159788249,3.961120783,1.064454124,1.614109867,3.356748688,3.327588576,3.542769786,3.449505458,1.736886122,4.797551038,2.179154799,2.924646635,3.253207677,2.699606142,1.410944051,1.861829373,1.028708289,1.476103927,4.204959742,1.492475824,1.037937683,0.587121393,3.826559146,-0.696804677,-2.025347135,0.070404077,-12.97833234,-6.413174541,-1.841030823,0.811776723,5.257956011,3.05978212
2016/9/25,1.412997176,-0.563795657,0.084658427,0.255403534,0.189846436,-0.237005701,0.165245043,0.117727404,-1.121156782,-1.60125985,-3.051512838,-1.097087878,-0.308340547,-0.904789124,-0.474190631,-1.631535286,-4.183810816,-0.502188183,-0.146283979,-0.996602858,-0.509555243,-1.832247876,-1.282858987,-0.96711912,-0.39778532,-1.276555194,-1.657338574,0.437272151,-2.527266201,0.619773134,0.634468864,-0.207892279,0.059957432,-22.3631634,3.314210309,2.380075327,-0.744662626,0.237167653,1.860198317
2016/10/2,2.724298151,4.590849321,0.577808327,-0.370246758,-1.089723648,-1.212935002,-0.672374878,-0.369658299,0.739756901,1.342162358,2.439138265,-0.191982872,1.122970229,0.037086278,-0.503109473,-0.177328559,1.926722125,-1.782426798,2.080724993,-0.05564061,0.496409744,2.463353992,-0.534368595,1.705850431,0.924106064,1.073756591,2.35294892,0.20088053,0.998925039,-1.644104063,0.133529196,0.015414258,-0.032981036,7.822594915,8.114890248,-1.671473939,-0.007338411,-1.672108571,0.589838371
2016/10/9,1.613123531,1.071008642,-0.61276725,-0.561371302,0.128502226,-1.972321659,-0.96858028,-1.489382753,0.220046564,2.088789656,-1.84831958,0.849694072,-1.91733284,0.471033275,0.097716984,-0.427765924,-0.542661912,1.651352483,-0.438756311,0.817162881,-1.527825895,-0.022066374,-1.333367115,0.24230058,0.877393006,-1.092085177,-2.62734999,-2.108863352,-1.321702013,0.007603811,-0.356474845,-4.266684153,0,1.419523276,3.202721467,-5.076995274,1.321625786,9.418334858,-2.14914536
2016/10/16,4.723831719,3.719991987,-0.068112997,0.040403384,2.398500293,0.468215345,0.382767527,0.825860631,1.491811101,2.482451168,1.878570981,1.224470013,0.338172668,1.44667944,1.520020454,-0.68280309,1.649674875,3.722104357,0.09861751,1.719241932,0.509905781,1.92844251,0.950818656,0.881601226,-0.100239076,1.531017241,0.60543816,0.560368432,1.269375043,-0.368689287,-2.074763219,-2.006484601,-0.853711045,17.88536316,1.078285208,0.287150233,1.379927471,2.84057382,-2.480239444
2016/10/23,-2.149317894,0.311487917,-2.734884521,0.085273052,-1.034515303,-2.534938351,-0.69126265,-1.288364315,-0.852890711,0.730037453,3.672080113,-0.135843944,0.592339749,0.275409794,-0.442604636,-1.584259365,-0.650224652,1.102640982,-0.34544468,0.051649454,-0.670219318,1.512084482,-0.441607043,0.430333131,-0.35284385,0.003760713,-1.811390579,-0.524143625,-0.63527813,-0.90460891,-0.796160691,0.393088705,-0.561670181,-18.92936966,0.988150333,0.967033535,0.700622645,-9.309042307,-1.047878129
2016/10/30,-6.437818234,-4.305463782,-1.968605133,-1.514114986,-1.884639052,-2.056175033,-1.957992929,-2.808379188,-2.771797606,-1.645979344,-3.331954389,-4.171956247,-2.142251494,-3.834644884,-3.319908864,-4.069387168,-5.330226244,-4.554805826,-4.427467064,-4.134322754,-1.86938148,-3.150316542,-2.551489147,0.675809487,-0.079108571,-2.598993529,-1.369352958,-0.97983678,-2.392956158,-2.610519513,0.94189348,-0.409500982,-0.181607497,19.36267272,-4.320109241,0.856149439,-0.349189303,3.673748651,5.064668845
2016/11/6,-6.759945571,-3.997816739,3.599876934,5.224301846,0.317636875,9.734439052,3.731110515,3.710064653,-3.7453984,-1.34142032,2.167754373,3.907587857,-0.108172159,2.522145752,1.106205971,3.711159529,1.213871879,-1.748673422,0.553798471,2.522963441,0.121519258,2.738957364,2.655407146,2.237586552,1.627137139,-1.224807846,-0.493783781,0.92087598,-1.643188068,1.484484398,1.364992945,2.70418032,0.332459395,32.95658872,-9.989975123,2.158607663,-1.283341566,-11.52500146,3.202602672
2016/11/13,4.528051828,1.305979316,-0.210622532,0.107488717,2.098145455,2.559771484,0.802976924,1.59872782,-1.374687792,0.683850522,-4.032353336,-0.031782477,2.103171988,0.33534915,1.1762347,0.307383782,0.616659669,-0.188853093,0.671397881,-0.30375921,-0.497600174,3.353925626,0.527750033,-0.099547661,0.100793632,0.568057164,-0.832890612,0.850843146,-2.714822449,-1.19874511,-2.564476263,0.660804124,-0.825415549,-46.28326012,-1.508944954,-6.392128597,2.000698942,-5.497113528,10.21594533
2016/11/20,4.671085796,2.628503628,2.731324087,1.49508033,1.412272921,2.370512526,1.431114807,1.44418359,2.215109804,0.427588479,4.007304979,0.324942022,2.761363538,1.014297534,1.608979652,-0.291649559,-1.701351687,0.595470416,0.95443613,0.907867391,-0.006077426,2.276992992,1.215634853,2.140504355,1.34474726,1.654387777,1.683020382,0.725874461,0.496652944,1.413467687,-2.499663817,-2.052340755,-1.112322799,-9.778324236,5.118962626,-1.272751918,2.229380567,8.206726714,-1.706012275
2016/11/27,-1.294879215,-2.039865602,-1.16511846,0.095400732,-0.152151055,-2.476220379,-0.971564631,-2.689524517,-1.785304318,-0.162173995,-0.711202008,-1.752963669,3.064936918,-0.472515195,-1.848905124,-1.245041789,-1.315719401,-0.778871513,-1.621525316,-1.096735498,-0.195180376,0.243756115,-0.813645967,-0.556429719,-1.128984581,0.331579458,-0.700537462,2.078050792,-0.339483448,-2.158730197,-0.0094451,1.047467477,-0.45044795,-4.049779286,0.806543882,-2.552760286,0.259331898,8.169182469,7.898328652
2016/12/4,1.458590379,0.306248532,2.119193132,3.013180061,1.710447724,5.464813237,3.036526845,3.53022364,5.157462451,1.562197948,6.311058869,6.359195478,5.549598933,5.064092501,4.388491465,3.974675205,3.133345562,6.330622077,3.266510999,5.873881717,2.707346293,3.048085591,0.505585742,-0.338443239,-1.133627318,2.187022278,0.865561004,1.251314089,2.140332674,-1.600956325,0.809035457,2.007605614,0.48238941,13.47462136,11.51259651,-0.152710643,-0.676856645,10.77563468,-1.926405182
2016/12/11,-3.75200962,-3.55323779,-0.499392573,0.437169543,-0.392614133,-1.735344718,-0.064636092,-0.134905908,-3.894842759,-1.252596423,0.983691771,1.7727215,2.263978783,1.44209123,1.673970717,1.569055945,2.430378498,2.617680031,0.822439361,1.91122752,0.863064225,2.108443438,0.715504903,-3.458570664,-4.307159005,-0.704083048,-3.306247567,-0.619955532,-1.491381934,0.225682786,-1.045453365,-1.20926192,-0.307375806,-18.37389915,-0.34890518,-1.359169532,0.749703483,8.63805999,0.873367997
2016/12/18,-1.269716755,-0.777130263,1.702428042,0.454532296,0.496725225,0.535147675,0.252993372,0.46844767,0.115510374,-3.61557486,0.78190703,0.401856851,-1.56561055,0.132534562,1.074383617,0.059779982,-0.799683355,-0.480286326,0.802998105,0.450927644,-0.31092631,0.136599588,0.517232493,-0.411671764,-1.31389761,-2.696543037,-2.046107774,-2.300360863,-1.90639068,-0.046706771,-1.056498667,-0.630162018,-0.758584543,3.758271115,0.77369825,-2.131164032,1.304192037,-9.2511111,-3.227325809
2016/12/25,3.38655569,3.876454345,0.671173172,-0.862602243,-0.264961903,-1.054014683,-1.108699187,-1.467321069,1.033654653,2.07361603,0.737858621,0.271510468,3.031616376,0.466503079,0.064180204,-0.155234704,1.504757264,-0.166668486,1.050745013,0.50422912,-0.464755314,-1.625793035,0.498254418,-0.209534033,-0.222996608,1.907745668,1.954379466,0.33763317,2.474224245,1.194608109,0.047830871,-1.653997124,0.19990371,-6.431996579,2.135041069,-0.33465465,0.046611899,6.983195323,-3.37534524
2017/1/1,7.767180565,2.359575227,1.572519139,1.012937091,1.354376458,0.745118904,1.689659557,2.530173911,0.934799321,0.405078467,2.576485167,1.022102852,1.742899787,0.972772109,0.789556448,2.375372618,-1.329522437,1.736316676,0.936682972,0.927152349,1.112000427,1.76292592,-0.200775264,1.619732565,1.096632298,1.274813621,2.258117046,2.802323913,0.706045685,1.285850622,0.572193055,0.373528652,0.020156356,20.47944126,1.311617079,1.688209786,-0.697559432,1.678891316,1.18439606
2017/1/8,3.233104755,3.171423733,-0.601219931,-0.391824445,0.007937192,0.348260693,-0.102820543,0.956458651,0.240336578,1.390448642,0.853379695,0.259770709,-1.235653577,0.257314532,0.2235692,0.411745935,5.57033878,-0.045197741,1.75645469,0.095402768,1.341299972,-0.862385612,-1.218018479,-1.326314942,-2.769560287,0.070502721,1.911881615,2.085684436,1.881196898,0.584453368,0.161527899,-0.41421379,0.350505562,-21.53393258,0.501347258,1.881741309,-0.075307468,-12.54317075,1.603518472
2017/1/15,0.814252145,1.356000586,-1.165635258,-0.294513493,0.325977027,-1.483194707,-0.146504057,-0.337663009,0.322481097,0.527318511,-0.491311066,0.008168772,-1.671653689,-1.46976603,-0.433234429,-2.117094828,1.875005565,-1.392168242,-1.91760971,-0.751840106,-0.539785011,-0.777462661,-1.991338747,0.332911355,-1.025998182,-0.506353469,-0.224645684,-0.463541332,-0.608968013,-0.908704805,1.048316726,-0.882863578,0.292304784,-0.798230402,-3.046493594,1.913812996,-1.003956377,3.998145872,5.501769348
2017/1/22,0.921657319,2.317900869,1.04145618,1.335306029,0.179477482,1.384753354,1.024100059,1.880386464,2.324346539,0.481605131,3.816544135,1.570897841,4.85146106,-0.220625125,-0.022637238,1.254196942,0.910764022,1.313286051,-0.193980008,0.117829349,0.866678518,1.707008703,0.156054524,1.147042888,1.462182689,1.240629968,2.053711046,1.769981016,3.436355676,1.643418507,0.552772289,1.596515135,0.348407117,2.723049233,0.09542896,0.7073048,-0.493368282,-6.494808145,-2.446029757
2017/1/29,-0.079549612,-1.649043384,-1.630298291,-0.111140888,-0.640343291,0.519549729,0.118899605,0.105759861,-0.414216818,-0.268416197,-0.381234882,-1.387405404,-0.43671303,-0.301281085,0.010290289,-0.343446792,5.299237621,-0.436552985,0.053016848,-0.919044733,-0.501835419,-2.861685001,-0.654667976,-0.603239629,-0.47076179,0.080514152,-0.996222693,-0.750315877,1.147163114,0.98614193,-0.037379685,1.444068415,-0.075591287,-8.685383465,1.420612962,-1.352387253,-0.163008942,5.672483394,2.427440669
2017/2/5,1.562839033,1.786756312,1.74573741,0.981197401,1.619813462,0.795181081,0.809798249,1.181674847,1.203818199,1.175103192,3.719250391,0.132770365,-2.224663969,0.060080344,0.746302722,1.254013265,-1.041735319,-0.898057074,0.975293343,-0.069682793,0.092569385,2.40619717,0.259843111,1.784208912,1.798255797,2.196922753,1.908965928,1.903244025,0.599961878,1.160353793,0.791327501,-0.53508094,0.174527729,3.619884786,1.233660506,2.572115578,-0.682746404,-10.17300353,-2.522724144
2017/2/12,0.910626804,2.424804885,1.478372289,1.734699099,0.69381213,0.790336527,1.502408672,1.80515776,-1.331776944,0.883938923,1.543171567,0.768873652,-1.036090808,0.80983126,1.925937503,0.592713631,1.539425646,1.294619319,0.566123098,1.15448328,0.264699384,-0.747461302,2.409939847,0.168157095,0.113224405,1.175914825,1.927269626,0.233890352,0.319609701,1.404822332,-1.334908971,0.024020177,-0.128016776,-1.09991943,0.055715481,1.229306807,0.946012947,-0.951294692,5.652268591
2017/2/19,-2.906944821,-1.61598636,-1.157243876,0.954072316,-1.945484204,-0.382196158,0.685813857,0.115201371,-0.248460044,0.076666375,1.079018,0.399048959,-2.026983877,-0.460011395,-0.841068158,0.224634623,-0.646008752,-0.493833375,-0.773674311,-0.142751313,0.64867164,0.254010193,-0.598620201,1.590922578,2.381802041,-0.301581508,-0.283503497,0.301381183,1.3265064,-0.945935725,-0.254058005,-0.618351699,0.174608993,5.731201187,-0.857734142,0.258586003,0.158618467,-6.819273966,-2.222718579
2017/2/26,0.77118057,0.185840231,-0.163925886,0.879571181,0.481858695,-0.027970524,0.664359159,0.434276369,0.776822241,2.140348845,0.942184958,1.874305594,-1.862078072,3.046665807,2.19042292,1.679996339,1.645165771,3.584426943,1.786343263,2.961089872,-0.736666587,0.95803065,-0.058881598,-1.085344737,-0.447968627,-1.054308306,-1.738232872,0.170209533,-0.470370127,-0.764462459,-0.481655556,0.434049391,-0.036402024,-0.174216072,1.098809826,1.537629398,0.137595856,-7.584663057,-0.944014415
2017/3/5,-1.93678397,-3.211874967,0.799642685,-0.490257299,-0.654473883,-2.092567812,-0.44241533,-0.153761213,-0.660752103,1.306539958,-1.486601962,-0.535045506,-4.836932263,-0.03624186,1.038357412,-0.00103806,-0.123792067,2.099557554,-0.423718507,0.37773189,0.890789157,0.693255387,-0.273387256,-0.172599626,0.517651239,-0.210831107,0.067697496,0.351999903,0.414982566,1.017990098,0.566413296,-1.397268624,-0.409699691,-4.548264962,-1.229981962,-2.429334398,0.452038393,7.337356801,0.297121853
2017/3/12,2.807861289,-0.721576627,0.414680254,0.055670341,-0.104461159,1.905178817,0.237852286,0.667704621,3.116649797,3.676041635,4.311986647,1.097838731,5.163937486,0.716786007,0.992824834,0.328871529,0.977231794,2.364297723,1.108892433,0.936394263,3.155170416,-0.424371008,-0.861812617,0.765560209,0.614317585,2.874805505,3.096662116,1.143326542,2.492585358,0.729820635,0.460202738,-1.013660278,-0.178174412,6.19118994,-9.51414335,-2.064982264,-0.296851718,6.205932738,-3.836811918
2017/3/19,1.385337607,-0.555973446,-0.798058438,-1.531659613,-0.309183013,-2.686093848,-1.451458385,-1.232097457,1.004151775,2.182336459,-2.74301752,-0.256379512,1.141949768,-0.165967875,-0.916553893,-0.980705254,-0.119420163,0.61882349,-1.194179123,-0.123611562,0.201683223,-1.335927451,-0.764729266,0.983579215,1.241006319,-0.057642795,0.198651341,-0.839004459,-0.569848898,3.442708623,0.597909106,1.815641165,0.08832324,-3.313293485,0.596280167,2.357689197,-1.124355067,-2.014843176,3.65121424
2017/3/26,2.803356524,1.75418584,1.917706638,0.322346846,0.678147651,2.282844267,0.796315849,1.413935082,-1.11097219,0.516102003,-2.669074144,2.039686516,-0.973908932,2.00353528,0.97464952,0.523954551,-1.601550989,1.477956646,-0.189635071,1.635150786,-0.402848197,-1.85100089,-1.322987836,-1.446121604,-2.068832493,-0.927851644,-1.01787845,1.019633684,0.719299668,0.210833448,0.566573754,0.595287737,0.285774578,13.88364449,-1.674457727,1.482821915,-0.674496561,4.250307732,-2.273465696
2017/4/2,2.255316498,-0.603503996,-0.040929789,-0.034463297,0.764895345,-1.553214669,-0.30434972,-0.575596078,1.638854397,2.085914591,3.271777194,-0.715711348,-0.027837519,0.248981634,0.417295146,-0.20786375,-0.50720336,0.629768801,0.360543973,-0.146639957,-0.394252776,-1.30214602,0.208744464,1.969912206,2.282379079,0.628402836,0.643712734,0.06800601,0.267253949,0.632713278,-1.380232673,0.615681791,-0.049379848,-4.659350452,5.337576078,0.087954269,0.77732536,3.639086515,1.096212074
2017/4/9,0.407369605,-2.773704525,0.467986389,-0.986888123,-0.843844673,-1.425959655,-1.135247832,-1.243878895,-0.789062345,-0.461200325,-0.655965368,-0.953896555,-3.68650544,-1.257661305,-0.566475168,-0.137696005,1.755187559,-1.945868417,-0.296791924,-1.369249193,-0.786173073,-1.778412753,-1.557448644,-1.24146472,-1.412243012,-1.432625248,-0.023243853,-0.2530526,-0.517737721,-2.786375732,-0.574470667,-1.3886325,-0.192928437,3.96248352,3.189690867,0.486347381,0.8930449,2.201298001,-0.206980975
2017/4/16,-0.207738437,1.477271764,-0.61137272,0.46101385,0.507224853,2.540236181,0.844020369,1.79883594,0.024529315,-0.823108266,1.353601386,-0.500299708,1.021646844,-0.234938856,-0.696527973,-0.873310053,2.586615646,0.491714792,-2.950469315,-0.231979931,1.402839802,1.543038886,1.044817932,-2.272024851,-1.972876973,-0.159585933,-0.909419381,-0.932315318,-0.343729471,-0.865998529,0.198141311,1.20512425,0.217615313,21.51865704,1.783390085,2.451218649,-0.648876173,-1.048098374,-2.904847853
2017/4/23,1.200955641,2.54264108,1.188650629,1.893362788,-0.181727266,1.480453471,1.500591239,2.292933866,0.597584003,-0.299029848,4.86204175,3.181112597,2.752834615,4.031522477,1.730388083,2.979261797,2.385201728,3.21274692,1.248611569,3.409541301,1.848819844,3.046392264,0.879734394,-0.584406062,-0.775710737,1.57833451,2.355816177,1.127754709,2.004577679,1.16623276,1.096800308,2.289513442,-0.007261479,-8.701137699,-6.928840755,0.046554936,-0.58200351,-3.982827295,-1.288074015
2017/4/30,0.70998855,0.468299194,-1.488034123,0.316729887,-0.026244724,-0.245941027,0.630922195,0.875020091,0.454374079,0.865121659,0.222734089,2.217392449,-2.613654465,3.085743245,2.302833173,2.288351852,-0.771017113,3.8409935,1.28941328,2.748712197,1.610224865,1.288549298,0.319670657,-1.64984486,-2.075291086,0.282622935,-0.565394931,1.695233699,-0.201728477,0.539329785,1.563326784,1.040462838,-0.110309604,-30.16779416,-0.586156302,-1.49274,-0.988044943,5.489852587,2.406481353
2017/5/7,1.559505257,3.751597257,0.005139847,-0.526591446,-0.283805547,-1.023118833,-0.350299616,0.334970314,-0.120491261,0.137900168,-0.57549936,0.419974487,1.287636246,-0.497887135,0.269668135,1.176966046,1.130625412,-2.164170084,1.872880177,-0.58303609,1.978303011,2.228439312,0.888273366,-0.631371762,-2.386998736,0.873752715,2.740260703,0.788282298,1.237292491,0.970182372,0.913665561,0.254580658,-0.139164744,-2.337647354,-6.51198104,-3.322298749,-0.374824424,-0.305717144,-3.076566635
2017/5/14,0.521648188,-8.537900616,-1.893815842,-0.440129291,-0.51244872,-1.122880057,-0.384274971,-0.614999321,-0.728193033,-1.019130309,-1.694667142,-1.036803192,-1.097153863,-1.510212471,-1.467580949,-1.112107184,0.158827863,-0.566897029,0.473900834,-1.398314437,0.107552748,-1.485233254,-0.72952855,0.230639511,1.852074428,-0.393289709,0.073632249,-1.185698534,0.286794894,1.606788968,-0.611232118,-0.688084975,0.053613477,-1.621399373,3.44495048,0.065098871,0.610143602,4.724346373,-0.178129686
2017/5/21,2.408165631,2.282223987,0.423378772,1.315235437,-0.269017007,1.084543848,1.42116596,2.057842777,1.230388819,1.771202575,-0.103974677,-0.289292924,-1.361560101,0.229621226,0.210436591,0.216114084,2.47677182,0.632948441,1.024356521,-0.222996647,2.878026617,0.489236571,0.787155718,0.626706499,-1.126879595,1.539514794,1.827888577,0.077683905,1.757917319,2.370439654,2.494255457,1.110951096,0.208931912,14.64286337,5.073921115,2.085002075,-2.142199872,-5.031001014,2.252568066
2017/5/28,1.689579317,-2.486778593,0.630862246,0.595982947,0.167338132,1.660947271,0.957804512,1.52783535,-0.722362355,0.174759526,-0.996662309,1.736593951,-2.550325569,0.12677845,-0.244603211,0.021342487,1.359484484,0.015589108,0,0.35700179,0.694732243,2.460682671,-0.155388168,-0.14544053,-0.654725114,0.554786444,1.104594877,0.637519711,0.606799239,-0.075146121,-0.196551479,-1.795991919,0.427929564,-20.48321663,-1.058633676,1.148572966,0.343632343,-0.616144894,-0.602235914
2017/6/4,-4.100613385,-0.481070827,-1.924025198,0.309240785,0.19705039,1.154552813,-0.299743185,-1.564394859,-0.478968662,-1.109478291,1.187343063,-0.056321198,-0.434010578,-0.821192387,0.106257837,-2.21487091,0.075829963,0.661666994,-0.269320944,-0.160214248,0.41948894,-0.816216506,0.320355475,1.687795695,3.831366747,0.407706702,0.408975066,0.436698055,0.152677712,2.999134646,0.872590347,0.62295794,0.642411464,-0.613498857,-4.392251236,0.823566363,-0.715341599,-7.605909943,0.582865454
2017/6/11,-1.505052342,-0.944797357,1.680124748,0.526582902,-1.830562354,-1.05925104,0.056732692,-0.908767646,0.28341034,-0.310110247,-1.131349954,-0.492717607,-4.628823176,-0.689199568,-1.265320278,1.31889246,-0.760899702,-2.014080604,-0.851056477,-1.183472322,-0.837357745,-0.350381222,-0.145999773,-1.12170586,0.135403918,-0.421686602,-1.563427783,-0.701553845,-0.83297896,1.324611556,-0.783200871,-1.108433798,0.201327063,9.297645646,-3.915357315,-0.689766021,0.586874908,1.324961417,2.789101517
2017/6/18,-1.06352838,-0.878478183,-1.011331608,0.048995958,0.832592537,0.570617991,0.211436099,1.828027204,-0.489299493,-1.385197853,-0.000867871,-0.151611846,-0.549587681,0.053374211,-0.224963322,0.773501343,1.461872449,-1.202434287,-0.529432639,-0.005643691,0.707533703,0.945262707,1.020331442,1.104923803,1.707793517,2.152273327,0.169836057,-0.682204384,-0.136721829,1.083342271,0.044664791,0.2665205,-0.182240431,-3.036286373,-2.407094246,-1.178857752,-0.095686403,-0.065832787,-3.157854968
2017/6/25,3.939617074,2.924708612,0.097924361,-0.211162292,-0.900741294,0.040987372,-0.612543593,-2.012534805,1.774075961,-0.383290694,-0.203289184,-3.258979168,1.209126792,-2.800660578,-2.405999272,-1.404722599,0.800688008,-1.767992416,-1.512020853,-2.914790148,0.552996028,-0.494149056,-0.31965485,1.08846326,1.558482549,0.167238207,0.367573778,0.528594523,-0.566093097,0.941167975,-0.044664791,-0.455081209,-0.385430349,-3.529778208,-3.943530927,-0.007958932,-0.210214001,-3.620911822,2.230432781
2017/7/2,0.524392497,-0.923167023,-0.313345435,0.302638176,-1.026379985,0.033907884,0.07301092,0.205962573,0.403397343,2.076169487,-0.173208446,0.514369625,-0.573090437,0.476922422,0.544703285,-0.265540207,-0.35507009,0.423249713,0.521017788,0.635996653,-0.499617525,-0.522190478,-0.368275637,0.796523612,0.323420055,-0.9454786,-1.658296233,0.0783829,1.510449998,-0.497702433,2.042962939,2.400954459,0.819532257,10.95433721,6.807793706,-0.983811174,-1.581418151,3.555035667,3.052385647
2017/7/9,-0.672681775,4.875807226,1.07249452,1.037822122,0.977758579,0.912593427,1.39588095,2.557268849,2.17988552,2.716120928,2.350821197,1.942795834,4.808944159,1.736959242,2.163053907,1.688859775,4.962530401,1.573062957,0.372998217,1.776926712,1.450020191,0.947721021,1.924843098,0.138501166,-1.295113119,1.414216412,4.053825424,1.79305158,2.256113573,-0.215565483,-0.201551135,-1.049635322,-0.368004655,0.08940546,-4.010729197,-2.663566137,0.388049417,-5.799217541,-2.389064727
2017/7/16,-1.75934037,-1.155869002,-0.736430351,-0.266880873,0.05481268,0.4901115,0.53814044,1.185663576,0.78342139,0.294814554,-0.31234512,-3.149693175,-1.873278696,-2.272875605,0.22045653,-1.067040294,1.572532982,-2.167841765,1.004910252,-2.127730696,1.45664478,-0.095030641,0.137257077,0.481704851,-0.605697818,-0.069059288,1.193565691,0.808602387,0.291895812,-4.233251454,0.585998966,1.585624354,0.443244208,-16.26766458,5.090886599,1.450547867,-0.903939629,3.970405142,1.64859485
2017/7/23,0.882847648,1.249046435,-0.350091381,1.152916753,-0.359464595,-0.459321599,-0.017797049,-0.20482,-0.683065663,1.291405915,0.736473037,-0.634028767,-1.024855366,0.267927432,0.631832214,0.89799072,0.798911694,1.044722254,-1.14080453,0.463044079,-2.023136175,-0.698512236,-0.456420919,0.470174424,0.702986538,-0.13087407,1.01816119,0.500537549,0.996006678,2.894007816,1.677659548,-0.789669454,0.131436143,-1.589858607,-1.668330321,2.164987381,-1.32657333,-0.33613477,1.163770408
2017/7/30,0.067660498,2.116473126,0.31164127,1.195284512,0.851169237,-1.192308552,0.191152489,-0.363344168,0.223694039,0.498594031,0.832814301,1.103998798,1.204225863,1.394336768,0.675127254,1.733142968,0.781524938,1.1540858,1.926662141,1.137767215,-0.231004765,-0.037632632,-2.387240726,0.271360591,-0.737628932,0.798012416,2.138944261,-0.127079135,0.516910254,1.532485493,0.760330005,1.064206346,0.436898572,9.472725936,8.257726544,1.257977743,-0.604949568,-0.981229324,5.710739734
2017/8/6,-0.327296581,0.68674529,-0.481877975,-1.067058913,-1.482892744,-2.734016803,-1.444064011,-1.506993872,-1.33995785,-1.417325958,-0.355228199,-2.333624875,-0.421640923,-2.777166037,-2.317370397,-3.244285566,-1.468185327,-3.586599225,-2.722533447,-2.923947227,-3.212892679,-1.121878645,-3.865639498,-1.654902371,-0.676721908,-1.698916805,-2.494959631,-1.416865961,-3.59644771,-2.18405819,0.153074271,-0.733779949,0.126241078,-2.559194787,-0.26185935,-0.836891036,0.323808786,-5.845933768,0.346320692
2017/8/13,5.985464009,1.993099179,0.944046451,-0.844471137,-0.540592151,-1.203519626,-0.648057384,-0.641864004,0.846166336,1.66555681,-0.500889755,1.25009641,0.530665649,1.046292273,0.515141838,-0.109131526,0.223192491,0.994753856,0.191609427,1.158444271,1.652852458,-1.323126485,2.247383373,1.858246595,3.087768502,-0.079802822,0.608408013,-0.849093625,1.295278031,-0.09266161,0.440902868,-0.184289386,0.958674168,43.59043752,-1.544746164,2.304177175,-0.493637386,7.263918364,0.929118866
2017/8/20,2.296720369,3.375407179,-0.055695763,0.639992177,0.690877812,1.437558574,0.718895591,0.786886469,0.581307264,1.160200324,4.63158233,0.022602929,3.126182347,-0.192200856,-0.428134031,0.358032455,2.353570383,-0.389754967,1.052338199,-0.217297292,0.850353877,-0.091462591,0.113955226,1.903018534,0.422412229,1.86386824,2.916972835,0.232816819,0.19954867,0.914787313,-0.508906951,-1.081843485,-0.098980212,-8.40265622,-0.637010271,-0.186118704,0.432601378,-3.063547954,0.954498469
2017/8/27,0.66452613,1.187451451,-0.336574412,0.794000139,0.896672486,2.588445564,1.361920392,2.672238383,-0.570754808,-0.014744351,2.235579246,-0.208139906,3.710624811,0.370175606,0.146774843,0.397136303,0.232066175,-0.191574647,0.499193757,0.154887186,-0.879191508,1.220429576,0.34751306,1.062912328,2.057216681,0.751389231,0.376335628,0.541242259,1.183487538,3.005733747,1.384923335,0.10095128,0.324300262,-23.44271689,-1.328095885,0.480100039,-0.73319471,-0.03457217,3.155784041
2017/9/3,1.512285466,1.594494547,-0.912511158,-0.866825037,-1.367158829,-1.005340853,-0.612398076,-1.174487066,-1.971206908,-1.414528143,-1.757708088,1.319956235,1.714309681,-0.190880953,0.123432995,-0.331248724,-1.426359197,-1.915473302,-0.822083314,0.110569881,-0.594291547,-2.138596617,-0.92147384,-0.055849659,0.825675256,0.142703765,-1.023675452,-1.497149004,-0.397806564,1.370306276,-0.563476534,0.503233362,1.371834245,-10.75299278,-1.219014675,2.592596601,0.099220266,5.97292573,2.323230149
2017/9/10,-1.267843236,3.598980158,0.394103047,2.135735024,1.244845451,2.28045232,1.564024578,1.378464225,-0.323902015,1.934604595,0.591743833,1.730952596,0.340609503,1.944790849,1.522600188,1.293210368,-0.656819849,1.836995952,-2.22210503,1.949154372,1.790825039,3.239742387,1.952586512,-0.345892356,0.83807829,-0.278806204,0.501550729,-0.59023613,1.504508853,0.603471464,1.473446498,1.897096595,1.187057679,17.93556624,0.400971309,1.538721724,-1.567700973,-6.042105947,-2.52066358
2017/9/17,5.252447102,-0.485620914,-0.226771419,0.364203762,1.836324254,1.323180877,0.079561019,-0.334747454,0.781504716,1.655667528,-0.706563428,0.585717348,-0.016913922,1.284033192,0.23700962,1.196506165,-3.416658767,-0.120257598,1.310348906,0.733179137,0.110581022,1.924898916,0.313187999,-0.032507475,0.060724027,-1.243282211,0.261959074,0.33251402,-1.207009237,0.026595913,-0.76750189,2.941827794,-1.087909581,-17.54147706,4.951201213,-1.961140698,0.586281423,4.532395619,-3.128129938
2017/9/24,4.244816694,-1.464444546,-0.008799951,0.248018882,1.162540108,2.725179183,0.682656318,1.068502638,0.064673436,1.038072974,-1.105359853,1.860783372,1.195594753,0.91452042,1.695671984,0.226738874,-1.173750742,0.739616163,0.846130605,1.497448903,0.240844074,0.294346988,0.080255131,-0.107140682,0.156790141,-0.631097411,-1.176999248,-0.010558744,-1.780029786,0.381694325,0.092077184,-0.738501252,-0.585833671,-5.872132117,1.53160627,-2.139282439,0.113148029,-2.17290849,-0.187090794
2017/10/1,2.721625401,2.3426568,0.510872489,1.631687888,0.595475572,1.290220092,1.182567853,1.440021705,-0.085644158,2.773776767,1.054152136,0.985704981,-0.215759314,0.562972793,0.527411711,1.02838668,1.187195474,-1.906023569,2.015558681,0.235337701,2.772494501,1.629534347,0.831136483,0.894222678,0,1.423476532,3.227211843,2.192617634,1.93345865,0.966652015,-1.178266451,-0.706664152,-0.940774805,-0.837701234,1.974069773,-0.783040788,0.991081956,1.609153059,0.610999864
2017/10/8,1.271870933,1.221878053,1.796159317,0.429616883,0.500072549,-0.501846464,0.150514482,0.236738875,-0.640218211,-0.327698735,1.945097089,0.276940697,1.950352969,-0.152357652,1.161957996,0.64178856,1.986155999,0.709274869,0.166951045,0.034129362,0.479580774,2.21999855,0.576879847,0.339719732,2.774313982,1.799746558,0.064600586,0.841708951,1.863841141,1.862804423,-0.671057944,-2.517234843,0,1.461403879,-4.715612158,-0.773532005,0.812768515,-4.907287789,2.473388119
2017/10/15,-0.598008648,-0.78106551,1.583488706,1.978014873,0.316128254,0.437596775,0.859535982,0.351345484,0.013543975,1.195215754,-2.509308277,-0.004541405,-1.937129828,0.384927164,-0.289685216,-0.803936871,2.107988542,-0.344715122,-0.162165751,0.014979944,0.641528969,1.419596635,-0.391414422,-0.350708053,-1.415433228,0.044655822,0.037954016,0.649267128,-0.205769493,-0.181655322,0.755681796,1.677649701,1.115404899,-0.415369237,4.288924156,2.302873622,-0.75679977,4.674226255,3.391805864
2017/10/22,1.837822486,-0.544738725,-0.064351156,0.451470546,0.605395061,-0.061639003,0.227295745,1.083406257,-1.570885994,-0.051220334,0.928143667,1.726637225,-1.405216925,2.240923626,0.879291268,-0.583154707,-0.559220953,-0.246814554,-0.242210461,1.299120419,0.284386805,2.534571141,0.182340833,1.123114583,1.813181744,-0.184438985,-0.170009961,1.358987613,1.724551279,2.53758537,-0.330438767,-0.725297831,-0.619694258,3.677636099,0.038865138,-1.864585372,0.690567528,-2.874246887,1.016043032
2017/10/29,1.799401282,-2.750171659,0.955912565,0.447062463,0.416906139,-0.89304443,0.261950929,0.938391077,-1.380642942,-0.279480535,0.241620661,1.957779676,-0.829448202,0.432978946,1.033876979,1.498287732,3.11097874,1.559726686,0.7344023,1.027767795,2.427215267,2.382599562,-0.736970326,-1.327843566,-2.024190339,0.852264678,0.577676552,-0.122031409,1.246192522,0.612557514,-1.496329915,-0.463614739,-0.465646303,-1.71981983,4.613136425,-0.681740681,1.319545051,-5.754189973,-1.978051413
2017/11/5,-3.261452394,-2.39467635,1.159380089,-0.498197422,0.11915376,-1.322498047,-0.214307625,-0.199772474,-1.049147006,-1.481082148,-1.490292397,-2.641555093,4.180440314,-2.518784481,-1.420470699,-2.036133001,-2.12864804,-2.592746882,-1.698928503,-2.641660972,-0.588915075,0.629362098,-0.721979115,1.790945243,3.761208759,-0.632506715,1.79238826,1.11108824,-1.258786493,2.179541001,-0.00861512,-0.404565263,0.186600909,-6.972200021,3.177188914,-0.078659644,0.037958668,8.093676227,0.690377632
2017/11/12,0.176907776,1.745887495,-1.2030145,-0.273490485,-0.254012347,1.182592478,-0.133691155,0.470676728,-0.357009744,-0.129909362,-0.562692117,-1.024004783,-2.122227657,-1.150491807,-1.97434315,0.539914194,-2.518860979,-0.818783768,-0.70624251,-1.296715373,-0.352968887,-1.262799562,-0.832467302,-1.460209818,-3.070433082,-0.289535998,0.267901579,-1.10901867,-0.370292605,3.3062188,0.481307332,0.868180002,-0.03614349,21.12569927,1.957706233,0.400518853,-0.613317209,7.394039779,-1.336896774
2017/11/19,1.231962077,0.975657156,0.423789778,0.85152284,0.682228701,1.749060186,0.909821823,1.556064004,0.176912086,-6.75585789,1.43896143,0.50749392,2.927284462,1.331344836,0.744491719,1.53429331,-1.613106551,0.429628001,0.391607984,0.947446238,0.407221849,0.685466774,1.910349783,-0.863629114,-1.108939958,1.414496673,2.259559208,1.751667244,1.02645375,4.279388304,1.10846974,0.174249069,0.221584191,1.232409965,-0.335422682,1.732687767,-0.748461065,-3.677117914,-0.259782578
2017/11/26,-1.923178259,-2.585838752,0.120276651,2.819211275,-0.430024435,1.168792631,1.517769152,-0.605239622,-1.42128213,-0.363694138,-3.66962025,-1.530429739,-2.849607014,-1.374217856,-0.94035259,-0.548921683,-0.941870892,0.312833882,-1.484038594,-1.510273783,-2.746131518,1.182207771,1.565805199,-1.085233631,-1.399745326,-2.365306131,-2.687886533,0.214461267,-2.612341712,2.794712058,1.1550101,0.934234174,0.370401591,-16.72131683,4.156442442,-0.695681866,-0.931927166,-9.618237148,3.231247206
2017/12/3,-0.37234767,0.645537291,0.076767748,0.401847712,0.35537569,-1.000420278,0.350604471,-0.109733808,0.648580794,-2.640480936,0.788125986,2.246551263,-1.224231512,1.53418749,2.151931505,0.479840608,4.125797938,2.314117211,1.272198152,1.795244169,-0.46199932,-0.034845413,-0.664600861,-0.836313313,-0.711587227,-1.921580113,-1.505345412,-0.724453212,1.411185678,-2.359474414,-0.344263323,1.007283279,-0.229961674,16.72131683,-1.005890333,-0.536653048,0.144437044,8.449013046,-2.955250602
2017/12/10,0.669993134,-0.170634416,0.043364412,1.317185531,-0.33661066,0.570093348,0.912662066,1.400943019,1.063609708,6.368691084,0.336526226,-0.381913885,2.533857523,-0.926470962,0.264625254,0.807426903,1.297135347,-1.667722994,1.298144539,-0.864661049,0.730684378,-1.136853328,1.07740239,-0.727566574,0.575020802,0.888658155,0.724537489,-0.225094298,0.656348083,-0.382347863,-1.056958218,-0.603151611,-0.057407885,-17.65638858,-1.728352736,-2.679260907,1.1065105,-9.917257864,-3.749716689
2017/12/17,6.828322089,3.490323507,1.204983627,0.414202973,0.765607757,0.814099864,0.281014898,0.336486954,0.635187481,5.978283889,1.180452156,-0.235097821,-1.100726097,0.287847337,-0.034635192,-0.002341771,1.605086426,0.31083419,1.353709504,-0.200733278,-1.687356315,1.537957777,1.736649396,0.942230277,0.869449464,0.43588097,2.498670029,-0.918178045,1.534151691,2.048582252,-0.102058182,-0.52418871,0.17988743,-1.684250339,-0.104657257,0.726289158,0.058572016,-5.945286991,5.070399437
2017/12/24,3.844964415,1.603053017,-0.075815015,-0.140843727,0.270954994,-0.482063277,-0.36326681,-0.81611319,1.977692375,0.464861448,0.634216267,-1.193915168,1.635751475,-0.97703563,-0.713596061,-0.134424371,3.740190051,-1.365597043,1.244876332,-1.400831993,1.098211334,-0.603579416,1.703037073,0.30616765,-0.485304285,0.997074851,1.146756378,0.507025331,0.358643249,3.085495105,0.88949716,0.307358089,0.483821763,4.969966855,2.021317847,1.679651521,-1.075722297,2.083803379,3.28930433
2017/12/31,6.828317127,3.433730918,0.938681261,2.306006261,0.861898226,1.582965808,2.567727598,3.321827223,1.074795498,2.316113917,2.738832237,3.064581859,5.515397508,2.934189025,2.463080427,1.849267409,1.125152512,3.59358746,0.473009235,2.915728957,1.209679988,4.086630729,1.535932988,2.52531736,2.702178859,2.201861412,2.949115811,2.51102441,0.266957016,3.248489345,1.165485041,1.13130114,1.080711522,10.89902837,3.280637377,2.517313064,-1.188647283,10.18673576,2.174664566
2018/1/7,1.631217806,0.350966147,-0.856276352,1.985698639,-0.252682357,2.028001153,1.558612155,1.729495615,-1.518514914,0.673232365,0.384309309,-0.561724999,3.31998762,0.842939115,0.525348313,-0.108565992,-1.723472397,0.488651817,0.70206689,0.137945575,-0.044053393,-0.256331636,-0.276443189,1.090516313,1.044875421,0.038228689,1.921727452,0.887593719,1.152549705,4.095654532,0.266400424,0.413589954,0.277021277,-18.01500033,1.674091288,0.993976088,-0.166758441,-5.498949615,-2.174664566
2018/1/14,2.630166966,2.330567776,-1.064941043,1.035307429,0.277267333,0.354903809,0.859822255,1.031970927,1.132546105,1.965717242,2.432668575,1.419991565,0.778048072,0.171140352,1.45083932,-0.386642646,0.436917559,0.163309001,-0.617045911,1.004183781,0.950436522,0.649955472,0.125928577,1.703719211,-1.456376095,2.422558239,2.646248341,0.842893893,1.978656457,0.34326554,1.296842195,1.165061722,0.427809791,9.708340458,4.54985424,0.954284583,-1.028472729,13.53187032,-0.341191398
2018/1/21,4.46688475,5.171736107,0.733260307,2.068801206,-0.701019173,0.650720238,2.202029089,2.282652513,2.71933335,0.038527148,-0.051515677,-0.704251935,1.233975355,0.047758344,-0.44186712,0.060866226,4.711512502,1.099897683,-0.847609666,-0.045501393,2.139425508,-0.742753089,0.620794984,1.994675833,2.288968141,-0.033635379,2.749733281,0.471514748,1.593069679,4.723083294,0.286826667,0.884833159,0.886130944,10.36858859,-1.456906791,-0.142188986,-0.403081631,-0.469852078,-0.967850203
2018/1/28,-7.418260689,-1.757410833,1.173255649,-4.203913872,-3.977192599,-3.853639578,-3.930940888,-3.591964483,-1.320049304,-0.409527307,-3.651349683,-4.24946607,-1.089303044,-3.014144846,-2.992514256,-3.147848138,-2.16321071,-3.693478756,-2.940319583,-3.462495276,-1.936081964,-1.52370183,-0.184860321,-2.736556144,-5.629387796,-0.187399065,-1.680010436,-1.051727613,-2.831581398,-1.277570889,1.615360422,2.277287262,1.318776432,-1.700264673,4.278314422,1.420256613,-1.650145386,9.573823146,0.360135048
2018/2/4,-7.879793253,-3.810331195,-4.74025561,-5.352354594,-3.730782247,-4.591052544,-5.299957393,-5.193495428,-5.29018319,-4.475369236,-5.091047652,-5.446167991,-7.077855164,-5.473691052,-5.945161714,-6.01979552,-3.909711663,-5.760554312,-4.830374604,-5.762499977,-6.613770416,-8.47811871,-4.092263064,-10.08844844,-8.836030075,-7.021961971,-9.972513097,-4.418807027,-2.881576479,-8.977982911,0.329595539,-0.339366842,0.296319989,44.61426879,-1.04872152,-1.270589594,0.162988228,-20.82760208,-0.031264656
2018/2/11,8.07117964,4.384588555,1.124181487,4.163621718,2.743030697,4.350339608,4.211191826,5.1729159,2.241858556,1.001776622,1.009247045,2.805459681,6.329437811,3.906955769,2.653877434,3.44960152,2.539021491,1.97729291,2.8120039,2.985950696,2.426565066,1.566656261,0.78687517,2.190319527,4.216129242,0.474587335,5.306208048,1.943249215,-0.025350058,5.591306318,-1.838629529,-2.039061883,0.071438213,51.8078289,-10.03649505,-1.628381251,1.447312993,-9.657591375,-4.951744546
2018/2/18,0.199145154,3.222292776,1.609604804,0.358643289,1.195276281,0.364725535,0.550414564,1.343657558,-0.490843396,1.717593124,-0.035320492,0.25529625,2.943728865,0.675352484,0.341348469,-0.429665488,0.863135187,-0.098705139,-0.691792009,0.426891884,1.21847876,0.791189697,0.611467214,2.770137272,2.189073273,3.520973975,0.486482767,2.571833644,0.370046284,3.346316285,1.388178317,1.470878536,-0.811385935,-40.10015814,4.103818737,3.031782788,-1.473148578,-1.011288276,6.810534123
2018/2/25,-2.604261554,-1.770591865,-1.188743701,-3.09737979,-1.636626626,-1.039472628,-2.06128415,-1.08967962,-2.277492301,-3.478188861,-3.893431672,-4.674116494,-3.073635018,-3.459133185,-2.920012554,-3.637944054,-0.564896118,-3.010535571,-2.438380145,-3.450131664,-2.033990775,-3.302213339,0.081336049,-1.054177607,1.798084044,-0.896867833,-2.210965232,-1.540725416,-0.312181032,1.544038541,-0.898900655,-0.53561992,0.171849792,-16.56069402,2.986726838,-1.928219056,0.889163172,2.585519289,-1.080090735
2018/3/4,3.939768903,0.708761362,0.576855141,3.199066555,1.248110665,4.087704235,3.480567914,4.089192995,2.098520839,1.422807394,1.726836048,3.569736322,1.876654896,2.647744046,3.489452962,3.455170363,0.04790952,1.613173213,2.163307609,2.840395004,2.356941511,1.348458119,-1.28845376,1.604496679,3.071825971,1.545734781,1.340592597,0.182920664,-2.238408775,-0.034335385,0.195042727,-1.17406902,-0.127733071,17.22650954,-3.686314821,-0.331300657,0.109062187,2.631730832,-3.103833245
2018/3/11,-1.909221808,-1.734279148,-0.231687561,-1.548211445,0.85346424,-0.696788119,-1.247989505,-1.047952793,-2.246943903,-0.586156891,-2.994434463,0.346859574,-2.460140923,0.158186665,-0.040966055,-0.553711395,0.257121155,0.770298609,-0.839138547,0.491693831,1.39380706,0.960983585,1.580584089,-1.13395518,-1.292743042,1.48802427,1.618514461,0.759394936,-0.310449765,0.575814736,-0.097473812,0.325509347,0.203503805,-29.12617234,1.281548888,0.06031818,0.17669518,1.363573735,0.36738321
2018/3/18,-3.417647638,-0.601432722,-2.186984471,-5.832174256,-3.152605659,-4.908401901,-6.134571851,-6.763634182,-2.046276504,-1.808789362,-1.226706707,-4.146847905,0.56842501,-3.614395013,-2.923571505,-3.592605071,-0.524338402,-3.841947701,-3.4391949,-4.137792276,-3.144801817,-5.007149529,-2.319799933,-3.647502731,-5.688815569,-1.870629984,-3.859581738,-2.617863705,-1.952204303,1.427410424,-0.146389096,0.662206408,-0.039471088,7.62524315,0.482393603,-0.901009313,0.163082404,-1.623651905,-0.912955809
2018/3/25,-1.106917939,1.165304244,-1.058722681,2.392868772,0.938517295,1.273248742,2.012257305,1.00697274,-0.844298425,0.744429336,-2.096952116,1.754785044,-0.958248566,1.404746306,1.535754324,1.986079187,-1.445175519,2.182938709,1.926868905,1.904985403,1.196491063,3.976740102,-2.35470135,0.510626483,4.023979387,0.884527646,-0.714905217,0.192134799,1.150086638,2.116634162,0.519523857,1.375106275,0.300371738,45.36523178,5.523163097,2.819622904,-1.315536839,-3.675352108,-3.754231553
2018/4/1,1.985119368,-0.641653101,0.507443872,-0.709264615,-1.045841544,-1.060242026,-1.387920871,-2.122331252,3.830859953,0.853100188,2.166925237,1.187786173,-1.040280673,1.744606161,1.828252381,-0.803243003,-0.167197907,0.854635139,1.784145217,1.376764833,-0.667430787,0.526338781,-3.151019739,-1.199695024,-1.708370977,-0.90115977,-0.828990278,0.422970238,2.131621945,1.82952105,-0.243190781,-0.831354488,0.646480375,-21.94311104,-1.437113863,-1.87339882,0.871150915,5.335600537,1.459395719
2018/4/8,-0.459990314,-0.574625888,0.695487319,1.769995828,0.436726328,2.364605521,1.970497743,2.732209297,1.742006177,0.686282582,2.255234426,1.629696488,-11.28668355,1.074040472,1.611306405,1.205135633,-4.577739811,0.868895601,1.120151245,1.163940154,1.043687117,0.97457853,4.906146974,0.888377522,0.023021227,1.320628073,3.177141966,1.693637648,1.431876935,-3.479546025,-0.325177101,0.533714129,-0.475339713,7.335656323,-4.536210765,0.660811896,-0.033408689,-1.177783214,1.048158957
2018/4/15,-1.374928221,1.431589517,0.678756912,0.421112932,1.367782665,0.93846136,0.519672845,0.553998602,-0.692843133,1.440273067,-0.525983524,0.785341207,3.670128528,1.823528673,0.424242509,0.359759874,1.204353078,1.189745098,1.41616406,1.331009826,0.862235135,1.745567521,1.545818899,-2.8092285,-2.636775084,-1.710889904,-1.274134366,2.037759849,0.793079832,-4.026339161,0.390085826,1.051935289,0.480120475,-21.05429569,8.239497994,0.879290315,-0.311236551,1.250936106,0.422696126
2018/4/22,-3.778075071,1.040737322,1.434589497,-0.62225811,1.18518717,-0.505071002,-0.008614152,-0.369131629,-0.303920395,0.024983659,-0.95265672,0.321399946,1.843609279,1.291498694,0.825105104,0.399075473,-3.036665019,0.415960538,1.802827237,0.700988757,0.646847626,1.369634884,-1.187961018,0.347429649,-0.814536432,-2.118412435,-0.453583209,0.107124038,1.206712877,-5.808699801,-0.349380814,-1.671308643,-0.342043845,-3.091526461,1.458374525,-0.714767394,0.637051236,0.146145441,2.023515325
2018/4/29,-4.963756049,-3.924708865,1.819215486,-0.200437753,0.385180198,0.599648159,-0.243375272,1.253661019,-2.713188426,-0.834689034,-1.909694025,1.879784348,-1.772941289,0.597497605,0.136858049,0.685307398,-4.772256469,1.784415404,0.861754513,0.899944824,-1.252393342,0.021851041,0.137611576,0.285100772,0.980410404,-0.228243027,-1.176517964,-0.89378195,-0.694963744,-1.675485277,-1.294357384,-1.61984752,-0.581171418,-9.111283984,-0.410317106,-0.885625722,1.39789949,1.16153756,-2.429920827
2018/5/6,4.448238374,2.497486317,0.875275518,2.316735818,1.601410579,2.596926283,2.385508416,2.645286835,-0.561774713,1.580616489,4.209085135,1.406948777,4.048250152,0.468259554,1.175358129,1.002168485,-0.73074069,1.642205196,2.058837973,0.419611892,0.661257823,1.263302414,0.223045892,2.309877269,1.976371623,3.082389215,3.917251699,0.696786624,1.757358613,1.949436759,-1.411631844,-1.816367499,-0.464717792,-4.241855279,2.35100075,-0.665610203,1.159190345,-2.189069536,0.519903689
2018/5/13,6.540563129,-2.540807617,-0.471992747,-0.468573056,1.113630996,1.227199003,-0.542211967,-0.657849853,-2.299234502,-0.405700962,-4.34484788,0.586528138,-1.760834977,1.300969817,0.843005081,-0.59161641,0.546358489,-1.560094044,0.699723044,0.230835705,-0.690920381,0.752397351,2.95682327,0.945172346,0.358758754,-0.259476711,-0.238539717,-1.152216301,-1.963348415,-0.835854842,-0.133891233,0.081267782,0.450507976,-15.49408814,1.395835225,0.461859613,0.003246419,3.444241116,0.839120625
2018/5/20,-7.169495174,-5.167219291,-0.900981326,0.153634144,-0.537503954,0.018441338,0.307675564,1.075327896,-1.266627452,-1.667116632,-0.768756768,-1.074052837,-0.273999668,-1.289963446,-0.754119347,-2.04961654,0.768448896,-2.867957573,-0.625571465,-1.647632461,0.006095764,-2.113599382,-0.003297403,-1.641813787,-2.124058465,1.023839222,-1.492241244,-0.455520844,0.08254114,-8.776493072,-1.408295822,-0.518289328,-0.722036155,5.908891637,0.817021026,-2.269091586,1.218589466,1.450582662,-1.554687184
2018/5/27,-4.228220599,-2.123842143,-0.705306005,-0.477360929,-0.200067254,1.285549215,0.487175516,1.607701469,-0.175062258,-1.789579035,-1.043724701,-1.665829713,-0.476374974,-1.399358595,-0.639959401,-1.617517982,-3.982322021,-1.995040191,-0.369491188,-1.774214629,-0.891478139,-1.252488801,-0.284645525,-2.12862983,-2.705333443,0.061942191,-0.311488531,-2.470179222,0.854880602,3.446210028,-1.067245989,-1.224901415,-0.184782151,-1.501529712,-4.88743428,0.945978983,0.624489172,3.180357914,0.455952589
2018/6/3,10.05284074,-5.725285276,0.910638085,2.728082165,0.987100149,1.476323844,1.61094594,1.199763862,2.037218132,0.834043564,2.693662428,0.331727569,-1.861127629,-0.280512288,0.151892882,-1.243171533,-3.378994296,1.175530986,-0.26913122,-0.180847598,0.516099572,2.332168951,1.323208626,-0.260163701,0.355045583,1.875968249,1.514403294,0.258163165,0.665773046,5.687691338,0.085800091,0.300142793,-0.446450219,1.799148979,-3.09696379,-0.544960477,0.041423481,0.779532841,1.002271565
2018/6/10,-4.210375361,-3.039900047,0.804011185,-0.896905075,0.687210147,0.680493628,0.022667211,1.310709004,2.151886748,-1.003324504,-2.113227545,1.893209771,-2.288656227,0.943387718,0.299534875,1.521948203,-1.402208704,1.068524707,-0.615869548,1.660491065,-1.958205919,0.690509646,0.651205335,-1.486301903,-2.604688994,-0.619947508,-2.117736571,-2.344839587,0.463741285,-2.051369135,0.904983552,0.47090568,0.215171206,-9.992706193,-0.106423423,0.261337581,-0.673396043,-2.460821372,6.280789466
2018/6/17,0.208621066,-0.165489185,2.130088979,-2.051917954,0.828460851,0.099124801,-0.895473358,-0.693821116,-0.429521588,-1.557052828,-1.838394014,-3.367457333,0.746508406,-2.103067061,-0.244196013,-0.301753037,1.377173237,-0.599703474,0.631491151,-1.825974707,-1.966769688,-1.476467124,-0.891679604,-4.471231894,-5.511422035,-1.711890987,-3.255340118,-2.087030702,0.038355696,-3.234715237,-1.360565206,-0.951567514,-0.510665908,-1.655666959,-1.039764719,-1.875151797,1.322243787,4.466236173,-4.780122735
2018/6/24,-14.86741998,2.959687176,-0.492762555,-1.267019732,-1.053607185,-2.554327509,-1.334144852,-2.401201459,1.960977592,-1.434496379,-1.275390396,-2.199904515,2.522539295,-1.192256425,-1.557557431,-0.084291878,0.694490555,-1.745104756,-0.591938644,-1.345600365,-1.327701611,-0.947412943,-0.764460427,-1.476013257,-0.324438186,-0.573883198,-1.316076395,-0.570462644,-0.998794066,-2.655576231,0.41269081,-0.112990107,-1.027408943,13.92537201,5.269102599,-0.611958602,-0.6371673,-2.581004675,-3.794755787
2018/7/1,5.869670535,3.041385374,1.246516874,0.759609701,0.5761205,3.055566859,1.513302424,2.343598707,2.72812267,-0.168042044,0.773875998,1.533524904,1.659236478,0.976520242,0.351036278,1.018341563,2.267912458,2.891478957,-0.25212031,1.545597819,-2.316259238,-2.342311511,0.455177101,-3.582018981,-5.119863523,-2.129573499,-2.233310382,-2.380106533,0.543121694,-4.5259914,0.239952125,-0.460812902,-1.753695844,15.57056483,7.808912155,-1.060136511,0.179282811,-0.715627522,-2.398516046
2018/7/8,-4.053676284,2.089730672,-0.062197487,2.275671214,1.149865856,-0.412288784,1.49217047,1.773756941,-1.18168588,0.191955848,0.235774731,0.355954987,1.344176797,0.988997387,1.167251567,1.86388378,-9.375367105,-1.733258596,0.578159242,0.175285391,1.659370895,3.646685771,1.6886962,3.010045457,4.558558028,2.384211,0.738272485,2.124326456,2.260146548,-0.68363266,0.529282438,0.573803009,-0.339251711,-18.51845699,-0.473133698,0.127175917,-0.616636194,-2.283046238,-4.905992408
2018/7/15,4.105453755,2.548392991,0.278789121,0.154600308,-0.761658375,0.57507938,0.018561021,-0.073883852,1.032190988,1.801612451,1.188015982,0.164846475,-6.492031512,-0.570399939,2.133753413,1.459662413,4.549104814,-0.102777045,0.220590338,0.158795157,-0.943901584,0.443888529,-0.360071886,-0.067485803,-0.812666455,0.620005519,-1.060663421,1.143012484,-0.078986436,2.963058032,-0.512165012,-0.384688387,-0.722901942,-9.321812883,-3.853801941,-1.20671141,0.776552352,-3.779415944,-1.732340848
2018/7/22,5.745443475,1.634755568,0.227234904,1.555946572,-0.252883144,-1.992238859,0.604558254,-1.064183098,1.493043922,-0.914079284,4.822457551,2.352261055,3.278721807,2.079619735,0.703565997,2.002429753,1.584916155,1.460774111,0.29284616,1.922142527,0.2530443,0.065491276,2.150744533,1.554339131,0.479313124,1.305641213,2.033430073,0.819898264,2.40628429,0.074446108,0.282015313,-0.758613864,-1.176606505,5.432645653,-0.777553928,-0.823448586,-0.290368251,0.181521197,-0.7050558
2018/7/29,-0.147208235,1.945492573,-1.043487729,0.0452531,0.160235591,0.601192804,0.760892635,0.959527447,-0.690011915,0.617235706,-0.168207148,-1.920599651,-0.57993388,-0.596503915,-0.687838467,-0.165837517,0.026151312,-1.306648129,-0.549596088,-1.277697357,-0.319028261,-0.829264623,0.019013214,-4.744362771,-7.756798545,-0.573610752,-3.994681328,-1.798033785,0.728387457,1.491214856,-0.530505223,-0.221078802,-0.630127374,1.313267233,-2.544154469,-0.577213911,0.248031248,2.330272139,1.655309476
2018/8/5,-8.422097485,-6.23314254,0.696866932,-0.588629493,-0.572455318,0.799368574,-0.249223289,0.346173434,-1.881550286,-2.198876367,-1.754318746,-1.528856929,-8.010602403,-1.180516865,-1.640175238,-1.392817083,-0.703230397,-1.423875901,0.103222549,-1.624658673,-0.213982451,-1.013321848,0.747515981,1.982452135,2.427481775,-0.261410007,2.463592785,0.581635741,0.602889897,0.762134267,-0.766485258,-0.750731272,-0.285779382,-11.28069488,-0.291587902,-0.687231699,0.528981653,1.09252188,-1.094475804
2018/8/12,-2.325485145,-0.635888417,0.963740657,1.397287597,-0.017151492,0.363932645,0.592955615,-0.291017258,-0.246171238,-0.607340679,-1.317408732,-1.735792458,-0.397219045,-1.296533556,-1.797652201,-0.304071597,-6.759071314,-1.943340125,-1.424204401,-1.569035692,-1.578013424,-0.124303167,-0.444426965,-4.625038261,-5.317920484,-2.70120102,-4.150323527,-2.320321152,0.360258465,0.095913159,-1.366605244,-1.847018206,-0.203211988,12.27344836,-1.263607762,-0.320684401,1.315016936,3.139812864,-0.77877782
2018/8/19,-4.166823656,0.30599337,-1.460320711,0.470388649,0.197920735,1.914281153,0.858023507,1.645100547,2.797245457,0.221996924,4.192701382,1.495410729,1.107133924,1.625098511,1.318692531,0.542622093,1.621980439,1.812032659,0.249734539,1.602885923,2.033433791,1.477067736,3.185412367,2.240016599,1.516495849,1.101297577,1.670650722,0.110861304,0.749964975,1.171955916,0.236354993,-0.133244523,-0.443000885,-4.031553718,-2.576149652,-2.874049113,-0.246619514,0.067911717,-4.271772969
2018/8/26,15.17945742,0.544005526,1.14907207,0.674215391,-0.571264927,0.870067397,0.928989526,2.037500602,-0.173601055,0.10720359,1.086308111,-0.246056239,2.580878151,-0.473276495,-0.33431394,-0.880267255,2.774234961,-2.005480988,-1.933049796,-1.012861391,1.285521235,1.158569554,1.94063168,-0.153262916,-0.227371912,2.327967102,0.779983659,0.014938193,1.062081798,0.913125304,1.596009244,0.726764423,1.030371935,-5.279341968,4.175010261,2.411773236,-0.961042551,-0.989262715,2.751179412
2018/9/2,1.751850156,-0.342273709,-2.819664787,-0.186116994,-1.067046873,-1.596476221,-1.033751325,-2.585691964,-1.170429329,-0.519439182,-3.510934546,-3.325706547,-3.90006493,-2.901582383,-3.63053009,-1.464385109,0.592484408,-2.45458008,-2.103663407,-2.97766927,-1.793960969,-2.471069704,-1.863550955,-0.845690478,-1.704966833,-1.980354921,-3.336241998,-2.491988427,-0.785578352,-2.469287053,-0.189491874,0.914593261,-0.359277433,7.004874977,1.559373209,-0.373026503,0.021036467,-0.034287674,-1.637855336
2018/9/9,1.220946127,-1.300028188,0.3493354,0.914638473,-0.478324946,0.497249853,1.152928123,1.351152804,1.3000184,2.437012769,-1.124000277,1.367736598,4.123199699,1.892597503,0.374407318,1.424705134,1.580598123,2.094323034,0.36127415,1.544775438,1.594440528,3.469863468,-0.456006086,-0.767471458,-2.536969304,0.194795119,1.15349857,0.858671595,-0.639709942,1.546790409,-0.414687419,-0.30909537,-0.179886413,14.58963106,-2.980955001,-0.524585907,0.25838722,-4.92017715,-1.836998916
2018/9/16,12.88414183,5.186055448,0.474114756,2.226369351,1.306814819,-0.547461502,0.84632831,-0.288554304,-0.566830405,1.836877281,1.131531115,2.496952191,4.884540566,2.611071064,1.698624743,0.282543613,3.34976429,2.375122859,2.517188494,2.544031029,0.89835749,3.301765282,2.572532028,4.229046428,3.574779084,0.954836689,2.415650122,1.763930923,-3.28474295,1.457570927,0.664396939,1.115954168,-0.367540231,-20.92949943,1.81371068,0.066766819,-0.424696046,-0.324734184,0.83746207
2018/9/23,-2.553211917,-0.12847482,0.209640302,-1.072116651,-0.935008439,-0.924061033,-0.536994437,0.740836067,0.349368149,-2.647357485,1.216944605,-1.49247369,3.631296194,-0.012377522,-0.030925679,1.024264942,1.989507132,-2.120250557,0.266259191,-0.925627508,0.166586971,1.042352244,-1.65954615,0.849648186,-0.096250692,0.308753018,-0.59222915,1.216127475,-1.926799984,2.061865889,1.035214789,0.076505244,0.17339234,-3.284505771,2.561490836,0,-1.194357229,7.315238123,7.659593925
2018/9/30,-10.35979671,3.687076393,-0.356650449,-0.042566576,-0.79308808,-3.873490958,-0.979739023,-3.257670541,-2.975525957,-0.347551434,-0.919266757,-1.107052219,-2.782387308,-2.471918986,-1.856581014,-0.506452519,-5.209553988,-1.451500828,-2.585124205,-1.592096149,-3.277531205,-1.404171723,-0.342080805,-3.480344995,-0.70079337,-4.546706483,-4.474350504,-1.461636329,-5.78127638,-1.415375846,-1.2073615,-0.367760145,-0.171936513,3.697900324,3.430177298,-0.200434341,0.996109756,1.035932405,-1.521345458
2018/10/7,-1.909275307,0.724996065,-4.798457168,-4.276084063,-3.392367376,-5.376295801,-4.191177211,-3.815359916,-1.275032483,-2.040337697,-3.486452307,-4.977311063,-1.563047974,-5.039257135,-4.399269709,-4.313063491,1.852407568,-3.876911369,-4.508516195,-4.621674109,-4.772238665,-4.687165848,-2.991478683,-4.424643194,-9.870987455,-4.584877342,-2.944723853,-4.47983477,1.501306521,-3.873181917,-0.734947755,0.718932351,0,20.11206392,1.477091697,0.78275027,0.59776438,4.390235173,-1.508649303
2018/10/14,-3.17471943,1.554407542,0.740168311,0.410954115,0.361412744,-0.300448308,0.023487284,-0.640444531,-0.01391209,-0.639605662,0.473126913,0.260165398,-1.267915695,-0.222382967,1.705339659,2.415179275,-0.209205097,-0.111272849,0.767355505,0.512394899,-0.258909714,-0.718958299,1.97728864,-2.1887956,-2.282178156,-1.267731041,-0.934884111,-0.217232557,-1.626427779,-1.258562459,0.337882063,0.243568396,-0.775855334,36.31988262,-4.119198494,1.351149242,-0.41426648,0.571067542,1.348092673
2018/10/21,2.400364026,1.765374787,-4.728275639,-3.016346916,-3.833614577,-3.848637155,-4.021203455,-3.856736503,-3.505520524,-0.107517921,-5.338950322,-3.104784982,-2.575998061,-2.333763895,-3.418590069,-2.352614992,-6.326274689,-1.835205429,-1.57608757,-2.393227048,-6.174437375,-6.166556892,-3.284803197,1.879138358,1.571028641,-4.43261196,-3.356664689,-2.999298486,-2.690789407,-5.587441329,-0.424702697,-0.640636724,-0.105399191,-6.895935324,-3.161305543,0.546783914,0.558960027,2.776656311,-0.806672834
2018/10/28,6.745176176,3.100070807,3.19627014,2.332091388,1.539776765,4.23310116,2.392272769,2.613442415,-0.781372468,-0.295299808,5.370351997,2.80278439,3.26837892,2.67675746,2.77482537,3.698441123,3.878860611,2.963530912,2.202789998,2.504974032,3.339990074,4.878252157,2.714888256,2.943345889,4.721327822,4.304799011,6.911275174,4.743342433,5.082957772,2.507290251,-0.977576084,-1.845540972,-0.198944794,19.44812802,-2.238408138,0.576183375,0.715142604,-2.020270732,-1.340842701
2018/11/4,-4.914496175,-3.192273824,1.233555698,2.803414872,1.02100926,0.097498934,2.10579231,0.67611165,-2.637723949,1.231833353,1.560778693,0.088250039,-1.189635425,0.090509445,1.474321659,0.90478318,-1.373562743,1.564479884,0.158034212,0.468040396,-0.473926604,0.029622032,2.818242634,-2.942576321,-2.822934676,-0.77602408,-3.396215727,-1.240499186,0.304661938,-1.987679185,-0.140437134,1.077488042,0.763329378,-21.37712184,-6.810555998,0.097055977,0.223410373,3.060990257,2.592871219
2018/11/11,3.922908369,3.300788874,-3.282021945,-2.241540379,-0.78173408,-1.427379272,-1.621849197,-2.17043656,-4.492329386,0.103021941,-3.03772354,-1.645500037,1.201090532,-1.60979399,-1.353658572,-1.853521811,0.833449892,-0.857543899,-1.29555711,-1.521035591,0.302023209,-2.59473854,-1.377170333,3.040791465,5.268154788,-0.335454865,2.246323847,0.182745682,0.912200576,-1.870257205,-0.448964177,0.030835646,-0.953254759,-11.67584454,-4.784825757,-1.992227875,0.405020313,12.43926234,-4.433865776
2018/11/18,-1.24780195,-2.615388421,-0.251598833,-4.537151724,-0.959822367,-2.576223053,-3.863892231,-4.355284294,-2.815640882,-0.888303989,2.729937114,-1.316359119,-1.904480609,-1.569402909,-1.65596095,-0.692719444,-0.656955835,-1.55899338,-0.873795721,-1.378000422,-1.682979953,-0.15597707,-1.682764637,-3.789682158,-5.423206258,-1.333634639,-0.981946325,-1.014009461,-1.46591683,2.429858275,0.738399979,-1.061572869,0.269167543,4.395073545,-6.397380273,1.131623392,-0.415400433,13.86272867,4.095576484
2018/11/25,2.440719388,3.726517206,-0.860908035,5.028755738,1.238671781,2.951288836,4.733551525,5.489439338,1.420078207,-0.499222624,2.909114095,0.575059057,1.126968698,1.145038021,1.068514454,2.145728125,2.561452858,1.783985203,0.393021442,1.138461254,1.895905466,3.202765883,1.383814415,0.337096148,0.588181309,2.257587828,2.208829365,2.110903164,3.270784704,0.467120447,-0.685475924,-0.194939436,-0.15122604,17.08632906,-11.31445011,0.016306563,0.509428617,0.839165764,-1.057831469
2018/12/2,0.215189021,-1.56405375,0.252011377,-4.605539034,-2.685392395,-5.71572629,-4.713800839,-5.054156807,0.328577375,-0.333998966,-0.417266855,-4.256872937,2.784670842,-3.887400513,-3.007995386,-3.338332439,-1.815876245,-2.925423927,-2.938499811,-3.678407407,-1.011363597,-3.054445812,-2.073573487,0.681547782,0.676458439,-1.29423744,-1.685357382,-0.208389266,-1.697270055,3.815457485,-0.220701921,-0.477253185,-0.17255019,-17.47296307,1.006421914,-0.04892767,0.382433296,6.818784311,0.449600613
2018/12/9,-1.407463564,-0.757557805,-1.409160554,-1.189715877,-1.361427211,-2.60814392,-1.266204957,-0.844102096,-1.341555519,1.173619907,0.953998009,0.717473312,-3.644377204,0.839370056,0.50469672,-0.313382719,-3.441727546,0.797672237,0.984499205,1.107775268,-0.307830618,-1.411522753,-0.028817361,-0.467341796,-1.356999749,0.135960838,0.118983383,-1.09984448,1.039585346,-1.168604173,0.537659398,-0.196255509,1.22578543,25.11914422,3.245407485,2.14645536,-0.743528561,-2.725443419,-0.973682413
2018/12/16,-8.912026681,-2.024938231,-2.428391354,-7.114864526,-4.624856485,-8.790294515,-7.312234441,-8.729253647,0.377842008,-1.768142993,-1.912759546,-2.157799286,-3.586156071,-3.337525214,-4.382649034,-3.460628079,1.460632361,-3.776196962,-1.828104756,-3.019655973,-0.382002319,-5.820662185,-4.450900852,-3.03311516,-3.9030159,-1.318225998,-1.316824372,-1.014195882,-0.477285809,-5.101894368,-0.608387011,-1.13004482,-0.464327488,-7.136330682,-2.71666837,-0.898161611,0.983989869,-15.93259618,0.072450646
2018/12/23,6.251044296,2.523407926,3.357655435,2.711922891,2.035482586,3.485510681,2.820053227,3.894738207,-0.022694465,0.868000498,0.743324117,-0.706469952,-1.030196206,-0.333720565,-0.132097689,0.142580808,-1.564520436,-0.740157627,0.19026192,-0.470342299,-0.996954044,-0.753693873,-5.244032779,-0.892194775,-1.341961323,0.838776502,-0.972428934,0.242316254,0.979932797,-2.094887035,0.529241775,0.372823975,0.017373427,33.07761025,-11.60511378,1.336287138,-1.00575931,-0.287845286,-3.126403951
2018/12/30,6.425984532,4.40069226,-0.6191421,1.59485275,1.428504965,3.151066061,1.841540538,2.316933155,2.37391484,1.342973069,0.36478629,1.95751949,4.753293848,1.24005132,1.606295677,2.104332527,-1.789567243,2.833372952,1.524560177,1.835370461,-1.520038943,-2.288363691,0.186907563,0.837336213,0.620327602,-3.610035587,0.476548729,0.189770141,-1.228055133,-1.748552065,0.605185376,0.592068041,0.406239224,-6.058310823,-0.571932927,2.201173691,-0.509303668,-14.43716072,0.186636859
2019/1/6,4.779898087,1.959102868,2.72440933,2.373295286,3.491218087,4.712819567,2.508614059,3.393676967,2.560223845,2.801604226,2.171057449,1.106168475,2.710618668,0.929148584,1.340540536,2.519635173,3.164491441,1.581648536,1.174226176,0.922470787,3.197672231,3.997059271,3.211232227,1.537308078,2.563619257,3.938360528,3.982833898,4.456559548,0.628187715,2.367691331,-0.376714274,0.165152804,0.135295379,-28.18183287,5.639826521,0.240748767,-0.22429136,-8.165870641,-1.276054095
2019/1/13,3.525331702,2.570824831,1.801974245,2.917522951,2.411583188,2.397482642,2.827240676,2.629549378,1.561417477,2.016180135,1.815041223,2.879663063,2.380153389,1.959001354,2.19178705,2.192985333,7.121898841,2.139810389,0.722286853,2.091306459,2.319710668,1.493576819,0.831297544,1.638145777,1.426489112,0.782430125,1.575758523,0.799943235,1.032176854,-0.642534089,0.647421334,0.899603204,1.558107253,-16.15839131,7.29605251,0.286588632,-0.506764916,1.790703881,0.546192148
2019/1/20,-0.829459822,1.630801879,0.441232091,0.12478879,0.405740651,0.023605983,-0.223035739,0.106548705,-1.372162863,-0.608504008,0.873847051,0.678162256,1.317341845,1.017990274,1.053873923,-1.13082065,3.342033625,1.272046208,-2.309802163,0.899316336,2.485012845,0.518779927,1.037520334,0.219711385,0.185282365,1.348624148,1.750428886,-0.687459041,-1.165661614,1.499020807,-0.928690747,0.248891783,-0.236301986,-2.167353523,4.194561191,-0.628469307,0.760229324,11.65273625,2.118644568
2019/1/27,5.012560904,0.188198769,-0.727374812,1.311998136,0.908650748,1.286493002,1.555337434,1.3724223,0.228092447,0.280561562,-0.221611594,-0.900442145,1.598702519,1.879175425,1.567919325,0.824499546,1.109722336,-1.821568005,3.051698042,0.248801902,1.174580231,0.071363353,1.768280177,0.632575218,1.159086111,-0.375342054,1.302902957,-0.424664967,1.043646608,-0.913459819,0.447899576,2.516048962,0.470199444,-2.157948587,-0.204670273,1.229951688,-0.551558398,-9.135477323,0.367107608
2019/2/3,0.17569314,-2.606718888,3.497838634,0.16918407,0.815813571,0.288521826,0.04986693,0.471499774,-1.283561605,-1.040310499,-1.656474683,-2.480088576,-0.960652463,-1.154618123,0.903709431,0.078334338,-0.47227544,-1.819228745,0.723281181,-1.125791612,-1.205810282,-2.214111511,-1.018592297,2.60930604,0,0.786284129,0.055765283,0.418106863,0.457475984,2.858930008,0.367358062,-0.897890677,0.035576638,-7.631830858,2.882255506,1.631880045,-0.172987751,-15.04863298,1.761600081
2019/2/10,2.173791905,2.263809351,-0.088979705,3.047603577,1.302209554,4.088173822,2.470089912,2.358982853,-0.445009082,0.276031538,-0.678133413,3.540041224,-1.863630068,3.787960914,2.178784401,2.61679021,0.256376653,2.963509417,2.31351693,3.313213619,0.870775704,2.752575937,1.179966131,-0.188338919,5.588301877,0.539131433,-0.162873135,1.170497298,-2.023329131,1.457975939,-1.106147702,-1.044957645,0,-2.636687584,-4.70544293,-0.272665472,1.164235229,-5.681422419,1.305571616
2019/2/17,-2.221397293,0.368452712,1.654524639,0.572321039,1.097424773,1.317395315,0.613118742,0.735072427,1.729462351,1.237014032,0.748623534,1.387696662,1.759378687,1.208612615,0.323777561,1.149060168,0.457502219,0.888273936,-0.805815971,0.899910861,1.554726917,2.480296611,0.848858633,4.442080333,6.267477597,2.532446484,3.228440336,0.926632373,0.625116776,3.476631308,-0.309447221,-0.448986665,-0.417228261,-5.290165822,5.300843877,0.272665472,0.335480445,1.612938193,-0.409508273
2019/2/24,-7.983420728,-3.410377778,0.411003815,-0.021091806,0.344375842,-0.026417587,0.393827925,0.896792273,-2.592681933,-3.29844594,-0.966549641,1.248792215,-0.926340062,0.941516576,-0.51483502,0.672569756,0.078468227,0.683187751,-1.006215557,1.262426282,-1.584329357,0.823557581,0.082136051,6.548463452,5.798294333,0.639725165,-0.014333193,-1.525382796,0.663585924,-1.537307625,0.424141309,1.256714431,0.871943362,-9.86019768,2.95989707,0.80606109,-0.386314804,3.44474344,5.095425387
2019/3/3,-2.437607353,0.801187637,0.179082853,-2.238316047,-0.449345607,-4.35611628,-2.185867558,-2.495682228,-2.452515526,-0.138866693,-1.474094498,-1.247570337,-0.656549024,-0.647271183,-1.504040923,-1.538114666,-1.688475454,-1.504621525,-0.034058028,-0.864204781,-2.677363076,-2.707900351,-1.822763083,-0.809881235,2.116166445,-1.429141397,-2.046859546,-0.764622421,1.569974116,-0.063385902,0.290557105,1.142695454,0.116239227,0.443132187,-2.582843028,-2.299649779,0.086091999,5.09435829,-0.578134581
2019/3/10,2.727479138,3.879109707,-0.462073687,1.554171306,0.897052868,2.058978513,2.853819997,3.715021224,1.488765302,0.656185493,2.035711237,1.969080447,1.445110638,3.273913331,3.995987576,2.290481788,1.724298489,2.305274919,1.729946809,3.073252864,1.793002793,2.002543117,0.593891595,1.73213201,1.975504997,1.909927942,2.73892274,0.134770699,3.485756192,1.33784165,-1.202915619,-1.426579482,-0.226392709,16.78473757,0.482704075,0.015353908,0.845559681,0.209643683,-1.321794199
2019/3/17,-3.310914927,-5.603107985,0.323352801,-1.349745785,-0.316602849,-3.113219071,-0.774297463,-0.598258933,0.193366846,-1.767565558,-1.163912954,-2.789959291,1.381678724,-2.536847161,-1.510867365,-1.741087203,-3.415727431,-1.540350601,-0.286647277,-2.401558376,0.496899988,0.819398343,-0.059295163,2.690379214,3.383586388,1.896129121,0.347867608,0.371787063,0.262631931,-1.60822895,0.771177868,2.08340869,0.116111182,-22.00331289,4.276766602,0.237684605,-0.700511998,-2.473624356,0.431072312
2019/3/24,1.924969397,1.776414675,-0.2343265,1.658026355,0.079275786,2.220956389,1.19573181,1.127387121,2.311848288,0.882771519,-0.302730199,1.414340002,-1.268102135,1.518043925,0.929660454,1.68560472,-6.252455747,0.443608812,0.988495484,1.381333699,-2.138901492,-1.968305432,-1.543014908,-0.432291054,0.279388519,0.018514942,-0.213187731,0.024280231,1.447115476,-1.339680155,-0.106016442,-0.603820991,-0.064026685,24.64718038,0.884660414,0.732492211,-0.455534379,-1.514088045,-2.209361851
2019/3/31,-2.416917391,1.758796239,0.009707167,1.896046136,1.809747394,2.743021801,2.037387528,2.672738446,3.871692208,-0.079223866,1.672291966,4.110999647,2.288100811,2.321580835,2.447133521,0.665758106,5.19312594,2.880106914,2.27742176,2.816996533,3.169716522,2.797874659,1.467556105,4.918203906,5.009643758,0.593478001,3.000716091,3.35919165,0.361101902,0.505314625,-0.852202228,-1.356728128,0.09084073,-18.40220309,1.845999727,-1.293104976,0.71918899,-3.361350619,3.355555222
2019/4/7,-4.092323623,-4.456925815,1.126083678,-0.048034259,0.513313299,0.141442739,0.505850065,0.571130465,-0.677553489,-0.198673421,0.662600802,-0.081800345,2.226544821,0.48274511,-0.172568737,-0.591190859,-2.881694574,-0.440492208,-0.131820042,0.010441895,1.07314458,0.288749289,2.316927558,-1.800769695,-2.759159543,0.938375099,-0.088761041,0.280707422,-0.193055222,-1.289378689,-0.026748696,0.038362681,-0.104236477,-6.711904208,4.772858453,-0.223584381,0.161983455,0.075103271,-1.352876187
2019/4/14,2.144613341,1.817038783,0.13587936,0.555919444,0.799440035,-1.209327398,-0.081893323,0.173943338,1.860639956,0.318836303,-0.057057484,1.83686992,0.587053144,1.401799356,1.41442573,0.905856438,0.916838167,1.190540245,0.306371884,1.479789665,-0.777601905,1.497607357,-0.107227794,2.544324584,2.782582749,1.499077389,0.178711594,0.467097484,0.934771993,-1.418591464,0.763972802,0.344603473,0.217530667,-6.52668154,1.275909252,-0.030878493,-0.417355978,-0.150262988,1.692492747
2019/4/21,-6.565057012,1.737861717,1.989721959,-0.061051316,0.003912567,1.651307328,1.192504692,1.83770996,-1.216188292,-1.20939143,0.290864164,0.756313215,-1.101361703,-0.197672835,-0.427520246,1.586414337,-2.168689282,-0.795272398,-0.425710624,0.03371602,-1.676314319,0.261677742,1.882383516,-5.802924014,-6.3134791,-0.146252678,-1.202836071,0.279512691,0.015739691,1.132660734,-0.479021585,-0.713494147,0.00298316,0.663902853,0.172022875,-1.493493846,0.570843206,-6.604341232,-0.902517833
2019/4/28,7.730300716,-0.237198671,-0.782936695,-0.144698402,-0.719046202,1.384994564,0.195734679,0.215813307,-1.563533752,-0.905646012,-2.266831657,0.789152237,0.110603522,-0.369124918,0.271150796,0.182058648,-0.886991917,-1.019273347,-0.642186633,0.059118451,0.777491958,-2.308284185,-1.639708553,-0.261487251,-1.092666619,1.304671782,1.596842324,1.047238592,-0.361360437,0.545363256,-0.875240025,-0.548158099,-0.381122986,5.158274794,-1.099775421,0.998136796,0.590117529,3.006555572,-1.083508751
2019/5/5,2.983349865,-1.839581797,-0.393779123,-2.14539686,-1.200795839,-2.574969457,-2.204982384,-3.072947742,-2.041809891,-1.366072208,-5.639724546,-2.884407514,-2.810702533,-4.071807429,-3.188937497,-2.801770791,-5.934478525,-3.153480102,-2.432248962,-4.121786385,-4.102462669,-1.883767711,-0.218065481,-4.62496529,-4.645381552,-3.515469558,-5.224668464,-3.564546066,-3.770157904,-2.141322427,0.465366868,1.947316977,-0.071299133,1.093760904,-2.171915461,-0.349773004,-0.477983945,0.03896357,-2.539318648
2019/5/12,-0.234179612,-4.630381383,0.858306653,-0.689937072,0.637324669,-2.395289426,-0.761901148,-1.27947501,0.145736475,-2.185903633,-0.34550084,1.474257701,3.313286419,2.058281767,1.26988124,1.94707046,-1.981482621,1.76766789,1.99746744,1.903489041,-2.509353923,-0.44526416,-0.973842233,-1.955225122,-2.579715518,-3.118027071,-2.137480553,-2.100414308,1.13066282,1.593713343,0.294209636,-1.314501159,-1.318739333,22.01865808,-0.453075209,0.458342228,-0.138899629,2.005466364,-1.591166135
2019/5/19,5.174265117,3.959759452,1.414856731,-0.694495786,-1.052419036,-1.419756492,-1.17737602,-2.320385211,-1.924272761,-0.932617087,0.176098661,-1.879644518,1.92839636,-2.263656723,-1.936501805,0.080823891,-0.837638236,-1.143352634,-0.96935401,-2.211903634,-0.511569935,-0.627230927,-0.358697841,-1.02210194,-2.513722981,-0.539098918,-2.143032542,-1.115871884,3.758950152,-0.68168894,-0.687840489,-2.185411858,-1.376762683,-0.500001042,1.768250541,-0.879691166,0.717113702,0.457143653,-1.306022554
2019/5/26,-3.28963985,3.569072499,-0.919643295,-3.058328985,-1.193473969,-3.263815006,-2.65337933,-2.43694035,0.308223257,1.589384772,2.308849464,-2.394599519,0.621933265,-2.069221521,-1.235650547,-1.489381584,5.115967639,-1.874766111,-1.607022112,-2.119476787,-0.174698176,-2.473998027,-1.256607526,1.589479348,1.648901222,1.634567335,-1.669340518,-1.658209172,0.662268008,-0.930281532,0.411486402,-0.047188361,0.266304033,-0.69160917,-6.807141689,0.584728599,-0.355349297,-1.262208381,-1.434375457
2019/6/2,4.923508151,0.811906888,0.732044886,4.60287339,1.19914231,3.282306008,4.312539403,3.803620681,1.260283795,-0.439346377,1.827078354,2.680095227,2.974532742,2.959442894,1.787841116,2.336522159,3.491696856,2.542858348,2.349136736,2.942179329,1.487119264,1.366847117,-0.204814507,-2.476333645,-3.858796524,-0.854140681,0.238330633,1.544576024,-0.438356636,-0.770974979,-0.312933332,-0.639231944,-0.069539017,16.588864,-9.156485707,1.901886008,0.193704165,-5.702257196,-2.209827751
2019/6/9,12.68859099,0.223628074,1.694160339,0.405849592,0.436174936,0.534100299,0.473585686,0.702246823,-0.371850275,1.82846243,0.256620374,0.422670374,1.132370555,0.066532052,0.543735707,1.005073589,-3.274469669,-0.454686817,0.188585204,0.023973115,1.107566016,1.105588192,1.075761448,1.897506391,2.589269041,1.103199467,0.566050795,1.763724087,-0.399680619,-0.913818086,1.457933193,0.81214718,-0.068043464,-13.78930325,0.911719033,2.634504314,-1.211411835,-4.885129073,-0.417457912
2019/6/16,-0.477307667,3.972469748,1.466159791,2.384263748,1.361812772,1.766247216,2.175011735,2.970201986,0.914135087,0.027576331,0.951521724,1.99316478,2.501538726,2.950117348,1.640365564,0.760937672,3.501269389,0.358279341,0.836700179,2.563055593,1.431428624,0.669020676,1.163968804,4.079798288,4.485117352,2.617312213,4.87705849,3.018858442,-0.842560851,0.564757487,-1.100374933,-1.137273354,-0.228403014,-6.462032407,-2.779521658,-0.118932594,1.113069309,2.11692918,0.057028801
2019/6/23,3.658632969,-1.030652536,-0.482306355,-0.447007623,-0.870502704,1.087232326,-0.295304871,-0.317621908,-0.843398368,0.264641349,0.834778003,0.476015826,0.399196332,0.192278212,-0.112084698,-0.248119931,2.585875841,-0.308260311,0.244452911,0.195083779,0.234949265,0.08125158,0.181285784,-0.772468002,-0.391027749,-0.677424043,0.241720341,0.006322435,0.550761718,-0.264622259,1.408785981,1.184380209,0.80461454,0.782272568,8.956318723,4.052146591,-1.916370057,-8.79639576,2.792273604
2019/6/30,-0.097352496,3.045257163,1.98209943,1.203854151,0.970661721,0.576032959,1.640246005,1.924227003,0.564076578,-0.009929847,0.614176778,1.359637692,1.311874086,0.9835977,1.536834049,0.824817061,3.212595264,1.469773623,1.702584127,1.550803967,-0.944548792,2.187139013,1.714112415,1.074478529,2.84528729,0.510305729,0.810263787,1.351610339,0.188983107,1.833272895,0.017594792,-0.369598974,0.046590182,-2.099814684,1.794698731,1.178656076,-0.054341012,5.430795889,0.295257642
2019/7/7,2.360597794,-0.175965814,-0.815007709,1.5111021,-0.326187517,-0.357322625,0.778128499,1.003913727,-1.76178138,-0.184230007,-1.144435201,-1.970266833,-0.780878289,-0.373615275,-0.536090644,-2.200745248,-2.579273072,-0.448782707,-0.626466694,-0.863987292,-1.14028277,-0.278502713,-0.541820665,-2.710205751,-2.463918939,0.357426174,-1.059324501,-0.281671476,-2.214213681,-0.597077924,-1.274804799,-1.348370682,-0.389524053,-12.71102185,-1.655495646,-0.943235957,1.271335597,4.655940355,-1.953732253
2019/7/14,-6.253039215,-0.437890726,0.056729967,-0.652754398,-0.013222515,-1.417644576,-1.240671766,-1.191548529,-2.470683399,-0.243026628,1.230648726,-0.51457622,-2.715462477,-0.368892663,0.77770855,1.767050157,4.77705465,-1.329113951,0.036364436,-0.500157969,0.368331589,-1.014587333,-2.11078783,-0.216917972,0.164516441,0.450190044,1.026547433,0.612298321,-1.160133595,0.660677431,0.400125017,0.398470403,0.185852069,-6.936944841,4.587960575,0.886750747,-0.482118111,1.437101308,1.232508599
2019/7/21,4.437108524,-0.613757617,1.379925111,0.140763069,0.273192933,1.987356213,1.641027951,2.230150631,-2.267370765,-1.478957834,-1.644831935,1.295238483,-0.177103333,1.034017163,1.430679309,0.311980443,0.965388618,0.597957859,0.536070394,1.264605376,-1.350780762,0.886542059,2.849755831,0.693166896,1.296744596,0.172661226,-1.286371147,-0.421258106,-1.188814871,0.797231455,-0.435769288,-0.58230133,-0.018891367,15.38047189,-7.911582739,0.997900059,0.406746541,-8.593720335,2.148251163
2019/7/28,-1.498872174,-0.141124052,-0.365728176,-2.636044867,-1.581488146,-2.911570011,-3.149351151,-3.993850363,-1.726636267,-1.746121911,-3.948946411,-4.508027721,-4.173250557,-4.578224164,-4.542388774,-1.662914228,-3.119018756,-3.618981155,-1.898945275,-4.300294922,-3.352846665,-2.671750258,1.331250509,-2.639347478,-2.29963838,-3.199187808,-5.349281004,-3.09917677,-2.575804442,-0.287627163,-0.850307204,-0.964637705,0.042147181,-17.2542538,1.019413281,-0.462574416,0.960083029,-3.710833008,-2.482886165
2019/8/4,6.993379232,1.279351654,-2.759105599,-0.7487654,0.427314911,-1.353616362,-0.458065648,-0.562920849,1.103908283,0.192371599,-4.09346028,-1.516096091,-0.288075285,-0.58164724,-2.207031418,-0.549976557,-0.275260868,-1.58368456,-2.090123704,-1.263232424,-3.0684237,-1.926422653,-1.020461034,-3.299848013,-3.806915775,-0.5184503,-3.705756133,-2.867048111,1.015976532,-0.756278018,-0.161928787,-1.842393354,-0.887145192,37.0315046,-0.96550008,1.954776862,0.103270409,-2.237855626,-4.086079105
2019/8/11,-37.75661366,-4.112413511,-2.754621856,-1.538859024,-1.179104693,-1.290477818,-1.032153023,-0.796591815,-2.712600481,-2.099231412,-3.029529854,-1.127092744,-3.927313917,-0.510505206,-0.051652894,-0.221066497,-3.762890194,-1.002980602,-1.902499801,-0.139880734,-0.547490061,-1.294356308,-3.872013547,1.752992517,2.9766816,-0.703791218,-0.793756945,-1.71583641,-0.558278689,1.560678973,0.815965074,-0.992235692,-1.741111905,2.023677829,-2.106105443,3.413115699,-0.543106462,-0.09433963,0.580272421
2019/8/18,-13.42777015,-2.166456844,1.819272675,-0.998204733,-0.697232825,-2.312903419,-1.449520567,-1.843383128,1.319487104,-3.113769546,1.898420659,0.420898817,2.283754058,0.49079576,0.027674511,0.170386574,1.467237014,-0.241341002,-0.311987267,0.155177698,1.09045919,1.420407973,2.658132653,2.573355896,3.274702913,1.11857648,1.714854437,-0.150352296,-1.997127237,0.902419438,-0.978156496,0.951088507,0.277911871,2.744409342,0.67660494,1.026669061,0.701383623,3.751308108,0.231169434
2019/8/25,-7.728928314,3.489252469,1.235608721,2.976762386,2.490857587,2.393211808,2.748905674,2.686953908,6.695703766,2.674802198,1.489554379,2.783695709,1.941687299,2.842886471,2.955396658,1.534298602,-0.444635456,1.871504137,1.569025963,2.736744182,0.995388815,-0.031582547,-2.095083647,-0.386952021,0.033425476,0.755717299,-1.751738206,-0.123213144,1.774663783,-0.894576081,0.494761051,1.048073133,-0.752542664,7.306326235,-1.28395014,0.911810575,-0.487888171,-2.205971806,-2.493797654
2019/9/1,11.68806842,1.764146306,0.650494691,1.481886205,0.565600979,0.688667093,1.769681944,1.745225875,0.199601239,0.273075924,-0.59419835,2.092404839,3.584504275,2.228615567,2.036961378,1.784471275,2.318900053,1.990741471,1.037448778,1.977252924,2.079070693,2.363610935,0.019204548,3.852432947,4.771738653,1.519654979,3.686465206,1.214540606,-0.701431451,-0.737720247,-1.400646401,-0.990471814,-0.853170869,-4.582526338,1.702246649,-0.340136382,1.354468489,5.996838205,0.491981707
2019/9/8,8.575472752,0.548355343,0.328915552,1.562725607,0.885616644,4.734108975,0.958227208,0.9046867,0.312803005,3.416091283,3.624733299,2.245001679,2.09718144,0.914260617,1.219197604,-0.263205653,4.043924477,1.630662788,1.162076723,1.559085134,1.974768053,3.652914047,3.356630162,1.049283028,0.976342923,0.434187905,2.44974406,2.108646923,1.177921267,2.132967519,0.345203831,1.023047757,0.57593433,-23.53355921,2.544484166,-0.908319284,-0.505015727,8.832342616,3.149714528
2019/9/15,-0.251907462,1.263469798,0.919409462,-1.0505208,1.293980823,-1.171497511,-0.510713741,-0.724670204,1.662034642,1.22688436,-1.335579118,-0.004170587,0.615373113,0.622587114,0.105694518,0.094408282,-2.789039118,0.448766647,-0.306408856,0.597628683,2.044160129,0.412096787,0.363288528,-0.8211796,-0.389373783,0.938912751,-3.410064414,-1.626424725,1.77453527,1.110872258,0.416290194,1.767529168,0.511445205,-8.773891431,-2.99923711,-1.036829706,-0.108841057,4.619216469,2.442812186
2019/9/22,-4.014759546,0.248695905,-0.21863784,-0.427195577,-1.222973179,-2.550588879,-1.017164027,-2.217649251,-1.624414617,0.529102695,0.668189707,-0.700797067,-2.176886813,-0.886042424,0.150551618,-0.189304269,4.786954045,0.055546178,1.100671657,-0.716850962,-2.008542814,-0.910830472,-0.371335348,-2.501721748,-3.420677394,-0.919242646,-1.835728566,-1.083489378,2.09077859,1.051102346,-0.507017836,-0.184169488,-0.172182669,10.88478775,5.739134528,1.010378178,-0.121186831,-3.10825333,-3.475326139
2019/9/29,9.692193167,-2.434269571,-3.00781372,-0.923444171,-1.477958402,-1.309440856,-0.330752102,0.537995996,1.296624068,-0.929320272,-3.025208238,-3.018461288,-2.712838914,-2.736469934,-2.401025307,-2.115199876,-1.61831963,-2.450262835,-3.715111306,-2.836621326,-1.436660898,-2.165525808,-1.597987425,-0.92439706,-1.081546931,0.596572592,-0.516767271,-1.523887523,-2.976794645,-1.051102346,-0.719656943,-1.526377302,-0.437588198,11.69123347,-3.825027697,-0.37105794,0.634851825,-5.266506523,-0.153875776
2019/10/6,-0.057816909,1.241397257,1.366992995,0.909796835,-0.208066466,0.743547208,0.616656351,0.929960878,-0.467036511,1.838372612,1.810344531,4.068662985,1.36148214,3.176942393,2.247010065,1.911561846,-4.382108768,3.42221204,1.273410781,3.512303371,1.176802502,1.79906896,1.348834849,2.329472472,2.305779703,-0.04149751,1.870052407,1.150145181,1.159275966,0.165953396,0.346810606,0.357433362,-0.360168842,-1.05079776,-5.704268832,0.430564041,-0.276807664,-2.186798664,-1.356609953
2019/10/13,0.53432505,0.860185299,0.64723192,-0.173139729,-0.23200593,1.547589774,0.534881834,0.402562572,-0.083270418,1.020076404,0.223832718,0.969972111,1.909998843,-0.517267094,-0.817296357,-0.519445813,-0.620940696,0.602035833,-1.340655531,0.265479578,0.783381591,3.133178936,2.287075946,-1.201678928,-1.386266424,2.630488169,1.550682973,0.00610135,3.107330189,0.266912312,0.581396987,2.522252287,0.848534214,-8.957548096,3.516314271,-1.612508287,-0.491621557,-6.046519575,2.523975616
2019/10/20,7.685393914,2.484886898,1.336948265,0.699299644,0.166983906,1.501552035,1.209916986,1.88070439,0.486394339,-4.894689042,0.484791342,2.044170801,4.750088869,1.512565814,1.917864634,2.297426091,1.813462508,1.070372693,2.402872353,1.256802619,1.311310847,1.356227965,0.2689346,0.569823383,1.322728432,1.031315839,-0.195515934,2.265922725,-0.670662742,0.857993109,1.161704271,2.529606346,0.088922143,-8.923113373,-1.696205859,0.362076297,-1.022504845,4.676635139,0.303951602
2019/10/27,3.475152117,0.77194668,-1.045630523,1.43376727,1.149032478,1.945398768,1.45696941,1.723243312,0.975631368,-4.310977142,0.86191449,0.514706677,2.380667524,0.692093699,-0.520355977,0.539383283,-1.764701345,-1.089667572,-0.301499727,-0.025936687,0.587859165,0.223261221,0.057448502,0.110601334,1.458091668,0.911282256,1.612030113,1.368697087,2.613196899,0.698702187,-0.818092395,-1.163164479,0.230436022,-11.90996915,5.216684356,0.746819501,0.607379814,-0.865806274,1.487366213
2019/11/3,-4.61480377,-0.525426901,0.821316925,1.213492973,1.693123126,0.597833152,0.849681816,1.054588461,-0.256682345,-1.554846397,2.758200362,2.04294225,0.87084669,2.193951669,2.670721388,0.554339217,4.653247986,0.701862221,0.776988999,2.07315789,1.747801977,2.340371129,0.880564481,0.201945908,0.944382673,1.566762121,2.0105185,1.073969357,0.147486764,1.187289336,0.782272568,0.877505145,0.395663819,-2.80579528,-0.81517375,0.63572163,-0.573367785,16.55144385,-0.675044754
2019/11/10,-6.911959698,-1.00100749,1.029762462,1.162421035,0.89100153,-0.150846112,0.881306863,0.7700962,-0.71157418,3.138174554,-0.961843591,0.099658834,-1.285325089,0.838116762,0.411557638,0.008632668,2.135954183,-1.418402668,-0.769868326,0.322752417,1.160637393,-0.37926864,-0.281442684,-2.488037185,-2.531433575,-0.466909943,-4.908484281,-0.78239286,-0.106706559,-1.852557708,-1.343512387,-1.276083298,0.590014253,-1.887622727,1.833619779,-3.253901264,1.1882829,2.725954723,1.066726687
2019/11/17,5.310564103,1.983814112,-1.242656787,-0.46266661,-0.433331039,-0.471528693,-0.326445742,-0.245593654,0.297995186,-2.565010426,-2.063793961,-0.589800173,0.413104235,-0.779896452,-1.048957733,0.573708171,1.139807026,-0.072369455,0.326321655,-0.656583783,-2.824672922,-0.820580179,-0.357594746,-0.209464764,-0.218834021,0.356827733,1.014412231,-0.408693571,0.159177853,-3.852823386,0.308166654,1.005111894,-0.174231,-0.165837517,0.835077922,0.381160276,-0.336611359,-3.688568598,-1.632765934
2019/11/24,2.677183975,-0.423188369,2.009539583,0.62864264,0.502191963,2.213294888,0.981888371,1.694390666,-1.625385381,-3.885398112,-1.348020726,0.549238396,-1.172837379,0.204097271,0.7697517,1.186822145,0.296030044,1.045869358,0.268786955,0.440001251,-0.668273003,0.780191512,2.641904504,-0.462372747,-0.465822699,-0.669925828,-0.939117699,-0.988547781,1.181885604,-0.543888788,-0.25371525,-0.536361036,-0.451300923,2.378135854,0.086587589,-0.319804308,0.311150128,-0.859336504,0.340007883
2019/12/1,5.804267117,2.6378382,-2.051278299,-0.129667536,-0.254016555,0.57329963,0.156834333,-0.103221346,-2.080069691,3.693901744,-4.056746526,-0.528729829,0.685192805,-0.564827418,0.835290246,-0.280191355,1.821408911,0.327734391,-1.465384893,-0.303951602,-0.293059126,0.259345018,-1.469761976,1.384187702,3.046978959,1.039612016,0.574816238,0.024731437,-1.122311598,-0.796429347,-0.063529521,0.799600581,0.108012858,2.243683864,-4.605028251,0.367347352,0.026479545,-15.55901143,0.169571402
2019/12/8,0.566306271,1.28661399,0.486365643,0.428563638,0.036235188,0.253070292,0.724977085,0.901025622,5.374668955,3.299323502,1.59826544,0.878214141,3.599325394,0.799093043,0.092933725,-0.331305061,1.466202991,1.91071134,1.559398698,1.043465238,4.15854468,2.823046425,0.823929344,1.893693839,1.267416041,2.703015391,4.390721661,0.603550725,1.376218187,0.013628775,0.380573131,1.54982387,-0.036964898,7.625644361,7.050221461,-0.517395122,-0.552428356,2.296959056,2.399445533
2019/12/15,4.942041662,2.245291656,1.13013891,1.129919584,0.675880031,2.049692892,1.640720246,2.152764021,0.566044328,-2.864787327,1.016881866,0.272013677,1.477620027,1.71704852,1.056010869,2.369756688,0.631617139,1.162223569,3.067209198,1.211848658,1.551318936,-0.863179127,-0.831082335,1.247709828,2.222773904,0.26248811,0.660884122,-0.051661574,1.519827272,-1.392882113,0.559164516,1.436154691,0.648866764,-7.546436436,1.458900697,1.092907053,-0.502998515,-1.641505541,2.073555559
2019/12/22,7.597614008,1.219932679,0.079190501,0.666092951,0.290317281,-0.171808491,0.581933284,0.910801664,-0.550047209,-1.216015855,1.107544886,0.136629622,1.668023198,0.26304195,0.286821966,0.474369301,2.229914377,0.258051341,0.819843593,0.151081611,0.001361041,0.088512387,0.471596598,0.003327798,0.041831068,1.101934714,1.262371085,0.439204796,-0.212092617,0.918189572,-0.369419711,-2.453877827,-0.247208317,-0.954661188,0.614058854,-0.0202559,0.105942564,1.384105141,0.985229644
2019/12/29,-2.878671532,1.001540981,-1.301363975,-0.036242929,-0.596420626,-0.490105789,-0.15969436,0.156983378,0.817542812,3.220992163,1.0278172,-0.888459598,0.94939658,0.112071724,0.008182837,-0.283061715,0,-0.557190891,-0.294747811,-0.235585711,-1.266946435,-0.762620884,0.491820279,2.586848095,4.046855301,0.155689515,0.797789291,0.380180959,-0.156502548,0.78424643,0.871798089,0.567529708,0.157113711,7.096268606,2.095689009,2.48095419,-0.751215998,-7.582766303,0.798939003
2020/1/5,5.386315458,-1.890198208,2.862043474,0.657483879,0.981739697,-0.19466574,0.938439551,1.737331763,0.07947568,2.935697378,-0.279141936,1.978684495,3.178126277,-0.116709598,-0.103152716,-0.565436846,4.287330036,-0.759621138,-0.454299692,0.427086062,1.365799207,0.816512522,-0.885953385,0.275255676,2.07499464,-0.710835524,0.65406077,0.527502582,0.246288944,0.253279195,-0.152241108,0.076446759,0.434057682,4.299387107,2.132003492,2.43374844,-0.025897745,-1.305988711,-1.442718051
2020/1/12,-0.941612642,2.543078568,1.931011684,1.802741428,1.865516941,2.502155986,1.949122883,2.262938688,2.558615333,-1.905152114,0.370178099,0.317074592,1.418036084,1.048137638,0.838504097,1.883832816,2.341251027,1.118687951,1.136267902,0.493302991,1.982582169,0.796340452,2.324371687,-0.544442709,0.682875372,0.544394157,1.44979662,0.767330573,0.776544335,1.046988827,-0.34114406,-0.206540521,0.666923615,-10.99677206,-6.571288212,0.519381758,0.575417783,3.324405858,0.946351139
2020/1/19,-5.890517366,-0.086129013,0.373024043,-1.22861789,0.035986421,-2.225638959,-1.030938522,-0.791605863,-1.486712979,-4.536499661,-1.000878979,0.373024484,-2.343222571,-1.261214674,-0.216293658,0.073115965,0.547582202,-1.239927959,-1.160915601,-0.767062919,-0.197478215,-0.894457506,1.01557809,-3.270929715,-2.518956883,0.234788823,-3.883513779,-1.257789487,-0.846325873,1.579916783,-0.288184637,-0.391299843,0.862186922,-3.731170844,-0.850489903,0,0.289039839,-9.471998162,1.130953917
2020/1/26,0.467917147,-3.976624275,-1.039158185,-2.563474319,-1.415292532,-2.940733047,-2.145462059,-1.775973592,-2.315645902,-1.521629743,-4.189059419,-4.479214335,-5.311027991,-3.684422626,-4.111101128,-2.066130134,-2.488503011,-2.05079586,-4.034573575,-3.726811231,-5.825973684,-2.645141627,-2.626538595,-1.310201873,-5.469436496,-5.282968172,-6.035526733,-2.699362333,-2.363975125,-6.882081469,-0.587944347,0.521393606,-1.114787031,18.50725902,-7.721389169,0.739139341,0.298447985,-5.648318446,-5.843057995
2020/2/2,2.727332326,0.00791101,0.076924177,2.951753861,1.927206629,2.612321569,3.119020218,3.959181255,0.657617916,2.203080501,2.121676291,4.015065382,0.076433964,3.775512651,4.471871812,3.455361713,1.561523266,4.621525358,2.449706339,4.236996894,4.292548094,2.648499081,2.117143742,-2.126964222,4.808667518,1.018794154,4.064978862,0.876061803,1.132576127,1.735903226,0.633027978,0.936258028,0,25.77042264,-4.975021151,0.803014021,-0.448520994,-2.785396998,-6.304931759
2020/2/9,-6.42885881,0.535611468,1.520576469,1.010494134,1.086484408,1.841959048,1.563866591,2.188674446,1.34309994,-0.531800026,0.240918921,1.690551898,1.091353459,0.654596481,2.050341154,1.15028873,-0.716521978,1.475152965,-0.774011096,1.112131953,1.420278209,-0.590923811,0.176444941,1.41725875,2.831497057,1.732035645,1.489817372,1.204417896,0.124732585,0.274091593,-1.361429632,-2.361167569,-0.929825471,-19.70796046,-2.434356568,-0.917350564,1.387265332,0.919173814,1.457579479
2020/2/16,-0.117022425,-0.613870086,0.1233426,-1.38952945,-0.027064972,-0.532948005,-1.262611836,-1.601358453,-0.439054439,-2.683521537,-1.273144971,-1.206886087,-0.665448919,-0.655094015,-1.909312269,-0.162143312,-2.803795783,-0.711588952,-0.070343383,-1.062387713,-3.665508862,-1.278208723,-0.290576727,4.118983783,6.330416972,-1.100766155,-1.838765364,-1.218563256,-0.269485124,0.34933023,-1.037992142,1.195217991,0.208744464,-12.29677524,3.380218267,0.822841531,0.437305201,-1.136683416,1.821402804
2020/2/23,-9.873504108,-8.735290117,-10.28578524,-13.19164615,-9.274531413,-12.83390583,-12.20622707,-11.13607777,-8.081388759,-9.109957665,-16.60969315,-13.28216369,-15.96784535,-12.71275725,-13.49833952,-12.23720983,-9.732883851,-12.51537022,-11.78821435,-13.22819226,-8.479117663,-10.08622055,-7.414498317,-5.38545015,-5.741660971,-3.431192887,-4.412796014,-5.490622533,-7.555153817,-4.34201525,0.119964948,-0.591967902,-0.573713576,22.19732762,2.523134892,3.858045237,0.186688653,3.634820235,0.325889294
2020/3/1,0.710161355,-6.110651324,-3.555607058,1.776458764,-0.542758654,-1.8601531,0.612495777,0.096249261,0.155888295,1.992400147,-0.232050182,-2.974585376,-3.263441322,-3.269308996,-1.511232026,-0.962913431,3.346400982,-4.066342614,-1.810346946,-2.969634027,2.642664891,-1.877279115,-4.059285294,5.215550633,5.337740469,0.26213888,0.064043953,-1.677852377,-1.913429443,0.479634479,1.664571084,-1.155544286,0.502176674,85.37174914,-17.61212605,-4.941809053,-1.122337134,-12.33100928,-2.814353626
2020/3/8,-21.36062908,-16.99833211,-11.52906486,-10.93499388,-16.48809831,-18.08515017,-9.203466656,-8.524534714,-8.318801293,-11.34132601,-25.61782369,-22.32969178,-23.78360818,-22.14248869,-20.49167639,-15.1552251,-13.66213786,-23.37782464,-18.59207255,-22.30027846,-14.126487,-17.42810997,-20.61506137,-4.968312859,-6.709857045,-11.13411918,-8.42976991,-11.70166913,-9.884069395,-15.40051509,2.330898894,1.755177079,0.858953859,4.461434569,-8.093676227,6.476550742,-2.213321286,1.415117955,0.803847089
2020/3/15,-17.46021931,-20.92316047,-13.9799854,-18.99781073,-14.61064953,-17.6379561,-16.22789792,-13.51290644,-10.55657791,-19.18727199,8.585035567,-3.338556845,-7.046041991,-1.703448495,-0.201195679,3.017045559,-10.82527346,-2.850363932,-3.321927633,-1.461506347,-12.31723967,-5.16960145,-1.712460306,-5.035991846,-6.493788208,-9.248769156,-5.244126138,-8.856984901,-12.95614626,-6.18026684,-1.607895292,-6.091208553,-1.097516881,32.12676467,-26.31155156,-9.786974488,2.907271085,9.008043311,-3.841650625
2020/3/22,0.701790928,9.059701275,0.534218063,12.08404928,6.815557435,11.01827278,9.769668509,8.667142147,-1.381032395,3.944646798,-0.844718144,7.584606703,3.311715952,7.209777427,7.350756574,4.228838237,2.678387577,5.062648823,5.974053758,6.83020306,9.23832733,15.8170988,4.056218885,0.963431413,-0.397038237,4.911246848,2.934838148,4.77953097,-0.97899746,-4.783841298,-3.771262082,-5.311278749,-1.23932786,13.27529469,-34.68632571,-2.110105914,4.685777031,-15.2903019,-12.63678727
2020/3/29,9.685634211,-5.444558722,4.543713375,-2.737390146,1.955573198,-7.323650412,-2.100225901,-1.738477419,-2.165560762,12.0257259,2.050783049,-1.114411618,9.436385284,-4.630697502,1.394740622,2.698475742,1.607436765,-2.938944259,-1.735930018,-2.435742973,0.44784387,-8.439598806,-0.965433333,-0.296594084,0.001978237,-0.364518507,-1.062372699,-5.673281334,-6.888153151,1.071731982,4.085939797,6.766908527,-0.00281845,-0.759997578,-4.188140525,9.90642473,-4.915882403,1.853048699,0.023022908
2020/4/5,5.548366412,11.07502046,6.119673243,11.9271271,9.069729416,16.97834819,11.42366828,10.06215653,4.413192835,4.467392835,7.000487406,10.35212836,8.41665334,8.138712143,7.472592179,2.250824752,7.441181626,7.166746506,7.59209603,8.277188269,7.547067059,9.000545537,5.228418973,1.173983292,1.84536011,4.985382422,4.478239635,7.342313505,11.97191925,6.931221252,-3.025563384,-1.586050402,0.04933434,-33.67774403,27.5756291,0.267721486,2.148526028,-0.798775368,1.076140895
2020/4/12,6.446626481,1.669769187,1.842844663,2.181486479,1.354900802,-1.424192937,2.992254144,5.911841118,0.50589568,0.136626384,0.609014905,0.576108268,-5.709506339,-0.174108902,-0.437930986,1.678449697,1.756008358,-2.793734152,-0.957906207,-0.15533406,2.851940069,2.024449427,-0.963460855,1.485709976,2.204791035,4.235153858,0.327319355,1.669173642,1.685147325,5.486726063,1.168205347,1.553932207,0.802625923,-11.61017575,-21.9269625,6.304868368,-1.171952808,6.681076798,3.248857485
2020/4/19,-2.114233361,-4.74295255,-4.565521992,-1.946091386,0.420288983,0.320858062,-1.324411354,-0.180738345,-0.450830651,-3.597193656,-1.467415952,-2.764146945,0.243517511,-2.377216707,-0.174126444,0.133274582,0.588001024,-3.883450542,-0.601950481,-2.781462604,-1.341927939,-3.244779067,3.263585546,-1.061100584,-0.997838978,-2.384330213,-2.27620225,-3.758264605,-1.219808677,-1.360266996,-0.541012736,0.376738853,-0.525902935,-8.82556877,-21.97442389,-3.129238984,0.333099535,1.147459521,3.721762297
2020/4/26,11.25278538,6.643997914,0.062926064,-0.217183788,1.377261299,2.200182594,-0.212794194,-0.343050326,5.302033636,6.999677447,2.877830045,4.959566156,3.962718491,3.990490974,1.568027726,0.038950821,2.352649423,4.557458935,0.188097793,4.1442221,3.052442471,1.838208099,4.128061097,1.818838168,2.821815168,6.044905722,3.351572455,4.125904358,7.424138855,-1.349664331,-0.516225335,-1.061700635,-0.124337706,-5.995315661,-7.558268117,2.143105549,0.597195563,-0.400114852,-0.703402666
2020/5/3,9.992995629,-0.302297315,2.730262661,2.529028238,2.340466924,5.34156281,3.440659773,5.827691138,3.11406184,-3.339195473,-2.591706817,0.393639797,1.000286933,-0.494200628,1.480447749,0.372640657,-3.282443919,-2.031385975,2.956355294,-0.679230307,-0.089382496,2.813059563,0.638993212,1.225295153,2.576171221,-0.828741596,-1.69182752,-1.240403856,-6.369032604,6.077180755,1.495234939,1.085699675,0.278561559,3.446730681,15.4993637,-1.81400323,-1.337135401,7.924937165,-1.096903137
2020/5/10,8.485531102,-3.429559277,0.25380019,-2.690474037,-2.213601001,-5.618825478,-2.281966631,-1.177348253,-5.272415617,-5.131382859,-2.135939398,-4.112111358,-2.571637774,-6.164899105,-3.969645878,-1.903605811,1.94628967,-4.650106114,-2.321387499,-4.840338979,-0.95737996,-0.704289901,-5.815546113,-0.932724761,-0.334054895,-0.796639374,-1.801927839,-2.671684077,-1.247001342,1.799148979,-1.310562679,-0.762780205,-0.169774524,-28.45499387,22.37500408,0.87040886,0.672807249,-3.609333338,3.985266674
2020/5/17,3.919329349,5.781363106,1.691504125,3.239039571,1.859386134,7.547254764,3.153642852,3.381394881,0.260311992,3.026698912,3.615141145,5.653567873,7.057057205,3.828175853,4.698870604,2.147892227,3.211448018,3.380115899,3.282057997,4.749517138,2.198984796,1.735031946,5.094460595,-1.925007923,-3.337559074,-0.034865327,-3.712707012,-0.944391079,-1.073948075,3.702177293,-0.230893661,-2.472485297,-0.393615203,13.08025118,17.35931953,2.424848756,0.664328153,-10.21353934,-3.188278072
2020/5/24,-7.969975151,6.170282606,4.598817926,3.683392754,1.85473756,2.801348456,2.962335097,1.756991716,0.940970394,-2.210801285,5.50138858,4.528255527,2.598735248,5.491094855,1.549773201,1.460031017,2.393853761,5.786738232,1.380648748,4.861199501,2.973919888,7.05221976,1.08281246,1.361799475,1.321827775,1.204520912,0.13653914,0.435878373,5.813270037,0.384001665,0.782872983,0.494479333,-0.397681887,-12.43899497,12.20402049,-0.981238976,-0.545123703,5.035117394,2.374502063
2020/5/31,17.65563942,7.951891308,4.135211095,6.585481967,4.260264366,7.801444386,4.797785896,3.359317536,7.530717005,9.613889572,6.724325988,10.32924159,5.271142,10.16417103,7.28222713,3.585265721,4.177983739,10.37866716,6.49385415,10.39369732,7.234357796,4.407527436,-0.011110571,2.713220738,3.963909664,4.793090663,7.583220185,9.156470423,5.699110051,2.479455736,1.800212267,1.468934525,-0.095320874,-2.335295635,6.519619956,0.423341593,-1.560852759,6.594567621,1.991353918
2020/6/7,-3.866499135,-1.965576107,-2.547725695,-5.713007756,-3.841601975,-8.258716224,-4.896378981,-2.322129565,-3.312019748,-1.12104626,-2.954528787,-7.249222478,-3.777951478,-7.147171877,-4.945728609,-3.943124779,-0.170110613,-7.651452854,-6.024627938,-7.055508533,-2.298109792,-2.471942397,0.095788107,-0.378085208,0.633998355,-0.431789627,-1.911665679,-2.460330166,-1.682859295,-2.289863427,1.662088124,2.551424041,0.776418889,-11.50604639,10.83147276,-4.000882977,-1.453449942,-3.690862336,5.143705074
2020/6/14,-5.846730563,3.98960851,1.608122591,1.033169631,1.4163891,2.205832922,1.838446971,3.658573177,1.906874559,1.215038641,1.057651907,3.142592804,0.929349316,2.855762669,4.074274859,4.685380343,3.380989484,1.652323254,3.023674868,3.592566753,0.422125196,0.773980977,-1.162576596,1.626908324,3.634107643,1.043708723,1.399586072,-1.872425208,2.685980053,0.064354845,-0.266217213,-0.976082026,-0.019766473,38.65267076,-8.685048889,3.175426871,0.394384402,-2.903705285,1.836332649
2020/6/21,-0.886819789,-2.876158045,-0.649972322,-3.364279913,-1.860395604,-2.849256698,-2.904839903,-1.917500159,-2.565340743,-0.665381403,-2.714840097,-1.976874512,-0.23473719,-1.411882381,-1.420677466,-2.209837711,0.925186203,-3.232056335,-2.141120511,-2.006163119,-0.311976249,0.147985607,-4.451493532,0.400862794,1.238429126,0.9548325,-0.381755267,-1.157410608,1.34386385,-1.589997395,-0.704448051,-1.478176015,0.156827317,-2.724504989,9.189463577,0.899642202,0.279143458,-3.647463151,0.401415047
2020/6/28,-2.070291169,3.075809497,2.571618055,3.193676364,2.649239431,3.777524821,3.941178511,4.512795608,1.374488603,5.079626437,2.332996311,3.565229853,-0.931543611,1.966427445,1.56146555,0.83232373,0.937441765,3.087634436,-0.032476495,2.776489989,0.828544578,-0.917483481,3.081880173,5.652183627,5.112965506,2.108621123,3.297889904,1.842390129,2.137730374,-0.714018424,0.375134416,-0.186317847,-0.083389284,-1.116690201,-3.22113738,1.545328349,-0.177453234,-11.00984378,1.908418807
2020/7/5,7.249577467,3.320477615,-2.316190074,0.955411095,0.747802072,-0.64318816,1.742864838,3.936245228,-3.990399265,-3.750757901,-0.205100913,0.838813132,0.844077358,-0.734847889,0.331826666,1.023107489,-0.814553617,-1.119227146,-1.010234085,0.055837103,-0.100403015,-0.070273331,-3.18761016,7.056335725,9.491921636,1.372002488,1.386661457,-0.010931866,1.503625922,2.395526367,0.275985041,1.208912209,0.168263322,-22.6893736,5.46003687,0.866871568,-0.105801094,14.83046715,2.84151959
2020/7/12,6.185611822,2.815088316,1.914254289,2.262394529,2.573601474,3.497594081,1.2384378,-1.08189116,-0.378112172,-0.746201698,-0.068460559,2.237767386,-2.395090563,1.970999772,0.573267789,1.749518594,3.405367684,1.616402093,3.147273541,2.08298959,2.341400877,1.80327169,1.97487534,-5.130076139,-4.154231781,0.889545611,-2.51206816,-1.296514358,1.23353241,0.633326825,0.443538383,1.091513844,0.916974601,-1.418979603,-0.246305543,0.710246022,-0.708560838,4.012971343,5.279298791
2020/7/19,6.65596387,-0.493010206,-0.159235702,-0.76045908,-0.787163932,-0.392401392,-0.282593087,-1.341988101,2.794823443,0.332075374,0.792490775,-0.633211564,3.220956795,-2.254068911,-1.731530846,-1.903694532,0.349597815,-1.977655377,-2.682267952,-1.638921787,-0.034078285,0.242870932,-0.008643478,-0.541578949,-1.376110748,1.000433084,-1.541726909,-1.499453833,2.647258004,-5.279677973,1.12657414,-0.436768612,0.13434139,-6.08078559,0.098595029,0.408321485,-0.753238576,-4.939976822,0.241296222
2020/7/26,1.325522674,0.516333821,-1.609834126,-0.157169812,1.070324267,0.873824243,1.710913897,3.620744885,-0.908296077,-0.066178924,-2.392039973,-4.172934473,-1.72987184,-3.54735083,-3.364783185,-2.060496902,-5.617884705,-5.890738353,-3.7613467,-4.212359924,2.199283664,-4.686292823,-0.551845093,3.481028549,5.28602842,2.889882804,-0.446160915,-1.945130445,-1.084096913,-4.172394073,1.975800842,1.767025546,-0.349768011,0.621120009,1.709860905,4.653253057,-1.58620862,5.106043841,-0.414007836
2020/8/2,6.050726315,-0.132239139,1.290600017,3.732800283,2.294431341,5.822060381,2.42099285,2.442636838,2.655903889,-0.636652474,2.772461431,2.89372302,2.952482533,2.188192394,2.58508684,0.619013799,-6.064514293,1.057292589,2.25358533,2.437661253,4.447553706,2.815539499,1.607288439,1.321437886,0.077841037,1.287160815,-0.259450301,0.618286889,1.261710512,5.441035158,1.024424189,2.311035341,0.596052393,-5.488454866,-2.501356503,3.684247041,-1.128402339,-0.4990307,-0.537309552
2020/8/9,-7.49389852,-1.394238987,2.001550621,1.797373387,-0.180706778,0.552898398,0.641572188,0.075532407,2.426698942,0.840768774,2.141194931,1.770909997,4.036413743,1.490215297,0.226702822,0.944765309,2.16757071,2.88999751,0.954617874,1.598155307,2.345899693,4.206822503,0.889828262,0.180514605,-1.175434565,-0.260767942,2.620666312,1.396987315,-0.318411162,1.248960096,0.101867581,-0.283102068,0.103276158,-9.649649235,2.33168006,2.209564076,0.097465373,21.83516549,-2.641463665
2020/8/16,-2.369097033,0.165620078,-0.245150236,-0.002470402,0.019617068,-1.622852161,0.718170416,2.619814782,-2.216955164,-0.562894764,-1.95591959,-1.063979921,-4.780070068,-1.351034723,-1.702956971,0.535773392,2.375083722,-2.436384342,-1.458023022,-1.380109646,-4.368192455,-1.597362315,-1.482457538,0.610613726,-0.081655331,-1.477157783,-0.275047219,-2.065883493,1.713567427,0.2043417,0.465569893,0.252535049,0.252902767,-0.723003601,1.898410972,-3.823408408,-0.350676242,5.13826559,2.328147482
2020/8/23,-2.163442545,0.610811861,-0.613871439,2.557531743,1.131375158,1.652000953,3.210913668,3.33688391,-0.794916515,-2.766002163,0.503508908,2.080856536,0.285643267,2.153979473,0.980001887,-0.527017036,-0.844184653,2.138217217,-0.640512458,1.697000098,2.112825702,-0.164399928,1.26321969,0.681851977,2.732180843,0.955222802,1.219821243,0.437634006,2.398113115,3.507567731,-0.389237249,0.02292614,0.445569919,2.197890672,0.782458053,-0.206153761,0.166375994,3.830609886,1.933761915
2020/8/30,-2.889664942,-0.886010172,-2.47193672,-1.833422902,-2.96330128,-2.764786014,-2.337535432,-3.325126968,-3.625666931,-1.712306702,-3.996183776,-1.472750618,-3.670306525,-0.759834354,-3.013709442,-0.112218101,-1.301421744,-2.029426643,-2.797001076,-1.67123457,0.612024231,1.400732153,-5.24998487,-1.433334496,-1.415322022,-0.716687868,-2.899828489,-1.187908457,-2.730632706,2.238930916,0.911475633,1.98221046,0.784920859,1.846206284,1.476993208,1.662825144,-0.927713408,8.192630213,2.965176805
2020/9/6,1.682775405,-2.884897343,-1.121786238,-1.676307354,0.027434868,-2.508235179,-2.541238682,-4.147270403,-0.312186866,-2.439951979,0.837161502,2.765951605,0.248868351,1.381531112,2.149714746,2.782051173,1.496588037,-0.667487352,3.939426674,1.679377708,1.193733299,0.862703133,-2.640127941,-2.872749592,-5.367607637,0.300230534,-0.781080567,-0.782046216,1.145711993,-1.798259849,-0.547577292,-0.503174056,0.334114216,29.21364228,-7.738933857,-2.060871626,0.367373372,-2.631229014,1.450256137
2020/9/13,-9.984759719,-0.074242451,0.087001771,-0.029716361,-0.144904183,2.604586844,-0.645605236,-0.556757581,-0.877766988,0.278831885,-2.347275102,-0.658003848,0.456012766,-1.117834482,-0.210362227,0.9500188,0.836250618,-0.193181059,-0.415977156,-0.973414762,0.653348383,-0.197533399,1.436827092,2.356423555,2.307567936,1.562910337,-0.195675113,0.305545769,0.352643447,1.883882402,0.059114134,-3.751158878,0.118447908,-13.48795716,-6.331556629,0.655672346,0.646103334,-13.15461708,-0.656601177
2020/9/20,1.337056507,-1.322162341,1.697506397,-1.763488459,-0.828288115,-4.109234735,-0.634943875,1.109791134,1.560229256,-3.551410805,-3.383863182,-5.059031583,-5.346149542,-5.121104408,-1.820963337,-3.111626604,1.092076163,-4.448259169,-2.774589532,-4.568173448,-5.697750225,-0.668660357,-3.765929357,-3.619756802,-3.307532785,-5.120573984,-5.117362079,-1.02335103,-4.03243254,1.586146215,-0.067561864,0.949128021,0.957099862,-3.947381552,9.645410798,0.728058999,-0.395121627,-10.24754986,2.536721388
2020/9/27,3.762356968,-3.123568862,-2.950096556,1.855248113,0.830016605,4.273079665,1.503887285,1.467861857,0.160243467,1.896440187,1.379217658,1.747702508,-1.436409953,1.99325457,2.232206976,0.352929818,1.838585195,1.886058836,1.012372426,1.702635478,2.131767755,-0.755802512,3.369424732,-0.042563306,0.725307418,2.284680432,0.95785094,0.959271826,3.264604111,0.792443345,-1.764225244,-1.325038872,-0.80188172,2.106954018,-2.114139705,-4.990956441,1.844067733,4.347472292,-4.684119759
2020/10/4,4.920505863,3.621302328,5.225803651,3.2136928,2.219487568,6.187345478,3.771267514,4.458267821,4.930728214,0.177076945,0.089509178,2.814375345,1.407213123,2.495706038,2.508410625,0.657484251,1.789092741,2.866219817,1.921901762,2.54312481,2.715083565,2.528731455,3.418709594,1.665028227,2.915152616,2.925712953,2.774895361,1.465505929,4.263187279,1.499993563,0.711136956,1.448849149,0.484774648,4.629599165,-8.284165212,2.408732297,-0.819767994,13.0839601,0.201714642
2020/10/11,6.680315551,0.843757559,1.215097612,0.067875193,-0.751846788,-0.228651181,0.191928161,0.788075489,-1.618217318,-0.900564182,-2.596836112,-1.095841433,-2.746195892,-0.221600124,0.17791875,-1.100017133,2.292303236,-1.46662919,-1.626512559,-0.848348058,-2.130855168,-0.88904935,-0.482551624,1.945452402,1.815500545,-1.067350395,1.103629069,0.002368742,-1.281871193,3.047327208,0.943202812,0.885404406,1.425258637,-10.00263141,9.149971487,0.97032427,-0.902805452,11.71447863,3.465693381
2020/10/18,6.874153483,2.957588712,-0.1587842,-0.950941698,-0.822596943,0.408636281,-0.530134207,-1.062717313,2.170846036,3.822156499,-0.608361366,-2.060277753,2.722145042,-0.532630379,-2.466005302,-1.811425421,-0.17622185,0.635957641,-1.006811642,-1.446568155,0.820021863,0.451593681,-0.296412304,-1.764691202,-3.032880288,1.157554352,2.158014381,0.172372691,1.417331938,3.13472435,-0.900524308,-1.024701751,-0.043308469,9.203208545,0.687287929,-1.033250334,0.657587085,1.160694931,-0.487805845
2020/10/25,-14.79664416,-7.490745299,-3.959308668,-6.691279735,-4.538626534,-6.42061574,-5.8047428,-5.671098105,-4.544931265,-6.782838748,-8.187939607,-9.007487174,-8.743787519,-6.639727441,-3.76071223,-4.454858133,-6.79897045,-6.614327418,-4.949797466,-7.821014065,-4.048124441,-2.320675611,-1.790398705,-1.644627713,0.820332716,-2.770684474,-3.310205913,-4.578293425,-2.443196687,-4.142458028,1.196095186,0.978700063,0.161381942,0.509462528,-2.551854066,-0.062965686,-0.980463112,6.896882985,1.985056708
2020/11/1,6.832327251,7.159365319,4.334798702,6.648320959,4.408206049,6.643469948,7.067872817,8.631195234,4.086038476,6.414835173,11.30951913,7.68826469,9.95797288,7.67797994,7.054008681,7.39090999,6.910613674,6.280117078,5.794980615,7.983127889,6.379667623,5.701470991,3.239736623,2.681334134,4.446306188,3.348213826,6.447585693,6.192458067,5.197784152,1.154034618,-1.803843686,-0.762099066,-0.088194632,32.21098015,-10.74538805,-1.145524179,1.367207751,12.12550669,-2.508019168
2020/11/8,2.852084665,3.694110228,3.414276411,4.001730414,2.383779348,5.89746455,2.134383359,-0.555882014,5.703119051,4.545700051,3.012789882,4.670458455,4.115191259,8.113496915,4.098815282,1.633843979,8.004270767,12.48094748,6.649862692,6.874794311,3.15155085,4.26786367,3.18107879,-0.062214412,-0.607910336,2.2845631,1.711595494,5.018377842,3.654017895,3.08511963,1.91340503,1.647736249,1.220682315,-42.4852251,3.702603115,3.74118862,-1.951024751,-14.95894424,3.398893657
2020/11/15,3.150224041,1.251647304,2.070467336,-0.736530004,2.038727091,2.340461228,-0.773101941,0.216852965,2.692525739,1.338228822,4.00248368,0.461815647,2.803670531,2.128242666,0.792668253,0.028968576,2.497797374,2.464341539,0.553529087,1.029913432,2.362924631,0.555848987,0.391929715,2.022548583,0.709026815,3.283835457,1.120289087,3.67936659,1.087621652,2.092431116,-0.337496102,0.227773236,0.075654414,-7.342746855,7.742962835,-3.359650348,0.5676458,3.638001054,0.741620756
2020/11/22,7.363847175,4.18587817,0.942146798,2.186492079,2.193624274,3.842136474,2.246098741,2.916815607,-0.55219515,1.613068474,1.7335212,1.499144343,3.098738451,1.844100475,1.656690463,0.052674619,0.360390637,2.632414536,0.25363583,1.720890055,3.082980652,4.283942196,4.290191095,0.901268103,-1.173002888,1.092329357,1.661411786,1.510393286,0.851019539,2.104135901,0.177327469,0.725407443,0.660619738,2.564243061,4.911050017,-0.796520779,-0.383483686,-12.23845916,3.612618847
2020/11/29,-1.265258219,2.830903408,0.498671246,1.024113441,0.712596375,1.984204787,1.656467135,2.094759709,4.622769555,1.637585055,5.000028365,-0.275731328,4.133198784,0.195764799,0.65181843,-1.310112634,0.16092649,1.60113875,2.828067194,0.324887863,3.65378301,0.399019556,-2.68373644,1.058541394,2.422988674,1.895445705,-0.218720891,-0.559369825,2.208458835,1.353161868,0.915395853,0.240637806,-0.211569421,-12.86008313,7.71367649,-4.782831949,-0.644967382,7.030019267,3.413402402
2020/12/6,-1.672846773,1.204149504,0.128043884,-0.570452241,0.159396028,1.012061265,-0.968689749,-0.695274135,-0.077287745,-2.223467158,0.162625436,-1.398259879,4.006643617,-1.827931472,-0.196727239,0.262667896,2.948869454,-3.171265384,-0.053142023,-1.521144302,1.403637689,-0.369712217,1.753685803,-2.868079334,-3.419399329,0.910405726,-1.237507073,-0.642577883,1.907245812,2.439671625,1.312202202,0.919598271,0.691157346,-0.240211502,1.590620746,2.861196802,-1.213198803,-9.901029855,3.144641054
2020/12/13,-2.780024526,2.484344075,0.494065474,0.440612003,-0.081462684,3.003556804,1.246477829,3.006332598,0.597810896,2.824522669,0.086591404,3.860742457,-0.737381599,0.36772643,1.740773644,1.263187575,2.707594639,-0.319245015,-0.268738217,1.703783474,0.076503367,0.415120361,-0.055698577,1.415311762,2.181685013,-0.082282159,-0.027431649,0.962149529,1.809071717,2.738155713,-0.07428501,-1.605435832,-0.22480683,11.44103512,0.667890019,0.195461024,0.303857905,0.619436746,0.14190438
2020/12/20,-1.400080101,-0.184030141,-0.160416217,0.068964469,0.507701787,1.709176622,-0.171332944,0.384110718,-1.149887604,-1.540083175,0.16886796,-0.318028143,-1.736197176,-0.105521804,0.178968105,-1.06937565,1.2496855,0.917716006,-0.415462152,-0.069403108,1.243240654,-0.399775897,-0.097887274,0.048884924,1.169249787,0.570023005,-0.42371118,-0.243893131,-0.082152547,1.48223206,1.181988644,2.221233304,0.13298789,-7.757899265,5.290247781,2.427446719,-1.124247013,4.120787143,2.90685643
2020/12/27,-0.763265325,1.021864785,-1.172675472,1.337413151,-1.086918854,-1.462272305,1.421369314,0.650373736,1.588979702,1.292383069,1.428515949,0.963531602,0.658035074,0.53100251,-0.281379584,2.76204214,3.492905248,-0.467094243,-0.64169297,0.263813725,2.345393786,2.911660937,1.932430537,2.227577431,3.184937413,2.76036443,3.150601456,0.062259822,1.93936087,1.756133501,-0.417025013,0.206886434,-0.064223132,-0.185614902,-1.787780072,-0.302219153,0.329628551,-6.978683739,-1.905084384
2021/1/3,0.869352161,4.96632076,2.559899994,1.59307925,3.432064102,5.746049933,1.810160563,2.404768961,5.866289704,8.24910716,4.376647533,2.38232462,5.540387204,2.762051498,3.305266199,0.878828064,4.235502977,4.05360872,6.19287107,2.567909371,9.257391828,2.500382135,2.742475595,2.75574786,5.698828527,4.845353454,2.348493463,5.119500592,2.318040034,6.952132341,0.065530802,0.903786599,0.231090128,5.511783402,0.599484999,0.745936536,-0.395239879,0.83053671,-1.20049461
2021/1/10,-2.296053088,-3.853369256,-0.630879457,-0.91649739,-0.740119814,1.49663755,-1.486410094,-1.553209469,-1.807446573,0.691218709,-4.290997875,-1.880987705,0.529112559,-1.682054258,0.945024877,0.729597863,-1.0518514,-2.127688688,-2.021529685,-1.256124514,-2.125092796,1.341926279,3.376437785,-0.10453319,-1.89515141,0.980949516,2.464657507,0.389459751,0.600746396,2.947777017,0.049119935,-0.793130397,0.787563099,-5.372539936,7.387240089,-3.213472024,0.193374217,6.148147029,4.296802774
2021/1/17,-4.102594761,-2.497931997,1.257803765,0.591221054,-0.35307046,2.123119106,1.924440314,4.104027281,-2.669148626,-1.531997195,-1.676375794,0.623535643,-3.871781442,-0.93311548,1.341217734,0.492942308,1.171213346,-2.388984403,-0.60517891,0.079422828,1.758006773,0.392892062,1.225486426,1.125601411,3.894958265,2.545638675,3.012858847,-0.444934361,-0.429083892,-2.190973488,-1.152465834,0.169435379,-0.083356493,12.12813415,0.229445607,-0.305260526,0.758760871,1.361065705,-1.965563932
2021/1/24,-0.442002807,-1.989327717,-2.879120092,-3.327189993,-2.893025071,-4.485005854,-3.368102465,-3.550115503,-3.873722479,-4.252367604,-0.238932813,-3.230973427,-3.636529393,-2.926812057,-3.610021794,-3.157515837,-4.576547155,-3.532110438,-4.39084981,-3.415706463,-5.377273774,-3.439588562,-0.861575205,-3.489300104,-5.299899828,-5.654877355,-4.03348818,-3.020563703,-5.266423165,-9.828803084,0.734175292,0.718741635,-0.015428765,-10.5177934,-0.172034832,1.420232025,-0.599009339,-11.24083928,0.664086558
2021/1/31,5.631522405,4.396648749,3.467059531,3.813986238,4.504929969,7.418822808,4.541983419,5.836691889,2.662732691,3.611095158,0.497730011,4.539588488,4.581783005,4.704049505,2.500227109,1.540421334,3.580975964,5.726511492,1.269635309,4.886074003,4.738422552,3.954267814,0.091239742,0.379975813,1.242419419,4.293321029,3.491507271,0.158013538,9.037672716,7.989373888,-0.255112676,0.131454047,0.839690129,41.22879683,-0.134009784,-0.409902952,0.394953523,4.711450179,-1.893152309
2021/2/7,0.806645566,-0.676769291,-0.495340716,0.990829527,1.772420566,2.477855733,1.227376352,1.711346631,0.128627397,3.167780783,-1.060911666,-0.048600668,2.089406463,0.781668568,3.547553734,1.154578583,0.735256655,-1.963221563,1.53621919,1.08388874,-0.644571375,2.541781448,0.312458351,4.440686977,6.169047649,0.677937563,2.976528239,0.629910923,1.589062787,-0.530687915,-0.7775703,0.225988797,-0.604915606,-46.09184008,8.533372531,-2.036485633,0.509910191,11.03014871,1.920727106
2021/2/14,-0.924004901,-0.839154004,-0.189698965,0.114117401,-0.412219728,-0.995168494,-0.717209133,-1.580300846,1.565777545,0.525603302,2.45985511,-0.404092534,0.70476586,1.217731533,0.24348685,-1.627268001,1.413483024,1.192121037,0.518095486,0.481842783,0.226796914,1.672416566,-1.421710467,1.117643169,-0.875502991,2.675933833,1.549433069,-1.54460781,-1.204524093,4.424811011,0.629141148,0.805023022,0.131529083,-4.408157366,4.505576352,0.561026718,-0.619278902,1.697010422,4.330031053
2021/2/21,-5.151909973,-7.35320155,-1.789594136,-1.800400371,-1.778146334,-2.938609835,-2.47646067,-5.041334457,-0.68646987,-0.968273223,-4.009692991,-1.489902115,-4.188861719,-1.225621501,-4.094605402,-1.719835653,-5.869621399,0.896406965,-2.145274509,-2.095887546,-3.093749465,-3.567146305,-2.146350366,-5.194325353,-8.680921903,-2.400349582,-5.584752308,2.346720198,-3.067581748,-0.593836567,-0.008252527,1.220490418,0.007742395,9.908145447,-0.387499432,-2.544157663,-0.118341246,5.25116453,7.3655253
2021/2/28,-2.487749609,4.588861222,0.560367871,1.806687022,1.760140191,-0.402435182,0.804646649,-2.084900794,3.848545198,2.923398349,1.679846722,0.970160257,2.485273346,1.383112751,0.39996069,0.80994252,4.685977264,0.748559074,2.243354118,0.906113252,0.440786843,-0.351684332,-0.692232502,-0.202251651,-0.657960808,-0.619763102,0.406622632,2.173863755,2.775802003,0.019595899,-0.355504488,-0.586847744,-0.269083424,23.71045977,3.744018541,-2.697241201,0.572707019,-10.21435098,0.379460643
2021/3/7,3.797899037,-0.908613605,0.83101327,3.990700513,2.526759172,7.069169058,2.605063258,3.046804635,3.033477627,3.465297796,3.3720913,4.093724079,4.857103714,4.462580633,3.536814766,2.164790156,0.994403829,4.225939317,1.955708954,4.367538959,0.925236633,2.914097209,3.691402134,-1.406479195,-3.640755427,2.491221286,-1.239927148,2.664065479,0.619641244,1.183936866,-1.308842827,-0.655315059,-0.33456965,-12.52347019,7.198027467,-1.737450423,1.211791372,-2.558619107,-0.416259171
2021/3/14,-0.193743917,1.790118207,-0.869764296,-0.460718776,0.014215501,-2.812048214,-0.76981812,-0.788544547,-1.565108646,-0.601526216,-3.994256915,0.814538801,-3.036761888,-0.806845004,0.631297577,1.168796236,-1.840395648,-1.768098576,-0.783363991,0.095432046,-0.487700182,0.249437702,-0.598602958,-1.412150494,-2.116427632,-1.144251291,0.87032293,1.262344686,-1.927518832,1.300636861,0.293267628,0.583512083,-0.17839023,-17.5532006,-0.728932613,1.22170159,-0.339743777,-3.811062978,1.570234928
2021/3/21,-5.315242965,-1.247619028,1.714445942,1.354371521,-0.539375002,-2.930773542,1.55791194,-0.580711324,0.74390832,-0.100068601,-0.460186915,0.871236436,-1.655361169,-0.152668346,2.165039003,1.353387638,-10.09671289,0.061208157,0.474077606,0.770023406,0.048679888,-2.087113386,-0.581927811,0.400704626,1.195820162,1.455666466,-2.283511141,0.744065005,-1.618424935,-3.051849342,-0.41081592,-0.388629492,-0.009218431,1.248815461,-6.599260834,1.252867056,0.269058947,-2.531780798,-0.654309859
2021/3/28,3.265611604,0.410374695,0.065920063,0.242593333,1.259803271,1.448840863,1.134054566,2.565166986,-0.28096054,0.793336341,1.841992236,2.399824976,1.156169447,1.888117144,1.681118557,0.010973769,3.416704477,0.929977773,-0.048820699,2.029601299,2.333294561,2.294838867,2.016823423,1.91408653,2.530798563,1.614529753,2.103292593,0.748627627,2.451556241,5.892225592,-0.902997823,-0.585790863,-0.498066238,-10.50953692,-0.735357509,-0.535022131,0.920417976,0.864105927,-1.100121106
2021/4/4,1.78382185,2.075438457,2.408988084,1.933900929,1.24397346,-0.463827468,2.673724405,3.068724342,0.80403975,1.427456453,1.055108542,0.837080916,-3.39365826,1.082930997,0.693494786,1.077904834,-2.61753326,-0.137662329,2.614216791,0.829804883,0.611082053,-0.288282758,1.550437762,-0.972167995,-2.214443908,1.692287415,-0.832587186,0.089849242,-0.218839096,1.222674978,-0.288649492,0.304171729,-0.390583778,-8.460417348,0.784189609,-0.300404616,0.297052299,3.156536121,-1.835824319
2021/4/11,-2.448854808,2.884815434,0.971647981,1.176668071,0.639152395,0.852175751,1.363219564,1.088642085,2.281898592,0.613472924,1.863934506,1.469959755,5.441129034,1.889193407,0.481065983,0.217319028,1.063771463,0.55532091,1.489484512,1.351771682,2.108600357,-0.28490503,-0.208731923,-0.699696048,-0.672406339,1.791779369,0.939549133,0.539280702,-1.473575778,1.866361439,1.132821312,-0.878823247,0.214937469,-3.762936605,-3.527731874,0.944381083,-0.962153299,-4.376303359,1.256469848
2021/4/18,-0.610026301,-0.483356621,-0.039648264,-0.460640963,-1.295031706,0.405334735,-0.126708792,-0.253160633,0.744467115,-2.939183611,-1.28237022,-1.171995795,0.983756147,-0.464408595,-0.143797536,-0.555836205,-4.576415361,0.059191859,-1.160200404,-0.4884224,-0.392186848,-2.257999994,0.06493109,1.378124898,4.497099383,0.821036398,0.37568655,-0.241408542,-1.909641168,1.902115324,0.728676954,0.886054166,0.489522165,-2.67168289,6.224957511,2.008578164,-0.670646593,5.917977059,3.103760366
2021/4/25,3.488106517,-1.366634475,-0.495510899,-0.496597374,0.031404849,-0.238414853,0.023919611,-0.386926763,-2.227406153,-7.664430554,2.532800107,-0.944984812,-1.789909242,0.184235912,-1.153645473,-1.603786904,3.840834916,2.253215736,0.449370452,-0.966447518,-1.207474143,-0.719312371,0.533165222,-0.789192988,0.602354756,1.528067905,-1.224402069,0.75573749,2.000242718,0.833315837,0.963382586,0.317643929,0.393350435,6.434619495,-1.580618841,-0.134907272,-0.773102221,1.848481467,3.947881097
2021/5/2,4.705274229,2.610013179,0.779780793,2.630525088,1.889117318,0.228290477,1.222534977,-1.518633605,2.548597854,2.921556986,2.888783429,1.727471569,6.041268049,1.83379444,1.521800514,1.362704572,3.065241828,2.732600009,2.268259567,1.486107368,1.555256988,1.874511763,0.421826145,-0.815358456,-3.558483729,-1.6163714,-0.398462005,-0.561189159,1.304074771,2.144815936,-0.671727865,-0.43340143,0.337731354,7.125996693,2.290905152,-0.518837167,0.473343772,7.104205253,2.906653309
2021/5/9,6.458599714,-0.128731277,-0.945022996,-1.144114936,-0.54609588,-2.090702583,-1.397759019,-2.37121986,-0.060445863,-1.032750037,-0.215268895,0.110266367,-1.828328459,-0.005794537,-2.121423826,-0.473663708,0,0.949207338,-1.214973756,-0.417552698,-1.381956071,-4.434219579,-0.491287941,2.070052569,1.954182259,-8.811604455,-2.059035754,-4.644591726,-0.985399969,2.888375007,1.199303072,1.137275628,0.635365534,-10.8889333,2.054866823,3.543830987,-1.16153516,0.916970256,6.088789749
2021/5/16,2.47025465,0.581660964,0.229271345,-0.50820951,0.825890648,-0.421631742,-0.431948483,0.304896305,1.130438116,-11.28680242,2.186359792,0.13528166,1.32245841,0.019887954,0.514788876,0.938057164,0.726541906,0.636528286,-0.363542116,0.207379706,0.098260792,0.827488707,2.258798185,-0.109503604,1.457988871,2.956845138,1.52561088,2.037035174,3.333295791,3.210189168,-0.1892771,0.883574225,-0.071486296,11.95789056,0.721581391,0.364973849,0.112998118,0.101368483,-1.999428513
2021/5/23,5.183477862,2.392992774,2.100036359,0.935772553,1.65003383,2.39516918,1.15432318,2.040869917,0.524808219,3.996152674,4.446070591,0.532796393,2.158062411,1.518227339,0.889996299,1.77094855,-2.072519291,0.223565638,0.064954214,1.106190121,1.018424443,2.894303086,1.701665876,3.223491189,2.975381374,3.429639313,2.313187678,1.925289641,1.701066304,2.340058646,0.320737147,0.361151828,0.045061494,6.881564508,-2.776448214,2.071804403,-0.347155176,-1.874948397,-3.798825777
2021/5/30,11.13896949,3.571151556,1.60142698,0.65508569,0.887688474,0.765691785,0.611336976,0.477085775,0.88259136,-0.7110836,0.814095213,1.108015467,2.662230222,0.485394156,0.962713057,1.2569724,0.76147745,-1.488595656,0.658974187,0.461278719,1.597530245,-0.715743017,-1.188711645,-0.248588264,0.12131698,1.625926847,-0.710895752,-0.867683032,1.508424114,3.341586819,0.082074857,0.282346485,1.027925256,-18.42091933,4.219255534,1.464511094,-0.013333482,2.715713397,4.366552651
2021/6/6,-0.145278333,-0.527803296,0.231384921,-0.79955952,0.54352479,2.137582417,0.414046052,1.828560652,1.576339246,1.762523322,-1.335954823,0.002357726,1.895036007,1.296113391,1.145899082,2.311910856,1.930400432,1.275894269,0.915581165,0.908468678,0.284772282,0.024909203,0.401155486,-0.058204383,-0.46959946,0.384797976,-0.263053121,0.219685903,0.820478965,-1.384553286,-0.197092944,-0.232878268,-0.419944834,-2.049499103,4.856037156,-0.700500587,0.155446774,3.649920187,-3.245875181
2021/6/13,-1.460012552,-0.803584756,0.771057957,-3.510839009,-0.691418408,-4.288782927,-1.925209422,-0.277866925,-1.903271267,-0.449529007,-0.179513472,-1.574982358,-1.91568098,-0.478367359,-1.222298055,0.840537188,-4.895925695,-1.912800428,-1.647774311,-1.055542823,0.571101326,0.053010725,-0.237067102,-1.817375754,-1.480855146,0.608248241,-0.141768205,-0.438265225,-0.736915988,-0.425072468,-0.486177877,-0.339703087,-0.054713576,-4.802918704,1.835958493,-0.657548238,0.461582706,6.227571106,0.220434345
2021/6/20,-0.003884256,-0.898852571,-0.829880281,3.378034707,1.146772995,4.228400202,2.705219333,2.324874346,0.456610888,1.30092193,2.74403534,1.029954677,1.528292974,0.81428403,1.859948852,0.488285687,0.057493569,0.710600157,1.675945043,0.909071683,1.062594748,0.351885742,-0.147489594,2.312283889,2.840442525,1.059411951,1.676590401,-0.720107297,1.1222644,1.27450075,-2.05298039,-2.127968528,-0.846579077,27.96627833,1.024210988,-6.064457307,1.815555535,-2.488225436,-8.738176776
2021/6/27,-2.807355627,0.287196425,0.008209844,1.018526668,-0.020515929,-1.234455868,1.659708388,1.923802043,-0.648688771,-0.842667591,-1.335517265,0.269498654,-0.741944697,-1.062721517,0.055908203,-0.290930054,-1.097344253,-2.081996704,-0.179531499,-0.886054131,-0.63967463,-0.978063599,0.049187372,-2.492298872,-2.245384576,1.176619807,-3.395545264,0.235179413,-0.874855774,3.554675716,0.613627782,0.491223989,-0.049576279,-28.15815559,3.308696352,0.496222965,-0.396625405,8.37921001,3.052769006
2021/7/4,-1.525527001,-1.734088108,-0.484162818,0.240638069,0.157296509,-1.123489714,0.394639747,0.426635504,-0.909404839,-1.563773858,-0.017762147,0.241495911,-1.498164456,-0.358347705,-0.191035058,0.208477344,0.116880537,-1.481575602,-0.019515414,-0.397920156,-1.964144728,-2.972027707,-1.778326744,0.151359209,1.176700605,-0.275192468,-3.471306019,0.078270388,-0.206290663,-3.946698203,-0.579906655,-0.404361877,-0.259872994,-3.584613177,1.487863383,0.353744157,0.617617576,5.671336186,-0.33852831
2021/7/11,1.146523569,0.423250747,1.023166763,-0.52419676,-1.353829704,-5.256834515,-0.97485913,-1.88600112,0.760198576,-2.344451132,0.280273716,-0.945433361,-1.972801417,-1.06764169,0.595098,0.305542596,-1.094278417,-3.129377954,-1.61065395,-0.797648808,1.815639435,0.22401182,-0.010253286,0.430672057,0.8575821,1.314931763,2.38547645,0.665215624,1.477890576,-3.845683403,0.075830985,0.562772048,-0.089561464,7.106989899,-0.801500417,1.524114495,-0.321900901,-0.705183286,1.612283373
2021/7/18,2.736670786,-0.722674879,0.628118056,1.07156069,1.010065597,2.122703413,1.937133177,2.800530068,0.239641815,0.683487347,-0.697257136,0.826545257,-0.452647883,1.669251049,1.736318302,0.863759767,-0.861188363,2.450277607,0.277721157,1.800691268,-0.688683282,-1.638456644,0.170550292,0.313130572,0.375724007,-1.817623374,-2.468013261,0.150570214,-0.423859449,-2.572353218,-0.574374415,-0.917934963,-0.004630308,13.12884589,-3.758042826,0.242598123,0.617957303,0,-0.519122121
2021/7/25,1.779322387,-2.634908202,-0.024345709,-0.360244297,0.491005213,0.748442367,-0.375608193,-1.113612575,1.18626892,1.249396774,0.491119483,-0.800294401,1.856262287,0.666690378,0.650385008,-0.115557603,3.011340676,-0.477207122,0.067141401,-0.483022016,-1.613852526,-0.964451513,1.848236642,-4.406161377,-3.765370186,-1.869709349,-5.109493898,0.312777473,-0.588253734,3.208688754,-0.288429111,-0.196242386,-0.033949046,-7.015498667,0.361412681,-0.718473302,0.259677435,9.990198682,1.765493524
2021/8/1,-0.218979629,0.82498802,1.953045803,0.778516928,0.920542219,0.961560914,0.934359782,1.105322141,0.481516474,0.546757101,0.902964605,1.386728345,0.436380398,3.04125088,1.775190658,0.489686947,2.960250389,2.316292383,1.280814387,2.063036633,2.102452347,1.947120175,-0.110007108,1.775823806,2.417814058,1.603948149,0.837627449,0.32281889,2.969789753,2.021942878,0.837532919,1.128565838,0.309052383,5.870760083,2.575132022,0.64134681,-0.799502951,-3.662310464,1.477664922
2021/8/8,5.442548001,-1.324587816,1.193370923,0.867802735,0.208081895,-1.102704833,0.707059587,-0.086720039,0.73503722,2.800625003,1.229932111,1.361064198,2.035041178,1.153370913,0.908831978,2.338835072,0.893705643,1.351341682,1.335430112,1.312689597,-3.076162542,0.563148127,1.223350374,1.665240293,-0.191585683,-3.154103177,0.807369356,-0.368614897,1.775597274,0.503878082,-0.931026615,-0.216045021,-0.341447543,-12.1696935,-7.977229123,-2.987133385,0.661666954,5.613591886,-2.873728333
2021/8/15,-2.508099907,-2.625889129,-2.226761677,-1.119279543,-0.876475276,-2.528655173,-0.591044935,-0.732900649,-0.148913698,-1.076798572,-2.039306321,-1.065905589,-2.610530196,-3.99294288,-0.442364132,-0.392121113,-0.208141085,-0.943345297,-1.828716173,-1.962532547,-3.555687643,-3.506061921,0.844628622,-2.562776802,-3.755634117,-3.842562757,-6.020005065,-2.001904691,-0.4766592,-2.303574106,0.263258612,-0.057690922,0.094129273,-4.431104632,0.23405511,0.842503075,-0.310827396,-6.976957056,0.9975431
2021/8/22,7.635557153,2.199216523,0.36657521,0.951380365,1.491451301,4.930409635,1.512702233,2.780220458,1.947905175,2.562389119,2.979258764,0.276123296,2.479025894,0.838746639,2.005906391,0.187811918,0.937013807,0.077365105,0.844489144,1.042885372,2.369666658,2.297775625,2.034598645,2.729290538,1.278213206,5.175173338,2.221327084,-0.710924929,1.536417631,-2.222453116,-0.808962559,-1.761070109,-0.371372423,18.3399724,-9.367504746,0.326044473,1.07086283,-0.259336245,-6.043211325
2021/8/29,2.07027077,-3.15247202,0.460989944,-0.244857545,0.852702324,0.652195256,0.576244298,1.53493878,-1.132845158,0.128988338,2.425409936,-0.446054617,4.114857481,0.120700797,0.318408987,-0.70316584,0.713385785,-0.654442295,-0.135233908,0.262124597,2.120376963,5.239844468,0.350960113,1.677148614,-1.796478098,1.768072815,1.926004402,0.099925065,3.634968553,0.588296941,0.82592321,0.993506601,0.457864258,-12.43373346,9.804886986,1.96727656,-0.874324857,12.64301543,4.687803486
2021/9/5,1.540321539,-2.289704259,-1.558020732,-2.176149631,-0.908810102,-2.854428682,-1.708956747,-1.62758223,-0.606231398,-0.138275462,-0.848678093,-1.091979539,-0.515117879,-0.392698891,-0.13434389,-2.385778195,-2.060339994,-1.921548021,-1.540875587,-0.755587763,-2.380455133,4.214137419,1.883299057,3.332708322,4.090204852,-0.242058973,1.166515812,0.483612339,0.26316677,1.487887719,0.751851483,0.781989359,0.292463476,0.121951235,0.796932422,0.843886865,-0.715653717,7.534943724,0.173320281
2021/9/12,3.390155607,-2.522672262,-0.039161935,-0.066018623,-0.694011212,0.417524047,-0.575602973,-0.474279938,-0.416398579,-0.040613256,-1.179890587,-0.769393358,1.140551051,-1.414263905,0.126744336,-1.042759187,-1.349844683,0.75159896,-0.93705752,-0.951918902,0.470775349,0.388326146,0.642227407,-2.436611605,-2.832270214,-1.138269901,-5.02837668,-0.893680695,1.235339446,0.500014816,-0.573938105,-0.187698582,0.131810553,24.42477413,0.618662501,-2.296160047,0.603393607,4.684794457,2.710563395
2021/9/19,-5.675535747,1.641175665,-0.828687191,0.614332153,-0.428924714,0.499450306,0.506049927,0.024790914,-0.394480063,-1.996150815,-1.460674173,0.268068675,0.144305127,1.033725747,0.247953876,-0.996356873,-2.478631656,1.272558854,1.253519773,0.667606091,-0.487412687,-0.82714781,-0.410882592,-0.024906463,-0.010516342,-0.096128852,-2.967257731,-0.322213768,1.512796798,0.298402227,-0.756195455,-0.703385663,-0.337707321,-0.670500596,3.176214487,-2.287266167,0.630903334,3.326006069,-4.728006898
2021/9/26,4.54073444,-0.338664149,-2.162789681,-1.364342852,-1.241782087,-0.286879053,-2.233957637,-3.248705384,-0.08938416,-1.290706215,1.240544452,-2.44607918,1.360611602,-1.83599902,-3.178415856,-2.067653238,1.204548435,-0.832932625,-0.346769013,-3.007618864,-3.45258089,-5.008647647,-0.129198626,-1.250496714,-0.340742218,-4.075515218,1.572709469,-0.335053631,-1.815212939,-1.248219889,-0.093860666,-0.437573627,-0.007732218,-15.90481245,2.754542088,0.022848004,0.170499368,0.683262785,0.937983193
2021/10/3,-0.093904175,-0.059362169,1.855888255,1.215516717,1.308662758,-0.381700324,0.784375124,0.088107425,0.149848355,-4.09931136,3.513338769,0.327311188,4.926583829,0.646905988,0.69667672,1.62486073,-0.247190655,1.751713382,0.969799325,0.937037832,-2.10467849,-2.54195268,0.059906813,0.670361739,0.732164797,0.418773488,1.061299095,2.002039639,2.050188598,2.378837283,-1.029698475,-1.00636248,0.311307199,17.52543896,2.535835866,0.427436322,0.759948583,8.910063266,-2.266118452
2021/10/10,5.563440101,1.595771529,0.570764587,1.566285848,2.475866233,1.447541691,1.805587526,2.156349751,3.197963382,-3.67675989,1.761982646,2.476169338,1.630940184,2.521749792,3.607478162,1.655161018,0.823495514,0.467915292,1.932845362,2.655614985,1.968124404,3.570874424,2.450135025,-0.552723564,0.012695043,0.842333988,1.965866365,1.943841109,2.447288108,1.898506733,-0.23315066,0.486081381,0.044995075,-11.93800549,4.471530191,-0.056886059,0.034019753,-0.96567274,2.055838
2021/10/17,5.814091412,-7.563890947,0.724076924,1.077227305,1.366993056,1.124455551,1.631087582,1.286285298,-1.736096739,2.388767293,-1.514685902,-0.285123966,-0.719982949,0.091670815,1.557011211,0.79000975,4.871719041,-1.0121069,-0.408350973,0.140950748,-0.295621368,-0.91158101,0.687002551,0.285955272,0.531534718,0.63885114,3.093922014,0.979150485,-1.22705975,-1.077660711,0.28488818,1.008780485,0.12578325,-14.10947428,3.625961781,0.6183189,-0.149986466,-2.824789187,10.09184341
2021/10/24,-3.916446061,-2.664638079,-1.245673945,0.398732887,-0.84765645,0.258038788,1.321946012,2.669062106,-1.123699439,0.650860639,-0.499364391,0.933608004,-1.835712596,1.425116809,-0.253713465,0.430055148,2.805675094,1.684510526,0.457274383,1.463405491,-1.187263396,0.304484621,-0.609654451,-0.989076695,-0.286344265,0.582535377,-2.911387383,-0.217699994,-2.477314346,2.889253161,0.404353801,0.014545455,0.790924914,-5.485144144,1.782750178,1.571036071,-0.333754835,-2.432299514,-5.018663513
2021/10/31,10.59029783,1.270147881,1.80241135,1.409330453,1.970981763,5.911396448,1.981165336,3.007537139,1.293723593,6.942696137,1.408302438,2.303529399,0.231315431,3.034592706,1.080574468,1.74936778,3.96428812,0.801618517,0.913115213,2.611832314,-0.047475148,2.457654139,2.020011202,-1.584653506,0.077747808,1.805481325,-2.016994509,1.371652013,1.377715959,-0.038510367,-0.741127143,-0.437286609,-0.326800231,5.239443774,-0.227096255,-0.636660254,0.52837467,2.727611652,-3.139018028
2021/11/7,2.20123611,1.431173467,-0.186578488,-0.628596489,1.446941161,-1.043553726,-0.312993972,-0.695077494,-1.05487365,2.006558886,-3.374238009,0.247041739,-3.514311179,0.716240248,0.070730848,1.563771152,3.408676765,-0.54691154,0.599925222,0.166945903,-0.015830059,-0.005403439,0.113328862,1.352096574,1.664534339,1.270904996,1.822655444,-0.429314545,1.032504026,-0.249697813,0.043239504,-1.449354045,0.107772938,1.343942036,-2.790765925,1.83746045,0.208026057,1.645074569,-0.540572942
2021/11/14,-10.26955336,-3.152575164,-0.626707803,-1.390019827,-0.985614886,-2.886461838,0.3221473,1.231154956,-1.215227529,-2.885754338,-4.779033765,0.408631549,-3.451862371,0.294149127,0.182692944,0.231115626,5.856826279,-3.674294666,-1.706662851,-0.317642473,0.074749743,0.457916988,0.629964887,0.599201451,0.31991489,1.699023563,-1.103668875,0.120418725,-1.884488911,-1.842198207,-1.008002974,-0.602075629,0.302070113,-1.159610187,-0.592374927,2.804099443,0.856190403,-14.0913802,2.539276769
2021/11/21,-6.416757712,-0.790225247,-1.597221161,-1.993333643,-2.01094241,-4.237630391,-2.224231814,-3.587047897,-2.629722375,4.820524137,-4.785362273,-5.749616078,-8.115234572,-5.380440876,-5.011557365,-2.79517814,2.224502184,-4.086626502,-2.516884096,-6.321982111,-1.170736491,-3.399618534,-0.250139023,0.104428977,0.167154012,-2.551711867,-3.946941503,-2.065209421,-4.245095404,4.33773083,-1.424951545,0.290340796,-0.119058823,9.480779346,-5.980493062,-0.902601088,0.941646247,5.56149798,-1.06251706
2021/11/28,7.189340405,2.746031084,-0.524776522,-0.919012413,-2.359495434,-3.933541558,-1.230491654,-2.65697857,2.20764705,-4.68562768,1.692446316,-0.572256091,4.843716401,0.381926012,-1.211199928,-0.192328422,7.272340493,-1.934644945,1.105306548,-0.230852285,1.080154182,-2.543408913,-1.418342981,1.208684564,0.774409129,1.869358299,-1.311819437,-2.052974052,0.994948767,-4.076082162,0.256580543,-0.836075339,-0.090765409,46.87465581,-11.03371067,-3.62697044,0.079112281,7.27108607,-2.590072843
2021/12/5,-1.06915314,2.526117747,1.538945184,3.943498654,1.239543285,2.402245863,3.753555355,3.549850251,1.21047611,0.659142424,1.550962126,2.94455548,-3.415044818,3.288174582,2.024129661,3.486220659,6.341378461,1.427571693,2.351417127,2.875075284,1.401698269,1.445816682,1.925341579,1.620100931,1.463250033,0.726960644,0.959046059,1.07992341,1.812888188,1.024008101,-0.035351304,-0.820447943,0.259996701,6.9179204,-2.812476127,-0.168029613,0.010404853,-27.63034471,-0.502719244
2021/12/12,-2.6174128,-0.518239522,-0.675424707,-1.697770817,-0.727510733,-1.727459538,-1.958346718,-2.993183254,2.251003287,-1.241426073,-0.871989084,-0.58815769,-1.827735291,-0.934746728,-2.091490667,0.851003094,2.378296298,-0.583022081,-0.300239895,-0.904496443,0.248840532,0.378742,0.25829451,-0.931404199,-1.627902821,-0.076714039,-3.404092532,-0.767702786,-3.050401019,-0.389051667,-0.01768034,0.286792649,0.100420519,-49.52963567,7.848585313,0.050438536,-0.014567097,-5.139520002,0.4443932
2021/12/19,1.923224641,-2.178386123,1.579734434,1.640958915,2.337505552,3.064438489,2.249940305,3.13875304,0.900885334,-1.28907039,1.41348307,1.435846708,0.069461988,2.282945119,2.404448242,0.547748891,-9.726077778,2.988021031,1.39573172,2.225757134,-0.175783109,0.826507929,1.97909311,-0.39473681,-1.063101755,0.833286209,0.134133674,-0.107718611,0.109153133,-0.456257434,-0.638583101,-0.203689105,-0.091010378,14.33148389,-1.136615057,1.119882445,0.465097803,-6.173989318,0.174876174
2021/12/26,-1.604069596,-0.065804221,0.326944973,1.072762023,-0.032224236,0.166262193,0.85125188,-0.053676969,0.789745941,0.312639691,1.830568042,0.812553438,0.73021259,0.933318853,0.938051842,0.704106961,-1.794160047,1.737563611,0.168602107,1.014807468,-1.161266322,0.031680802,1.462571266,0.598803359,0.994472422,1.421785077,0.746055222,0.494227541,2.039200058,1.909089725,0.691614745,1.074108047,0.127123649,-18.31563975,4.051712163,0.376044241,-0.584836474,1.104983619,2.234601159
2022/1/2,1.074397815,-2.026656883,0.116794998,-0.293895923,-0.654215827,-2.960587925,-1.88839905,-4.638174859,-0.132106706,-0.292893513,1.966059156,0.395067206,-3.217087369,0.924688499,-1.1977248,-0.60544869,9.035767706,0.435141764,1.35497997,0.172473149,-0.767297369,-1.093597502,1.278906716,-1.668893972,-3.518735674,-0.269754977,0.408223458,2.578141637,2.608577749,-0.22620978,0.449637081,1.070085265,0.182335516,-4.207556387,1.906097977,0.988638799,-0.409233364,-0.026806058,1.671788625
2022/1/9,1.270302055,4.015860608,-0.800155139,-0.886711148,1.286997339,-0.79912545,-0.30343058,-0.282604912,1.01510937,4.478490105,3.034466459,-0.405266117,-3.918550889,-1.065007198,-0.623427552,-2.150727537,1.929314028,0.624204688,0.767492687,-0.784334204,-1.122049068,-1.251826327,3.317423353,-1.641542043,-1.35524296,1.277295277,3.718061264,2.365064153,2.456841286,-0.567445179,-0.079200955,0.413071326,-0.340822859,8.565544458,4.789702701,-1.675431861,0.134856148,4.866249101,-1.205852218
2022/1/16,-2.198256446,1.865991975,-2.994108226,-4.693098758,-3.507688876,-8.415759657,-5.84928735,-7.852778357,-4.0739494,3.110538086,-4.697049949,-1.774486396,-5.817953627,-1.047183038,-2.563430889,-1.367239962,-3.025139536,-1.278779575,-0.649330476,-1.002860759,-3.044946955,-2.163812841,-2.528438149,0.037195674,-0.858908649,-2.777002056,2.359758258,0.391982657,-3.560723949,-1.415219292,0.483029087,0.645684245,0.39275497,2.266236644,6.049041465,1.050429827,-0.58779631,8.466780901,0.23781224
2022/1/23,5.408598966,2.687934631,-2.650555127,1.33382003,0.581969066,-0.981195458,0.768312843,0.011982793,-1.833629765,-2.251128182,-4.043615282,-1.842897717,0.367401407,-1.463708052,-2.578460574,-2.053221804,-1.401005306,-0.981255526,-0.375129115,-2.214883639,-6.221049066,-2.968233897,-5.191926548,-4.682138325,-5.129423226,-1.264434098,-5.836765707,-1.483855092,-2.968036732,1.982664471,-0.650437381,-0.874137861,0.21746333,40.77206829,1.56253179,0.832470989,0.497912421,-6.369420381,2.314374639
2022/1/30,-0.381161259,0.298900537,1.87271125,1.043535658,2.523602514,1.704957351,1.538028547,2.349994645,1.164586315,-1.860205409,-0.418974196,-1.442501978,2.037326362,-0.208374425,0.390230006,0.295405106,-2.005165234,-0.23838468,0.671854365,-1.224069791,3.211447843,2.668864561,0.691835649,4.180738849,0,1.744880039,4.253086322,2.587051029,2.39393839,0,-1.752480023,-1.112853684,-0.346457039,-4.212266672,1.954004947,-2.591233624,1.690017518,14.84544959,-4.78787759
2022/2/6,0.285000659,1.175301483,1.354510683,-1.00728642,1.29373844,1.378319704,-1.836543314,-2.200657058,3.778902275,5.152392192,1.304813267,2.133174502,2.346895506,0.862571935,1.899743612,0.752663754,5.370189251,2.401854651,1.905783422,1.665934733,-0.092761517,0.928944851,2.866026008,-1.205601512,-0.780949148,1.793263009,1.347515688,2.885845407,-0.811387313,0.888848537,2.682882592,0.928235975,0,-17.497335,6.131546813,1.17962641,-1.853269192,-1.454807984,4.03349194
2022/2/13,1.416690801,-0.611168949,0.060946051,-1.914927521,-2.54091491,-1.030834878,-1.59159152,-1.778298034,-1.796509133,-2.52115375,-2.754171061,-2.511715644,-5.508467633,-1.175949964,-2.205361586,-1.830588622,-0.911481544,-2.393705309,-1.942776055,-1.96737378,-0.116164121,-2.094309934,-0.343880334,0.799865058,1.763645405,-0.430120666,-2.35192077,-0.001458183,-0.568238278,-0.939114392,-0.851068967,0.228875289,0.102237436,16.40681165,0.852170628,1.879558879,0.619151769,-14.85162477,0.41118022
2022/2/20,-1.660930565,0.231835943,-3.149456831,-0.059966602,0.464452255,1.560425316,0.818692176,1.075895322,0.5228503,-1.590821663,-8.390796244,-3.210570744,-39.53817823,-2.590398062,-2.314157346,-0.189853958,-4.017765668,-1.211028703,-0.322067481,-2.575416084,-2.499908836,-2.409024049,-2.68389006,-1.133663435,-0.348012825,-3.233820028,-6.629600464,-3.999420479,-3.642102637,-0.325052527,-0.247022622,0.220994565,0.455833157,1.415374744,-2.20457427,3.08423923,-0.053098728,11.7190794,0.34320543
2022/2/27,1.741675488,1.1704056,1.601894112,-1.312052844,1.394710673,-1.980850699,-1.279642503,-2.822900367,1.447828486,4.825817694,-2.675547112,-10.6579136,10.64112702,-10.79187501,-8.023850894,-5.903436016,1.945206712,-9.455751142,-6.942538222,-11.03007533,1.360640932,-1.872001145,0.83184839,-0.109000367,-2.969645512,0.476650228,-3.859186507,-2.076056927,-2.510787973,-0.076019716,-0.478130891,-1.370645648,0.128133149,-0.578245196,0.569365384,-0.559515843,0.619807737,0.876311641,-0.865806274
2022/3/6,-0.578531649,-2.44146405,-0.665991851,-2.015152855,0.277154151,-1.066691519,-2.919634839,-3.591206809,-0.040047739,0.023366572,5.807959637,3.993922195,-0.138794337,3.223643045,0.45598766,1.715795244,3.120462845,5.311719445,2.382954037,3.611431857,-1.940630719,-3.217161708,-0.676838132,-4.082018169,-4.50126108,-2.695951942,-6.3682808,0.706563951,2.342863839,-3.210955024,-3.073282921,-1.351879394,-0.039564788,14.76573192,23.3505663,4.132155213,2.101567436,11.52443947,9.612063472
2022/3/13,0.065720667,3.169974355,3.215209392,5.350651482,1.648085029,5.238530427,5.973116166,7.858359322,3.983986675,4.200244785,3.183137295,5.600225006,0.949574677,5.591150265,5.976648323,5.823268388,4.307842391,3.327661999,3.421812826,5.684855017,1.70411888,6.405895298,1.576300732,-1.788848491,-0.958353348,1.104694647,4.092484131,2.46110998,3.872231391,-0.013540595,-0.155713336,-1.439421677,-0.312801405,-3.922071315,-5.645692696,0.945286958,0.464103643,-5.976524238,-6.5274657
2022/3/20,4.342862286,3.217110781,1.521055678,0.305417786,0.855555813,-0.391920043,1.775504024,1.96320759,-0.055922689,2.621276829,0.774410491,-0.747456808,-23.6170555,-1.010489913,1.04704274,-0.521010647,1.44686153,-1.03892696,1.056156748,-0.893422689,0.844588431,4.811679918,3.773749506,-1.201565983,-2.097663198,1.254831318,-0.035126006,2.463234238,-0.778458086,1.439879681,1.329467769,1.09857681,-0.336981659,-25.32675539,-4.327171357,-2.852743652,-0.915099339,2.878797048,2.434717168
2022/3/27,-0.668228257,2.068629474,1.175852474,-0.12333613,-0.241089007,0.629875748,0.062053716,0.648594645,2.09474181,0.668891158,2.300359121,0.97885329,21.98160184,1.973626513,0.56477869,0.472496584,3.441348445,2.05658805,0.726307595,1.308709076,0.360889121,-1.733817119,-0.749676361,2.170383394,1.27734893,-0.29097077,2.921963324,0.158646562,2.972066747,2.901385101,-0.671630769,0.060679614,-0.078570647,-13.71887999,8.422175258,1.296114426,0.603912538,13.59190396,-0.868833607
2022/4/3,-0.324703258,-2.708050699,-0.211063544,-0.279410168,-0.358680933,-4.727155083,-1.274737379,-3.936516842,-3.454692956,0.187173817,-3.753016996,-1.133385957,4.392327782,-2.056973208,-0.447428039,2.662392938,6.103416673,1.200474964,1.731561873,-1.55100479,-1.450696735,-2.489269781,0.652402956,-0.944828188,-2.221596958,-1.953936297,-0.763082947,-1.053463014,0.642510418,-1.184317901,0.653537771,-0.577948377,0.048706528,-5.837463212,-13.74774599,-1.711117356,-0.197519424,2.639423435,-0.170412226
2022/4/10,-1.146830366,-1.825179449,0.605278689,-0.78034466,-0.085296043,0.521061101,-2.155052453,-2.660114992,-0.945497792,-1.202866615,0.387723546,-0.842398273,-12.25141609,0.626145237,-0.699230929,-0.261060071,4.132542132,1.070196399,-0.695805617,-0.251458213,-0.160475903,0.397160306,0.254283186,-1.256690978,-2.632328417,-1.635326416,-1.63142252,-1.411813369,-1.751037366,-2.025880654,-1.614335756,-0.619670728,-0.029855202,7.50535987,-1.022638386,1.131999786,1.135207271,9.308265303,0.870309038
2022/4/17,0.739449383,-4.492526985,-0.668149478,-1.874667701,-3.11032347,-3.260596424,-2.788842814,-3.908727967,-1.827174162,-1.167517196,-5.896732746,-0.153748678,-2.88379435,-0.120418183,-0.339606161,-1.752734855,-0.880640779,-0.538289497,-1.251167394,-0.22552616,0.320324968,0.04454002,0.779912874,-3.948332533,-5.259916341,0.122894218,-4.173427937,0.754375711,-1.753124478,-3.364441955,-0.645699135,0.20698386,-0.097360288,7.02523175,8.474440879,1.494735137,0.57277532,15.08228897,0.010566915
2022/4/24,-3.852382517,-2.925023789,-0.513808875,-2.49813069,-2.023412962,-4.024975851,-3.328599204,-4.009843647,-3.391615087,-1.904925437,-6.014711195,-0.313102571,15.27677817,-0.726641546,-0.879409689,-1.062621405,-1.711221532,-0.790187734,0.303593103,-0.972155554,-0.357794061,-0.954019939,-1.905015953,-1.299663875,-0.274179559,-2.575663834,2.16108378,-0.125334751,-0.404966344,-1.887791373,-0.111111123,-1.706934666,-2.021432202,21.73116005,-4.670258311,-2.077226023,0.880232339,-11.0855035,-2.992340801
2022/5/1,-1.995680859,-2.573718073,-3.134007842,-0.236320818,-0.621908657,-1.32519503,-0.208109562,-1.552199731,-3.717076273,1.965263788,-5.133521653,-3.050700407,0.599207154,-4.306594211,-4.133608859,-3.339402419,1.152332013,-3.102069366,-2.097650727,-4.674944323,-1.893096411,0.578110356,-4.063360151,-1.504503779,-1.938193594,-1.115029016,-5.293980166,-1.955606113,-4.126049993,-3.1609644,-2.371800892,-2.093905217,-1.635454231,16.8879375,2.534474992,-0.997566334,1.714249329,10.31542268,-4.089004256
2022/5/8,2.611102245,1.68730631,-1.827692378,-2.161315101,-2.619494392,-2.582028399,-2.441441811,-2.836639647,0.076855014,1.162129916,0.027755985,2.553291485,3.982960874,1.653150228,1.735105143,-0.684323679,-1.619158161,0.193276211,0.408075892,2.025274506,-1.534490695,-2.155789861,-3.270462383,2.718608925,3.185660881,-3.571389402,-0.517234798,-3.107738086,-3.908752071,-11.52229784,0.094822689,-1.878969684,-0.873828536,-10.10451563,4.738366537,-1.520561746,0.707455396,10.46286079,-3.262349134
2022/5/15,-0.765118133,1.452126607,0.991520496,-2.948247876,0.485391829,-1.088082884,-3.092388614,-3.889846097,3.835157469,3.919357938,0.959906364,-0.328599102,9.078513409,-1.224564477,-1.622297015,-2.974513048,-1.956828266,1.740559676,-0.380467135,-1.260537447,1.33690556,1.171348522,0.086930325,1.999472792,2.606814537,1.953379751,4.030828311,1.536783907,3.020670684,4.689100887,-1.335770267,-0.617938384,-1.820867075,-4.470775004,0.653775143,-4.051940361,0.890004195,-4.839859593,-2.17966459
2022/5/22,6.123211845,3.134131223,0.517857428,6.060004631,2.691353002,6.263980046,6.376669753,6.615016651,1.81815584,8.8212829,1.559583448,3.377330632,-8.927597959,3.601829544,2.78958922,2.946613166,2.764149137,5.157847972,2.610822838,4.067858919,-0.046993373,0.159377591,0.234281927,-0.520329175,-2.304399191,0.748945143,-0.096004798,-0.309992475,0.529147182,4.062143016,1.421033879,1.826460988,1.42563923,1.921156857,2.44961292,1.827184313,-1.393710539,5.335953876,2.366974409
2022/5/29,-2.057805649,-0.753218173,0.778008986,-0.951839867,0.202940369,-0.257229752,-1.202417357,-0.980795524,-3.440873182,-1.659158648,0.512854124,-0.014521677,5.624819261,-0.468424561,-0.226662107,-1.018375385,6.44695823,-2.364990396,-0.694652561,-0.663813662,1.228188061,3.593461856,1.175336506,2.06213735,3.810134909,1.745081198,1.841960631,0.043945706,1.407873148,-0.621838374,1.569064934,1.027774653,-0.085128632,-13.47456629,1.611949051,0.680715757,-1.439955373,7.665857743,0.734140686
2022/6/5,-2.911802089,-5.191785637,-4.330707495,-4.687497532,-2.512749226,-4.495059433,-5.187069261,-5.762885887,-4.473350197,-2.072860452,-5.34996137,-4.949362293,5.614872954,-4.705058672,-2.707989523,-3.932091628,-2.260828943,-3.905751356,-2.901525861,-4.99801966,-2.840016793,0.225668998,-0.824939562,2.758384779,3.438889268,-0.560089115,3.376765365,-1.566678442,-2.333411752,-0.128906312,-0.083935654,-1.043792593,0.573402076,-3.682855332,3.248982016,-0.383007886,0.453257455,-2.365327664,3.871598184
2022/6/12,-2.361588708,-5.511218896,-6.823065278,-4.920519201,-6.860640056,-7.770275636,-5.968744734,-4.894471729,-0.943733021,-3.543165453,-2.852170935,-4.728401398,3.606839237,-5.048014992,-7.01802643,-5.883123252,-0.384916647,-2.959729844,-4.204258548,-4.568790181,-6.154260632,-6.923693265,-6.062296564,0.968254752,2.429623552,-5.102819109,-3.410591197,-2.663928145,-5.769444565,-5.238607324,-1.912176192,-1.379109724,-0.725556885,11.27954941,1.502908809,1.358154918,1.930155747,3.764906748,-3.964524199
2022/6/19,-5.25299147,-1.16174347,1.591943835,5.274595747,0.697124086,5.833041397,6.247269349,7.226843432,-0.573803815,-0.565060193,0.33700538,-0.0619561,7.293765377,3.190300674,3.79191617,3.495725734,0.81574377,1.19830598,2.707500186,2.717178824,-3.092478826,2.016922064,2.496876713,0.988826845,2.83736177,-2.184249621,3.010271216,0.436733955,2.618503898,-1.809554089,-0.161804632,-0.733559406,-0.116197668,11.49361443,-9.658720269,-1.878368512,0.323046308,-24.25394817,-6.741695775
2022/6/26,8.629577437,0.285387744,-0.59152826,-1.297917285,-1.062917744,-2.174409413,-2.233754973,-4.221170263,0.003456053,-0.563212318,0.386808662,-2.353262097,-10.29401356,-2.370739825,-0.705170095,-0.488295607,-4.415015167,-0.828252868,-0.558653677,-2.431122901,-2.619145354,-2.122435477,0.435126402,1.124779758,1.364832418,-6.480220239,0.645866007,-0.517461411,0.335757502,1.348248311,0.532017215,0.310381692,0.399809579,-13.38526778,-1.786584033,-0.561171758,-0.507564163,-11.01080706,-7.162473274
2022/7/3,16.16493586,1.340092228,2.089666669,0.774356629,0.852602895,2.379212743,1.917282807,4.459436377,-0.337875088,2.915436113,3.010162217,1.565758831,-10.89399125,1.706299823,2.78836021,2.245907313,-0.39977174,-0.931416628,0.384131503,1.674839217,1.941199651,2.21758885,1.234737902,-0.935988754,-0.025119092,0.843184975,-0.614930227,1.145696144,2.931152384,-1.666852883,-1.201043891,-1.379558749,-0.174740361,-1.965574128,0.749829942,-1.342080537,0.909671708,-8.205437602,-3.811021887
2022/7/10,-1.549102531,-3.798465182,-1.09007674,-0.169835772,-3.359242517,-1.422444033,-0.933206473,-1.584337877,-1.069629474,-0.426199431,-7.164305317,-1.163152919,1.451688749,0.047559353,-0.341718133,-0.299493976,-2.141903886,-1.924502566,-0.518696414,-0.84052759,-0.838608893,1.017836913,-0.48294887,-3.889228863,-3.531453939,0.593415872,-6.799100938,-1.030759911,-1.062303527,-0.929981251,-2.377483288,-0.555533952,0.09405302,-8.029242674,-3.4146456,-3.333078902,1.806122869,5.169461001,-2.301532967
2022/7/17,8.836211041,2.429062112,2.775405616,1.945377946,3.149063882,3.520814205,2.517005532,3.278497808,0.400654633,2.871559054,4.913898773,2.97865687,-0.005165734,2.951698109,4.811525297,1.032973361,5.476771699,1.321475708,1.626040822,3.373099762,2.631753118,4.118042779,4.128972011,1.289947296,-0.136988366,2.703488516,1.522610225,2.617461134,4.091370828,0.710502871,-0.947219712,-1.465749262,-0.926214743,-1.677960384,-7.118331833,-2.269798099,1.01522769,15.07831143,-8.530924892
2022/7/24,7.344760172,4.196766097,2.237894321,2.921854025,3.671955278,4.244822838,4.169206569,4.59593447,1.843627245,1.139079243,1.132405085,1.723225574,-2.814160415,3.658902363,3.402257767,0.447711681,2.968348309,1.290754479,2.000910304,3.056124622,2.409377092,-0.405698709,0.267842211,-0.512938773,-1.030788976,0.33863782,-2.220735358,0.945430872,2.590639513,0.256823015,1.21201661,1.257667286,0.088829675,-5.0793821,-3.006102896,1.390001734,-1.202632286,16.79417705,3.509131981
2022/7/31,-1.251908503,3.155239155,1.008546741,-0.13691212,-0.370310028,1.922282435,0.360100347,2.130849092,-2.995762238,-1.663442951,-4.089801424,0.664353589,-5.172964013,0.369171178,-0.922757171,-0.205128461,5.920270494,0.144570663,0.219468748,0.465192828,1.590386191,1.337092613,1.628447936,-0.808921323,0.01866635,0.239511822,0.225132626,2.196428552,1.384741023,3.199876851,0.078323873,1.357187333,0.108182617,-7.668318135,4.05600806,2.289631552,-0.792847844,-0.847052499,6.515409518
2022/8/7,4.029705711,5.74150994,0.240602048,2.883499742,2.812651961,4.815018889,3.203942981,3.031890983,4.457761088,4.635487711,4.897634114,1.621678095,4.022236126,1.251493164,0.41698369,0.046469175,4.052745817,2.80552429,0.818577817,1.370819365,1.480079781,1.308521329,4.264030605,1.533259228,1.2166089,1.66816674,-0.130369461,-0.415436752,1.713359661,0.697216321,-0.362763278,-0.783929418,-0.26210394,-0.847462699,-10.25253578,0.506757841,0.669907202,-2.025478929,-0.448556962
2022/8/14,3.914688283,-1.130842337,1.159269362,-0.162923504,-0.339677561,-2.983132502,-1.214546529,-2.656063935,-0.80173777,-3.263705721,-3.619027353,-1.838578482,4.745324845,-0.889375648,-0.863505864,0.255598534,5.301651857,-0.744395109,0.657488851,-1.238571713,-1.404229319,1.333937459,0.618489728,-0.575673705,-0.491163889,0.780582345,-2.015605683,-0.698614519,0.340134464,1.084684281,0.753465084,0.487584124,0.282864673,-7.96881606,3.401763676,1.377716524,-0.924534887,8.369901888,3.166527955
2022/8/21,7.675000437,0.717624117,-0.146287284,-4.314573263,-1.19092049,-2.982710911,-4.123613764,-4.536551318,-2.48855041,4.237270102,-4.309914604,-4.32297071,1.066420721,-3.470488279,-2.027305147,-1.941878885,4.084053617,-3.343806221,-1.643282127,-3.453847529,-0.46886521,-1.003800048,0.268268663,-0.673208277,-2.44771775,-0.849479254,1.987944715,0.09297973,-1.13005151,0.913241336,-2.207856291,-2.529666969,-1.090021486,5.333933091,-1.443752519,-2.934278303,2.423248793,6.276916478,-0.136202691
2022/8/28,-3.714267228,-1.28607321,-3.953776345,-3.031474726,-3.078302763,-4.857569429,-3.342865435,-4.29847219,-2.970310704,2.052902273,-6.24672259,0.605649283,8.223787581,-1.716035895,-3.832362884,-0.462126868,2.406833887,-1.64668858,-1.986943703,-1.65922951,-2.929189228,-3.519641804,-2.965296315,-1.548912278,-3.007705013,-4.043088797,-3.62438158,-1.358301469,-0.110831432,-0.411770926,-0.73018579,-0.678716443,-0.805059687,21.57375537,2.491561188,-0.709872457,0.602264224,-0.429369487,0.773882078
2022/9/4,5.93890717,1.286963686,0.954615969,2.624580405,2.574097429,3.959787219,3.581634191,4.056038033,2.484342767,1.934591318,1.903077731,0.290300175,-1.712476827,0.724083604,1.084625228,0.078285793,8.862102884,1.26400811,0.955157047,0.721354974,-1.048471228,2.018878359,-0.647527397,2.343897283,1.487717525,-0.612652934,-0.46292252,1.770433836,1.661767026,-2.002333028,-0.100441953,-2.0642343,-0.409533095,-0.352734052,-6.883169814,-1.324369471,0.695500396,-5.642465456,-7.875870682
2022/9/11,0.757359397,-2.726046592,-2.275409356,-4.225313905,-1.978959974,-4.600598295,-4.887953817,-5.637230857,-0.582353378,-1.856577371,-2.158425881,-2.686627861,0.970158333,-2.197550846,-3.130252611,-2.692659363,-4.176750174,-0.604329525,-1.568334317,-1.969669572,-0.062931872,-2.320190702,-1.865539075,-4.247364923,-5.328044093,-0.148635239,-3.15082693,0.163521818,-1.710811375,-1.808293157,0.880445908,0.692823417,-0.383322351,-11.11794457,-0.092134062,0.34289401,-0.469551037,-9.421812892,4.464260591
2022/9/18,-1.946952787,2.204654082,-2.46974352,-4.067972031,-4.780287091,-6.823088742,-4.761318825,-5.203373163,-2.981459412,-5.941139359,-2.982290087,-3.653247662,-11.03549851,-4.956704428,-3.918882581,-4.558917443,-2.875130087,-5.155237601,-3.059876974,-4.433775645,-3.971605568,-1.512487925,-1.428724815,-1.223873923,-2.291199841,-3.092141998,-4.515937791,-1.268301123,-1.167600805,-3.028361346,-0.239353859,-1.521834666,-0.769428166,14.32470959,-1.954687017,-2.687211525,0.675712226,-2.944375133,-1.18244621
2022/9/25,-2.706552752,-1.514326377,-1.540390182,-2.95867283,-0.199105284,-0.889277489,-2.9570012,-2.726489856,-1.708809831,-1.483129466,-5.634687216,-1.392154393,-7.8391724,-0.364983191,0.209391435,1.271939729,-3.145610349,-2.899141527,-1.793986043,-0.911988081,-6.053374167,-4.583948737,-4.557026015,-2.093402538,-2.091421567,-5.039013962,-4.042181761,-3.04742222,-1.353817846,-5.357322564,-3.298954322,-4.994751082,-2.102386005,12.89582139,-7.779325197,-1.67677236,2.897399779,-12.84658604,-5.053339895
2022/10/2,3.898316992,5.600106273,4.361195765,1.954760516,0.750313764,2.223521676,1.495886878,0.723480558,2.439525169,-0.76867914,1.96188994,1.301020182,-4.91956569,1.798956099,1.007983809,0.398715155,11.50150487,0.947067611,1.401257362,1.710914411,3.525624191,4.4449399,1.640589046,1.61320541,2.848126795,2.047488736,2.958896608,0.496172973,1.280496441,-10.27299352,1.118591375,2.761803442,0.207838972,5.526267868,0.947994207,1.324522675,-0.780288878,-0.912173457,1.639744251
2022/10/9,-5.218395197,-3.76762137,-0.059164598,1.175495696,-1.3914265,-1.167081247,-1.567029586,-3.156771673,-0.626333182,-2.941556962,-0.569505257,1.333929918,-1.441123302,1.101473481,-2.587626472,0.201280139,1.650173103,-0.734176071,-1.91054398,0.185580154,-0.912862129,-0.093530587,0.270566697,-0.051591228,0.285417134,-4.280574783,-6.716394137,-3.434219095,-0.747532129,2.080106223,-0.593655786,-0.683332995,-0.035138269,-0.82566363,15.30897862,2.206341532,0.532997654,-0.266390567,-0.764822084
2022/10/16,1.197593785,6.775837912,-1.220652865,4.741307745,2.875373218,3.495029621,4.626892973,5.084209058,3.623274185,4.775397867,1.02462758,2.329108241,5.871676533,1.729253749,3.410980385,0.860428078,8.142201765,2.185227728,1.604544524,2.767602092,0.025758812,-0.741667093,0.812102436,-1.08200803,-1.839741045,-2.381244746,-2.296342749,-2.318410006,2.2473761,-4.906484175,-0.226104927,0.772898608,-1.027585848,2.082751209,-7.891891507,-3.597553106,0.459526674,-4.470102573,1.086647991
2022/10/23,6.209046888,-4.598452466,1.617862586,5.563520146,3.18422901,5.834774518,3.875940652,2.21052732,4.088073633,0.44530048,6.651037183,3.946192025,5.839982578,3.862220426,2.281951774,3.339185238,-1.424461702,4.798457704,1.112057917,3.848055393,2.467145253,0.794955199,2.400573702,-4.131667141,-4.851892995,-0.24039731,-8.681848648,2.960505739,1.19052055,1.854900589,1.440343609,1.174808813,-0.698576586,-7.555041879,-0.656277991,0.447780005,-1.085354954,-26.33410314,1.478716419
2022/10/30,2.285449554,3.108194547,1.56164072,-1.399033087,-0.109863581,-2.580494673,-3.402743166,-5.815047281,4.16467318,0.332767542,5.954871153,1.621715056,-1.761781036,2.260076702,0.651040078,0.14285624,8.354699957,0.330407887,3.993853239,2.062979337,3.467228262,0.348182304,-1.005649942,5.17493056,7.280811302,1.846179106,8.373065513,2.291797266,1.840239431,-3.114570019,1.039206245,2.68870945,-0.138028152,-14.23756617,3.296048585,-0.69674027,-1.234594676,13.64511027,-1.318191029
2022/11/6,-0.563459199,-5.12420695,3.779674843,4.064956075,3.345498661,4.501372253,5.730441784,7.784986726,1.523208997,3.750472401,5.415629134,5.527995811,5.678672212,2.739071833,4.514910771,3.097498274,5.502678925,1.937619843,-0.229306558,4.769305392,5.578492285,3.836628181,3.418113741,0.535556947,-0.426923863,7.259531886,6.957904443,3.089682796,1.275422212,-5.041184876,-0.030115947,-2.044883087,0.932624116,-4.772277287,5.219732249,1.914913694,0.151775257,11.86427801,7.240882497
2022/11/13,4.447262082,-3.060074243,-0.086653907,-0.006044774,-0.651497026,-1.768848011,-0.693369552,-1.57791269,-0.752411669,-4.926405466,0.991881831,1.444712447,-0.972561857,0.752925965,1.362122426,-0.736586795,1.585380323,0.366081797,0.917879395,1.445875106,-1.569952126,-1.295525118,-4.964639422,0.321770889,0.364334056,3.489554429,3.776858796,1.3506734,-0.229422031,2.327115629,3.860266616,3.964327813,1.063750478,-8.630805097,-4.021029668,5.387257285,-4.250702145,-8.491131095,5.975461582
2022/11/20,4.027923579,0.09823409,1.494688267,1.761405612,1.996167824,1.046549945,1.521153131,0.717851219,0.191634254,0.994499413,2.7989768,0.756011559,-0.52095743,1.018505556,1.446231354,1.103303241,7.398488614,3.4915662,1.360277937,0.952683994,-0.271181608,1.364353308,-0.312408936,0.14357319,-2.501047288,1.868137037,-2.35605897,-0.849504401,1.114067861,-0.382733137,-0.27084559,0.413171463,-0.177142984,2.629424053,-10.51606955,-0.851358795,0.62162743,6.963903111,-7.464865352
2022/11/27,3.584447699,2.668321874,0.576885056,0.238805111,0.498613321,1.257316478,1.125746963,2.072900836,-0.844042518,0.944730868,-1.274253087,-0.08248836,-2.981605005,0.442521679,1.115577915,0.269156781,1.801964119,-0.404781733,0.924828268,0.390161584,-0.144904062,-1.802123763,-0.230681839,1.740263771,2.85247277,1.291952305,6.080783463,0.448669124,0.985526207,12.19672501,0.685363945,1.74338152,-0.630104161,-12.02731577,-4.861535427,0.817443244,-0.854557407,10.83071458,-0.04130809
2022/12/4,0.871987018,-4.014319276,-1.216712565,-2.808096499,-2.664286379,-5.214896106,-3.430729356,-4.067840815,-1.510579987,-2.532315069,-0.190552139,-1.098069138,-0.764050901,-0.96290654,-0.944200636,-1.166163335,0.849299917,-1.120466622,-1.059023286,-0.890856492,-1.877995306,0.442214837,-1.485743765,1.597056775,2.480523389,-1.787680825,6.355897689,-0.404912999,-1.072801455,-2.586714631,1.366285048,1.591502008,2.047564343,-7.283298792,5.135884022,2.280447582,-1.346869712,-11.18036529,5.883263016
2022/12/11,-3.609405462,-4.434692499,-0.898215886,-1.673643943,-2.55807563,-1.867428034,-2.106736159,-2.756596345,-1.670628407,-1.199056135,0.641807092,-3.380264856,-5.660732259,-3.427683208,-3.394583641,-2.728539299,4.090558242,-2.154738065,-1.951745925,-3.578707464,-1.222151803,-1.349118836,-1.455405935,-1.226404864,-1.812161128,-1.210113426,-2.28819326,-0.159092835,-1.238129706,-0.094873548,-0.075944564,-0.260777591,0.903053744,18.04835623,-11.60721713,0.060768446,0.285715845,-0.574805989,0.724547095
2022/12/18,12.86833788,6.440118379,-0.575181856,0.859780514,0.325392399,-0.141302675,-0.19591597,-1.95777943,1.891996661,1.439045981,2.213307749,0.343896294,-7.50749494,0.806793942,0.151314034,0.317959986,4.50911883,1.9119594,1.903316664,0.340899133,-1.982644094,-4.806777418,-1.917707459,-3.926970642,-4.023090625,-1.784202846,0.729390513,0.519812635,-2.562522754,-2.854068471,0.492611834,-0.942823135,-0.213977549,-0.924098985,4.043030943,-0.5815741,-0.131767421,5.528850545,-3.063066693
2022/12/25,7.339641188,0.033723278,-0.975520941,-0.171751896,-0.625998886,0.018170565,-0.138463803,-0.299365718,-4.270011303,-0.56041614,0.65728567,-0.124459364,0.733157034,-0.47986556,-1.733769069,-0.699173651,0.99180397,-0.484902333,-0.285030093,-0.614668527,-3.397622247,-0.53793622,0.611800238,1.414500539,1.521595394,-0.942936983,0.956718588,-0.196035718,1.662430627,-2.838391515,0.301943992,-0.677744556,-0.246439647,-8.05217496,6.361465596,0.22195104,-0.623950728,-26.19552572,1.254887348
2023/1/1,5.632505967,-0.705081591,1.002248941,1.445161932,2.191905338,1.775485927,1.437206848,0.977485669,6.5229184,-2.181735113,3.511267876,4.812307073,-2.913451559,5.808883266,4.989465924,3.796205478,-3.081953462,5.577280176,3.270653073,5.742124754,2.367128687,-0.463430149,-0.38361222,2.189333311,3.143078598,1.653082097,5.938165545,0.778185433,-1.367193319,5.063648645,0.825675548,0.322914791,1.307886013,3.761609446,1.414202907,1.212002496,-0.714981408,-12.66080401,0.039372663
2023/1/8,12.45618483,1.775560562,3.027029012,1.981499371,2.716260567,5.122552101,2.635261697,4.711323978,3.506709583,0.42416939,3.566467593,3.209403519,6.932164965,2.341575317,3.230600854,1.303765727,-6.918730806,2.054352567,1.860373941,3.255913086,4.111732595,0.559266485,1.680730453,1.185919659,2.042471469,3.088115675,3.496797903,0.518381125,0.542495547,1.171473397,-0.543428677,-0.041341106,0.876649321,-2.523498392,-8.801733938,2.354068499,0.364401244,-18.74744751,2.603268165
2023/1/15,2.256155745,1.009171767,1.679301724,-2.743903488,0.700435599,-1.048920619,-0.664352582,0.551496722,0.688817921,1.570048144,-1.631166007,-0.351659455,-1.849943881,-0.392454152,-1.264579502,0.037457147,9.658486562,0.410115238,-0.941173774,-0.747219553,0.383574147,1.647976802,0.563674956,2.151745835,3.208698995,0.731258295,1.397769981,-0.001214429,0.394895502,4.751370452,1.713901864,1.102075469,2.009226994,-14.10642571,8.353358545,2.743222077,-1.653798539,-8.168376596,7.509371547
2023/1/22,2.635923104,0.245145137,0.556672119,1.791177227,1.025151338,2.335238964,2.435727271,4.229406727,1.522941781,2.845536811,1.008468463,0.771747682,0.049388939,1.436462131,1.615548361,0.329513471,-5.59039482,1.579706236,-0.070032071,1.40061654,3.63864311,3.074361886,-2.681101995,0.098369314,-1.030129701,3.467619468,2.880587604,3.005644977,-2.37606598,0.775118528,0.249043158,1.356696548,-1.208899656,7.857443263,1.891864771,0.337671429,-0.161981511,-7.435548855,0.83850506
2023/1/29,-6.048647758,-3.435419503,0.854382385,-0.154603808,0.2115121,3.801853306,1.60646025,3.261158099,-1.334027478,-0.211003722,-0.281326558,2.131570926,1.017608749,1.908209026,1.741838522,0.150694267,-3.812243612,1.80910336,1.744480776,1.89598128,-0.145837808,0.462363112,2.860656323,-0.141260026,1.643156591,0.91963764,-4.638687779,-0.292690332,1.408434265,-4.056774833,0.110487075,0.032271077,-0.013268563,-6.989288055,-2.769503303,0.062214851,-0.058967481,-2.069149103,-0.684449214
2023/2/5,4.304057068,-0.410894341,-1.659611992,-0.164202245,-0.706884134,-3.41806788,-1.118775146,-2.435011993,-2.942133286,0.526061648,-3.094939057,-1.094396035,-3.09677463,-1.451047378,-1.535569195,-1.947850382,-10.37004402,-1.179755274,-0.245181237,-1.420094064,-0.431100457,0.585426507,-2.907799133,-0.083996522,-0.644499329,-0.10266339,-2.193974757,-0.699782544,0.013721435,-3.463549666,-0.683289824,-2.830686381,0.149003841,-0.977206473,-8.142888394,-3.507466044,1.011374258,-25.46743836,-4.010683685
2023/2/12,-0.3680752,1.011722975,-1.175887166,-0.125501669,-0.471122772,1.425575929,-0.278350884,0.588377385,2.461024882,-1.666919721,0.605294109,1.130379773,-5.472419235,3.011669547,1.689928569,1.124158934,10.95262068,2.337183086,1.534762397,1.817145999,-0.752705273,-0.572086532,1.171953812,-1.130366764,-2.203982238,-0.688529052,-2.245894529,-0.966361537,0.489935534,0.473731658,-1.099321673,0.058069602,-0.49630817,11.33481692,8.57013207,-0.005368119,0.75622058,4.224836267,-0.990965622
2023/2/19,-0.263295805,-3.143880276,-0.543205146,-3.030873779,-1.453587114,-2.912490679,-2.709775411,-3.385073836,-2.072656268,0.311927546,-2.833900714,-1.774204667,-0.657455962,-2.207865541,-2.465307296,-0.66423099,0.632985046,-1.418999234,-1.582855457,-2.273647873,-1.132361602,-0.21704094,-3.097297304,1.329207792,0.609960867,0.155502204,-3.485609987,-1.39382985,-2.702225984,-2.236027406,0.177827741,-0.190926883,-0.864476498,-2.515545714,-4.369969435,-1.209779283,0.236355415,-9.989505777,2.264712176
2023/2/26,-0.995382749,-1.843000883,-0.320754733,1.731873868,1.776434758,1.978198714,1.88635878,2.547968691,2.799941227,1.838950799,1.893094933,2.394868538,3.3613085,2.213309258,1.879310509,0.074379157,2.991714807,2.814974492,0.865050192,2.737607855,0.348458241,1.711785638,-0.275640925,1.856759758,0.54544736,0.672600207,2.747995728,-1.543706741,0.733314467,-1.670481213,-1.393619542,-0.7590011,-1.279267261,7.919704166,0.170145974,-1.274111563,1.31907071,7.451605214,-3.88362185
2023/3/5,-3.917578059,-0.239054692,-1.925442238,-4.534874932,-3.998203289,-8.411423383,-4.656074226,-4.820649553,-2.59461463,-2.453742357,-2.321719695,-0.970260166,-0.28175597,-1.749675181,-2.333173142,-3.870428232,3.249903354,-1.911606436,-2.532842309,-1.53141128,-1.553072036,0.77223298,3.20190879,-2.998179886,-3.515189049,-0.528159272,-6.257741689,-1.703463482,-1.036651693,3.285826163,0.81216803,0.800537964,0.717211014,-15.86987701,4.112010622,2.042721571,-0.639174877,20.51116931,2.868384704
2023/3/12,-6.410077367,-1.591473278,-2.120380724,-0.160172281,-1.977459218,-2.676094858,1.415512763,4.318922907,-1.659546945,-4.653410115,-6.985534923,-4.370587536,0.657604975,-4.175193425,-2.811589127,-1.41927962,-4.717536632,-6.286123534,-5.47679743,-3.96795928,0.045926335,-2.920945627,-4.189195219,0.631730806,-1.447963049,-0.472834876,1.023065678,0.183941782,-1.812992336,0.048689443,0.103407765,-0.099717475,0.03331571,29.36136078,-3.83776951,0.677094317,0.061232302,-21.37165403,-0.901518918
2023/3/19,-1.117220254,-3.140524317,-0.56774346,1.183406991,0.585099695,0.521844337,1.37812905,1.649616357,1.615195397,2.728147039,-0.476655006,1.271857451,2.987682775,1.286915648,1.290038795,0.192868992,-2.054668767,0.83601259,0.950427245,1.60162338,0.801143424,0.188088151,3.077622475,0.463461129,3.109239662,2.944263966,2.01400164,0.918091728,-0.91056317,0.353480143,0.215871312,1.214740384,0.253853264,2.822687898,-13.88364449,5.536863357,-1.146651526,-3.85953943,-3.483881302
2023/3/26,11.38425499,3.042419691,3.150334817,3.159872887,3.022346951,3.820219159,3.423969731,3.310226143,2.124061529,0.750923334,5.156388729,4.392313045,1.925600518,4.287180879,3.275852565,4.344693593,-4.450749856,4.883078238,3.009965086,4.368139518,2.530890511,2.368029523,-2.291960019,0.220539631,0.789195479,-0.293492658,2.403293183,1.429668609,2.417855243,2.095036863,0.868150143,0.450728073,0.254499319,-15.99166505,3.706306565,0.520558121,-0.57829429,-5.359209416,4.581912197
2023/4/2,2.86142759,-1.045869507,0.572350973,0.635876702,0.480438718,-2.700237715,-0.10445162,-1.102032678,-0.755312667,-1.37370989,-0.245957765,-0.198227673,-2.256497673,0.032224721,0.482844172,1.108788951,2.294512923,0.860623922,1.42873512,-0.129862619,0.545572663,-1.883324122,0.160872423,1.660212877,2.037198621,-0.199088146,-0.338364102,1.267819731,1.369629722,0.48314659,0.740812722,0.838664688,-0.001456123,-15.06303578,8.851424173,-0.748839767,-0.564041505,0,0.477386304
2023/4/9,8.658509916,5.271112595,1.956086126,1.187355739,1.879662762,1.509810584,0.791496199,0.293250255,1.781602898,2.630765973,5.545537292,1.334886225,0.860303856,2.625525029,0.205095915,0.999346905,3.359231037,0.54189646,1.669750908,1.868976956,3.203814189,3.482333692,-0.109135201,0.315041216,-1.410753784,0.585093936,0.527889249,0.066029195,1.291964966,-1.442393292,0.533678116,0.646571395,-0.007280299,-1.617285925,6.435679457,2.155374956,-0.6548709,-9.707165809,-1.948273708
2023/4/16,5.357054644,-1.815417821,-0.424721575,-0.225366057,0.548737041,0.579961655,-0.099623278,-0.4215593,-0.524287313,-4.825563161,2.469432255,0.468047341,3.622520417,0.760306803,0.103702449,1.032484974,-1.594061395,0.561281661,0.534904266,0.405485512,-1.059063162,0.248519876,-1.595408758,-1.111254754,-3.007987468,-2.070577918,-1.792392165,0.578462111,-1.150580855,-1.635409812,0.94077508,0,-0.013103202,-7.502812781,2.230211293,-0.483297321,-0.270265103,4.994977666,2.240921155
2023/4/23,2.401223848,0.062260837,-0.289625602,0.853866546,-0.273943673,-1.265007741,0.866198358,1.268544492,1.731004414,3.1909828,1.174785722,0.256068237,1.400082302,-1.134829845,-0.486625365,-0.204736613,-8.195631918,-1.871778327,-0.551928267,-1.124112249,-1.699232114,1.017305464,2.235878409,0.664502417,-0.980827641,-0.152715508,-0.906479263,-1.556688945,2.471191806,0.500570741,-0.118251708,0.136859499,-0.334278343,-1.773096097,-6.005673898,-1.140228844,0.302766051,5.476408541,-3.12892649
2023/4/30,-0.275540359,0.683273963,-1.227887574,-1.253135992,-0.459025974,-0.516313734,-0.800174754,0.072193639,-0.334058682,0.987152813,-0.558995683,0.242383302,0.010642157,-0.784891626,-1.061661297,1.018651447,-4.816929946,-1.019135113,-1.178239646,-0.434036641,-0.023588347,1.039441127,1.877545912,0.337350514,-1.401472524,0.30052658,0.774790902,-0.11870636,0.022139813,-1.241229588,0.299904801,1.135921341,-0.275302644,-6.084826042,-1.203975965,0.312720925,-0.146830605,7.628077464,-2.274413522
2023/5/7,7.888563775,3.104943917,0.507022714,-1.115921668,-0.597682781,-1.087212521,-0.294661565,0.402363497,0.019929794,2.735587072,1.384453748,-0.296158566,0.447877197,-0.243538212,0.333894568,0.090747994,8.592366281,0.944439979,-0.30592955,-0.520888048,-1.025658261,0.786903307,1.020343054,-1.881130595,-1.579641356,-0.794840288,-2.127634191,-1.793975076,1.351171343,2.658715206,-0.027226937,0.547338058,0.014470733,8.558450398,-7.348700964,1.949943344,-0.399206072,-12.02237712,-0.192963333
2023/5/14,5.195922753,2.081194049,0.313699849,0.377088899,-0.336320437,1.870553634,1.633021141,2.992368445,-1.194199083,1.276413928,2.710692151,2.246562242,-0.165789562,1.034569942,1.856522347,0.055584636,-6.323914875,0.188254697,0.029010753,1.777124713,2.488354496,4.718912118,1.257947562,0.341067156,0.775855817,4.246962407,-0.904202173,-0.185926425,-0.610108634,0.224794969,-1.545880316,-1.466278561,-0.685057664,-0.935132472,-1.839067251,-0.247243364,1.48399838,5.861318627,-4.060204275
2023/5/21,0.879462847,0.145273451,-1.727871839,-1.001485074,-2.13931847,-0.039472869,0.320812714,2.479608065,-0.499624844,-1.077230957,-0.411927864,-1.806719149,1.819161833,-2.33321457,0.09902539,-1.190343282,1.73835083,-0.655007601,-1.685809684,-1.323764292,0.824868312,0.349811923,-3.18296339,-2.187265848,-1.651870818,2.020450022,-3.684690329,0.149766486,1.612720651,-0.7541181,-0.424942903,-0.104413487,-0.694671036,-1.300254725,2.132999858,-0.97013273,0.554508493,13.17093454,0.093827498
2023/5/28,3.244577795,1.478564866,-0.135665305,2.002636626,0.52232016,3.212880367,1.81252915,2.022309909,-1.478217481,1.095553242,1.697602864,0.419913713,-0.389149868,-0.664710221,-0.383617167,0.07964126,11.03262586,1.363726263,-0.261512193,-0.322825998,1.649207853,1.947226291,-2.227867285,0.545435861,0.807299344,1.215601161,1.077129304,-1.289380854,0.187668231,2.435204168,-0.72470818,-0.814947827,-0.810296565,6.561616751,1.553213863,-1.877231288,1.020205263,-16.99420207,-1.348820017
2023/6/4,7.85131849,3.886767043,-0.31680197,0.338498253,-0.664235874,1.882856668,0.384327662,0.138642003,2.375037213,0.752393908,1.617108386,-0.633668432,-1.846661109,-0.79468349,-0.734795727,-1.664783487,9.531426762,-0.08160198,-0.592237275,-0.78321046,1.51838294,2.323218096,3.684149196,0.041476566,-1.873677302,1.068615793,2.295412531,0.650690839,0.15796216,1.269779974,-0.16798884,0.847086667,-0.278530051,-20.65685862,-1.288017252,0.330562002,-0.176848303,-0.413508515,1.228168485
2023/6/11,6.993067299,1.475149429,1.790818502,1.242410889,0.41793575,0.521761698,2.543184334,3.194710308,0.6042194,1.137233825,2.744074615,2.524565732,1.459809745,2.404067624,1.749346195,1.164642495,-2.720585881,1.970847691,1.057024997,2.418879397,-0.583641144,4.368991627,1.430433731,1.288924088,4.639649583,2.355669126,3.299384852,2.266577564,1.404699289,0.743020102,0.382231389,0.967349751,-0.627729014,-5.418138304,-2.212760284,0.3851226,-0.403885167,3.705801355,1.636436438
2023/6/18,2.727422329,0.184238805,-2.118487077,-1.681870087,-2.828769908,-2.912759001,-1.398985127,-1.44987712,-2.774329702,-0.93964731,-3.526753067,-3.279137154,-0.716663506,-3.095751841,-2.108204567,-1.460073674,1.940154344,-2.443514179,-2.394750772,-2.843576931,-2.143699449,-2.781268444,-1.803428898,-2.331347099,-2.21693163,-0.501634652,-5.911764575,-2.121403934,-0.856199301,1.583344793,1.715909259,1.95389498,0.030871994,-2.119187819,2.268501646,-0.303920809,-1.650708706,15.50375978,2.604992314
2023/6/25,1.309148427,-0.750855618,1.455715271,1.988186664,3.72544694,3.617294086,2.319762245,2.165738868,0.344705927,1.743297302,1.239461291,1.988692664,-5.641829606,3.250058772,2.265963901,0.525032637,3.110146235,3.470346336,0.929215538,2.9406896,-0.226707119,1.235414886,-2.168718137,0.130000831,-0.290149,-1.681618292,0.139976323,0.447362298,2.766290373,-0.322682722,-0.403263309,-0.830465444,-0.738310003,-0.741293239,-3.71832249,-2.132976681,0.371468904,3.619122826,-2.223035972
2023/7/2,2.422240275,0.586823936,-0.654616672,-0.339353371,-0.255345628,-0.774408649,-0.080025181,0.027049008,0.954883603,0.286244977,-2.221664733,-1.311016774,-1.394296945,-1.213403355,-0.524670371,-0.76861812,5.861340542,-1.118501333,-1.194514134,-1.007309105,-0.228785701,-1.287408875,1.692078157,0.100197751,-0.53167455,-0.910816444,-2.193585278,-0.642439026,1.365121473,0.227675057,0.192669448,-0.055085581,-1.017390197,1.109889307,2.117389548,-0.01036538,0.0440143,2.496963452,-1.163572562
