"V1","V2","V3","V4","V5","V6","V7","V8","V9","V10","V11","V12","V13","V14","V15","V16","V17","V18","V19","V20","V21","V22","V23","V24","V25","V26","V27","V28","V29","V30"
-1.078255627,-2.981047018,-3.033775221,-3.17412295,-2.917561252,-5.941711811,-3.740386867,-4.730538904,-1.435667866,-1.419745552,-1.613543724,-1.739746549,-2.869354504,-3.391149017,-3.413221517,-3.603739833,-2.639407162,-2.638441049,-2.883181669,-2.594142163,-1.916446805,-5.198304147,-1.29427279,-3.247264077,-4.236181854,-1.721782363,-1.373583619,-1.207315812,-0.141447179,-4.477488866
-4.25376661,-2.021746203,-1.856265046,-0.367334398,-2.161800989,-1.545925354,-0.396425476,-0.143878785,-1.957522925,-1.104043784,-5.865573916,-2.494825387,-9.00893129,-2.178735911,-1.793489026,-0.168580539,-4.952252004,-2.780855162,-0.949611835,-2.385066491,-2.358145148,-2.334212648,-1.41877916,-3.239857072,-3.140692921,-4.154505123,-3.41796839,-1.806487685,-5.320930326,-2.601425476
1.481648973,-1.467953364,-1.838312835,-2.202960528,-0.666298253,-0.899430484,-2.353113895,-2.452373733,-2.701687677,0.684055938,-0.816566235,-2.031556376,1.043959953,-3.097326093,-1.911258546,-0.693961883,-0.070978429,-4.627197577,-2.587799856,-3.31613306,-0.514279253,0.201291503,-0.643530055,-2.124097753,-3.2252646,-1.642988466,-0.22247426,-2.580824585,-1.631318095,-3.163417183
-3.615990137,-3.020348843,-3.084915508,-2.850500543,-2.604490479,-5.333229835,-3.499829109,-4.271158241,-1.949245358,-1.3795756,-1.357813659,-2.575906008,-2.951624274,-3.302993848,-3.374241117,-2.73183914,-2.167551359,-2.357647172,-2.684615841,-2.554255074,-2.190092272,-2.734666634,-2.23707665,-3.87519575,-5.682645323,-1.532430172,-1.916250246,-1.343861848,-2.421012831,-3.302010159
-4.821254607,-5.218880847,-3.895386911,-3.376928846,-3.704113044,-5.46715307,-3.600234178,-3.97928766,-3.226401599,-1.400351045,-5.39725557,-3.80408194,-9.976176554,-4.77324226,-5.123196961,-4.079076452,-2.143527739,-5.200963137,-3.993175259,-4.547577315,-3.477636229,-5.232853199,-2.929579847,-6.013497424,-6.474829805,-4.025298773,-3.366359714,-2.447669111,-6.525120858,-3.903980377
0.412013957,-2.099044609,-1.484208403,-1.199666781,-1.456630587,-1.78290079,-1.387862811,-1.074350653,-2.832603042,-0.304321778,-2.962254616,-1.516452695,-1.974577551,-2.160419064,-1.53034522,-0.886713692,-3.888649626,-3.304012525,-1.237319148,-2.175465315,-1.418213959,-2.622587797,-0.948185059,-2.094571486,-1.541561982,-3.196142687,-2.493936949,-1.006986498,-1.398847218,-5.381351435
-4.518085168,-3.219511376,-3.225238306,-1.364083123,-1.448204536,-2.827951321,-1.617947508,-2.546485394,-2.178768018,-0.807088558,-5.099281924,-3.231918164,-6.674004307,-4.072475351,-3.73511639,-1.735560023,-4.967018179,-6.239461997,-3.294523849,-3.982518729,-4.39981628,-1.617619896,-2.482305107,-6.029059394,-7.188248712,-4.073107402,-2.150322657,-4.033070566,-3.432427507,0.42685694
-2.753330346,-2.104929451,-2.179387581,-2.251040479,-2.441774513,-4.499199618,-2.940764409,-3.628527608,-2.411827371,-1.205052063,-1.242210551,-2.391916979,-2.688066516,-2.57030743,-2.629853275,-1.39834258,-2.772135459,-1.633040798,-2.126082031,-2.130395425,-1.584148274,-2.020628022,-1.626747311,-3.011945152,-3.67290996,-1.475819982,-1.43684681,-0.996459932,-2.184743975,-4.435528561
-1.793383547,-3.772361125,-2.709866413,-2.013859383,-2.279721749,-3.301183019,-2.175607974,-2.383250449,-2.908442069,-0.564393482,-2.306993912,-2.249620823,-3.773034658,-2.04613485,-2.475309385,-1.819967416,-1.152032971,-2.027307785,-1.964570559,-1.728772248,-2.734707134,-3.135475952,-2.401673869,-4.721378942,-5.187090243,-3.227773102,-2.495440149,-2.209750875,-3.436851045,-5.571624498
-5.222394779,-3.32434855,-2.527733349,-1.482929968,-1.540952756,-4.243361955,-1.974956786,-2.531541507,-2.665709994,-1.971207376,-6.077567722,-3.089149911,-5.589136966,-3.634985174,-3.692434908,-1.822313928,-7.19969835,-4.753179819,-2.134756619,-3.898658185,-3.179862464,-3.494927659,-1.408675256,-4.41138331,-3.561526318,-3.862842521,-3.829373238,-1.731524821,-2.472133587,-5.065890373
-4.317131885,-3.869450317,-3.288765502,-3.248406618,-2.888409141,-5.754083894,-3.657234275,-4.38089129,-1.994689025,-1.277326035,-3.265157351,-3.16367989,-5.285168259,-4.46749422,-4.584236846,-4.445450226,-1.549349768,-3.779588527,-3.647430082,-3.650193525,-2.74665492,-4.113224737,-2.134876315,-6.313865933,-8.49714816,-1.92734073,-3.167264052,-0.802315038,-2.569195696,-0.654658004
-1.601306726,-2.503097095,-3.227935245,-3.695224878,-3.805140098,-5.293660714,-4.071255971,-4.587638611,-2.626272373,-0.440731691,-1.521980615,-2.136810889,-3.03233998,-3.260207459,-3.31850188,-3.340879939,-0.295447224,-2.565979189,-2.830734145,-2.492800522,-1.341159312,-4.371405728,-1.279573986,-4.370050112,-6.33315783,-1.745021537,-3.138603678,-0.406868745,-2.99974685,-4.94632754
-0.573080777,-3.090824548,-1.528429558,-0.321514618,0.034216547,0.291069115,-0.079192013,0.126908314,-2.254661503,-0.114353949,-1.796805809,-1.285029312,-1.634590806,-0.852147834,-0.508705887,0.439355433,-3.050528684,-2.133982758,-1.102197608,-1.017162281,-2.509749798,-1.000553881,-2.181563753,-1.660087335,-2.243596291,-3.766482379,-0.822990856,-3.042220482,-3.554837199,-4.311188286
0.687828534,-2.232833259,-0.805405405,-1.95474272,-1.960528772,-4.128067479,-2.537733506,-2.587169071,-1.671905375,-0.744778646,-0.76869287,-1.297959736,0.251009549,-2.3961959,-1.983440175,-2.402016948,-1.800186758,-2.346241333,-1.696288128,-2.182771779,-0.963173436,-2.348065163,0.184154075,-2.34514814,-4.312658222,-0.284332248,-1.628233592,-0.90236804,-1.637913548,-1.653303468
-0.339409668,-2.584306539,-1.221802538,-1.845327494,-1.427061541,-1.605910551,-1.859942399,-1.882894194,-2.02836589,-1.625579794,-1.065416053,-1.334160483,-0.740564746,-2.770091574,-1.564928748,-1.130097271,-3.207651322,-3.566566005,-1.873405268,-3.043647504,-0.582848168,-2.271278335,0.036786676,-1.888267023,-3.512078587,-1.495462236,-2.529916302,-1.09522338,-2.56430292,-2.556888083
-5.700866723,-3.665125006,-3.284809059,-2.546430403,-2.126362482,-4.574053008,-2.750066574,-3.710539477,-2.118443099,-1.458785812,-4.817014418,-3.123392623,-5.760361308,-4.112379531,-3.674167337,-2.234576667,-4.962000022,-3.856870037,-3.020936755,-3.856058819,-3.397930169,-4.095848845,-1.75118559,-4.386398822,-5.374964307,-2.639492813,-4.000892278,-2.447300833,-3.207205688,-4.733185914
-2.927926941,-3.377648769,-2.782699298,-2.650459965,-2.80190027,-4.883077149,-3.005926982,-3.371066677,-3.389843259,-0.838357983,-1.334062189,-1.910148218,-3.269841368,-1.773400454,-2.400913973,-2.200683609,-0.973770027,-1.217126113,-1.943877655,-1.26483795,-3.752236407,-3.703567505,-1.900864164,-3.757240338,-4.949246368,-4.069352778,-3.547955578,-3.431950294,-2.811159526,-6.848196154
-4.73990743,-2.561699752,-2.241199798,-2.158601493,-1.346241418,-2.358926849,-2.505554999,-2.614522199,-3.611542878,-2.139963124,-3.814740721,-3.511772727,-5.365722237,-3.668478743,-3.166280817,0.063703512,-8.095018397,-4.378192781,-1.993684058,-4.184939863,-1.645660483,-2.770995929,-0.475093725,-1.320219637,-0.635377698,-3.061567542,-3.76582618,-1.364888442,-3.155619002,-9.97981559
-3.565255286,-3.65858844,-3.532845152,-3.401899321,-2.615421923,-5.064579975,-3.793533287,-4.601673296,-1.901721245,-1.658941613,-3.141635402,-3.025671563,-4.727012587,-5.058625421,-4.007423736,-3.328192245,-4.787064341,-5.957718023,-3.775084086,-4.889862003,-2.394190596,-3.694814519,-2.300055129,-3.020159051,-5.12826751,-2.932777256,-2.58244978,-2.301873564,-2.950830689,-3.964368513
-1.926290329,-2.159668866,-2.443639671,-1.820366626,-1.257673474,-3.814887781,-2.356587409,-3.389833662,0.158435133,-0.140767854,-2.720283868,-2.78525085,-3.127221998,-5.363870828,-4.075204676,-3.527070679,-3.363003646,-6.747563559,-4.327350002,-4.886154442,-0.549111078,-1.450461204,-2.549867349,-3.395421084,-5.826444643,0.672109191,1.533705907,0.440178371,-1.017473248,-0.419207839
-3.368331672,-2.051108012,-2.661807653,-2.008378498,-2.162973246,-4.267437049,-2.606098046,-3.478987713,-1.666872923,-2.227351217,-3.159612009,-2.768734918,-3.134293341,-4.380606939,-3.615701975,-2.605160484,-5.298952136,-5.352146291,-3.142783201,-4.508428789,-1.298475372,-2.754571339,-1.14610981,-2.098001924,-3.598889361,-1.16465005,-0.853908312,-0.825354019,-1.915222874,-2.8489536
-2.520479228,-3.286230931,-3.066624636,-2.126333312,-1.345349199,-2.353950224,-2.161633626,-2.345766348,-1.418786847,-1.651807234,-2.961705269,-2.666695019,-4.753780792,-4.438307959,-2.740502373,-2.643180634,-5.120759202,-6.202781219,-2.935587592,-4.308536146,-1.555915111,-5.449713431,-1.661616333,-2.310971592,-3.554925588,-2.167335115,-3.070638395,-2.749877543,-2.410583958,-3.695284236
1.333595681,-1.279100807,0.550238986,0.472137538,0.113243806,1.616089052,0.460162315,0.962435872,-0.014813154,-1.26104289,1.240405743,1.144811792,3.398095741,-0.265335485,-0.271057603,0.317204117,-2.548016091,-2.63306491,0.215489527,-1.057215445,-0.972538937,-0.271415136,0.780348005,-1.033465682,-1.354970443,1.542540986,-0.164680426,1.578569032,-1.214691755,-2.82109696
-0.769466955,-2.102704453,-2.041548164,-1.036502929,-1.376092328,-2.606186121,-1.434369023,-1.290629029,-1.409688387,-0.384411926,-0.506831989,-0.987255666,-3.023971357,-2.196695644,-2.351789139,-2.117073262,-2.838672379,-3.067074176,-1.835080433,-1.768651687,-2.426930797,-2.339754564,-1.296030529,-3.018724375,-3.558751111,-0.787729132,-2.089802006,-1.992581769,-0.06252569,-4.675587107
-2.464415903,-2.509991744,-2.543584059,-2.006143129,-1.646990111,-3.292005456,-2.456103558,-2.940486076,-1.726501233,-1.972955964,-2.721296889,-2.389613939,-3.526178023,-4.738273912,-3.330436349,-2.987047269,-5.67912904,-5.880078423,-3.265209464,-4.729077338,-0.950097352,-3.652667201,-1.164005204,-1.458602075,-2.977867537,-0.928593882,-1.379397313,-1.953209079,-1.660054247,-2.453397443
-4.41429234,-2.597520271,-1.997862624,-2.059223136,-2.566192517,-3.86978872,-2.743353903,-3.253152743,-2.420859944,-1.900306545,-2.760095238,-2.292053338,-3.457691089,-3.646226996,-4.061688053,-1.931634874,-5.709626074,-4.899053896,-2.283883351,-4.19179469,-1.205313487,-1.351645929,-0.737159655,-1.615360787,-1.925685857,-1.944226571,-1.433668355,-0.733586808,-2.042472694,-4.104222532
-3.314010426,-4.344059362,-4.473353071,-3.589133714,-2.448362788,-4.968803072,-3.520749751,-4.237092315,-2.707189682,-1.855563692,-3.694833183,-3.704936811,-6.537106789,-4.682885759,-2.825904025,-3.362072182,-3.181000974,-4.669692403,-3.736843228,-3.877456811,-2.965165737,-7.210596714,-3.540731463,-3.799859638,-6.355830685,-3.950668006,-4.468619587,-3.671276641,-3.709591038,-5.145153448
-2.226016228,-3.74270706,-3.461082766,-2.563898794,-2.980859786,-4.810385379,-2.864259374,-3.761805018,-2.579445853,-0.985138818,-1.50225721,-2.135919926,-2.975472867,-2.88153759,-2.472891351,-2.786821055,-1.483879696,-2.568976353,-2.694467912,-2.272803463,-2.509929032,-3.679627121,-2.688891768,-4.218752092,-6.57510365,-2.612040432,-2.60874983,-1.738717926,-2.54367176,-3.741846889
-3.971596542,-4.487624423,-4.855596352,-2.974780679,-2.96076171,-5.150608017,-3.658763768,-4.900916153,-3.66989774,-2.480437874,-4.573839769,-3.919782731,-6.102142253,-6.428516297,-4.034038719,-4.302759176,-6.450947113,-8.117533868,-4.347556661,-6.254050512,-1.89701251,-5.909329196,-2.852361384,-2.741854274,-5.119032172,-2.157146612,-2.827714219,-2.406815016,-3.307711527,-4.354487736
-4.835324844,-4.882244015,-3.036478205,-3.175872411,-1.609763188,-2.904322126,-2.666982433,-2.714490389,-1.511760479,-1.083290489,-4.48911614,-2.7494897,-7.867479691,-3.160924136,-3.33588121,-1.667434704,-4.785108604,-4.180036699,-2.190699057,-3.403693063,-5.855287814,-6.591767571,-1.22695297,-3.782384965,-1.834231088,-6.43631277,-6.446739578,-5.683712324,-3.943947773,-5.539366217
-2.078598312,-1.858221135,-2.380693677,-1.331715042,-1.439877987,-2.440996334,-1.745713195,-1.789368125,-1.356661663,-0.662949987,-1.363006253,-1.933246231,-3.495573393,-3.26507504,-3.466558123,-2.19939065,-3.89251662,-4.447945502,-2.666739106,-3.015970067,-2.202539712,-2.499196085,-1.407306261,-2.938054554,-2.846042933,-1.746940369,-1.732529183,-1.879795931,-1.446464687,-3.886764644
-2.753523508,-2.929163405,-2.333171634,-2.026727871,-2.093239204,-3.242295085,-2.128032672,-2.425020896,-2.109786095,-1.010660763,-1.473778333,-1.859498321,-2.707202922,-2.087710322,-1.964623339,-1.417014317,-2.358434959,-2.515595862,-1.495170717,-1.918362863,-1.959166183,-2.960686369,-2.613437364,-3.400778944,-3.778189817,-2.546671759,-2.502222974,-1.361099582,-2.511914187,-4.147460781
-1.833294488,-2.02347594,-1.693345737,-1.774475766,-1.718409154,-1.939004471,-1.927594244,-1.74661169,-2.339649775,-1.394965887,-0.665904668,-0.739617268,-0.011955318,-2.423324037,-2.076608339,-1.095946547,-3.863896935,-3.902218467,-1.738957212,-2.515982899,-0.397782223,-1.143316192,-1.2577544,-0.787731646,-1.675251736,-0.283564404,-0.883269141,-0.287249891,-2.166834017,-2.733234581
-0.911528377,-3.05305554,-1.628907585,-1.365531577,-2.301730585,-2.584430839,-1.713629473,-2.371243503,-0.745702076,-2.019979217,-1.030926615,-1.198659522,-1.515683787,-2.525028723,-1.502566716,-2.786858795,-3.463268129,-4.37756373,-1.2990118,-2.640580164,-2.275686447,-4.007573663,-1.527434016,-2.257033128,-2.077010583,-1.349406662,-2.037601441,-1.600346572,-1.593264286,-2.022898531
-2.128132203,-2.975080307,-2.902296876,-2.069281915,-1.796534811,-2.840200204,-2.20826019,-2.462804049,-1.917120707,-1.186857442,-2.45638868,-2.735186786,-5.145250879,-3.600352366,-3.590963368,-2.902592155,-3.066275857,-4.602683062,-2.980496497,-3.256062843,-2.336054466,-4.430657283,-2.071762745,-3.976664315,-4.159595285,-2.252770294,-2.965168299,-2.325415958,-2.392966579,-3.856252413
-4.958158975,-3.845181517,-1.820897037,-2.247088188,-1.814145221,-2.322042052,-2.125746397,-1.879216767,-1.016524317,-1.524512171,-2.838767337,-1.322753102,-4.700322829,-3.491875263,-3.572994343,-2.085190885,-7.61094484,-5.577199287,-1.685212061,-4.373118422,-2.285422215,-2.533322335,0.053648885,-1.333096351,-0.89553746,-2.094132013,-3.025831687,-1.713797961,-1.830384641,-4.003870615
0.453805768,-1.274678854,-0.274017838,-0.354612296,-0.196440492,0.216119415,-0.103042949,0.667154387,0.190852664,-1.057033738,0.045538661,-0.197946104,-0.93441882,-1.088314359,-1.34133918,-0.760636729,-3.269666383,-2.397892437,-0.765775875,-1.334878516,-1.25375276,-2.226575286,0.009817794,-1.494198826,-0.610194826,-0.465625767,-2.029562285,-1.135704719,-0.831077698,-2.859280642
1.437296812,-1.685950251,-0.212495958,-0.287581643,-1.018281208,-1.557951859,-0.400946296,-0.353010638,-0.558985434,-1.079726727,0.50793605,0.233220315,1.678864533,-0.511681879,0.490082851,-0.638571224,0.620282112,-1.768937014,0.125069426,-0.707498101,-1.129263996,-1.299194461,-1.416670047,-1.650591836,-1.843344388,-0.629032868,-1.002706773,-0.903151522,-1.027498013,-2.49671056
-6.385609536,-3.871042146,-5.424917222,-4.01567701,-3.410180852,-6.372400137,-4.473767083,-5.442136339,-3.379521172,-1.127247006,-3.790531825,-3.80598167,-8.175466676,-5.072807251,-5.740396935,-3.496282602,-4.055817317,-5.255646369,-4.474706688,-4.269317849,-3.311346305,-3.614496043,-3.373025419,-4.452073285,-5.348286148,-4.279173464,-3.123349675,-2.883678268,-3.127884208,-6.249228223
-5.272114733,-4.111532891,-3.749406684,-3.333348317,-3.054578482,-4.957497564,-3.736759656,-5.060731179,-3.598638617,-1.653490273,-3.100428463,-3.822001518,-5.423550105,-4.2430804,-4.235790231,-3.754429259,-4.100871056,-5.567682483,-3.612708162,-3.434690319,-1.871089022,-4.138331962,-4.023401915,-4.930886807,-6.099307819,-2.363214134,-1.839043546,-1.357704899,-3.575374985,-3.638239181
-4.415668052,-3.454283318,-3.974119318,-3.357221478,-3.660349785,-5.680067933,-3.586886711,-4.47494677,-2.924078531,-2.96409461,-3.336953969,-3.202861635,-4.895852718,-4.443771509,-2.908891812,-3.508727292,-3.560722833,-4.630760412,-3.034822417,-4.216188319,-3.093499575,-5.07228212,-3.024791747,-3.548779461,-5.292490078,-3.255799199,-3.108991787,-3.146156301,-3.120638232,-4.451616284
-7.371948455,-8.022699368,-5.83639679,-4.964037794,-4.883126059,-8.29578703,-5.891322775,-6.820287268,-4.725633242,-6.129362007,-8.215998166,-9.786740088,-7.616709582,-8.694562899,-8.332048714,-8.41004999,-7.93201201,-7.959974176,-7.408407886,-8.863811528,-6.790307148,-5.063818565,-5.117827894,-4.107042768,-5.136112513,-7.004822349,-5.215921245,-4.496936239,-4.460453886,-3.93919539
-7.838886683,-4.762775405,-4.731817219,-3.772703199,-2.383287153,-5.159147627,-4.280900403,-4.880211419,-3.635751496,-3.468273692,-6.324704928,-6.688640808,-10.730838547,-6.829507302,-6.211394263,-5.143726443,-9.714028632,-6.765399124,-5.614100682,-6.971339531,-7.150748985,-6.579451252,-6.217867746,-1.231963591,-0.956428678,-4.869988653,-6.213165444,-5.164110007,-4.344719316,-4.900127725
-8.244220058,-8.212517296,-7.773449582,-5.423458164,-6.473028715,-10.695800925,-6.586288407,-9.443089323,-4.782531516,-3.518294244,-6.579614276,-8.603433077,-12.23038434,-9.33318784,-8.298229088,-6.248062253,-6.949919695,-10.37598997,-7.228487019,-8.697207855,-7.479175475,-7.928688549,-4.307959875,-6.049866748,-6.45126591,-8.782855865,-6.308387034,-6.84693615,-4.174066502,-4.732017515
-8.861296286,-6.838149045,-7.024381484,-5.142747735,-4.715906467,-8.342724882,-6.296563244,-7.21521589,-5.252139762,-4.659276339,-7.492428082,-9.806530691,-9.545996254,-9.478315632,-8.441676208,-7.43778287,-9.12639749,-9.433661679,-7.747125151,-9.655428331,-7.207932764,-4.200931903,-6.665329455,-1.166743026,-1.494889056,-6.841445415,-4.620504023,-4.224156001,-4.434449863,-5.580612974
1.06360807,-0.252198004,0.851318243,0.082882488,0.199954321,-0.002417234,0.390849322,0.747909849,1.252550994,0.022015894,1.850443229,1.481573702,2.302845518,0.428204275,1.028894266,0.79905499,0.257083491,-1.873061935,1.047033322,0.089943187,1.102356531,-1.079159556,1.799454119,-2.808714083,-2.830210759,1.675592159,-0.362203174,0.325219275,0.121731686,-1.823221407
-6.053375709,-4.688478456,-6.403125406,-4.237710638,-3.838158806,-6.836602187,-4.809071572,-5.707933003,-3.886773659,-2.518011364,-5.167351578,-5.79908398,-9.736597563,-6.585580893,-6.206558927,-3.882742324,-4.440292143,-7.707704992,-5.131492229,-6.378923245,-4.325237937,-4.704788116,-5.1919077,-5.286020429,-5.73282556,-5.968369117,-3.905030014,-3.90102683,-3.2607021,-6.833536559
-2.389710237,-0.400793558,-1.687432786,-0.96257762,-0.736960638,-0.825201348,-0.9111488,-0.915672918,0.495768071,-0.672809446,-1.512845664,0.068883611,-5.020972776,-1.722407693,-2.647793004,-0.165711306,-2.502480594,-3.72318519,-0.692024681,-1.374109098,0.114355483,-3.286825155,-1.046655556,-4.683933677,-5.224594344,-0.996993513,-2.635104534,-1.271702638,-1.615931813,-3.935230857
-5.761677146,-4.60805719,-4.030427442,-4.079502367,-4.219447312,-5.695189316,-4.195938727,-3.621024853,-4.429527965,-3.260499665,-5.306383227,-4.304771672,-10.595593086,-4.696319132,-3.7399537,-2.242279643,-2.427883733,-3.104020331,-3.757362273,-4.031164571,-5.542732109,-4.848127247,-1.252287449,-2.621419171,-2.994896294,-4.475625927,-5.883469868,-2.75540618,-3.456177595,-3.117934411
-0.263426594,-1.025455458,2.840353106,1.627295418,1.500408914,-0.334169877,0.101293636,-1.912822244,3.085773557,-0.10312211,4.104923863,5.896364784,-5.275265337,6.069676369,5.119600953,4.39868089,0.013412852,7.231241888,1.648270995,7.370782147,0.862488397,-3.312088105,2.554479194,-2.326628621,-1.513532005,2.687350448,-3.29712861,-0.853530552,0.388910238,-2.334536747
-7.999824057,-5.121184388,-3.925020478,-5.073671527,-4.404623056,-9.220243174,-5.904226275,-6.044263127,-6.829812839,-4.165043307,-7.935830762,-5.976541376,-12.39922285,-5.670718687,-4.630445618,-4.461142324,-4.567232557,-3.384354423,-5.735870982,-4.946793318,-6.141982673,-5.929150059,-4.44186621,-4.461710026,-5.962347718,-5.968414158,-5.684161114,-4.206841032,-5.863888771,-3.847817241
-2.862098383,-1.880151827,-2.88138366,-1.717675383,-2.204900026,-2.273282983,-1.60270804,-1.680161167,-1.694387213,-1.559941455,-1.870659039,-1.85645676,-3.473142592,-2.219376476,-1.996052775,-0.737698944,-0.268489473,-2.4486176,-0.950784449,-1.878448889,-1.568011572,-0.78385963,-0.923714491,-3.089841501,-3.959437927,-1.792769492,-2.789210542,-0.839862533,-1.253971206,-4.087955103
-1.524213569,-1.649594149,-2.659788577,-2.396829445,-1.931641669,-2.268096573,-2.346438028,-1.291487884,-2.790101906,-1.004221184,-0.839887899,-2.878181486,-1.221749057,-4.462052689,-3.214550838,-2.931868041,-4.572769536,-6.550166371,-2.855815322,-4.48064236,-1.519377186,-0.784903045,-0.401851655,-2.297506284,-3.777096533,-0.834075286,-1.598746129,-0.478446444,-1.624080516,-2.4836564
-5.145299558,-2.582976463,-2.801721027,-2.93771436,-3.245835154,-5.273122517,-3.68912656,-4.416851802,-4.26302662,-3.430321223,-3.41009856,-2.730836061,-9.077158729,-2.359854879,-2.253815409,-2.92646556,-3.542947711,-0.051523258,-3.626931765,-1.182971537,-3.298696936,-5.294251041,-1.994954844,-2.573475,-4.140187093,-2.865963233,-2.611333344,-1.960711708,-3.416495617,-3.438615872
-5.915813072,-2.674425112,-2.973942424,-2.34352723,-2.087454187,-1.81812835,-2.139397743,-1.386426406,-1.449243071,-0.938762011,-1.817104268,-5.33377972,-2.645940919,-6.690833507,-5.246032404,-3.71737957,-3.089596086,-9.764925628,-2.645427113,-7.205322685,-0.716695148,-1.828444189,-4.038992105,-3.414241154,-5.109531453,-2.436240394,-1.966608088,-1.722151307,-1.707678745,-2.292364018
-0.38549224,-0.253678153,-1.074406438,0.829562428,-1.0240637,-0.907882982,-0.104070869,-2.581815484,1.636155857,-0.892498376,-1.533266001,1.029252275,-1.269218586,1.134897058,-0.044758908,-0.007895594,0.241976079,0.520657355,0.335899787,1.562906577,-2.06523745,-3.026860571,-1.741587105,-2.361720807,-3.730938758,-1.751458089,-2.473612607,-1.664290691,-1.330141714,-4.28332892
-5.569362212,-2.372174773,-3.339465331,-2.61705513,-3.135066854,-3.608346076,-2.894087574,-3.369315613,-3.89554959,-3.176427548,-3.210892383,-3.841894165,-5.949553493,-3.535055433,-3.174020828,-2.325968194,-2.245241368,-2.216111369,-2.509897524,-2.909261692,-2.918047048,-4.335119567,-2.825778829,-2.417015554,-4.353614605,-2.974020396,-3.528700999,-2.008334837,-3.746960519,-5.13038571
-3.693479432,-4.304119055,-3.898510022,-3.133158643,-2.956521834,-4.911386283,-3.362295667,-3.366595898,-3.249777548,-4.305610398,-4.042308273,-4.473155535,-6.083530798,-4.068555173,-4.118671943,-3.396588545,-4.246486485,-4.433481828,-3.318017695,-4.330916851,-3.700409759,-2.500254588,-3.963910879,-2.444806377,-1.76365774,-5.011480147,-4.391605273,-2.319414584,-2.91586397,-4.283878818
1.129413958,0.37118442,0.368447121,0.897149056,0.507352059,1.282344015,0.900686716,0.880062419,1.31914594,-0.465938096,1.633038107,1.057132526,-0.724125145,0.220945759,0.251788904,-0.342598889,-2.183491967,-3.084198162,0.934984225,-0.41635671,1.924005962,-2.63552049,-0.738600064,-1.41546911,-1.080623036,0.507903742,-0.100529517,0.432279399,-0.07344501,-2.423841574
-6.17893069,-2.966250701,-3.30784675,-2.797260459,-2.409448433,-3.505792862,-2.885359439,-2.451284068,-2.669870045,-2.061579656,-3.314415371,-4.988328268,-6.690239522,-5.529195567,-3.902779995,-2.813617003,-2.224151593,-5.476379688,-3.098646197,-5.475936167,-2.525885607,-1.719053896,-3.436459512,-2.829239288,-4.150232892,-3.025054523,-3.196459933,-2.554664598,-2.92393969,-3.232822927
-5.882538912,-5.053414388,-4.603022602,-4.184288273,-3.918107185,-6.261359675,-4.423437538,-4.032433474,-5.33884333,-4.280236845,-5.09414037,-4.8109528,-8.670212846,-5.268157972,-4.481385248,-3.272863801,-5.706094135,-4.253985841,-4.115830264,-4.897758846,-5.020578039,-2.17349514,-3.673704937,-3.522161989,-4.03385363,-5.424033549,-5.147067552,-3.315690371,-4.758988305,-4.582732896
-4.634228811,-3.786714401,-2.517282491,-2.346871002,-3.28183575,-4.176577532,-2.441850001,-2.612373685,-3.009288645,-2.708738086,-5.073460723,-0.333974369,-8.816021331,-1.354144508,-1.208823036,-0.043900753,-2.968989387,-1.182621328,-1.829252515,-0.607280355,-6.382034001,-0.272364989,-0.444651077,-4.246606365,-4.121842626,-4.71148338,-6.401632523,-3.73497513,-4.939037572,-2.878002383
-3.668409712,-0.527056975,-2.11348644,-0.363109056,-1.486994869,-0.653518955,-0.512439711,-0.491940094,0.22120004,-0.82458101,-0.5436554,0.455669073,-2.129824253,-0.700681692,-0.044645145,0.219759712,-0.519267822,-1.26970329,0.040967483,-0.165061678,-0.640614579,-0.084317927,-0.537397041,-2.887959837,-4.426105161,-1.643437073,-1.64011679,-0.751895869,-1.62771498,-2.810534206
-4.22035077,-4.499501587,-2.951289103,-2.584332013,-4.101258234,-5.783905276,-3.339837242,-4.348668168,-1.942252439,-3.552304919,-6.338722007,-4.362955703,-5.611961566,-3.385223666,-3.23192769,-3.18460568,-2.197921776,-3.400857094,-3.950748287,-2.993001241,-5.770709092,-1.617932098,-2.206712777,-3.53778143,-3.597755284,-5.603992514,-5.015730258,-3.596612838,-3.434648773,-3.357910495
-2.954717415,-0.104482168,-1.148985922,-0.418337079,-0.225120371,0.592133309,-0.103936766,-0.051768155,-0.917385181,-0.447126792,-0.24568986,-1.077989136,-4.358727924,-2.121455574,-1.400917997,-0.319899482,-1.408332751,-3.227947416,0.095673776,-2.394726724,0.069627975,-3.315250097,-3.142771877,-1.284697149,-2.71870381,-0.074203172,-1.787708688,-1.14630345,-2.298358669,-3.878979329
-6.784649335,-6.1907617,-6.363567087,-5.059407407,-3.836907045,-7.596141251,-5.514034875,-5.143315003,-4.858087028,-6.154465355,-7.886657419,-10.077331438,-9.912475888,-9.390582899,-7.395522707,-6.236998649,-5.180791252,-8.003806917,-6.269353265,-10.040383997,-6.71888965,-3.140963127,-7.748124583,-2.282466149,-1.494733082,-7.699606445,-6.410178794,-4.639144192,-3.799974512,-5.000474355
-7.975135214,-5.40912645,-6.239079757,-5.565163195,-3.86146796,-6.677054438,-5.696854978,-4.232737707,-7.337139329,-5.593226621,-4.846640672,-7.559184534,-9.582619008,-8.161231087,-6.410423732,-5.06493906,-7.185805011,-5.717097762,-5.469984631,-8.037263374,-5.535021368,-3.390615381,-6.067786664,-2.3261308,-3.168762424,-4.604510354,-4.841358131,-3.266578006,-4.367483064,-2.773670942
-2.687981384,-2.436889602,-1.17259193,-1.402009786,-0.987081901,-1.647554559,-1.712542956,-1.532308103,-1.003825037,-1.102990907,0.037262065,-3.224559629,-2.463718808,-3.651964863,-2.971603716,-3.728828326,-4.873155598,-6.162062892,-2.54795816,-4.034883879,0.392787306,-3.711827059,-2.548882963,-2.541329643,-4.424319013,-0.201182552,-0.095873416,-0.891124287,-0.986959672,-1.547708748
-6.841208956,-4.986707794,-3.888733248,-3.70856786,-3.846853167,-5.805668798,-3.929091873,-4.148803965,-4.336052937,-3.304425196,-7.086349473,-5.79569808,-9.820416964,-6.037346671,-4.37253051,-2.864182734,-3.790765458,-4.486637039,-3.997385669,-5.610450385,-7.141391732,-2.636537254,-3.964589999,-3.095111112,-3.635685312,-5.570518961,-6.672846275,-4.678439869,-5.361941678,-3.534328081
-2.64077501,-3.014408933,-2.719214087,-1.49803373,-2.605748217,-3.680569981,-2.42257684,-3.362216745,-0.871571685,-2.575575602,-2.626208281,-2.824226938,-2.518148723,-2.126400841,-2.690788174,-3.297236874,-3.401556582,-3.603758012,-2.672973051,-2.210581738,-2.27526279,-3.038626322,-2.681416027,-2.522403755,-2.702353559,-3.433316303,-2.143644087,-1.418594642,-1.154869335,-3.489929925
-2.022227992,0.312682448,0.695198421,0.571666349,-0.298676956,0.710847005,0.645489531,0.589059354,-0.011395498,0.600852666,-0.078314161,2.357345146,-1.478260432,1.645332895,0.642907094,0.959229429,-1.363494415,0.005290425,1.429118534,1.902053531,0.21104151,-1.808488511,0.272418497,-2.533118064,-5.078285538,1.31681525,-0.672450801,-0.182859638,-2.113324297,-1.775678765
-5.457382894,-2.424591473,-4.080870179,-2.664010031,-3.055345319,-4.436658251,-3.458616067,-3.527477618,-1.880868507,-2.487958392,-2.489990261,-3.718826454,-4.338451257,-3.720768321,-3.096872267,-2.75980093,-1.322862851,-3.632564552,-2.867927774,-3.184541903,-2.474701021,-3.413000156,-3.200910859,-2.370475765,-3.189263524,-2.882740133,-2.64694253,-0.98387007,-1.018306861,-3.494277084
-2.742101289,-2.751824878,-2.572565877,-1.343378863,-1.65924664,-2.276741955,-1.368143634,-1.262555718,-1.528568513,-2.541619127,-2.166153347,-1.801042782,-3.368814932,-2.379035251,-1.942444662,-1.8593011,-4.966700211,-3.62887152,-1.775535614,-2.655133351,-2.282481985,0.439447862,-2.418033943,-3.038468823,-2.916683322,-3.525168878,-2.617207211,-2.28827621,-3.00436888,-2.808021322
-4.228374447,-2.416059967,-3.193741093,-2.467901538,-2.395917856,-3.677276252,-2.705436678,-2.748837046,-2.661674209,-3.134364274,-2.825801506,-3.294233185,-5.634600748,-3.557383717,-3.059759402,-2.199210238,-2.294780268,-3.709535523,-2.294168798,-3.48118129,-2.784886128,-3.513264394,-3.988991396,-1.851083866,-1.942156849,-2.872469094,-3.703722339,-1.825182545,-2.314978586,-4.095902043
-3.749950057,-2.86380579,-2.211840253,-2.010465361,-1.646545477,-2.586715774,-1.884314528,-0.779342978,-2.816024393,-2.106657354,-1.810373464,-1.295195473,-3.225399531,-2.519945587,-2.273839564,-1.557602984,-5.814953009,-2.266859287,-1.623289793,-2.400731183,-1.62142257,-0.260341025,-0.6999116,-3.717177013,-4.652047291,-1.413311424,-2.560282334,-1.421138478,-3.131336995,-0.955096662
-4.50699493,-3.389713435,-2.409596719,-2.114785494,-2.855771616,-4.08451041,-2.856363679,-3.566498953,-1.705562186,-1.649328679,-3.971207294,-2.695046996,-6.60565606,-2.794755393,-2.679204518,-1.910057913,-2.330444392,-3.385155308,-2.541893933,-2.452161003,-4.605836143,-3.743702258,-2.390997675,-2.734540424,-3.593568977,-3.467673337,-4.222446205,-2.386010567,-2.425341825,-2.882531281
-6.136282451,-5.652193948,-4.23858098,-3.958450504,-3.67796671,-6.221938302,-4.500281853,-4.547896587,-4.669351823,-3.935945187,-6.077454611,-6.752621091,-9.111193219,-6.690462105,-5.579240628,-4.438524157,-6.283420559,-5.590034194,-5.01549342,-6.547640883,-6.326986213,-3.726875664,-4.5704566,-2.706933261,-3.160276126,-5.147658354,-5.388799447,-4.057046578,-4.23041074,-2.897967177
-2.230775118,-2.366224595,-2.379502703,-1.210376907,-1.647799379,-2.378742422,-1.483700138,-1.74205633,-1.224421542,-2.920020057,-1.863139959,-2.360710412,-1.635467574,-2.702774024,-2.388286764,-2.428387082,-3.561785768,-3.772262233,-1.537357349,-3.045007073,-0.943750735,-1.034455387,-2.685116162,-2.047663622,-1.821916201,-2.52276538,-1.99830085,-1.407207853,-2.281538759,-3.227701345
-6.990762717,-5.971225969,-4.605992731,-4.819915601,-4.638873725,-7.432148565,-5.352301971,-5.848197528,-6.484690872,-6.197334338,-7.467764591,-8.605731861,-8.777046636,-7.244122792,-6.884578561,-6.01328406,-6.170983533,-6.815917341,-5.847294634,-7.436617281,-6.791549279,-6.565013573,-5.477100294,-2.451169269,-3.481647974,-5.773680432,-5.781850859,-3.825909382,-5.260527732,-5.050207954
-4.388303348,-3.316413043,-3.014478084,-2.167217162,-2.115763404,-3.130596787,-2.292906011,-1.623117947,-2.984219239,-2.413465476,-2.74514472,-2.434391894,-3.959402879,-3.627530867,-3.046065613,-2.406260945,-5.26092398,-2.970704161,-2.475606918,-3.294003074,-3.094685153,-0.96069151,-1.569855772,-2.956358933,-3.730171924,-2.192277409,-3.006389582,-2.000151507,-3.042187701,-0.553211815
-3.711249227,-1.733069551,-1.329955748,-1.645763636,-2.167526038,-3.242271303,-2.06165473,-2.673257726,-1.927085878,-1.743075915,-1.556546328,-3.899597614,-3.700325825,-3.560681854,-3.19761486,-3.379313172,-4.809013743,-3.667631382,-2.105711672,-4.166063551,0.771028178,-2.302773316,-2.318891547,-2.805851294,-4.618949529,-0.034082726,-0.373974435,-1.514293239,-2.967291872,-2.569618154
-2.707032244,-3.04605721,-1.771442954,-1.994653324,-1.966339037,-4.359906227,-2.692571929,-3.980590732,-1.803033179,-1.751864734,-3.350899565,-4.250468846,-6.490639697,-2.998503158,-3.020380197,-3.121642442,-4.511691762,-2.68313118,-2.908126241,-3.393188788,-3.101092821,-4.254012879,-3.918730669,-2.532425477,-3.167101739,-3.329519022,-4.242435586,-3.324591085,-2.723333634,-3.978100369
-5.085991589,-5.597734199,-3.521705959,-2.410394459,-2.354245548,-4.109686731,-2.9219245,-3.748540243,-3.25494904,-2.865799168,-3.871939957,-2.880514599,-7.979080227,-2.408762236,-3.441647474,-2.159135997,-3.32136887,-4.058408392,-3.443905055,-3.114744064,-4.409842492,-2.778206041,-3.461925019,-2.921840865,-3.656406395,-2.42357353,-3.483361419,-2.625939019,-2.043213186,-5.981265588
-2.278116981,-2.415790712,-1.245403969,-1.877131604,-0.501635446,-3.145101684,-2.254422293,-3.181129316,-2.124131533,-1.613929389,-3.155973768,-3.021346151,-7.004169276,-0.966064854,-1.991238518,-2.65233538,-3.654324406,-2.497506272,-2.487349514,-2.121326278,-3.224895658,-6.33670437,-5.72933306,-1.818787898,-2.734080041,-1.469077668,-3.078243016,-2.303479822,-0.685247825,-7.167207148
-5.297166425,-3.271003914,-2.996316477,-3.027600538,-2.018680788,-3.408116084,-2.82183273,-2.459110162,-3.702816047,-3.97014125,-3.819199711,-4.243955107,-6.686580416,-4.921348287,-3.585983672,-2.039095375,-3.059448151,-5.969859758,-2.145169678,-5.204716732,-2.665114418,-1.775611059,-4.042499464,-1.423914678,-1.665808103,-2.76507992,-3.805899558,-2.320721654,-3.018590747,-3.954559736
-2.784202852,-1.663100621,-1.377535258,-3.340887122,-1.07238615,-4.60189347,-2.992155834,-2.762568708,-3.933664294,-3.975638515,-5.144496731,-7.617227044,-6.831615076,-5.425456721,-3.536550729,-4.592030127,-5.501203408,-3.725930946,-2.993695252,-6.028489123,-4.241213266,-6.664998761,-7.585620542,-3.328330245,-3.629316735,-4.407078219,-5.048668566,-3.636833117,-1.832308842,-4.620076349
-5.556830461,-2.666316688,-2.402242244,-2.406234864,-2.475369001,-3.027654094,-2.437372725,-1.955231022,-2.947954221,-1.739041552,-2.710140742,-1.373368589,-8.287427612,-2.399350117,-1.912841292,-0.683228719,-2.66501367,-2.683379732,-1.376182132,-2.000909137,-3.041018177,-1.692802631,-2.104567899,-2.474258974,-3.643541588,-1.610464174,-3.657585433,-1.703771268,-2.566967503,-1.584570414
-6.233672637,-5.272784659,-3.884702434,-3.025933194,-2.959938306,-4.493960419,-3.499836462,-3.671969248,-3.934572962,-2.596684064,-4.021565947,-5.786851437,-6.831092757,-5.394508702,-5.052493807,-4.305708223,-5.865955619,-5.146801408,-4.498374636,-5.661970588,-4.364710797,-3.452371241,-4.465516862,-2.588607196,-4.471183115,-2.356581668,-3.31438744,-3.296357799,-2.669434589,-4.227379932
-2.87399425,-1.897060769,-0.793721232,-1.060645279,-0.692487993,-1.581822621,-0.861706402,-1.114512473,-0.670478999,0.799419749,-1.986112178,0.833013177,-11.17386656,0.80465276,0.379167378,1.347726339,-0.042735674,-0.490728267,0.018048925,0.290570391,-3.296771221,-1.920036612,-2.79695342,-2.554097472,-3.223645802,-0.658055318,-3.801528801,-1.514673826,0.426573344,-4.373051576
-5.383151818,-3.753208485,-4.061156186,-2.279836384,-3.253064888,-3.72896097,-2.778706849,-3.004571327,-2.685354216,-2.92219125,-2.752599689,-4.175371648,-3.644668702,-4.345196725,-4.009041153,-3.252780474,-2.692601562,-5.449364857,-3.572615745,-4.455791286,-1.886851925,-2.380594074,-2.63694818,-2.165586638,-3.27569405,-2.485682206,-1.581056663,-1.684409196,-1.992250432,-4.523722935
-4.048208074,-3.208851874,-2.484200859,-1.899246612,-1.569950611,-2.566348501,-2.140467428,-2.736295836,-2.565749198,-3.389267704,-3.335830958,-3.368585146,-4.011191014,-3.278441659,-3.205690933,-1.876068126,-2.879230591,-5.285291329,-2.091058958,-3.931651884,-2.601336358,-2.808306914,-4.778570099,-1.362800822,-1.37303583,-2.67010807,-3.335762307,-1.860444799,-2.478873833,-5.15964141
-4.755296607,-4.197872367,-3.833401514,-2.331492581,-2.361681555,-3.417846337,-2.699651213,-2.680986542,-3.325962031,-3.587280362,-2.316017202,-3.985581678,-2.618422984,-4.171545043,-3.957771174,-3.489186294,-4.589998022,-5.634300383,-3.334364376,-4.498991302,-1.5776584,-2.55128543,-3.684997942,-1.914572741,-3.568370258,-1.861864308,-1.611262913,-1.47044126,-2.216650618,-3.975906195
-6.512179712,-5.013939079,-3.740353227,-2.924361506,-3.465805288,-4.631696839,-3.699005788,-4.539639012,-4.202370146,-4.671158778,-4.968953444,-4.444042469,-4.213728046,-4.342266161,-5.076226125,-3.289677612,-2.938618755,-5.829211555,-4.154824091,-4.320361366,-3.490184045,-2.957429399,-1.913675242,-2.306981875,-4.055404519,-2.986888607,-3.094677769,-2.054259923,-3.746219539,-4.546954647
-4.238325355,-2.590401681,-2.172486853,-2.414012422,-2.126295601,-3.497025951,-2.533701713,-2.214940592,-3.060704167,-1.532129316,-2.8189083,-3.56468158,-6.023604099,-3.314931755,-2.662974103,-2.502247188,-4.921155583,-2.714871489,-2.316587614,-3.185768667,-3.142547937,-1.771584297,-3.793466502,-2.929647049,-4.396316038,-2.26509924,-3.444370615,-2.328891126,-2.258140149,-1.656811133
-5.808744853,-3.285866998,-3.064593373,-3.66026035,-3.817255151,-5.394104419,-3.845293735,-3.716770104,-4.006593814,-3.630820586,-4.797379678,-4.199569692,-8.025743838,-4.248927702,-3.522011406,-2.316773691,-2.316707034,-4.035258681,-3.06924177,-3.774039853,-3.993549537,-1.906129691,-2.420261511,-3.431615802,-3.604720178,-5.075731139,-4.748388214,-2.247450559,-3.182647571,-1.904541566
-5.782724856,-3.814252664,-3.21251626,-2.8358232,-3.01174832,-4.153389702,-3.272908292,-3.490843803,-3.072654039,-3.093409223,-4.744655799,-5.401569688,-5.457708404,-5.68693748,-4.590227551,-3.313645221,-2.762103558,-5.985283762,-3.320504452,-5.538051154,-3.403072033,-2.951960477,-3.485210171,-2.065010353,-3.063027327,-3.08646929,-3.679338094,-2.205520632,-3.906142218,-2.511738885
-3.497881533,-1.443309645,-1.693404126,-1.441802443,-1.956007021,-2.238028566,-1.490938779,-1.384884703,-1.309131473,-1.14400786,-1.497253043,-0.753317727,-4.449855923,-1.476580498,-1.378104201,-1.389042276,-1.579252913,-2.718145387,-0.99746091,-1.287212991,-1.441618674,-1.024978133,-1.661240742,-2.339079879,-3.073528272,-1.978836144,-2.37161538,-1.043981329,-1.579893433,-4.487361157
-5.559464809,-4.355588068,-3.91330952,-3.511511473,-3.506847237,-5.653401511,-4.009379232,-4.083868219,-4.084570288,-3.720749537,-4.769641886,-6.363959203,-5.480824182,-5.729723991,-5.008411623,-4.839206124,-5.516921444,-5.236608134,-4.802080901,-5.610123589,-4.433705588,-2.674610607,-3.944099627,-3.763176699,-5.044020731,-4.829516208,-3.813653147,-3.36678111,-3.098937757,-1.688921699
-5.336656005,-4.914101156,-3.627860652,-3.022327429,-3.397899357,-5.206219855,-3.703465055,-4.429006095,-3.726670143,-3.794362151,-4.891068596,-5.016080513,-6.018931766,-4.184737451,-4.652755438,-4.116493971,-4.585810244,-4.632332385,-4.558909787,-4.267966395,-4.795406567,-2.787957729,-3.060142396,-3.263287335,-4.471483528,-4.39826896,-3.849355398,-3.169269553,-2.779991458,-3.869678793
-2.879985927,0.7818205,-1.276337765,-1.374182439,-0.901573045,-1.890163938,-1.044716022,-0.050594562,-0.393181434,0.982624789,-0.580435051,-1.966535119,-4.675125936,-2.742835171,-0.894221522,-0.998779913,-2.008689135,-2.262621121,-0.411326544,-2.536547884,-1.109693341,-1.037326704,-3.325818316,-2.549819317,-3.334939904,-0.675668312,-2.08184074,-1.254093634,-0.804560523,-1.802983326
-5.334718797,-3.858875149,-3.255445706,-2.496562515,-3.236074003,-4.99638522,-3.204146037,-3.673813671,-1.792572461,-1.849807192,-3.96533914,-3.89530224,-7.447877387,-3.761337376,-3.900261347,-3.711134153,-2.702370901,-4.112475271,-4.31709556,-3.618940186,-4.321929372,-2.74017082,-1.127992869,-4.130636641,-5.618645778,-3.475353507,-2.82173709,-2.872672392,-1.358780793,-4.604330419
-5.675382824,-4.300238076,-3.084943903,-2.876835335,-2.290373328,-3.967274794,-3.070048406,-3.59618764,-3.213405512,-1.784856923,-5.259916666,-5.949414589,-11.423138737,-5.405068799,-4.072829146,-2.238301668,-3.492191155,-5.831962406,-3.145834496,-6.01325099,-5.869323219,-4.156861719,-6.532263612,-1.844915058,-2.548675348,-2.360257253,-5.328024026,-3.501353063,-2.732196823,-2.588187962
-5.152990765,-4.925240935,-2.562868345,-1.860720987,-2.681509741,-3.809343531,-2.593294777,-4.218802172,-1.953097281,-2.347679905,-4.86564256,-3.718501585,-8.882649156,-2.394690519,-3.554735538,-2.09344201,-1.995311309,-4.189888868,-3.742431538,-3.242794143,-5.351276283,-3.701581529,-2.737146802,-2.80173437,-4.204190148,-3.320820301,-3.768814345,-3.085689551,-1.319872405,-6.262417068
-4.070499803,-1.683753156,-1.943353617,-2.374816021,-1.968787878,-3.488575822,-2.247037907,-2.392649443,-2.359902508,-1.02271634,-2.338926673,-2.423027645,-9.059075982,-2.12476315,-1.626550711,-0.590951958,-2.316142221,-2.845184323,-1.731522891,-2.368483808,-3.339742906,-2.33161278,-3.447199356,-3.32208025,-3.90067823,-2.769053652,-3.790686779,-2.185899053,-0.846020988,-2.522030257
-5.994616638,-5.629314225,-3.729574417,-3.072917513,-4.120068061,-6.087848684,-3.971418117,-5.061118697,-3.707593041,-4.479590724,-5.921937896,-4.653193368,-6.828067027,-3.964780266,-4.785218156,-3.384186655,-2.644516195,-4.501388657,-4.733901612,-3.93510142,-5.046097133,-2.812280375,-1.421268632,-2.844921629,-4.060347072,-4.977834349,-4.029569107,-2.759756685,-2.997135147,-4.558528372
-4.680312435,-3.923217189,-2.761332129,-2.710077711,-3.027412077,-4.852303499,-3.277158814,-3.951842204,-2.45299979,-2.451364254,-4.696231623,-3.253584718,-9.39299478,-2.822500799,-2.924595067,-2.235128942,-2.681318339,-3.282149932,-3.256464635,-2.775586097,-5.215184991,-2.913729892,-2.167009425,-3.623557803,-3.919788698,-4.900159574,-4.545979335,-2.758422286,-1.834302913,-3.984074471
-3.088813832,-3.143868418,-1.36625673,-1.351504643,-1.23290031,-2.101577583,-1.651759087,-2.031535489,-0.73293292,-0.897096547,-3.840855646,-3.300554582,-5.924223941,-3.43478396,-2.881360899,-2.786732143,-4.049565455,-4.027636997,-1.902743887,-3.57417465,-4.514171729,-2.968687391,-4.226870511,-1.882222988,-2.590034929,-1.833919403,-4.00391605,-2.768821771,-2.686903123,-4.00801344
-5.23923398,-4.716610686,-2.932803001,-2.552867659,-2.696258734,-4.013322398,-2.938844054,-3.678512973,-2.992684094,-2.804960037,-4.449575567,-3.624821029,-9.273069467,-3.228901196,-3.354926159,-1.814978913,-2.280303855,-4.501188425,-3.158802397,-3.615790632,-4.728184019,-3.066120513,-3.4041777,-2.37126559,-3.375654278,-3.260694537,-4.200622322,-2.484749512,-1.985224438,-4.235598458
-5.887855041,-3.080985319,-3.005331182,-2.965642389,-2.732346313,-4.243303865,-3.070383109,-3.50562645,-3.906064384,-3.733881574,-4.302279278,-5.448342568,-4.831506238,-4.738475039,-4.141055006,-2.852552043,-2.937776544,-4.852429341,-3.316941232,-4.930822731,-2.910977761,-2.166826974,-4.195147614,-2.216510073,-3.528010146,-4.103621571,-3.700587449,-2.379098109,-3.327205918,-1.475123033
-2.557881978,-0.659470026,-0.129405458,0.244505294,-0.159197382,-0.150249201,0.013242036,-0.533181583,0.675808911,-0.031638584,-0.870087958,0.901580648,-5.888426538,0.741409914,0.301406053,0.721363616,-0.223949998,-1.710526531,0.12587457,0.300563636,-2.163592758,-1.750686216,-1.710924798,-2.485317817,-3.521284493,-0.713826308,-2.173635028,-1.184446006,-0.083690754,-5.670438215
-4.150388597,-1.630231528,-1.403805513,-1.424323944,-1.442338772,-2.273454551,-1.646439404,-1.689541297,-1.058984398,-1.305388004,-2.28526149,-2.556573625,-4.962435852,-2.546032207,-2.089339812,-1.980823694,-2.882994425,-2.802027992,-1.830760448,-2.42209965,-2.320979229,-1.765773876,-1.77140582,-3.16041142,-4.777245946,-2.058066521,-2.674788879,-1.854302683,-1.728205495,-2.957416251
-4.754754053,-5.325880777,-5.304142416,-3.798701554,-4.072783607,-6.703554916,-4.413923438,-4.5487204,-3.531537077,-4.776711217,-4.50702034,-5.414742001,-4.816478284,-6.155089616,-4.980979241,-4.865827372,-4.218923023,-6.328691333,-4.911408537,-5.807191508,-3.943838683,-2.564073609,-3.668549569,-2.568734731,-2.289770731,-5.696143229,-3.769987984,-2.460483044,-2.985365971,-2.285480713
-3.951236527,-3.641576986,-1.879036382,-1.888905012,-1.698076215,-2.882046917,-2.209741461,-2.480644615,-2.18090019,-2.321896349,-3.304994332,-4.305737104,-7.014801474,-3.934590699,-3.139430475,-2.508798694,-3.93368339,-5.214444651,-2.63894403,-4.580462202,-3.937068308,-2.999953988,-5.241455955,-1.903986571,-2.828542317,-2.347141467,-3.364463954,-2.596865577,-2.024366747,-3.129403247
0.040184243,0.553683431,-0.228264621,0.073954153,-0.268877755,-1.054252657,0.314044753,0.342954351,0.181856144,-0.311220146,0.745640723,1.067636803,0.910915227,0.123719166,0.209103576,-0.514876057,-2.254803803,-0.219699871,0.352947521,0.691541788,-0.306224113,-0.127517038,-0.786234205,-2.990174658,-3.826589996,-1.604488949,-0.411570068,-0.007436181,-1.029799261,-2.599922269
-3.976173922,-3.202561119,-1.98840164,-1.508310175,-2.081376611,-3.393918399,-2.131578777,-2.820581386,-1.414422982,-0.840036348,-3.474963624,-0.650908242,-5.719263831,-0.879539329,-1.94593473,-0.834305453,-1.523802833,-1.537913244,-2.059595099,-0.522541951,-3.555750981,-1.265999662,-1.370001714,-2.993206437,-4.208490662,-2.494584036,-3.957889121,-1.664999287,-1.527741344,-4.926933449
0.697321409,-0.281742843,-0.898921893,0.114049465,-0.300647445,-1.346943434,0.052347631,-0.47196721,0.249480636,-0.387462563,0.425969626,1.03672644,0.531540846,0.858121125,-0.268619592,-0.990670027,-1.618855402,-1.573115845,-0.386738478,0.691224749,-0.63303874,-0.142575516,-1.621392336,-1.652323422,-3.148387269,-1.94410551,-0.27419692,-0.825445358,-0.693671918,-3.523789559
-5.711435643,-2.263274205,-2.62214117,-2.673105243,-2.323890214,-3.739385149,-3.231061515,-3.002222476,-2.039829241,-3.091782449,-4.860744951,-5.603459074,-6.267955982,-6.11327367,-3.696500564,-2.330582718,-1.092222657,-6.39151168,-2.889205854,-5.998638356,-3.885633452,-2.307838822,-5.24156776,-2.003133706,-0.999511809,-2.643748115,-4.112644225,-1.870860057,-2.821479065,-2.172814787
-4.198767195,-1.97872512,-1.258824537,-1.314907732,-1.735836004,-2.261875168,-1.497486288,-1.434725185,-1.530117959,-0.51920441,-2.191924614,-0.671550861,-5.740591863,-0.98503771,-0.854788625,-0.63361982,-1.0672301,-0.753763587,-1.306337684,-0.508218515,-2.705888965,-1.861073711,-0.859346228,-3.860775022,-5.121478857,-3.037025867,-3.775804791,-1.399333697,-1.206790042,-2.779536479
-3.287051451,-2.467843707,-2.874666334,-1.56419409,-1.451799514,-3.120023758,-2.143417084,-2.318602938,-1.350555478,-2.297830984,-2.730009264,-1.517997618,-6.104164493,-1.097738642,-1.386980391,-1.713861244,-1.491182983,-2.074120083,-2.161702319,-1.081365228,-3.684673534,-2.112941745,-4.044962244,-2.439502122,-2.793549301,-4.041648436,-3.756809853,-2.467070829,-0.86746921,-3.262980995
-1.632367482,-1.342758994,-2.065405304,-1.894099485,-1.704300505,-3.468155358,-1.822954913,-1.888388023,-2.279439072,-2.459195893,-2.122847155,-1.155284814,-3.914414609,-0.967531979,-1.075457985,-1.357118525,-3.35291977,-3.360470699,-1.390029028,-1.393130685,-2.603210955,-0.666717942,-3.223436046,-2.298910237,-3.13391674,-3.529009476,-2.720672516,-1.139210294,-1.152408967,-2.801903149
-5.024321987,-1.912361002,-2.674897843,-2.536646565,-1.707407891,-3.793384113,-2.208689828,-1.848942156,-2.352764574,-2.63353355,-1.005881003,-3.114419118,-2.939718061,-3.025032498,-2.390070374,-2.20565332,-3.971258512,-4.928980844,-1.856434814,-3.307122504,-1.471064584,-0.626541103,-4.607189502,-1.86603529,-2.670807862,-4.290003183,-1.683867418,-1.356999293,-1.701425538,-0.948985287
-2.721804734,-2.474286637,-0.76981838,-0.135020873,-2.273762672,-1.320654597,-0.583804036,-1.631324642,-1.579122628,-1.159220575,-3.464245171,-1.382926391,-3.481093955,-2.461168495,-2.486273414,-1.294210504,-0.740613049,-4.030858521,-1.304022008,-2.484578038,-2.764696021,-3.601631433,-0.520729776,-2.850958249,-3.909354665,-0.910804101,-3.285664124,-1.76107737,-2.624680568,-4.682349204
-4.257386801,-3.633701956,-3.485649409,-3.475674235,-1.476459082,-4.760997023,-3.351679837,-3.359723038,-2.415954514,-3.276972691,-2.005531349,-3.675575522,-4.313174341,-3.16811879,-2.777961856,-2.202281605,-4.783341594,-5.231486458,-2.811570164,-3.771077861,-2.374485752,-0.503980708,-6.354050423,-0.838526811,-0.951190326,-4.366771452,-2.512665336,-1.654420476,-1.695452968,-2.061307289
-4.314022655,-4.971883477,-3.365598064,-2.86990162,-1.695239397,-3.558739915,-2.986360204,-3.486972948,-2.498738479,-2.487357976,-1.901301869,-2.427993723,-4.393498763,-1.68407735,-2.697212184,-1.74746449,-3.781299815,-3.143029446,-2.782394367,-2.144581205,-3.65524667,-2.159029665,-4.609555566,-1.60751656,-1.986870964,-4.560252917,-3.579089224,-2.581113793,-2.002795302,-2.902332318
-3.902184925,-3.77983756,-2.338036465,-1.608980535,-1.734908729,-2.167744217,-1.778356362,-2.297195615,-1.35750591,-0.987592359,-2.324446456,-2.567975773,-5.964992037,-2.893949685,-2.633411553,-1.667443912,-1.897759098,-3.638838762,-2.317730916,-3.073506398,-3.565161037,-3.544401633,-2.584869678,-3.005890535,-3.814438893,-3.644485377,-3.443730255,-2.75522562,-2.072411942,-3.731381563
-1.92767871,-2.304252713,-0.463001144,-0.751562801,-0.099196159,-1.14527916,-1.262620329,-1.665411877,-1.888499796,-1.288161069,-1.15834845,-1.391392904,-2.235376837,-0.913812355,-1.069784479,-0.888885557,-1.347553995,-2.660120076,-1.325459946,-1.251217995,-2.179896838,-1.177979026,-3.1404215,-1.735143776,-2.191477599,-1.545350789,-1.52547432,-1.250657305,-1.080868856,-2.746852536
-3.214819772,-3.109727896,-1.910399235,-1.045097211,-1.781590556,-1.45350942,-1.567321761,-2.187414291,-2.206099195,-0.686785837,-3.480832152,-1.979732097,-4.277157345,-2.344428415,-2.19496601,-0.960719002,-1.473476732,-3.556027455,-2.107044404,-2.423178454,-2.298130363,-2.021109896,-0.643692146,-2.692189801,-4.443453398,-0.525459967,-1.831513049,-1.22095384,-2.692322002,-3.26082529
-2.648510014,-2.310256968,-2.260358939,-1.062890287,-1.818859813,-1.145700713,-0.953650813,-0.929735048,-1.435039016,-0.309207746,-2.091550295,-1.447417323,-2.906304382,-2.420331175,-2.321692623,-1.445855947,-1.55273542,-4.17110019,-2.15138687,-2.371918827,-1.437606236,-1.894707434,-0.2157395,-3.351487157,-5.003870143,-1.426907515,-1.915618821,-1.151513338,-2.235581773,-4.60469173
-3.302812689,-3.216742297,-2.592803243,-1.694616071,-2.299697522,-3.007159671,-1.866486476,-2.318270728,-1.800058264,-2.491548835,-3.789757638,-2.469347513,-3.596761042,-2.232884927,-2.696586862,-1.892320603,-3.014782669,-3.97590218,-2.461998887,-2.421951104,-3.145962713,-0.533264882,-2.788022679,-1.517770482,-2.153127589,-1.645476952,-2.157049093,-1.521985497,-3.331855512,-2.489308101
-1.775044911,-2.414450643,-1.145922462,-1.110816807,-1.003108868,-0.658336472,-0.850515453,-1.12747494,-1.718684663,-0.67771031,-1.371492559,-1.261100267,-3.306246645,-2.098471381,-1.195322817,-1.103342342,-1.822406711,-3.561076646,-1.240963556,-2.36624487,-1.853107341,-2.542482519,-1.720871831,-3.724601021,-5.199368764,-2.469499373,-1.687877478,-1.228767386,-0.973441081,-4.289869547
-2.546183462,-3.589491343,-1.731309999,-2.109462569,-1.709421723,-2.98170041,-2.509202737,-2.848709273,-2.937343789,-1.79609943,-4.169838151,-2.900179623,-6.148684437,-2.766048214,-1.940930518,-1.264954015,-2.823419335,-4.299603689,-1.895249718,-3.102313632,-3.349361252,-1.700453025,-2.719204471,-1.706190073,-2.689686778,-1.477202706,-2.525184428,-1.165826342,-1.218506688,-5.068416807
-4.73389915,-5.221050119,-2.368854821,-3.03108051,-2.313604469,-2.485646006,-3.308907561,-3.530799015,-2.74277267,-2.121780586,-4.73034475,-3.511099199,-7.855522284,-3.286435364,-2.382822473,-1.901377774,-4.9643068,-3.935167787,-2.967955775,-3.544851225,-4.807198841,-1.358663353,-3.998399011,-2.607756309,-4.051494541,-3.429594726,-3.547596769,-1.555594208,-1.894088894,-6.495132568
-0.614652532,1.031739892,-0.021014126,0.397102503,-1.058935873,-0.837718297,0.8763761,1.286875128,0.908582474,-0.133697387,-0.828160443,0.287092561,2.095465501,-0.868655828,-0.607879068,-0.680319733,-0.281093383,-2.795118335,-0.34351558,-0.54644817,0.989300817,-0.764709851,0.017626911,-2.140154682,-2.646185224,-0.199670371,0.947995212,0.691767897,-0.974475719,-0.351047228
-2.018991056,-1.012153045,-0.975124546,-0.324442963,-1.013692589,-1.844101042,-0.235282526,-0.111633833,-1.277265478,-0.274072674,-0.942624101,-0.735148354,-1.50063943,-1.884843085,-1.249022327,-0.192942889,-0.796530803,-3.704577342,-0.761674132,-1.745430798,-0.602889399,-0.492593841,-0.075287085,-1.820329885,-3.091254873,-0.206000856,-0.61190163,-0.229183417,-0.824801437,-2.627812061
0.036902985,-1.456046262,-0.526462369,-0.29926352,-0.471462856,-1.456743861,-0.235919097,-0.356088925,-1.459449521,-0.728949958,-0.502565306,-0.629221266,-1.511595912,-1.970327061,-0.994958034,0.116010433,-0.905939156,-2.897102479,-1.012061747,-1.636474441,-0.832066571,0.452352551,-0.694857172,-1.868208982,-2.355125681,-0.714526068,-1.052637338,-0.026653397,0.513969134,-4.764269769
-3.892017382,-4.012547574,-3.235614323,-2.03171159,-1.657504467,-3.061250917,-2.438413618,-2.917199856,-3.080297353,-2.692757612,-3.566603171,-2.649223471,-6.023508426,-2.553232819,-2.321920777,-1.22265923,-2.961551011,-4.695661823,-2.575553653,-2.90792151,-3.864404133,-1.728502153,-2.884128926,-1.302759658,-2.459194457,-1.793722805,-3.20610165,-1.46362525,-2.394150443,-5.717463292
-5.054286477,-4.59955768,-1.504737605,-1.599575925,-1.876784407,-1.770409853,-1.653192962,-1.783833463,-1.401856831,-0.604960718,-1.305519178,-2.079477885,-4.377230736,-2.04552413,-2.482932504,-2.193158592,-3.614355476,-2.286795509,-1.853705078,-2.084241547,-2.491883978,-4.019666077,-1.354719329,-3.175512099,-4.221311028,-2.78360513,-2.533172936,-2.020539658,-1.224969553,0.238858133
-3.422682628,-2.227246875,-2.423354554,-0.642168998,-1.647085617,-0.847713555,-0.310100706,-0.075526397,-1.504115924,-0.6719921,-0.371969813,-1.49361258,-2.24069941,-2.141481102,-2.145291283,-1.573959571,-4.772703221,-4.196861453,-1.688201853,-2.394216763,-2.041356793,-4.164304862,-0.604040946,-3.093941807,-4.528416549,-2.276293029,-2.152807862,-2.076108255,-1.252201261,-2.268137857
-9.049730425,-4.187100416,-0.744550762,-2.128866414,-3.110142683,-2.887649941,-2.207756818,-1.813981556,-2.081680937,-2.493555282,-4.200115131,-2.772875503,-3.450912309,-2.01453252,-2.755140131,-3.561722837,-6.349627647,-4.716869064,-2.034959693,-2.209165766,-2.181607505,-3.423954593,-2.238284069,-2.031423013,-3.183855219,-1.753537551,-2.313042603,-1.030291063,-1.560588305,-3.707001219
-6.886623302,-4.128348879,-1.281390994,-1.753049783,-2.301449023,-1.780794135,-1.924946326,-1.68766115,-2.163353437,-2.521717272,-6.992653571,-3.469302519,-3.465042459,-3.109597964,-2.783572523,-2.901259767,-7.721875727,-4.131419317,-2.779716262,-3.523383415,-3.080346367,-3.008206553,-1.726475071,-3.145366503,-3.810544791,-2.498589617,-2.866668477,-1.514541239,-1.998715701,-2.332621072
-2.480678869,-2.389572586,-3.616801015,-1.35460206,-0.77546114,-1.703451359,-1.27688499,-1.668199618,-1.600651415,-1.342450738,-0.176642453,-1.029545733,-4.488649422,-1.057101018,-1.011681245,-0.205618639,-0.178220174,-3.624557468,-1.61906463,-1.428595611,-2.853845419,-0.968669262,-3.290346277,-3.192928494,-4.405768486,-2.623000926,-2.256031724,-1.788230653,-1.272302988,-6.534510209
-5.940137811,-3.933259881,-1.622106043,-1.94649337,-1.798964031,-2.908777404,-2.151590743,-2.165159814,-2.2353229,-3.804708017,-4.422405453,-2.90925392,-2.525437336,-2.231061651,-1.679623128,-1.607277811,-3.557025959,-4.185809408,-1.414145786,-2.4051958,-2.423780109,0.060584585,-2.729570714,-1.256274308,-1.71863201,-1.196453296,-1.956923014,-0.414177708,-1.501014701,-3.471005061
-0.67865491,-1.421717984,-0.541619175,-0.663713968,-0.279244667,-1.954281347,-0.594524287,-0.70226483,-0.854617364,-2.275026567,-0.977946525,0.406234551,-0.402967343,0.135918674,-0.057078068,-0.103429229,0.224138167,-1.419436581,-0.223739975,0.575711822,-0.622957024,1.480158162,-1.607402402,-0.593723933,-0.736346369,0.592677673,-0.450727358,1.045105451,-1.161703091,-1.299027552
-2.377221589,-1.669042761,-0.932743981,-0.820940773,-1.612930729,-1.388196868,-0.781342005,-0.742275167,-2.190892172,-0.773333605,-3.010604099,-1.822440352,-1.397542043,-1.971873491,-2.404309685,-1.775859877,-3.999427077,-3.936205066,-1.647304141,-2.131066969,-2.146937002,-3.10863851,-0.41091875,-2.265564373,-3.641958628,-1.451001327,-1.554249329,-1.269240566,-2.248798311,-1.656243862
-0.679355126,-2.096568822,-1.393863968,-1.349525834,-1.489894906,-2.212831659,-1.400050566,-1.497698771,-1.727341517,-1.649812057,-4.253465867,-1.641457816,-2.451355217,-1.292257502,-1.577925399,-1.507641279,-3.08455424,-3.30027964,-1.863767978,-1.623328783,-2.377813927,-1.925246939,-2.200136125,-2.225746908,-3.310697286,-1.534685095,-1.452671718,-0.600781136,-2.275805976,-4.830212314
-4.767705743,-3.076802124,-0.7841935,-1.311309742,-2.239599004,-1.179471197,-1.094636757,-0.998370326,-1.440972867,-0.710359373,-2.45119187,-3.018723331,-1.937864699,-3.248122353,-2.372030662,-2.451784869,-5.31779329,-3.495615724,-1.528252185,-3.253898329,-1.690469439,-3.762342048,-1.21415498,-3.054214919,-3.653291078,-3.361967679,-2.505299462,-2.200622571,-2.283220145,0.207743298
-3.533604454,-1.553416565,-0.927315617,-0.805157823,-0.662814657,-0.662793086,-0.464345117,-0.17864772,-1.518972788,-1.395816981,-0.238903516,-1.11702799,-0.480348935,-1.990890939,-1.488057496,-0.509709433,-2.379464252,-3.744756958,-0.694107586,-1.743481265,-1.502291173,-3.297656743,-0.074116554,-2.179206797,-2.901031483,-1.486392634,-1.19968351,-0.693854501,-0.944894958,-1.305015093
-8.484103086,-4.428518998,-2.206168779,-2.040653489,-3.11158542,-2.407443231,-2.005688418,-1.714382422,-3.107696919,-1.504910852,-2.82869398,-3.768556462,-7.08210716,-5.033881979,-4.308029444,-1.919033549,-5.098397831,-6.354041616,-3.700991008,-5.232418062,-3.126929445,-6.523636376,-0.037569168,-3.40146716,-5.46504197,-2.152331679,-3.164296724,-2.710442419,-3.30119859,-0.042442944
2.598589607,1.326255161,-1.291473493,-0.056466327,0.03587302,0.593874766,0.787644828,1.318076138,-1.803083943,-0.677134089,0.150942143,0.970697578,0.458576348,-0.803204331,-0.416190169,0.517191463,-5.82299144,-1.721792622,-0.188752042,-0.357008516,-1.79906145,-2.307020025,-0.207913779,-3.452685599,-4.685249198,-0.510554242,-1.718519848,-2.376740237,-0.53225141,-3.716214879
0.246449217,-2.606495784,-1.711446096,-0.883080809,-0.739451002,-1.37792871,-0.885213358,-1.080053477,-2.793900445,-1.057687178,-0.899574428,-2.269667481,-1.790140458,-2.133611788,-2.266674142,-2.117430127,-3.63764936,-3.43883575,-0.840903992,-2.221506723,-2.236206908,-2.368503695,-1.697668125,-2.20367936,-3.049988503,-1.951554669,-1.763187566,-1.997338519,-1.102646496,-3.854235062
-0.42834583,-1.952645326,-2.356813513,-1.092447348,-1.138087653,-0.934265632,-0.896714012,-0.730804165,-2.004625025,-2.57271031,-4.980405715,-0.987502725,-2.284792529,-0.966331992,-1.442154471,-1.337438211,-6.816064099,-2.665393879,-1.830654131,-1.288836019,-2.982663941,-1.209421261,-2.421269821,-2.949696651,-3.781045095,-1.559071144,-3.052219357,-1.781695856,-1.274874752,-4.100902063
-3.859686564,-2.425606213,-2.074988246,-1.536612208,-1.930523434,-2.286883146,-1.596238761,-1.598506917,-2.248499734,-2.701065502,-4.430563894,-2.147786556,-2.762641339,-1.900696144,-2.103149813,-0.927664611,-4.400986845,-5.052121942,-2.242026978,-2.458063693,-2.853620742,-2.643912377,-1.727967766,-2.244084977,-3.382445729,-1.408497814,-2.179241297,-1.319466406,-2.396271493,-4.377009901
-6.663083247,-6.685734062,-3.152520316,-2.929218189,-3.216148757,-4.569423321,-3.786517512,-4.447590154,-3.612365575,-3.050016745,-7.780998521,-5.062067116,-8.052084106,-3.403366265,-3.449351892,-2.368216206,-1.264975452,-5.79887437,-3.824166613,-4.559336464,-4.455058026,-2.059982783,-3.812756533,-2.75147366,-4.215993178,-2.626609695,-2.320565728,-1.309456734,-3.590402015,-6.692212509
-2.764754712,-2.976496863,-1.819596145,-1.233257001,-1.119332828,-1.559547306,-1.157009777,-1.282043806,-2.884157267,0.144130613,0.973209118,-2.679761534,-3.348461373,-3.150849006,-2.917090259,-1.417336987,-3.456422439,-4.323749392,-1.365551695,-3.165499017,-2.313735479,-4.772253836,-0.355574214,-3.043180787,-4.564449392,-2.023833361,-1.282054487,-2.704710147,-2.449919626,-2.777795516
-2.968456168,-1.8209573,-2.300032663,-1.143630662,-1.134171482,-0.519787217,-0.749108234,-0.282197088,-1.726362149,-0.871758941,-1.934212191,-1.350714803,-1.575069125,-1.800271296,-1.619274419,-1.014349017,-6.063674307,-3.985347213,-1.653373384,-2.277298427,-1.997063278,-4.447624243,-0.64117267,-3.811333139,-5.317152419,-1.295001876,-2.157421133,-2.441615399,-1.665344802,-1.959129197
-5.48228856,-3.839811088,-1.627794824,-1.515734991,-1.601407892,-1.65800478,-1.734811569,-1.900491754,-2.048234358,-2.228000445,-3.683473743,-2.451093349,-2.553668443,-1.874494125,-1.988676644,-1.997104435,-4.503119577,-3.350449274,-1.845759689,-2.286490679,-2.213852629,-3.434516624,-1.207394551,-2.057564632,-2.988557769,-2.294219925,-2.511045768,-1.086141738,-2.120499896,-1.102407801
-2.762892971,-2.845239602,-1.989066083,-1.248758345,-1.384303757,-2.401970953,-1.731086607,-2.195359167,-2.315758305,-0.454173543,-3.255930175,-2.501987974,-3.542694526,-1.636789432,-1.257536581,-1.635409923,-0.295331156,-3.875801803,-1.144332566,-2.243162555,-0.996978412,-2.224482923,-0.998371386,-2.562157059,-3.69634279,-1.635509165,-1.433974458,-0.687153095,-2.458533662,-1.601893638
1.104405581,-2.239194105,0.574445821,-1.357721807,-0.699615613,-1.536566155,-1.04001534,-1.144038919,-1.571258259,-0.714367557,-1.411237431,-1.450665099,-3.698786148,-3.136618132,-2.231239688,-0.630226798,-1.361088138,-1.517034852,-1.131998779,-1.913911127,-1.770248223,-2.475665195,-1.514349458,-2.729300509,-2.642821409,-1.411265172,-2.244813387,-0.775990827,-0.515459875,-3.399797966
-4.598805834,-3.619236259,-0.62980353,-1.686437572,-0.98980186,-1.723040282,-1.492160121,-1.604029158,-1.776612918,-0.657383352,-0.999263736,-2.470236133,-3.228280849,-3.436644522,-2.870515538,-2.134686312,-4.392633975,-2.423735531,-1.533439856,-2.73201843,-2.446599071,-3.65075953,-1.750813916,-2.260301986,-2.393287177,-2.341000556,-2.60548278,-1.877842069,-1.065791958,-1.57648049
-2.872174038,-2.974185473,-3.493291235,-0.744061735,-1.287777291,-1.178607653,-0.715892816,-1.150700678,-2.593752269,-1.481393099,-0.117585837,-1.681941619,-1.869237302,-1.808075108,-1.819337588,-1.222678013,-3.73816682,-5.255433959,-1.412576026,-2.570849214,-2.347401096,-5.944156457,-0.215324499,-2.37194619,-3.77122007,-2.616979654,-2.634515817,-2.627429807,-3.546877867,0.620709597
-0.92883456,-0.876322769,-1.554462259,-0.738532084,-0.926312759,-1.221472592,-0.600661627,-0.694123197,-1.582359285,-1.399933908,-3.747274112,-0.735524203,-1.75617389,-0.831753319,-0.487600853,-0.214076758,-2.165996818,-2.832493128,-0.880016032,-1.072478731,-1.295683768,-0.983350266,-1.074627611,-3.243428415,-4.084485891,-1.023993578,-1.422287015,-0.6791209,-1.102876708,-4.428546044
-2.902285125,-3.429932113,-1.897950883,-1.199959256,-1.489478622,-2.036710282,-1.51364542,-1.814492974,-2.6789892,-1.325580507,-4.450172209,-3.63318509,-2.80852409,-2.689219192,-2.397485917,-2.825980901,-4.006781546,-4.749553724,-1.484551812,-3.044273665,-2.359429171,-1.063233534,-1.700679131,-1.836057655,-2.418989289,-2.102689932,-1.54150567,-1.268862078,-2.277769676,-3.673301648
-1.475493487,-1.526806486,-2.143734552,-0.901809578,-1.206710365,-1.087971472,-0.980034892,-0.872633008,-2.350012005,-1.178471012,-3.961026144,-1.064215042,-2.88151181,-0.617545018,-0.670098542,-0.579318384,-3.03084299,-3.347179355,-1.101071409,-1.295526704,-1.109666221,-2.106237676,-0.093904281,-2.89998595,-4.834139329,-0.870081951,-0.602325947,-0.986848829,-1.740108068,-3.153643422
-3.703444317,-1.857657096,-2.646114378,-0.942715445,-0.970543858,-0.942382381,-0.861684002,-0.572199024,-2.35953275,-0.80164722,-2.83086814,-1.896668521,-2.423562446,-2.756944171,-1.949634542,-1.781062826,-4.91418098,-4.150109397,-1.265629012,-2.767455053,-2.377171959,-3.12187066,-0.423355158,-3.370156284,-4.958887548,-0.844979421,-1.288441317,-2.512472267,-1.682050696,-2.420161347
-2.53049004,-1.56984936,-1.225333473,-1.456916001,-1.141557128,-1.590684596,-1.314943139,-1.132637171,-1.956296146,-2.16548704,-4.022775566,-0.685236205,-2.358430515,-0.565025958,-1.085504921,-1.520419307,-2.862290082,-0.413390537,-1.175546674,-0.584291132,-1.164478074,-0.420391014,-2.194320439,-2.366013561,-3.403332639,-1.058500142,-1.696197593,-0.898068108,-0.747991316,-3.296701796
-3.762196128,-2.050433899,-1.348577045,-1.46920774,-0.843714797,-1.368424257,-1.333493762,-1.085920009,-2.006230574,-0.345376674,-0.737412256,-0.719546467,-3.188961736,-1.957813826,-1.636334639,-1.428811475,-4.87882241,-1.058983001,-1.239984858,-1.751018994,-1.480233569,-4.01713299,-0.664002275,-4.119826449,-5.118035292,-1.098579401,-2.188971169,-2.200107368,-1.001855042,-0.290548569
-0.980528503,-1.357455364,-1.990924382,-0.551231482,-1.121123128,-1.327410618,-0.542151658,-0.814534927,-2.146376091,-2.465754824,-4.323940487,-1.271790808,-1.658910991,-0.939035058,-1.018834277,-0.984798297,-4.168131458,-2.860754305,-0.812051859,-1.112703177,-1.474751516,-0.206572311,-0.852627814,-1.797098792,-2.777871923,-0.809750337,-0.95122862,-0.507045577,-1.732517586,-4.504922933
-2.311973192,-1.397857898,-1.347270777,-0.705872844,-0.826120908,-1.063804299,-0.505292589,-0.495363285,-1.992288595,-1.255207921,-1.730921317,-1.258162037,-1.948621531,-1.87276355,-1.617233216,-0.892261216,-4.472614687,-2.306459377,-0.929617185,-1.591409877,-2.018910657,-2.654326665,-0.481967167,-2.438002253,-3.567802498,-1.043229662,-1.542848798,-1.503440356,-1.665473393,-3.312739829
-3.838229278,-3.368033923,-0.610720514,-1.677142363,-0.894449052,-1.892702892,-1.40140495,-1.663939752,-1.083195584,-1.295709716,-2.56790229,-1.505406315,-3.203014688,-3.248413309,-2.279523343,-0.909459537,-1.933685888,-3.151820284,-1.912079374,-2.807849272,-1.718888549,-5.963874719,-0.065356589,-4.500905595,-4.837599275,-1.951288214,-3.093160674,-1.439574681,-1.138603904,-1.255117099
-3.353095683,-3.031577103,-1.311753924,-0.875227279,-1.009334005,-1.074019785,-0.823273627,-1.104304287,-2.048307928,-1.324525389,-1.824287879,-2.595324364,-1.608752317,-2.214941491,-1.894507225,-1.401037522,-3.903833275,-3.861277581,-0.905163417,-2.145640815,-2.686568999,-3.019220001,-1.394162876,-1.372241252,-1.781244484,-2.271771256,-1.54607021,-1.249986204,-1.952893508,-2.366881512
-3.325850747,-2.278866494,-2.030747955,-1.904995267,-1.293124228,-1.814165153,-1.599792724,-1.246197497,-2.542248975,-2.248342,-3.143025068,-2.14895896,-2.389429311,-2.518237766,-2.343405986,-2.240917203,-5.448774254,-3.57921319,-1.630420974,-2.655723415,-2.055468229,-2.134141784,-1.159680767,-2.898390381,-3.625584512,-0.749857675,-2.516507979,-2.002810332,-1.809659836,-0.924475289
-4.760724643,-3.147375304,-2.718104347,-3.168041105,-1.679347803,-2.182070375,-2.85095724,-1.814475797,-2.69630604,-3.564418127,-6.425892169,-3.684714821,-4.400190475,-3.876848377,-3.782554068,-4.516046191,-8.525931548,-4.340753258,-3.179650835,-4.255491353,-2.041648561,-2.696192995,-2.339596702,-3.506084214,-5.624956014,-1.327850734,-2.458077759,-3.150325745,-2.527978514,-1.591215607
-5.794575547,-3.342650089,-2.867150856,-0.506384374,-2.368891201,-1.001537989,-0.462788799,-0.72091163,-2.489029755,-2.690135914,-4.302279807,-2.215784365,-1.26414865,-1.494867167,-1.673933853,-1.325791104,-6.066957948,-4.823685425,-1.68530086,-2.113239482,-3.039824393,-2.40403742,-0.736125104,-2.306782451,-3.12729853,-1.228626031,-1.772943123,-1.417302713,-2.285258458,-1.841784066
-4.90372903,-4.588457501,-0.945538308,-1.16338986,-1.941260515,-2.31426569,-1.435784764,-1.925784591,-2.786138433,-1.522165129,-2.618393007,-2.872075981,-2.690693793,-2.494026608,-2.591663869,-2.231514032,-4.287985872,-2.954883413,-1.666549826,-2.320333514,-2.901519071,-3.556180662,-1.515950224,-0.847663531,-1.140367309,-2.521345047,-2.543844153,-1.447928571,-2.740572494,-0.238752796
-3.932315837,-2.663970182,-1.667034032,-1.575454784,-1.237638178,-2.022662351,-1.631656475,-1.347196272,-3.052536726,-1.213434473,-4.153210418,-3.382803635,-3.360101534,-3.667063504,-2.630474964,-2.402462382,-4.488939656,-4.239622182,-1.559194558,-3.699274202,-2.848233899,-2.73097819,0.139268093,-2.368134904,-4.12560961,-0.53854676,-2.064961118,-1.917450212,-3.282946685,-2.6492991
-4.547217625,-4.074259982,-3.117853785,-1.759378189,-1.222374147,-1.68247218,-1.730570069,-1.318661911,-4.003836524,-1.941463505,-1.914379104,-5.101994565,-4.382026342,-5.057532548,-4.867957746,-4.539687305,-6.743041952,-6.081565517,-2.536248902,-5.962640194,-1.399364452,-3.00045255,-0.328598782,-2.455727291,-4.832824434,-0.909632998,-1.099729608,-2.205011762,-3.423637038,0.715638119
-8.437695369,-6.750019011,-1.115239738,0.984508086,-2.316283044,1.118536958,1.086353716,0.653543874,-1.851112233,-1.035629003,-4.076886936,-3.553642671,-8.000831697,-1.491985537,-1.957607816,-1.127107841,-6.925961251,-1.819982669,-1.911766113,-2.11499818,-2.79307837,-2.656307288,1.439242969,0.089217886,-2.087220581,-1.917060731,-0.7631703,-1.161199955,-1.286643384,-1.821204256
-2.283875776,-2.414611903,-1.788945019,-1.636961686,-0.606962723,-1.547226687,-1.476906651,-1.618660163,-2.061269371,-1.831006118,-3.705067627,-2.492998126,-5.783202098,-2.575319697,-2.73310979,-2.585832013,-3.897950484,-4.092431482,-1.942011128,-2.252692453,-2.22191321,-4.897819007,-3.393481354,-2.079489545,-0.972365083,-0.577323868,-3.615226332,-1.755998226,-0.080303521,-2.831037377
-5.80885203,-5.1441538,-1.845261898,-0.528482211,-1.410648133,-0.460701491,-0.64820122,-0.656173637,-2.267464601,-1.337469373,-3.55824426,-3.771017493,-7.43483094,-2.950072934,-3.211072965,-3.064417564,-5.150761398,-3.772989921,-2.442440001,-3.598500982,-2.417216844,-4.341486512,-0.79390786,-2.898949183,-5.01395932,-1.664836223,-2.596083946,-2.301305747,-1.803910323,-0.973284641
-2.282803505,-2.097955533,-0.62453888,0.355850159,-1.067807167,-2.991113294,-0.212021539,-2.394647698,-1.937382993,0.253270152,0.505659233,-2.665745897,-4.614336813,-0.695107677,0.232536358,-1.026514684,0.12033947,-2.051665535,0.542375631,-1.851985897,0.585500135,3.266891726,1.26174484,-0.273701156,-3.950997061,-0.69247259,2.138278262,1.288480776,-1.448951687,-0.535716928
-3.715227592,-1.433903261,-2.218287889,-1.921171808,-1.520516266,-1.578083219,-1.522618254,-1.198717304,-1.978677782,-2.246023497,-3.426543585,-0.888830924,0.319982061,-1.18654052,-0.977080392,-0.65148551,-5.25987383,-1.909110869,-1.148992945,-1.155490819,-2.106862945,-1.224307966,-0.596369765,-3.139567513,-3.48151101,-1.599192208,-1.121203405,-1.103923755,-2.669677017,-2.52508786
-4.033099619,-3.208331848,-1.14766672,-1.416254503,-0.873979986,-1.962861182,-1.395824324,-1.500469194,-2.43121349,-1.639540542,-2.745096206,-2.160260462,-3.593016836,-1.961211904,-1.885851361,-1.631485086,-3.561203204,-2.519953296,-1.458436489,-2.108201092,-2.161193336,-4.211710807,-0.730605762,-2.435793218,-2.970197119,-1.102506154,-2.47332938,-1.486653851,-1.967870306,-0.880059295
-4.893372151,-2.548028373,-1.420910659,-1.425511581,-0.83848351,-1.144418817,-1.409151175,-0.984736231,-1.888866343,-2.286714399,-4.298687639,-2.228085117,-2.918035831,-3.093088565,-2.8750866,-2.683948612,-7.831441021,-3.986683805,-2.175306063,-3.117434921,-2.209334256,-3.287546242,-1.591069399,-2.834650548,-3.821839309,-1.851439499,-2.285189291,-2.115703248,-2.184223212,-4.438166956
-2.056955634,-2.323200349,-1.253700939,-1.358457493,-1.421264885,-2.907653981,-1.444543416,-2.179034329,-2.340319709,-1.168200168,-2.867534721,-2.307574432,-4.652680335,-1.080295402,-0.816322056,-1.145053145,-1.722565409,-1.861735503,-0.606152845,-1.507754999,-1.330690093,-0.261019502,-0.142697754,-2.194803614,-3.009178852,-1.339260288,-1.172984599,0.287190607,-2.169322651,-0.966916865
-4.550748913,-2.407425557,-1.239669591,-0.568924597,-0.10675614,-1.694363186,-0.672721911,-1.090881017,-2.188506332,0.356465201,0.136236657,-1.615639951,-3.246165371,-1.67201149,-1.228179569,-0.930864867,-3.445810014,-0.958277871,-0.549290353,-1.852744149,-1.390079151,-3.086558722,-0.004281785,-3.209196069,-5.81006114,-2.04220331,-0.833617309,-1.595398901,-2.524702794,-2.046709183
-3.516679048,-3.347070472,-0.94019787,-1.346623421,-1.258057242,-2.534131957,-1.568235829,-2.039768843,-2.298307513,-1.363791469,-3.903676171,-2.648187772,-5.109050867,-1.820158196,-1.67952718,-1.762840152,-2.510955751,-2.048924112,-1.427318184,-2.134138281,-1.688301825,-2.734923561,-0.665765192,-2.512438565,-3.427862953,-1.341072839,-2.044469618,-0.667078779,-2.329487336,-3.019405762
-4.805967412,-3.057648309,-1.786958033,-2.03883797,-1.242053067,-1.19678741,-1.485565455,-0.734846876,-2.287976349,-2.811443587,-4.039896649,-0.909594876,-1.129750425,-1.437174978,-1.620485046,-0.752773247,-5.374826845,-1.642771642,-1.820263858,-1.23476095,-2.821579069,-4.824783717,-1.127011781,-3.198221405,-2.260036658,-1.268754306,-2.836355728,-2.150035032,-2.028704124,-0.952125808
-4.060643628,-2.876149825,-0.89338758,-1.336949252,-0.634369328,-1.954895697,-1.261490626,-1.310197689,-2.2542305,-1.801184752,-1.950291119,-1.316987945,-1.573535338,-1.720920761,-1.546078602,-1.133374811,-4.732602321,-1.840921322,-1.220110598,-1.731235865,-2.272587644,-3.349040444,-0.425837199,-2.079481648,-2.775888327,-1.642291317,-2.085543562,-1.505416071,-2.273326981,-0.781128362
-3.387677998,-2.305218497,-1.387119639,-1.329248806,-1.190236661,-1.791711039,-1.100361539,-1.273855418,-2.319632986,-1.843139866,-1.766075646,-1.836175266,-3.095060566,-1.772588615,-1.686564205,-1.553659155,-4.690813333,-3.253388351,-1.211383065,-1.87003189,-2.320469859,-2.664003373,-0.683696422,-1.637072533,-1.712430868,-1.232483543,-2.258937078,-0.81503727,-1.534559577,-1.937424629
-2.905834224,-3.267758368,-0.862218523,-1.053411692,-1.054379112,-2.51365732,-1.401243778,-2.024156897,-2.062939307,-1.894728725,-3.897096557,-1.670124144,-3.716516247,-0.811508858,-0.766747114,-1.225207225,-1.642882378,-0.647083659,-1.019099455,-1.376009062,-0.695092293,-1.100967815,-0.594683213,-2.699552056,-3.828115834,-1.537955704,-1.140639147,-0.184649606,-2.652348437,-3.298178207
-3.396088801,-2.536597165,-1.520305557,-1.28444833,-1.399862435,-1.990664305,-1.304484496,-1.632603024,-2.236800416,-1.670918154,-3.380961014,-2.872159454,-5.672324783,-2.125290995,-2.064513127,-2.267029686,-3.431625226,-3.565706083,-1.491039933,-2.390645199,-1.728835868,-2.783235213,-0.932913351,-2.410680266,-2.940673244,-0.885325891,-2.325863492,-0.825596064,-1.713175813,-3.37582292
-8.415136425,-2.359915372,-2.329336302,-2.02409949,-1.535172066,0.030075349,-1.009027862,0.216398312,-1.920180985,-3.743850945,-5.258923418,-1.5668623,-1.415209167,-2.808226623,-2.540904372,-1.921410105,-8.579247762,-4.809573038,-2.418642445,-2.383355648,-4.310992741,-4.302057085,-1.375866792,-2.926315011,-2.611627797,-0.55205052,-3.545315021,-2.71477541,-1.302740655,-2.502819273
-1.536191287,-2.922939156,-0.667031066,-1.168273928,-0.291895565,-2.199001717,-1.30815776,-1.617822748,-2.523998137,-0.180447576,-0.982431139,-1.819442329,-3.287708028,-1.924801135,-1.661720185,-1.748694133,-4.432750218,-1.801460525,-1.068126396,-1.99131545,-1.833295252,-4.738728792,-1.049569784,-1.30125165,-2.256639736,-1.59275449,-2.259684848,-1.300086261,-1.868719282,-0.93947396
-2.503829102,-3.434844445,-0.884560054,-1.503738343,-0.444596473,-1.733351742,-1.536778893,-1.26744193,-2.195787592,-1.264452865,-2.75030899,-0.874152913,-1.85730811,-1.177045823,-1.158492556,-1.115271581,-4.346661206,-0.820107948,-1.296277563,-1.291979736,-1.655950268,-4.227152505,-1.147671722,-2.773605609,-3.668749146,-1.659943237,-1.879482909,-1.637645181,-2.475493955,-2.033116458
-1.580875507,-1.845790774,-1.377534859,-1.522031949,-0.567086394,-2.569136007,-1.150360673,-1.093712083,-1.972112519,-0.631738302,-1.060030728,-2.13791531,-0.914228537,-2.332628224,-2.338837061,-1.418390542,-3.331944471,-2.954897104,-1.588344339,-2.278762662,-2.215739815,-2.590011918,-1.14482005,-2.863534419,-2.967212338,-1.319243673,-1.445351405,-1.054538721,-3.185073762,-1.119584426
-3.210802748,-3.089289725,-1.715965865,-1.176117218,-0.491768162,-0.955815447,-1.031031489,-0.730327813,-1.967674621,-1.138816668,-3.462850329,-2.082219424,-4.908281322,-2.092711584,-2.180553375,-1.747755929,-5.498622082,-2.053045012,-1.787083922,-2.197438592,-2.387686078,-6.103500417,-1.292238326,-3.076027223,-4.451568825,-1.320105854,-2.577167465,-2.57653907,-1.43633508,-1.838593714
-6.432698278,-3.0481272,-1.466992822,-1.02403921,-1.782955137,-1.215731798,-0.695078717,-1.199586686,-1.970694311,-2.968850105,-4.477160386,-2.238870956,-4.337356386,-1.470024956,-1.43049823,-1.501335182,-4.964186145,-2.509225056,-1.700386431,-1.92964104,-2.769831991,-2.973016475,-0.534830377,-1.384966384,-1.670099172,-1.104497461,-2.735692805,-0.688814723,-0.607862442,-2.08653405
-2.217816603,-3.067197371,-1.375525176,-2.152248819,-1.129231215,-2.171200962,-1.981071507,-1.530265551,-1.813544281,-1.44698972,-2.012930854,-3.35731741,-2.186402165,-2.393700688,-2.337912726,-1.698225136,-4.765482517,-2.987550862,-1.778951868,-2.649853984,-2.096771596,-5.101246837,-1.701341625,-1.986874599,-2.38228516,-1.534316434,-2.084805422,-1.805684677,-2.336773484,-0.565788641
-3.022458984,-3.098418441,-3.491472727,-1.683285707,-0.804347324,-0.90110406,-1.562221073,-0.86383395,-2.094202871,-1.564276555,-4.834478169,-3.177454106,-4.604508254,-2.666148894,-2.303242899,-1.816504184,-6.464060403,-3.554727384,-1.832030836,-2.767138613,-1.896077929,-6.203440849,-2.036299685,-4.346936514,-5.76820475,-1.69852377,-2.292382486,-3.539427404,-2.121618971,-2.538387058
-4.043270561,-3.3384477,-0.296170388,-2.417189413,-1.22647102,-2.798929333,-2.314163765,-2.077361149,-1.290354324,-1.779672761,-1.786756001,-2.782812588,-3.534596692,-2.510967478,-2.492150795,-2.374124736,-2.956150617,-3.615916909,-1.844602898,-2.6755609,-0.752306143,-4.213145063,-1.540523399,-1.890715617,-1.610370136,-0.84283668,-2.324591874,-0.59580851,-2.495284388,-1.368162736
-3.016560832,-3.550970535,0.744390101,-1.663318507,-0.638145769,-1.981711029,-1.814306916,-2.130979653,-0.954116644,-1.639543847,-2.28171723,-2.566271449,-3.379576768,-1.133426211,-0.967287239,-1.371472755,-0.99413231,-1.653506846,-0.864361764,-1.706864597,-0.307750339,-4.096572798,-0.730893518,-0.76509248,0.010169717,-1.024201839,-1.928927561,0.496384811,-1.302187362,-0.870455083
4.319550875,-1.567389426,-0.461341601,-1.563031661,-0.576337142,-3.315760851,-1.584517525,-1.849483776,-1.468079947,0.069605171,0.540510848,-1.818524558,-3.220502554,-0.861918786,-0.70047459,-0.634865363,-0.363693917,-1.919171272,-0.245560962,-1.327994279,-0.091190652,-2.100795851,-0.622148233,-2.320619461,-2.769356456,-1.512165583,-0.821176561,-0.035458957,-2.991458234,-0.009605535
-5.894369952,-2.313261978,-0.737915818,-1.970324343,-0.613854696,-1.309233461,-1.505554224,-1.008927602,-2.074838505,-3.022225633,-3.659766571,-2.412456095,-2.403477732,-2.824509054,-2.355900206,-2.007731637,-5.357307727,-3.975778332,-1.754574482,-2.925678596,-1.144466089,-2.356663056,-0.712589422,-1.564571857,-2.355598876,-0.58252492,-2.328759306,-1.494054509,-1.21058084,-2.883323
1.781585762,-4.574204538,-1.033745895,-1.613730733,-0.613743986,-2.169022876,-1.868308291,-1.709206625,-1.035676839,-1.498211066,-2.004121916,-2.978705549,-3.188313987,-1.035873852,-0.68688059,-0.775465723,-3.341104792,-2.221342641,-0.855254458,-1.811448981,-0.793050357,-4.714831975,-0.736958715,-1.302866118,-1.808048838,-1.867170912,-1.97704351,-0.642583797,-2.059782432,-0.302957009
-8.715675403,-1.693793079,-4.039545362,-0.559391942,-1.496566185,-1.132038354,-0.568733114,-0.809096539,-2.4363517,-1.855314493,-2.031991186,-1.946546956,-6.483127302,-2.350492004,-2.286121726,-1.951988767,-6.739809036,-2.961515081,-1.894280758,-2.174825528,-2.954159939,-4.294008141,-1.93084364,-3.665953396,-3.824123864,-0.871701934,-2.932711036,-2.633312896,-1.11320687,-2.746235314
-2.772088027,-2.284903907,-0.918485724,-1.184029798,-0.905922216,-2.051988828,-1.094890274,-1.347826696,-1.926967396,-1.894888087,-2.086986638,-2.314911567,-3.440615365,-1.599448164,-1.375950583,-0.937758557,-3.23995226,-2.492041058,-1.549670049,-1.950479616,-1.662161536,-1.588361674,-0.038337418,-1.439425906,-1.857078289,-1.524997707,-2.094039288,-0.30955642,-1.560925449,-1.779036256
-8.726222422,-3.595778219,-2.972805407,-2.088866802,-1.667824049,-1.555858595,-1.725832023,-1.143148423,-2.555910583,-3.167424576,-4.490326886,-3.963209794,-4.818782678,-4.148416568,-3.494226426,-2.401526059,-7.94577384,-4.929420301,-2.89481005,-3.963711423,-3.027746536,-4.18966468,-1.447461715,-2.349374464,-3.398119594,-1.17238975,-3.326158949,-3.13478494,-1.203085896,-2.887693973
-6.842114467,-3.16655851,-1.635254083,-2.12126336,-2.418844537,-3.684912572,-2.469330624,-3.325628781,-2.102321218,-1.52308213,-1.666598993,-3.323042247,-4.783383362,-3.150306211,-2.414026451,-2.218350042,-1.177585941,-2.917424438,-1.980446125,-3.105073804,-0.844898323,-2.705356693,-0.396901376,-1.948740881,-2.759051885,-1.403844985,-1.34142068,-0.416034899,-0.95253322,-1.303030394
-3.451126829,-3.331835965,-3.166635875,-1.605703444,-1.547083573,-1.039208772,-1.508374892,-0.863631204,-2.328394635,-1.320906933,-6.326243043,-3.400301367,-5.860275185,-3.602928692,-3.465148756,-2.361653655,-7.865315548,-4.40278979,-2.682544948,-3.687760942,-3.788578412,-6.891088955,-1.988575378,-4.968458319,-7.288397955,-3.976374071,-2.800617013,-4.217473036,-3.618768167,-4.27911582
-6.531172407,-4.978102837,-0.774445838,-1.740635432,-1.23396371,-2.017134297,-1.952030091,-2.12028447,-1.842287345,-0.976664197,-3.948186807,-2.92679605,-5.058347974,-3.107464811,-2.615203879,-2.37391464,-2.163339401,-3.227768595,-2.006495342,-3.105139893,-1.426428369,-3.857632419,-1.326736639,-3.357619934,-3.877278072,-1.575215381,-2.06198212,-0.816859075,-2.002800578,-3.085573155
-2.518844344,-2.954281795,-0.204851015,-0.833320628,-0.795253035,-2.810918446,-0.853932349,-1.423087891,-1.266082741,-0.053017727,0.721041467,-2.135098309,-3.391219869,-1.469389312,-1.525628476,-0.843140782,-2.191832597,-1.505609063,-1.423063876,-1.415748674,-1.11888637,-1.891832299,-0.799845518,-1.166548479,-0.406850769,-0.922204884,-2.036956111,0.664776691,-1.421711817,0.818476725
-4.688302387,-2.281057765,-1.759379907,-0.952758545,-2.075494293,-2.755091842,-1.002934623,-1.594973215,-1.72419967,-1.729332023,-1.395152754,-1.903397052,-5.964777989,-2.439419852,-1.746406101,-1.661032797,-4.590883229,-3.249802269,-1.45888399,-2.338313476,-2.342562812,-0.078144251,-0.984023716,-2.639615251,-2.218568381,-0.694529727,-1.963749645,-0.160350138,-0.69224805,-0.736534841
-7.891501357,-2.87196133,-2.205753037,-1.722894779,-2.054255547,-3.720745915,-1.862419013,-2.426594932,-3.305794748,-1.220116056,-1.8524983,-2.57043621,-5.616025794,-3.395827105,-2.725365093,-2.772594165,-4.625269485,-4.492664234,-1.929828183,-3.317012513,-1.830003645,-1.785169673,-0.709097014,-2.572129798,-3.488427381,-0.682922949,-2.569864813,-1.248720388,-1.30121387,-1.374912125
-3.636558679,-5.020095339,-2.128485165,-1.758632381,-1.085568361,-2.63184166,-2.102327117,-2.742045036,-1.470704201,-0.26617825,-1.982490943,-3.046662898,-4.593915263,-2.556743597,-2.434971667,-2.377326155,-3.027260516,-2.210989085,-1.415608951,-2.67676899,-1.471764117,-5.199554701,-1.731466247,-1.975394457,-2.021366792,-1.671572999,-2.422315365,-0.986596593,-1.162273021,-1.981170623
-7.555658898,-3.05000453,-1.498888842,-1.908872576,-1.812597895,-2.669372471,-1.798529974,-1.570176717,-2.455704436,-1.878545955,-3.126071438,-3.447043925,-5.836103479,-3.386729974,-2.848738988,-2.450482733,-5.707303402,-4.563892776,-2.119145415,-3.435172061,-1.935341903,-3.208688047,-0.958256167,-1.618790596,-2.218400786,-1.223024825,-2.825665053,-1.711970828,-1.667603542,-1.542501443
-10.440254823,-5.134396389,-2.9876473,0.718729319,-1.796563561,-0.092549702,0.494774382,-0.523766622,-2.740843323,-0.940044848,-2.53248507,-1.042753462,-12.018774462,-2.449833543,-0.51974039,-0.606614786,-0.50118976,-1.80462886,-0.886494075,-1.568772609,-2.687372279,-0.384803871,0.835789787,-0.626059067,-1.215507744,-1.374059816,-1.283501439,-0.62099138,-0.431843082,-0.889046633
-9.81720029,-4.962135122,-1.786245161,-2.772799067,-3.096883567,-3.448881021,-2.787272899,-2.548715686,-2.834639766,-1.899741017,-3.002290194,-4.623985049,-8.600193503,-5.074769474,-3.959589015,-2.892456596,-4.486192033,-5.665440183,-3.725601526,-4.955796166,-2.518391069,-3.737625033,-0.72159559,-1.552821315,-1.661392491,-2.181004124,-2.699744233,-0.875748554,-2.578119722,-1.25672187
-2.781796638,-1.6855729,-2.214630998,0.479253347,0.280100515,0.330366612,0.386986927,0.300668872,-1.989428603,-1.64843121,-3.843144949,-1.141498004,-7.16834401,-1.027126274,-0.807812244,-1.170964777,-2.50820893,-2.12972597,-0.131969627,-1.117693886,-2.320452622,-1.993129112,-0.660598057,0.513555553,-3.797156754,-4.218217448,-0.392943851,-3.74844151,-4.377361622,-6.285492266
-9.327302722,-3.460645052,-2.033587339,-1.15578828,-3.559141351,-2.477734757,-1.269418822,-2.051914872,-2.727056983,-1.377414663,-2.893562335,-4.079827128,-9.817790184,-4.55224005,-2.390691785,-2.387038821,-2.827994199,-4.531462711,-2.885822512,-4.309703724,-2.370660997,-1.345765953,-0.248777362,0.156355006,0.259992248,-1.18521229,-2.278216076,0.513333725,-0.701283014,-0.609281304
-7.647690137,-6.224536812,-1.732772578,-1.546493571,-1.960380937,-1.426346974,-1.68159721,-1.665593782,-1.746105268,-0.753115789,-2.830084876,-3.404275713,-7.273146017,-3.112390721,-2.286935875,-2.059384126,-3.160382048,-3.02252938,-2.144934637,-2.786664557,-1.928291754,-4.443584714,-0.749389579,-0.89851899,-0.135164444,-0.934184813,-2.632257354,-0.395548457,0.495714768,-0.476281769
-10.095536807,-4.930887578,-2.477926354,-2.566569751,-2.782906205,-2.915346882,-2.739635286,-2.964708242,-1.738086352,-2.317753611,-3.424711978,-3.946968356,-5.992049151,-3.948630975,-3.418884607,-2.53193519,-3.604307479,-5.129671039,-2.797724363,-3.715642873,-2.00613591,-4.566141838,-0.935977989,-2.067160013,-3.527069732,-2.560922379,-2.196281908,-1.927059702,-2.216675385,-1.310774058
-10.460124977,-6.402096855,-2.461756767,-2.180653604,-2.819177048,-3.14876125,-2.277225668,-2.646939861,-2.6858899,-2.456136461,-2.873137105,-2.313473046,-4.47258822,-2.422824313,-1.825190711,-10.144297752,-0.012483807,-3.358941112,-2.392179966,-2.281950363,-1.613149897,-4.786821258,-0.269179201,-1.451801559,-2.591986115,-2.40173914,-1.826376173,-0.838088312,-0.915972045,-1.226988606
-10.624937689,-3.679685837,-0.968700157,-2.08494988,-1.307839311,-1.971131894,-1.175670483,-1.069197571,-1.381032488,-4.132037782,-1.35882908,-1.980707848,-2.261242706,-0.604179494,-1.114169558,-7.232859811,2.117145232,-1.747837392,-2.172705709,-1.161858826,-0.236370106,-4.80838845,-0.501183947,-1.279204324,-3.453136884,-1.724436523,-0.898568813,-1.006125846,0.307517776,-3.559814069
-13.409254918,-5.688614406,-2.128371522,-2.717480189,-3.84526241,-3.601617893,-2.580957106,-2.884063346,-4.283473107,-2.459012997,-2.875234023,-2.611678277,-9.993809416,-3.535539358,-1.716441834,-7.123871575,-1.241998552,-4.106507582,-2.671574947,-3.206688182,-2.300110454,-2.299992415,-0.179511191,-2.949761058,-1.809331989,-1.208049165,-1.851029441,-0.304641373,-0.46155984,-0.8609972
-7.991382554,-1.359988471,-1.007612205,-1.421263987,-0.682719586,0.658669667,-0.977066673,-0.413302619,-0.72570461,-1.931087268,-3.317010324,-5.278420627,-10.203732513,-5.358113659,-4.553146019,2.951597013,-5.274283939,-5.509667423,-3.892341215,-5.357698493,-2.795578487,-5.028182883,-1.257458272,-2.835710422,-2.125517706,-1.103452828,-3.420969849,-1.965323924,-2.606207567,-3.348733276
3.4806394,-0.140858915,0.141985124,0.224049804,-0.089089912,-1.085865017,0.261392773,0.041764239,0.516290498,0.109268902,-0.991280993,-2.390481565,-2.192823172,-1.255734311,-1.411552827,1.900214664,-3.847842845,-0.964522727,-1.049247028,-1.498150052,-0.952272321,0.431197368,-1.548839268,-1.364872084,-0.60420356,-0.979991236,-1.25669711,-0.016612685,-1.056777586,-2.147807027
0.611886718,-0.476428436,-0.406176362,0.415032403,-0.385037401,-1.763026854,0.372259145,-0.189179805,-0.400809944,-0.644071661,-0.446298573,0.232085758,-1.542237956,0.691967439,0.046787429,-0.95993162,-2.285594983,1.080397999,-0.034516925,0.591028086,-0.267115793,0.527558072,-1.159430793,-1.269777639,-1.570055818,-0.70671335,-0.994281852,-0.037712962,-0.830873835,-3.277982541
-1.584245381,-1.501221657,-1.221902491,0.076774392,-1.345635055,-1.740280336,-0.178412044,-1.085223315,-1.159406676,-0.901413875,-1.373582919,-0.176504325,-3.709109391,-0.126650134,-0.025903061,-2.726185218,-1.800417893,0.172566032,-0.333001657,-0.156703761,-0.875143198,0.534825211,-0.523065074,-0.763883332,-1.773303763,-1.783548602,-0.775994147,-0.641829965,-1.129493065,-2.918346769
-6.669802483,-3.600608309,-0.848472189,-1.908084147,-2.275896182,-2.395520533,-1.934899604,-1.523269697,-2.297011751,-1.615332207,-2.456291803,-4.037251276,-6.963180904,-4.623853224,-3.465351801,-3.034933116,-3.277744959,-5.712778849,-3.565541439,-4.642553445,-2.359210435,-1.477422783,-1.213903707,-3.423446951,-3.444257013,-2.796217544,-1.918232612,-0.094325607,-2.733783517,-1.923934497
-10.065841755,-3.496765322,-1.791963265,-3.230461385,-2.660671212,-3.368844444,-3.19202893,-3.678025386,-1.075065763,-2.649798,-1.410683959,-3.382211339,-7.503315081,-2.068878277,-2.083679936,-3.934997494,-4.702949272,-3.154417218,-2.900903386,-2.320690929,-1.064028874,-2.429434219,-0.457026179,-2.125469778,-3.13010967,-1.648667445,-2.107278641,-1.577134149,-2.591337341,-0.819422579
-11.632977528,-6.483039141,-2.822003569,-3.430165233,-4.355873422,-3.752346362,-3.774300888,-3.530292031,-4.09096607,-1.956967354,-3.299023154,-4.14115001,-9.094683443,-6.101827779,-4.123966986,-5.637606048,-4.690140646,-8.44797951,-3.573283522,-5.420732715,-3.786787776,-2.826378843,-0.086586368,-2.152696338,-3.443930565,-3.312852126,-2.324996973,-1.231499866,-4.372108322,-1.228226901
-4.394144295,-5.879177322,-1.606895977,-2.001441433,-0.773367577,-2.026460297,-1.975642586,-2.194424053,-0.690590833,0.132919796,-2.25603179,-1.381463278,-0.259410838,-1.015271191,-2.630866933,-5.348567902,-2.845370378,-0.71352895,-2.06290749,-1.193445636,-1.399480595,-3.973470171,-2.173305379,-1.004160764,-1.178951162,-2.123730537,-1.596280686,-0.525483512,-2.151502146,-3.238175083
-3.574516021,-1.941725842,-0.393568331,-2.011071512,-0.427378117,-0.792776321,-1.6180262,-1.450603663,0.485498393,-1.700114279,-1.491270769,-3.506885162,-4.3155216,-2.003705934,-2.986973752,-2.471478061,-1.967224125,-1.921800867,-3.044249865,-2.637823843,-0.132403807,-3.934703725,-1.607684348,-2.454608612,-2.97057204,-0.350113832,-2.021216473,-0.486315346,-0.079112144,-2.73141871
-2.384018445,-3.069863947,-0.924736532,-1.030555208,-0.381402443,-1.545362942,-0.911724019,-1.293664974,-0.054868534,-0.89904491,-1.455389802,-0.684801237,-2.294522789,0.701844276,-0.52246404,-3.528533192,-2.4510098,1.048143329,-1.043863335,0.318413007,-0.48618683,-1.939006992,-1.16356057,-1.02937,-1.473879964,-1.524909752,-0.876720843,-0.868408905,-0.891110805,-3.379511928
-12.923525119,-4.86359391,-2.154614767,-4.610204274,-4.287999446,-3.674650266,-4.214296074,-3.107864955,-3.547558489,-2.794885633,-2.202739006,-6.498546652,-11.04675077,-7.429317337,-5.870070148,-3.60850968,-4.67908521,-9.067446279,-5.49936785,-7.146021448,-2.239177379,-4.341799174,-0.767613247,-2.600390687,-1.538762363,-0.135831983,-3.887625625,-0.291762058,-2.334386233,1.844021949
2.781185724,1.597519505,1.167978406,0.935088444,1.085729652,0.510642828,1.353103125,1.403160637,1.798913486,-0.711952242,0.053441684,-0.447609337,0.419504768,1.551031197,0.196353614,1.280953501,-2.88066979,1.816734101,-0.320733703,1.182350834,0.246305831,0.035235186,-1.902571122,-1.506546217,-2.377637448,-1.481259514,-0.251464666,-0.570295705,-2.466988331,-5.247582153
-1.835808191,-0.657714301,-0.885568301,0.302218379,-0.292358347,-2.046578199,0.254380165,-0.695561337,-1.160018986,-0.349114744,-1.136756411,-2.133500467,-3.252621627,-1.269224127,-1.538056975,-1.214944523,-3.169254559,0.185594827,-0.740956345,-1.268650655,-1.116762188,-1.279401196,-1.744154634,-0.609693986,0.052745437,-1.275567871,-0.727722917,-0.449304274,-1.575633989,-3.295645728
-1.637741844,0.157552226,-2.770620924,-0.900072542,-1.422851236,-2.204731554,-1.20612339,-2.618603677,-0.210494415,-0.211280082,0.054553789,-1.271682713,0.417504635,-1.79105518,-1.893467158,0.591233801,-1.711417197,-1.914574644,-2.002198449,-1.848300744,-1.655406059,-1.923667229,-0.622486828,-3.65432638,-2.389435311,-1.258892357,-2.013687478,-0.792120168,-1.383350908,-3.021042855
-0.648028151,-0.339988788,0.331749175,-0.229082282,-0.367940289,-0.980364517,0.150536392,0.459693644,-1.652230597,-1.568824272,-0.967016919,-1.58074121,-3.429459313,-1.247945022,-1.153197717,-2.416099565,-1.446884093,-0.31544116,-1.133643257,-1.422754029,-0.400984721,-0.276137156,-2.332102077,-1.552826564,-3.026180382,-2.054538717,-0.562346107,-0.467471312,-2.082362649,-5.069217158
-4.465939047,-3.392393053,-1.18573544,-0.596190356,-0.12441021,-0.675861494,-0.279517647,-0.675263181,-1.420544033,-0.957230648,-1.22663176,-0.313287622,-2.149366683,-0.147677835,-0.769729212,-3.171469209,-1.202432371,0.863209651,-1.164128877,-0.221350713,-0.72077561,-2.110754021,-1.84459485,-2.299422977,-1.958958011,-1.43392634,-1.088793051,-0.642095301,-0.900045247,-4.498762933
-11.540301638,-5.270537343,-1.052501602,-3.319488151,-3.035475611,-2.955539545,-2.950751193,-1.917806445,-2.799225733,-2.648108139,-3.184919575,-5.606213593,-11.953396225,-5.687442204,-4.466835013,-2.975030127,-4.521502621,-7.077448308,-3.707478997,-5.642047131,-2.343921695,-3.868481152,-1.561211433,-0.925946446,-1.240953503,-1.061135508,-3.580703202,-1.533972231,-2.688285749,0.457492989
-8.976709121,-4.117077806,-3.873293062,-1.787569234,-1.511698657,-1.104635404,-1.601379635,-2.0499078,-1.23594109,-1.683032489,-3.254434333,-4.112013654,-9.918808144,-3.671747016,-3.79804573,-1.079443726,-3.530860282,-4.689895632,-2.999988884,-3.620319542,-2.946293177,-6.259250152,-0.963635079,-2.058607925,-0.765502306,-3.07904561,-4.135012087,-1.874775317,-3.159622047,-0.117062622
-3.169132706,-2.261494041,-2.374076279,-0.194722421,-0.956162567,-1.824149019,-0.50601173,-1.959507229,-0.79366298,-0.618537619,-1.648884433,-1.433649674,-3.874877762,-0.861681847,-1.217454159,-2.496081174,-1.843892535,-0.403841371,-0.794750275,-0.866518592,-1.265779997,-2.649706141,-0.643576036,-0.527900828,-0.528498368,-1.744488536,-1.524180262,-1.177527835,-1.159922342,-2.916994035
-3.099501293,-0.955650701,0.126549346,0.798479464,-0.089942891,-0.479417667,0.758825757,0.30129205,-0.95437374,-0.642308708,-1.254929568,-0.455922221,-0.201517107,-0.539476325,0.064863582,-1.68242557,-0.446582171,0.61937138,-0.050781111,-0.343161975,-0.170604539,-0.627807185,-0.98414299,-8.272635646,-8.130892654,-0.666857716,-0.820740221,-0.767848164,-0.262411876,-4.806775423
-5.867798862,-3.039186076,-0.680587167,-0.069247559,0.002164173,-0.293748841,0.008475488,-0.252886958,-1.944179318,-1.482720129,-2.560846815,-1.358554437,-5.253728732,-1.344959895,-0.523108688,-2.035215289,-0.982944796,0.073774208,-0.615463041,-0.946500003,-0.831762507,-2.069195184,-1.457779322,-7.732304451,-7.807443936,-1.699374548,-1.976241033,-1.389415811,-0.695815558,-3.79918261
-5.262165961,-2.473811239,-1.322293896,-1.53439486,-2.741488608,-3.018351563,-1.659389315,-1.736418167,-1.574228663,-1.389995114,-1.783950495,-3.838943365,-6.509302097,-4.314243223,-3.696045578,-1.13682988,-4.137417476,-5.038848495,-3.003572237,-4.406000133,-1.952201427,-1.436200174,-1.160389387,-5.514548422,-7.169159423,-2.287452638,-2.122062567,-0.593382922,-3.459867995,-1.317944119
-5.92784035,-3.592754027,-2.139297665,-1.237989595,-1.962957376,-1.524052066,-1.392178974,-1.801164492,-1.177064382,-1.222760861,-2.036098195,-1.945343596,-6.041021282,-1.916082607,-2.12960651,-2.945224001,-2.975724026,-3.664803957,-1.463942478,-2.188993581,-2.443873058,-3.521409746,-0.526156564,-1.079731848,-2.76920245,-3.45551044,-2.999729791,-1.691608828,-2.367137884,-2.47769695
-4.429601526,-4.755386814,-2.475837914,-0.966736646,-1.472408309,-1.707122802,-1.133332881,-2.111152623,-2.06475097,-1.081390891,-2.543550532,-1.134889635,-6.490609212,-0.749962773,-0.944174713,-5.088089881,-1.511289538,-0.667191519,-0.698714127,-0.646003412,-1.703536357,-2.977945672,-0.295667421,0.154534765,0.130692337,-2.433984316,-2.489331414,-1.386380787,-0.504193075,-2.618385316
-11.079677066,-5.767871879,-0.970081039,-2.52092907,-3.083215711,-4.487795254,-2.076971009,-2.16441175,-3.605559318,-1.819306378,-3.438311047,-3.604129776,-7.96168333,-3.449516802,-1.96231186,-4.243808705,-3.990217274,-2.192590365,-2.870564701,-3.464526852,-1.199173263,0.222998672,-0.895602134,-8.386977309,-8.416455009,-1.921009846,-1.069200447,-0.183056856,-0.997965116,-1.373682349
0.502719527,-0.648914358,-2.400709649,0.809073208,-0.162281705,-0.668695438,0.58577143,-1.37933723,0.289689929,-0.025262827,-0.581485069,-0.114433196,-0.550033642,0.765853871,-0.00890955,-1.885082717,-2.19208623,-0.344401235,0.990052388,0.384002835,-0.99886456,-2.16162589,-0.065839758,-7.690128224,-6.615319196,-2.636858279,-1.751902799,-3.723772951,-1.401248317,-1.929667699
-7.617071254,-5.085918508,-2.705570749,-1.680004246,-2.030021796,-2.328771794,-1.600873262,-1.838952235,-2.456949394,-1.244385363,-2.554744165,-1.912255825,-6.349529046,-2.256345259,-1.913493508,-3.365653862,-2.498083251,-1.86238336,-2.235408315,-2.046538566,-1.697204172,-1.992533612,-1.378412001,-3.061907647,-3.558286514,-2.487044338,-1.806541823,-0.725912488,-1.533028489,-2.253349723
-5.547628574,-4.326306389,-1.903635196,-1.18953321,-1.625548081,-1.573244827,-1.236508653,-1.727627908,-1.633517136,-1.209309028,-1.785711017,-2.190117058,-5.748839645,-1.905453714,-2.142946326,-4.828568945,-1.426464735,-2.515227243,-1.325675195,-2.089487631,-1.599387688,-2.60493951,-0.156556915,-2.981013287,-2.973779085,-2.514827367,-2.242691112,-2.044937045,-0.530193958,-3.724542942
-8.461618057,-3.457791842,-2.617280151,-5.536484011,-5.640976291,-4.452935528,-5.53525951,-6.602863684,-3.658555887,-3.024997384,-1.426359784,-7.66486762,-8.754181268,-6.64203426,-6.387050266,-5.708000995,-4.127129452,-5.480843931,-5.376670198,-6.995537939,-5.194679453,-5.094942469,-0.897499312,-17.401205248,-16.095058624,-5.872588702,-6.789786494,-4.364982555,-2.217391663,-6.592253307
-0.085293454,-0.514595972,-0.508630009,1.175789851,1.577493605,1.086403213,0.95054761,1.472822668,2.253248592,-0.420713128,-1.368992876,0.112884541,-0.319175063,1.004571261,-0.68842297,-0.650584203,0.778432001,-2.016687265,0.891320519,0.522827552,-2.363450508,-5.978446448,-5.175734452,-6.695005865,-8.55330646,-4.135881087,-3.464172871,-3.634611908,-3.296098011,-5.055555898
-5.616600331,-1.893664077,-3.606951547,-3.019772076,-2.642158592,-2.16531522,-3.14398879,-2.867215592,-0.958970639,-2.243209329,-0.360593321,-4.015503563,-3.778009189,-4.08987623,-2.84972369,-1.403823881,-4.665215736,-5.116375179,-4.122203543,-3.648863664,-2.426370959,-6.21745627,0.901059434,-3.467462851,-6.602175547,-0.02007189,-3.119765794,-2.770259234,-3.703535494,-2.414653169
-2.165236251,-2.686768508,-2.410721459,-0.81550662,-0.36372566,-0.590794573,-0.804490382,-0.874875491,-0.263146346,-1.216226213,-0.694685565,-0.636965682,-1.636730131,-0.709853488,-1.051710612,-3.363194229,-2.476094973,-1.756058955,-1.0814771,-0.463019744,-0.668553422,-3.53568847,-0.315886765,-0.866030242,-2.127978926,0.135731585,-1.056649341,-2.404313471,-1.529385453,-2.091734779
-3.907222718,-1.738138746,-0.701890502,-2.301348983,-2.811373457,-4.117095393,-2.16416408,-2.929032825,-2.391272788,-0.273937254,-1.746710397,-4.874204821,-3.614773063,-4.825860925,-5.054721183,-1.089298233,-3.032286,-4.388917646,-2.945764323,-5.071779142,-2.187712117,-2.249754473,-0.860099634,-8.905287519,-9.203675847,-4.639332341,-2.50336958,-0.170110607,-2.938245343,-3.613577624
-8.12269041,-5.776874081,-2.127262469,-1.697495364,-1.398690829,-2.335136426,-1.552035337,-2.044056159,-2.09103118,-1.894883534,-2.832743087,-1.528561792,-3.882459277,-1.051120542,-0.899912366,-5.832782742,-1.771917734,-1.484138255,-1.55328158,-0.976207875,-1.68094216,-1.142926062,-3.14098976,-1.786443629,-2.248709868,-2.734308896,-1.604761351,-1.020089258,-1.014357801,-1.754217166
-8.20163704,-3.769613949,-5.457453604,-1.545036636,-3.178047968,-1.348362809,-1.775646691,-2.235535282,-0.994399119,-1.778377464,-2.418398238,-2.752340608,-8.113310267,-1.797300771,-2.044470193,-2.516478948,-2.695423772,-2.190216355,-2.948145168,-1.910365123,-2.676506679,-1.62903016,-2.584258078,-0.922633124,0.944614489,-2.042999179,-2.822946172,-1.623143192,-2.262977447,-1.21909573
-3.052814997,-3.419684265,-1.236973904,-1.898391621,-1.121517829,-2.312732614,-1.736272844,-2.078593294,-1.675486711,-1.064341905,-0.99229947,-2.118607397,-1.720826923,-2.444352708,-2.550959273,-4.534746679,-2.685321176,-2.909165815,-1.839094113,-2.252146769,-0.884899491,-3.123096105,-0.349852225,-2.317748566,-3.732498894,-1.635754695,-1.225179591,-1.060843544,-1.722972901,-1.681778609
-6.671029486,-3.606440541,-2.949109314,-2.784915053,-1.921480544,-2.512268079,-2.83342722,-2.92631025,-1.165963938,-1.110235099,-1.02980681,-2.654214877,-1.425916701,-2.710358695,-2.749739235,-2.023895853,-2.77628257,-2.11189601,-3.199581163,-2.531276598,-1.791771429,-3.139303128,-1.782428791,-1.87604536,-2.90869837,-1.296961319,-1.252318629,-0.244425825,-2.773484207,-2.564412477
-7.351148473,-6.135952382,-1.251751034,-2.237316545,-2.051000656,-2.988078944,-2.099819175,-2.528389257,-2.815772072,-1.593332827,-2.761417588,-2.340040969,-5.392246233,-2.298267881,-2.320885529,-6.664101489,-1.790010514,-2.265598212,-2.058395905,-2.255096365,-1.540345621,-1.01873145,-1.818167984,-2.760565055,-2.891293002,-3.333180795,-1.613031276,-0.435735289,-0.723663738,-2.078168268
-8.444892114,-5.013573589,-2.559384588,-1.390979627,-3.253101129,-2.421229766,-1.165875935,-0.764908617,-2.351094798,-1.505289585,-4.251548718,-3.549352555,-11.24451585,-3.748927628,-3.146123646,-2.354895618,-3.582217843,-4.141909698,-3.222382614,-3.640828014,-1.834129473,-0.458918006,-1.850241332,-3.844968306,-4.412411024,-3.178170256,-2.119436453,-1.337276993,-2.634171332,-0.122738676
-2.729294341,-1.265005681,-1.022381719,0.062117532,0.145046864,-1.247093083,0.179371572,-0.129593774,-0.380757327,-0.684692008,-1.607994889,-1.079032816,0.34756736,-0.857962847,-0.359825599,-0.287167159,-2.414864807,-1.261857295,-0.263098383,-0.745427685,-0.971850416,-2.350964551,-1.318587416,-6.480393932,-8.409203047,-0.862614265,-0.957322419,-1.642840476,-2.390357718,-1.275510351
-7.408511767,-3.383403673,-3.456113317,-2.68986188,-3.731935913,-3.522329032,-2.70283097,-3.483201909,-3.086512626,-1.736467903,-1.846153271,-4.072177062,-9.720575502,-4.074660508,-3.392944608,-3.247104462,-4.367397639,-4.151121603,-3.290685317,-3.978481874,-2.735954361,-2.011427122,-0.226629472,-7.466133988,-6.805932129,-3.226310559,-3.397580001,-3.848020993,-2.063616426,-1.129624277
-2.069059304,-1.198819061,0.460439387,0.552838617,-0.18831703,-0.923194884,0.638064666,0.52459591,-0.572761684,-0.553715599,-2.448131274,-1.267617776,-3.334425042,-0.598897949,-0.934609289,-0.99882983,-1.452585419,-1.513109872,0.412430634,-0.907477167,-1.740825718,-1.21284995,-2.730001533,-11.420998098,-12.385831191,-3.520143931,-2.494087031,-2.863285923,-1.919812252,-2.626086295
-6.888721359,-5.608196345,-2.967257173,-1.365333351,-2.066778597,-3.559078574,-1.518900648,-3.05346389,-3.238244564,-2.61281008,-3.624642017,-1.602185114,-4.620516453,-1.302416119,-1.267701147,-6.424976168,-5.436599663,-1.45978153,-1.243842986,-1.00790033,-1.119828272,-0.302825726,-2.362640483,-4.498742596,-4.168861553,-2.163407022,-2.306458737,-2.003569211,-0.492970234,-1.782614316
-6.099278205,-2.42527026,-2.900210623,-2.12681269,-2.248267733,-2.727191909,-2.237151852,-2.633416598,-1.963293563,-1.791942078,-2.036525783,-4.053523148,-4.470625997,-3.713177825,-3.833897874,-1.921103024,-3.497887089,-3.395971442,-2.767226684,-3.767171437,-2.391720921,-3.415422993,-0.819723906,-6.099561287,-6.015530911,-1.909091817,-2.637300835,-2.417899653,-2.704559679,-2.18413071
-5.613158035,-4.575525701,-2.672350231,-2.432434495,-3.04907295,-3.589078938,-2.690997696,-3.267849028,-1.915287714,-1.336578619,-3.750416426,-2.636766089,-3.673912275,-2.662912755,-3.211597113,-4.715443313,-3.049003385,-3.059456715,-2.943531808,-2.696270976,-1.641974658,-1.399545599,-2.357454991,-2.378463309,-0.670892523,-3.618986554,-2.527581016,-1.109893567,-1.631521248,-3.354209754
-8.600738419,-2.61998303,1.572096365,-0.636431917,0.303610332,-0.090710637,-0.336773616,-0.112844547,-0.078399139,-0.689438432,-0.63883745,-1.144568128,-1.46602716,-2.162349333,-2.847830098,-1.93645547,-2.11143377,-3.750051884,-0.590602535,-2.317329687,-2.066614631,-5.642934164,-1.867233137,-10.944041076,-13.066202232,-4.55387615,-2.918754386,-2.833477213,-1.813936456,-4.519464074
-6.031012778,-4.856965002,-4.112507477,-3.396238352,-4.028429516,-3.674157767,-3.564400701,-3.917807579,-3.238846345,-2.907942693,-3.366189482,-4.194911473,-8.044944537,-4.871584544,-4.935924881,-5.553076203,-6.018075372,-5.792429029,-4.620211076,-4.763997492,-2.360093649,-3.356455048,-1.602301462,-1.413099108,-0.962409274,-3.136938158,-3.592947225,-1.98409349,-2.230366527,-1.786610815
-4.27302396,-2.953548412,-4.129835192,-2.997560284,-4.023266244,-4.30433092,-3.335133988,-3.968831472,-2.643565619,-1.704615452,-3.703513188,-4.707615256,-4.724296607,-3.63234495,-3.454044337,-2.285342772,-2.957076521,-2.489973352,-3.623355369,-3.688833368,-2.549160479,-1.380325198,-0.77170125,-4.593051187,-3.281782883,-1.58363664,-2.402738373,-1.244019736,-2.625446644,-1.902814325
-8.495465006,-5.286535783,-3.942556717,-4.547442025,-3.65251532,-5.896795982,-4.357483529,-5.260529292,-4.259609329,-2.210742244,-5.190676038,-6.204240291,-7.188913795,-5.366345397,-5.595905512,-4.989045876,-1.363711119,-5.511468352,-4.034071087,-5.678552386,-2.912156669,-5.169437134,-1.275444013,-9.45984334,-12.797139062,-4.663002131,-5.30376859,-3.845704132,-3.505699907,-3.206646079
-11.463525461,-5.472263375,-4.523933258,-4.528944917,-4.39579879,-5.694633734,-4.751765643,-5.718870048,-2.499941359,-2.769662069,-5.831074571,-5.260338195,-11.532958608,-3.188047009,-3.770896706,-7.439411899,-1.936186788,-4.698753465,-3.238223335,-3.734034156,-4.172550574,-3.142979292,-3.565511375,-9.718391709,-9.910636467,-6.671264673,-7.808017488,-5.875801636,-2.648679763,-4.847894623
-3.769693046,-5.083140385,-1.025684617,-0.478711963,-0.985841046,-1.030864029,-0.80459382,-1.370025109,-1.467261119,-1.477006882,-2.731238779,0.299002878,-4.453080775,0.066772162,-0.329627701,-6.015460173,-4.570576174,-1.95363844,-0.247229833,-0.091539819,-0.515076548,-0.774547491,-1.728727297,0.728633629,2.088544469,-2.185695304,-2.264438499,-1.910236165,-0.01367976,-2.641452317
-6.751029842,-3.730680169,-3.167082712,-2.941977049,-3.280880479,-2.957261692,-2.805213204,-2.76272011,-2.648848115,-2.162154422,-2.887149118,-4.96334669,-4.919153244,-5.090944236,-4.591334655,-2.726262792,-3.295174162,-4.71657896,-4.396950447,-5.039225375,-2.480486344,-3.763020326,-1.068605036,-5.24111756,-6.659467189,-1.925435657,-2.06277453,-0.320209939,-3.320433014,-1.692044625
-7.614838422,-4.448340006,-4.05615784,-3.987738111,-4.474742601,-4.639742814,-3.888150182,-4.555569303,-2.625280532,-1.892563759,-4.298225232,-5.474621677,-6.967215314,-5.441539729,-5.230960976,-3.743564006,-2.07753498,-5.217987563,-5.379255957,-5.582058299,-2.598355516,-3.414811821,-1.173058684,-3.385891503,-3.834432483,-3.15491396,-2.840237961,-0.758898926,-3.786451286,-1.951449961
-7.729649356,-4.972524574,-2.628443337,-1.02209847,-2.023981441,-1.327256057,-0.824590439,-0.717283455,-1.487718218,-0.908058303,-1.38735792,-1.897773396,-1.969339289,-3.312322395,-3.782274355,-5.173795789,-3.26191179,-5.029888032,-1.646749051,-2.753176638,-2.875037427,-8.430082182,-4.097089877,-2.070041557,-2.515665747,-2.722810083,-3.778843794,-2.026214163,-4.785268346,-5.347740993
-8.970936912,-6.652639101,-2.60653598,-1.717958334,-2.26975354,-2.731339125,-2.022872959,-2.454249744,-1.88279032,-2.182735651,-4.209268245,-1.581584756,-5.106715342,-0.888728699,-1.011946955,-7.817242132,-2.1454996,-3.272473171,-0.842211013,-1.020166681,-2.392062422,-4.412612727,-4.179488035,-0.124789957,0.358063845,-3.148109116,-3.921308856,-1.144302773,-1.563771653,-5.038529567
-3.726433902,-4.547508176,-2.936122223,-1.61277293,-2.668851985,-1.113032934,-1.410513183,-1.097367575,-2.65896231,-1.630755406,-2.136415226,-2.995148183,-3.777057007,-3.85670116,-3.782911045,-4.36753859,-3.54722018,-4.897572023,-2.75273336,-3.613864655,-2.083947269,-5.159627673,-1.420621188,-1.262360227,-2.977363483,-0.454172395,-1.949332846,-0.674048081,-3.670758569,-1.822715036
-0.155302623,-0.713322924,-4.224267888,-4.166429692,-3.441775691,-2.453095874,-4.473099678,-4.025047661,-1.967578372,-2.904685435,-3.240633037,-6.050294001,-6.220911396,-5.037604668,-5.43062774,-3.840992968,-2.438239456,-5.685737067,-4.90669748,-5.240698655,-3.324232448,-6.875679424,-0.240874922,-4.404920641,-6.361444067,-2.015084273,-3.425394618,-1.775358381,-3.522600929,-2.57325418
-8.05910268,-3.561404417,-1.373381483,-0.738294674,-2.069643553,-0.50535043,-0.515704631,-0.396138485,-0.393871066,-0.18904663,0.405490151,-3.236030469,-1.573028873,-4.561347948,-2.873163077,-1.248988011,-1.952850103,-4.008605244,-3.092082,-4.070487522,-0.760978073,-4.011842946,-1.179101782,-2.18407749,-3.805705703,0.727090634,-0.113064005,0.515588312,-3.407164378,-2.14247102
-0.514168146,-1.133197777,-2.323854858,-0.693418314,-0.050594992,-3.280090625,-1.055264734,-2.258145627,-1.381031116,-0.851628221,-3.012946426,-1.852897306,1.101711034,-0.669183617,-1.438382466,-1.463407765,-2.684317626,-0.27939543,-0.182782129,-1.073640001,-0.767674449,-1.371227576,-1.912383718,-9.057229611,-9.811511255,-2.157700755,-0.892031945,-1.98969778,-1.115684137,-1.811991608
-4.186575834,-3.655058944,-2.915088466,-2.240787824,-2.364495148,-3.876512994,-2.314713458,-3.154182435,-2.946030169,-1.46992275,-3.274958444,-3.190477198,-1.683491781,-3.108450614,-3.472782731,-3.803938794,-2.983105687,-3.311391425,-2.252598048,-3.172962214,-1.7871875,-4.744367455,-1.164245772,-5.753277029,-7.022629703,-1.401634177,-2.168991215,-1.784126964,-2.461663676,-2.438636771
-1.469821631,-0.765729567,-3.391389148,-2.385431906,-2.012133511,-1.604722559,-2.472091946,-2.261816528,-1.561362822,-2.039642236,-2.74159483,-3.699966534,-5.96010109,-2.912078204,-3.815740859,-2.64395253,-4.14991987,-3.426719541,-2.848268722,-3.058601314,-3.271933303,-4.46842778,-2.147559142,-6.452587654,-6.520692685,-2.612847245,-3.217111463,-3.071067865,-2.88893506,-2.10134611
-5.965420339,-4.855483623,-3.007730907,-1.980406594,-2.176753746,-5.230097108,-2.198933421,-3.635130127,-3.710847649,-1.76093213,-5.898328621,-1.673732628,-2.456444793,-0.916456953,-1.928481099,-5.930568947,-2.943228678,-1.949288297,-0.750029814,-1.378958773,-1.553219725,-2.848451403,-1.935519758,-4.552111578,-4.04920343,-3.111856264,-2.7299541,-2.098292778,-1.589763876,-2.467279292
1.131722046,0.527767228,-2.194741704,0.084608864,0.557602052,-0.889035817,-0.453910096,-0.680361838,0.109730631,-0.708264124,-2.494487933,-0.586780893,-0.955537075,0.710564114,-0.092323853,-2.250867396,-1.708736715,-1.23892506,0.742895185,0.454698645,-1.144316782,-2.223914463,-3.093785067,-5.695353458,-6.655889622,-1.089698229,-1.755357467,-1.553383741,-1.49487668,-2.815755249
-7.600066449,-4.567959111,-2.256824025,-2.274199693,-2.890646326,-2.099206488,-1.982872307,-2.175416954,-2.64205616,-1.431937708,-1.032925982,-4.31067547,-4.868548899,-4.883363249,-4.247052579,-2.640688324,-3.361933512,-4.821964848,-3.509428641,-4.499950466,-2.304187921,-4.732296498,-0.934933151,-6.371585724,-8.848038441,-1.136654904,-2.774799352,-2.022650064,-3.60824712,-2.271950218
-4.765827585,-3.097761755,-2.025816077,-2.706328833,-2.235267588,-4.41218431,-2.620093301,-4.413849544,-1.944728968,-1.107600617,-2.268802621,-5.972570839,0.320597221,-5.303834788,-4.13014368,-1.609380113,-1.325897015,-2.854371172,-3.730142795,-5.67884589,-0.862544043,-3.813487083,-2.665633215,-10.404583479,-12.414435354,-3.901310356,-1.754137053,-2.739212933,-2.136113368,-0.825163309
-4.561582506,-3.395615083,-1.978349512,-0.237616382,-1.108895927,-1.554148268,-0.603094703,-0.954219606,-0.910951597,-0.15689236,-1.874655978,-1.465488044,-2.568568316,-2.180477223,-1.723290663,-2.944748506,-5.671838577,-3.614161197,-1.150769287,-2.202037376,-1.405347097,-4.873371335,-3.081461319,-4.321975075,-5.882740002,-1.692500641,-3.49573525,-2.384604408,-2.833096924,-2.190836558
-3.6652333,-2.488466774,-2.363659237,-1.927864198,-1.861343325,-2.66644286,-2.19046302,-2.648804745,-1.673958641,-2.402569565,-4.800466176,-2.128532531,-7.418861929,-0.653540022,-1.356180717,-4.080022798,-3.052964174,-0.588378441,-1.869935826,-1.224905188,-1.998956117,0.953027595,-2.097925109,-3.482493572,-2.432244893,-3.863628519,-1.702266839,-1.495220468,-0.222001848,-1.950030673
-3.277612605,-2.608095909,-1.962037314,-1.137564617,-0.974504091,-1.788442161,-1.312069557,-1.761898241,-1.320683263,-1.773091922,-2.67358699,-2.556089002,-4.793164813,-1.842717895,-2.002502537,-1.52673581,-3.717713949,-1.106573172,-1.665536213,-1.975100474,-1.921725979,-0.880606926,-2.398130441,-7.784830234,-8.274335582,-2.608576546,-1.875448425,-2.82629759,-1.259760619,-1.90954653
-3.397771018,-2.708026094,-1.574444993,-0.462167783,-0.628598363,-1.284656319,-0.286667816,-0.927561321,-0.802558749,-0.939635467,-1.512822925,-2.709607628,-1.444310774,-2.461203075,-1.949658297,-0.287523103,-2.966192414,-0.6600128,-1.332932802,-2.488012795,-0.973701808,-0.440667018,-2.82369784,-8.22903631,-9.305410815,-2.00569468,-0.589443986,-2.375982695,-1.585405694,-1.064355222
-6.397791215,-4.551538095,-2.429838999,-2.696448967,-2.305335245,-3.881770504,-2.395526311,-3.317327566,-3.524517736,-1.465739069,-2.044072814,-4.716886647,-1.991606174,-4.65034443,-4.183196402,-3.327197872,-3.361901444,-4.071307553,-2.89528465,-4.558808059,-2.122856294,-5.760247385,-1.188629908,-10.073672496,-12.519982654,-1.444011104,-3.148041487,-3.220165887,-3.093924193,-2.449451795
-4.727443314,-3.631871878,-3.348995895,-4.042063895,-3.610155937,-5.533287477,-4.480644909,-5.345405068,-3.058645735,-2.106776666,-5.720016985,-4.079139117,-5.268241767,-3.574913205,-4.36194892,-4.054498708,-2.818295993,-4.210141345,-4.161979467,-3.992440081,-2.54081642,-5.134392641,-1.430840529,-4.317569285,-3.945796868,-4.219132024,-4.020374436,-2.290605891,-2.479421337,-3.00092757
-4.385710029,-3.812946731,-3.244368158,-2.290852147,-2.522773381,-3.298462324,-2.814999058,-3.429858363,-2.313061422,-1.957946087,-4.737477988,-3.551137684,-8.400772565,-2.585136816,-2.868562451,-2.917481209,-5.142870892,-4.333805385,-2.419940811,-3.149710633,-2.804799446,-5.099132054,-2.738152906,-4.557812,-7.028238334,-4.019970077,-5.166429273,-3.040237209,-2.296212056,-2.420593304
-7.140926454,-4.2802118,-2.93610448,-2.699946222,-2.725053626,-3.684474422,-2.534580681,-3.346677895,-2.468226353,-1.013449846,-2.876965964,-4.581670114,-4.303918565,-4.455681014,-3.95206004,-3.631939279,-3.220145656,-5.08338048,-2.887084528,-4.668103052,-2.30695262,-5.540858723,-3.417533496,-7.887472056,-9.655501817,-3.691816013,-4.019524264,-3.113640221,-3.156155174,-2.123069399
-0.180136838,-0.011337613,-4.596511809,-4.57848639,-4.392947143,-2.82003087,-4.610982195,-4.140860195,-1.62111334,-1.067689497,-3.548641177,-6.115602939,-6.903860553,-5.155036622,-5.988350563,-3.73588413,-4.048063633,-7.372001052,-3.720973754,-5.750919032,-3.835492711,-10.501410758,-2.267292019,-1.305415337,-3.942519354,-3.464662296,-6.60871868,-1.948935083,-4.803603071,-2.594421204
-4.224289384,-3.057620017,-1.931906567,-5.634479549,-4.903974964,-6.17619345,-5.996885957,-7.167733165,-3.375735816,-2.949822767,-6.094340131,-6.311024163,-4.245989618,-3.884096623,-4.727888899,-4.33196188,-3.260234369,-3.924337737,-4.746792841,-5.0466852,-2.482739875,-4.411290365,1.139487049,1.276282256,1.566034978,-3.489772901,-3.281862269,0.193372105,-0.519080538,-4.01280241
-6.148629879,-2.951631535,-1.750703551,-1.494795972,-2.627887198,-1.744439031,-1.545333165,-1.582240448,-1.630434156,-2.095133776,-4.276396638,-2.117450512,-7.089516864,-0.799033205,-1.967529986,-1.463870632,-4.467433704,-2.268081872,-1.245030066,-1.054512601,-2.988993808,-2.242747373,-1.581245824,-1.135692991,-1.191941509,-2.832062664,-3.784768729,-1.436077108,-1.395444402,-3.25834249
-4.715723706,-3.056207499,-3.319040246,-2.661180323,-2.064621531,-3.048462303,-1.921857655,-2.569202355,-2.126451793,-0.650206825,-0.94901851,-5.266381755,-2.371114948,-5.337030802,-4.467245458,-3.472899506,-9.17833207,-4.839435471,-3.244943169,-5.543935125,-1.213345236,-4.10928209,-2.322755255,-9.72468981,-11.791623215,-2.253143858,-1.370106436,-2.519367004,-4.247293152,-2.181536111
-3.69947843,-2.874342667,-2.658555352,-2.417714662,-2.334447466,-3.497979394,-2.176935628,-2.913837909,-1.956016082,-1.537378121,-4.168218983,-3.970503832,-3.766094263,-3.000473371,-3.24851328,-2.747484228,-3.365300756,-2.789615807,-2.685458516,-3.565935054,-1.162639457,-0.855890392,-1.585426723,-3.94888194,-5.204295067,-3.670244806,-1.699835673,-1.705082837,-2.125333021,-1.686970051
-8.27144718,-5.299419567,-2.196625045,-1.601039371,-2.316616767,-3.660976029,-1.648735327,-2.155497731,-3.416808244,-1.111897332,-4.276211147,-1.874618052,-1.913259187,-2.597715961,-2.990691344,-2.692488369,-4.341363984,-4.231443128,-1.508786211,-2.195281246,-2.40588877,-5.913005506,-1.594618858,-4.966017606,-5.797865089,-1.621379771,-4.604593731,-2.697307673,-3.220807663,-3.505611419
-2.959811138,-2.186598291,-2.330810136,-1.360385281,-1.531663266,-1.359844709,-1.354290286,-1.389399055,-1.356367626,-1.78740542,-2.730681341,-2.193057677,-4.577884362,-1.633376182,-2.19566537,-1.291036682,-2.057054104,-1.930651755,-1.549892425,-1.660418281,-2.252611179,-2.275781125,-1.601834981,-5.002268459,-5.58051064,-2.097587545,-2.309040132,-2.164362083,-1.943957539,-2.360632268
3.315633033,0.839780337,-2.087861929,0.206755224,-0.223652601,0.760026448,0.056313148,0.595436609,0.223134461,-0.754315848,-2.024897193,-0.798278827,-1.495438044,-1.337996346,-1.3977904,-1.157353322,-2.540798482,-1.953285656,-0.733397628,-1.40140463,-1.585974313,-3.819093791,-1.336379793,-1.885116269,-1.26566292,-0.538067012,-0.838622431,-1.377265162,-2.694197671,-1.226096122
-1.641358874,-2.006763299,-1.890281726,-1.1293614,-1.164543102,-1.478284887,-1.385609273,-1.907217651,-1.362868553,-0.970003397,-1.330173224,-2.55029564,-2.841221747,-2.985249133,-2.51338094,-2.635426097,-5.537282384,-2.517990987,-2.324977141,-3.00597546,-1.84390321,-4.323636503,-2.271001224,-6.580768532,-5.860530862,-1.351601974,-1.384760409,-2.362393265,-2.062775142,-1.75114253
-7.255584383,-5.118030936,-3.089280561,-2.82868124,-2.124150815,-5.037865505,-2.906505573,-4.332550743,-3.335206455,-2.141783368,-4.243723439,-4.71503566,-5.87178756,-3.065235609,-3.552733374,-2.775777864,-3.223056531,-2.419859891,-2.920572438,-3.408353024,-1.867407968,-0.765480644,-2.844653147,-10.946976681,-13.196988755,-4.656697925,-3.128695532,-4.006417236,-1.024606383,-2.220472753
-7.695144718,-5.137096783,-2.563916281,-2.068840288,-2.835040349,-3.570856924,-1.92716302,-2.686818542,-2.593586864,-1.526603591,-3.088286504,-3.30786172,-4.784551701,-2.873186174,-2.770164218,-2.224215679,-6.341956657,-3.147676228,-2.440486394,-2.936064795,-1.631574769,-1.489274853,-2.198609455,-6.107987051,-7.651447751,-2.979814323,-2.618441156,-2.193909866,-2.014606825,-2.013429852
-1.049288115,-1.259704319,-3.704152541,-1.591314519,-1.166684446,-1.250990852,-1.481237003,-1.401871845,-1.235151059,-0.572555969,-1.667266808,-3.670908963,-3.452458234,-4.110682311,-4.042027096,-3.194301241,-4.131170872,-5.131607096,-2.19227134,-4.222908886,-2.583834047,-7.444351163,-3.453056512,-8.120903177,-9.548029677,-2.61009164,-3.561275849,-3.518542825,-4.047364389,-2.601294362
-3.075651281,-2.103373207,-3.221040742,-3.940914441,-3.629698112,-5.368570168,-3.758167118,-4.474428316,-3.324450751,-1.517905857,-4.857143406,-5.026874426,-1.785049371,-4.976535831,-5.26067817,-3.33107192,-1.149792933,-4.887707436,-3.789119432,-5.130930257,-1.809543944,-4.763464768,-0.508057894,-4.32349,-6.497193177,-2.468182328,-3.372692775,-2.066738103,-3.608541344,-1.337559112
-3.450968931,-2.815773227,-1.573388308,-1.367089637,-2.229899582,-2.557368347,-1.750702716,-2.617455644,-1.707109175,-1.411436159,-3.262672925,-2.526189713,-2.962387201,-2.522870981,-2.000799417,-2.553955688,-4.581940798,-3.101966581,-2.030927592,-2.709269962,-1.507817524,-4.191202595,-1.258971459,-1.85082382,-2.226705267,-1.42099383,-2.35452419,-0.990998538,-1.751663579,-0.780892074
1.146000909,-0.883849999,-2.831212283,-1.292500531,-0.970392488,-0.634775354,-1.259509034,-0.894493693,-0.847540231,-1.126103656,-1.545933845,-2.390259827,-2.906626808,-2.847250011,-2.548656757,-1.80606693,-4.789835047,-3.064762067,-2.200783531,-2.923045838,-1.873894848,-3.848432701,-1.716254773,-7.132033776,-7.744458452,-1.580187737,-1.188184481,-2.560185493,-2.302882762,-1.881179908
3.957976834,1.497560668,-2.294878256,-3.124440517,-1.516861147,-3.260795006,-3.113398559,-3.192905203,-1.851922595,-2.098738607,-5.680906031,-3.848099606,-1.676378906,-3.460078725,-3.738770119,-2.233487729,0.831466092,-1.446158165,-3.491029453,-3.773381257,-1.567940323,-0.967441178,-0.605550149,-3.02045563,-3.008773561,-2.400681906,-1.893073724,-2.243219507,-1.599580498,-0.685510579
-6.880285403,-3.817341409,-3.152565667,-2.82839035,-2.636872439,-3.426215019,-2.86500027,-3.86445781,-2.432814076,-1.760244559,-2.499699897,-4.382681378,-7.1562187,-3.556586941,-3.709899004,-3.20822148,-1.101088079,-4.163696693,-2.248657239,-3.534894356,-3.66275018,-5.888396399,-2.68406773,-7.314492209,-9.902604609,-3.946518465,-5.194608619,-3.225789495,-2.640646006,-3.549028579
-3.879187548,-3.069424606,-1.823856739,-0.487004366,-2.023054472,-1.615161086,-0.622304875,-1.151149891,-0.545901,-1.126643443,-0.988117671,-0.51757157,-4.036211485,-0.717806513,-0.218228662,-0.915348509,-5.516602705,-1.172815979,-1.020123919,-0.705820437,-0.877582728,-0.777358314,-1.878960814,-4.526451967,-4.872045766,-1.638054648,-1.44171814,-1.291820987,-0.62672286,-1.415636212
-4.083278877,-2.703738183,-3.097823428,-3.25629963,-3.290808214,-4.519325169,-3.26678453,-4.010073264,-2.486655075,-1.013780231,-3.078164874,-6.024763512,-3.737965588,-6.173936943,-6.267818947,-4.213522023,-4.533702839,-6.474298373,-4.309182452,-6.519286391,-2.245707636,-7.521766008,-3.172264664,-6.502978746,-8.399084451,-3.00325757,-3.96956696,-2.853165788,-4.361494839,-1.870841658
-6.50545388,-4.228299499,-2.681989268,0.131545254,-1.949638955,-0.307709793,0.33738951,0.750794623,-2.834371617,-1.004973985,-0.557675249,-1.59674106,-1.948930423,-3.237821478,-3.540434825,-1.61563464,-8.29552797,-6.24023194,-1.360259555,-2.93171978,-1.989579363,-6.754587633,-3.510313715,-6.389052654,-7.599707383,-1.976571385,-3.373972126,-3.134953578,-5.448888897,-2.848764948
-6.782103133,-3.09683199,-4.474063332,-3.55430572,-3.114655461,-1.350581812,-3.045627944,-2.37071211,-3.431826886,-1.735637034,-3.167096446,-2.157722177,-3.272116555,-4.066321465,-3.975773827,-1.935943372,-7.784459442,-3.850970147,-4.558547607,-3.710867133,-1.954684091,-3.31610731,0.594925188,-4.274477103,-7.976972844,-0.91503171,-1.40065376,-1.66731626,-4.943788296,-3.083698485
-4.728337349,-3.085365676,-2.559425774,-3.444656915,-3.136684012,-5.363489369,-3.922889954,-5.525611817,-1.995633432,-1.657911128,-2.780057465,-4.604768878,-6.739852667,-3.172289262,-2.916747939,-3.073087239,-1.84352595,-2.189422312,-3.324415154,-3.699593575,-2.187536215,-1.819832486,-1.697634474,-5.626836795,-7.161890458,-3.303328244,-3.154667005,-2.440193863,-0.115206039,-1.813429311
-5.436795877,-3.616488144,-3.095123628,-3.90255132,-2.963814443,-4.284387305,-3.995683381,-4.659889783,-3.852818121,-1.415041146,-3.567893789,-5.498465632,-3.534667379,-5.626977913,-5.597766842,-3.784060516,-7.462973569,-5.298782832,-5.180543225,-6.018445339,-1.444175471,-5.285761962,-1.961991734,-5.440629008,-7.779906262,-2.161872976,-2.556132838,-2.883929925,-3.27496592,-2.09456088
-1.309369889,-3.799448231,-0.91396711,-0.681462198,-0.816252437,-2.625970122,-1.291707711,-2.035112134,-1.580943979,-0.825352391,-1.4150798,-2.069797619,-1.83210967,-1.487387797,-1.087398422,-1.180890643,-7.889067934,-1.853870534,-1.194495667,-1.97345802,-0.473325089,-1.934525132,-2.808784974,-5.631406853,-4.989585341,-1.419013603,-1.319902593,-3.364045615,1.006243879,-1.373259168
-3.428548489,-4.049150281,-3.709744451,-3.927704155,-2.975412093,-4.984744502,-4.147262361,-5.134291651,-3.610643233,-2.192976626,-4.698679556,-4.909778585,-3.767547706,-4.141694796,-4.376247268,-3.637744099,-2.166441602,-3.874279623,-3.471283421,-4.404237847,-2.533977502,-3.089659913,-0.990900926,-4.8804143,-6.95650451,-3.32516204,-3.718005785,-2.662881939,-2.318155303,-2.10839828
-1.952786278,-1.05547236,-0.784585436,-0.33878695,-1.715584236,-0.521804294,-0.223561983,0.024577139,-0.07015932,-2.328153748,-1.039393229,0.313422699,-4.300237701,-0.55975328,-0.294576087,0.012318364,-4.470344334,-0.622852247,-0.880477176,-0.359292728,-1.308820309,-0.664947362,-2.149748756,-3.128837837,-3.688531299,-1.826274587,-1.601486286,-2.04760379,-1.250907406,-2.526795385
-2.412147908,-2.502691356,-1.90838358,-2.331232698,-2.130219578,-3.703428048,-2.674204347,-3.321107129,-1.930860529,-1.597020494,-4.325278504,-3.221872143,-2.694251732,-2.601000455,-2.695598303,-2.519651342,-1.564721491,-2.504455481,-2.008837386,-2.829873046,-1.96827965,-2.297567062,-1.487609555,-2.592666854,-3.360369887,-2.4080113,-2.849608253,-2.06370188,-0.91294512,-1.481610017
-4.435337633,-3.223724536,-2.524524795,-1.576339081,-1.849035337,-2.405661085,-1.681594857,-2.192831978,-2.290330346,-1.075581212,-2.373740854,-3.456839671,-3.549142851,-3.314906027,-3.385717851,-2.852074818,-4.81255702,-4.847103694,-2.095051853,-3.546000967,-2.152771492,-6.726169836,-2.968125336,-5.340995836,-6.942946783,-2.160720965,-3.555756385,-2.901264025,-3.075366677,-2.301052792
-0.879661603,-0.666181169,-0.889876444,0.189773339,-1.364983811,0.353976515,0.069802244,0.006917236,0.151163974,-0.896478771,-2.306271218,0.24351392,-0.886678215,-0.681462406,-0.296251417,-0.852205541,-4.308194398,-1.329515056,-0.596687856,-0.617054887,-0.441291968,-2.1150698,-1.145116846,-0.885519279,-1.393602537,-0.343960319,-1.08264377,-0.291149424,-2.321827452,-0.283483351
-3.62302712,-2.215228785,-2.734721772,-2.787160603,-1.876374404,-2.881117087,-2.398494986,-3.147291961,-3.020296491,-0.538829657,-4.591600838,-5.307634343,-1.465297156,-4.993212962,-4.890712999,-4.385211626,-2.762675507,-4.941952852,-3.410590859,-5.309544129,-1.982735717,-6.535869989,-1.91696798,-4.366011328,-6.408315751,-1.831222508,-3.306066212,-1.52134092,-3.746377848,-1.083873737
-3.534047975,-3.654037457,-1.173573185,-0.158297036,-2.077211899,-0.982933783,-0.549051473,-0.66610972,-1.300205174,-1.66612422,-1.599292485,-0.085895928,-2.653021843,-0.906614319,-0.775966997,-0.636323521,-6.672204529,-2.135703416,-0.908207298,-0.679879109,-1.248248675,-1.426389081,-2.145274325,-1.46588915,-1.407647034,-2.025043868,-2.083047406,-2.508757132,-1.813705,-2.303660466
-3.887951423,-4.820354575,-2.309252676,-2.274852833,-2.071701397,-3.212170995,-2.352585525,-3.012363186,-3.60654039,-1.91503612,-3.379179356,-3.249539215,-2.761748695,-3.175379129,-3.241344465,-2.5416217,-6.657728858,-3.580208007,-2.722851722,-3.28229489,-1.856017843,-3.088217874,-1.805745331,-4.008057587,-5.055194728,-2.287766927,-2.8431711,-2.650775304,-2.509393336,-2.107637575
-2.775407582,-0.612290614,-0.609110051,0.59428325,-0.630110538,0.714210625,0.596997289,1.019168439,0.484528007,-0.761194724,-1.313659968,0.160250458,-2.295549008,-0.683907566,-0.399114399,-0.748232478,-3.526454995,-1.144041939,0.051261351,-0.490476584,-0.959933637,-2.888600078,-1.609246666,-1.166396841,-1.096385741,-0.692644874,-1.609264269,-1.06432627,-1.156335381,-1.095683135
-0.367610024,-2.010035381,-1.75505094,-0.936288381,-0.596605964,-2.16091167,-1.003067134,-2.047801499,-2.102399899,-0.792427405,-1.243172017,-2.522627581,-1.376847114,-1.851396523,-2.02101727,-2.240806153,-4.387603013,-2.326733592,-1.74843623,-2.180534023,-0.587606326,-3.349039571,-1.44584208,-5.496910198,-7.22567215,-1.157369997,-1.904830845,-1.179995429,-2.130411349,-1.086121803
-1.990423275,-1.608066125,-1.453944844,-0.35449932,-1.39155548,-0.109620726,-0.244463256,0.055909633,-0.805392201,-1.236628388,-1.923640108,-0.344605401,-2.174694973,-1.295796708,-1.189101867,-0.837217109,-3.451594109,-1.776878129,-0.645405075,-1.069321109,-1.336250539,-2.123984903,-1.01064553,-2.1437111,-3.125840257,-1.393141547,-2.186242393,-1.700827493,-1.832614244,-1.956325795
-2.646203257,-2.009401141,-1.25216818,0.417160422,-0.509035728,0.071200244,0.384481589,0.390413799,-0.582281261,-1.068345626,-0.671963606,0.341298794,-2.385115554,-0.210908878,-0.280671056,-0.616773072,-4.687892233,-0.922795426,-0.032473631,-0.059937952,-0.898323725,-2.017047025,-1.129577225,-3.386775422,-3.88252655,-0.865173028,-1.840733612,-1.448824539,-1.247070832,-1.632968256
-2.898289906,-2.556721739,-1.464124356,-3.554980944,-3.656486595,-5.704198076,-4.280854063,-5.159890466,-2.345012618,-2.310736761,-4.541976876,-4.744865475,-4.55863653,-4.443534451,-4.153451177,-3.182049412,-3.053124231,-4.143070809,-4.313739579,-4.768968379,-1.645930547,-3.283763363,-2.44326209,-1.2641677,-1.616487933,-2.997284127,-2.551558811,-2.495108221,-2.404460416,-0.639015087
-7.020470221,-6.772109014,-4.613901478,-4.285563564,-4.561214754,-4.475081722,-4.033555829,-4.137331909,-4.315786802,-2.388109017,-6.145700146,-4.239238717,-4.778232573,-4.887735754,-5.370818899,-3.387085407,-2.015203785,-5.573279343,-3.706445287,-4.492732951,-3.517323645,-4.962852777,-2.1882524,-4.323617255,-5.394089865,-3.859669918,-4.978664677,-3.926740312,-4.223316242,-3.64754572
-5.204288282,-3.499893014,-2.490578549,-1.099319467,-0.920614982,-1.73065811,-0.947844792,-1.013020794,-2.765875371,-1.037800636,-2.541256094,-2.504998293,-2.343838712,-2.540616562,-2.905504552,-2.562230107,-6.901975902,-3.452049337,-1.439388091,-2.571839714,-1.685439591,-5.478291943,-2.108162048,-4.626218699,-5.46003053,-1.372497904,-2.94766471,-1.946282196,-2.99147221,-2.139317395
-3.964584178,-4.067870499,-2.455495203,-2.002629757,-2.258628054,-2.529593358,-2.059483924,-2.442151097,-2.369090942,-1.204230228,-2.631802303,-2.273912019,-2.023918536,-2.771842415,-3.192422961,-2.133274596,-4.423134042,-2.998130581,-2.178710085,-2.596087855,-1.581620161,-4.08848609,-1.577735665,-5.003225966,-5.810552942,-2.100987284,-3.483987661,-3.281140911,-1.479081957,-2.592577712
-0.848431093,-1.788708574,-1.284520776,-0.76336394,-0.361528888,-2.044675258,-1.140917962,-2.016689827,-1.849698356,-1.186560054,-1.045005424,-1.728383581,-0.865086312,-1.443172262,-1.640146061,-1.659202495,-5.269350903,-0.955055825,-1.012453806,-1.615168955,-0.641373865,-1.490661816,-0.835711559,-5.788205259,-7.203738071,-1.248677221,-1.79470751,-1.815054478,-0.20611533,-1.461087996
-0.999534093,-1.327500443,-0.392946901,-1.049294661,-1.119920962,-2.578616161,-1.611436775,-2.736023743,-0.673831658,-1.235904048,-1.776718996,-2.292331841,-2.71943319,-1.929347345,-1.502526833,-1.9766697,-3.657522333,-1.625150727,-1.841179199,-2.18071668,-0.682364887,-2.332073943,-1.720392011,-3.979690725,-4.82926265,-1.596070909,-1.857969605,-1.71669484,-0.123438468,-1.230170593
-2.866312279,-3.00369633,-1.770097981,-0.523258527,-1.199101969,-0.900548624,-0.486364188,-0.476173664,-0.926947291,-0.640923572,0.218118424,-0.784777558,-2.052671057,-1.440326402,-1.882142159,-1.330973528,-4.041136415,-1.698531811,-1.924834124,-1.043436169,-1.343044854,-3.476599616,-1.394549657,-3.877135418,-4.355928736,-1.723738391,-2.760645425,-2.398056932,-0.717327709,-2.114559821
-6.010550335,-3.315145711,-1.939564832,-1.277671531,-1.985026865,-1.677954503,-1.480486015,-1.49948866,-2.085792564,-1.930301241,-0.039659812,-0.460820273,-3.154267665,-1.110425882,-1.559794968,-0.315674494,-5.434097916,-1.690647448,-1.596223269,-0.824865105,-0.560655542,-1.234568587,-1.47888938,-0.9026041,-0.68547738,-0.504720903,-1.857513195,-2.841679439,-2.116609633,-2.400771686
-5.402437948,-2.667053355,-1.665923365,-1.857206059,-2.039158182,-2.775614098,-1.944750942,-2.149763251,-2.764131963,-1.587186243,-2.598724917,-2.23256742,-3.372902195,-2.852258846,-2.006808674,-2.105605747,-4.613585304,-3.226707123,-1.133480664,-3.035256725,-1.152966692,-2.518234187,-1.604453673,-1.108846104,-1.491432778,-0.847283417,-1.731528245,-1.837731825,-2.648530967,-0.643216954
-5.145924397,-3.898665207,-2.613173815,-1.9826859,-2.306762182,-1.196568202,-1.29216859,-0.532307771,-2.253772061,-1.766460314,-2.140753053,-0.702817963,-3.174038791,-1.528711385,-1.334922697,-0.537704893,-2.328962152,-2.743134097,-0.424212566,-1.351879023,-1.067875289,-2.018514324,-1.484615361,-0.452843321,-1.827538251,-1.481825805,-2.363409678,-2.518076122,-2.806683402,-2.653910386
-1.200806992,-3.352590173,-1.08840175,-1.37639268,-0.733643387,-2.493171569,-1.768300623,-2.538890979,-1.187446409,-1.043535081,-2.183298744,-2.103127579,-0.974165124,-1.741971276,-1.498071996,-1.783176666,-2.97634447,-1.178590181,-1.772186975,-1.932221233,-0.534086132,-1.560980634,-0.963991809,-4.101843352,-5.29307077,-1.397468012,-1.696618301,-1.68170081,-0.178188549,-1.146702922
-3.252172872,-1.435340789,-1.237566132,-0.547193978,-1.74723556,-1.274258087,-0.484766651,-0.426343794,-1.309286694,-1.247951444,-2.161699818,-3.276718535,-5.149020612,-4.368538167,-3.269580375,-3.558230145,-6.941806983,-5.951441125,-2.334474094,-4.382439762,-1.996844797,-7.278803136,-3.732628553,-0.221164737,-0.83474262,-2.12796515,-3.051436587,-2.599658783,-3.495799478,-1.378716392
-1.847015053,-2.238881672,-1.197475345,-0.67669073,-0.541112563,-2.060347224,-1.090267627,-1.960313209,-0.566360499,-0.655173555,-2.259211541,-0.533023112,-1.120770427,-0.653421464,-0.647734993,-0.99037731,-0.222312288,0.566928296,-0.46421503,-0.51687535,-0.121500227,-0.052717578,-0.002646053,-2.589365427,-3.554503723,-0.268070345,-1.12564673,-0.952828054,-1.053974583,-0.778872143
-3.783503506,-2.227019955,-2.032221387,-0.596165887,-1.710505148,-0.71514505,-0.756828244,-1.104021286,-1.478204543,-1.168103331,-1.822074408,-0.322467699,-2.252589358,-1.237137794,-1.469176297,-1.311727132,-2.74838926,-1.17001147,-1.484742668,-0.865637811,-0.589171576,-1.706109742,-0.974193233,-1.403745316,-2.788578594,-0.664495189,-0.810466955,-1.656341551,-2.470621899,-1.749546811
-2.582538172,-2.053892542,-1.694946908,-0.438448603,-1.293784074,-0.657097349,-0.594752982,-1.146593119,-1.707092953,-0.378773178,-2.372427113,-1.112714302,-3.046814712,-1.449718268,-1.815901287,-1.493329008,-2.694163549,-1.979918197,-1.638891831,-1.647372101,-1.646173144,-3.058462915,-1.204647385,-1.900557425,-3.180410009,-0.734286796,-1.827477633,-1.297107956,-1.843893749,-2.302752326
-3.14472793,-2.313222137,-2.257956102,-0.873834558,-0.952492428,-1.180380691,-0.862971586,-0.573946254,-1.382353788,-1.254395524,-1.19039047,-0.54463013,-1.585803691,-0.906618431,-1.122704144,-0.82273213,-0.967423433,-1.662924285,-0.598294004,-0.830707982,-0.725921616,-1.917044115,-0.712629498,-1.845815496,-2.257529383,-1.002220704,-1.722049206,-1.143353859,-1.443014667,-1.354219443
-2.120775321,0.891239259,-1.273228991,-0.56485012,-0.830092818,-0.913774844,-0.562588238,-1.085047966,-2.156009281,-1.251793,-2.28874449,-2.237862897,-1.400471355,-1.983959469,-1.730690546,-1.682556203,-1.287399404,-3.490220104,-1.316599078,-2.225388766,-0.455715911,-1.943907008,-0.783734658,-1.401927744,-2.109327567,-1.189306177,-1.389649741,-0.036339459,-1.859547958,-1.518324148
-2.792987212,-4.501213703,-0.478291191,-0.400194837,-1.485152574,-0.946107002,-0.786711601,-0.659287049,-1.030005483,-0.596568226,-1.785439038,-1.278788763,-3.913538549,-2.36594158,-1.268659286,-1.903061221,-9.473148777,-2.568010489,-2.045231937,-2.574131628,-0.422532896,-1.843616252,-1.759673872,-1.289592673,-2.055479638,-1.476517378,-1.477132863,-3.039576246,-1.105313962,-2.183072791
-2.312029945,0.690403939,-1.298028567,-0.334309963,-0.81942893,-0.344097062,-0.39076037,-0.359378432,-1.099028496,-1.529055881,-1.218187959,-0.365871437,-1.709227825,-0.466952196,-0.38000983,-0.652615151,0.412874305,-1.901306908,-0.500387938,-0.698462511,0.028970093,-1.17081856,-0.615373825,-1.209931096,-2.418677315,-0.943687071,-0.519033797,-0.477227178,-1.596865718,-1.370987631
-2.343941689,-3.638269763,-1.40985793,-0.820383547,-0.778844187,-1.863050589,-0.812259703,-1.001945844,-1.224041925,-0.517909824,-2.189557449,-1.864147291,-1.72710623,-1.9087986,-1.262943707,-1.553955019,-4.571768748,-1.554661864,-0.866499667,-1.733540932,-0.549170055,-1.740912147,-0.774691977,-1.747314898,-1.78722215,-0.966210497,-1.890731397,-1.743933507,-0.455153807,-2.472699502
-3.298972176,-0.896610331,-1.05907599,-0.788268914,-1.440643919,-1.578746682,-0.89273424,-1.259450156,-1.925203154,-0.967316989,-2.653305089,-2.877823855,-2.810704119,-2.67453358,-1.877964777,-2.462602,-2.194726322,-3.736235721,-1.669345629,-2.694491654,-1.090735537,-2.751399593,-1.66195589,-0.521352409,-0.972541986,-1.494587099,-1.693335136,-1.335859425,-2.089792719,-1.458779822
-0.060714765,-4.509429596,-0.638518244,-0.455970487,-1.462422638,-1.416672537,-0.687820054,-1.173246069,-0.961331276,-0.848209632,-2.403588932,-2.387166313,-4.489280824,-2.836013055,-2.044054883,-2.48337364,-9.577139097,-2.984971848,-1.714602937,-3.012176973,-1.348724143,-2.671055197,-2.467136655,-1.007824293,-2.079865763,-1.770173099,-2.423680963,-2.408351066,-0.652615268,-2.947650013
-2.112678484,-1.812319213,-0.977739872,-0.608790311,-1.370364365,-1.691634731,-0.906176634,-1.07684863,-0.990029007,-1.269742834,-1.74017002,-0.94917325,-2.917472192,-1.330968467,-1.121069882,-1.682188044,-3.035399667,-1.6662534,-1.335025241,-1.369337125,-1.698867576,-1.125564073,-2.26267067,-1.326074488,-2.372533898,-1.3815272,-1.380858099,-1.250365624,-1.969883599,-1.691387204
-2.585762483,-5.194001685,-1.681628479,-0.771082156,-2.095642905,-1.110191822,-1.113570896,-1.76066405,-0.693038733,0.722211632,-1.649737079,-2.234026113,-3.707245919,-2.947562117,-3.112479259,-2.601953515,-5.301284833,-2.43536138,-3.063060237,-2.888317422,-2.065955545,-4.936121829,-2.415792068,-0.386568684,-0.994178903,-1.426354887,-2.546552651,-2.61979428,0.117471875,-4.286330459
-1.757681863,-1.077695986,-1.109046496,-0.552035235,-0.871405749,-1.43286992,-0.654663613,-1.136448932,-1.258821545,-1.039741308,-2.11015709,-1.458627067,-2.024740771,-1.533203719,-1.317616335,-1.739098703,-1.335346222,-1.748714554,-0.919037878,-1.543068998,-1.359292011,-1.055535834,-1.00183691,-1.606080948,-2.453090669,-0.899334909,-1.629520868,-0.580402709,-1.6336817,-1.111193716
-3.271922428,-2.084863773,-1.209439033,-1.090271781,-1.314481748,-2.238127577,-1.285021589,-1.625036523,-2.156639837,-0.886595014,-2.329434834,-1.848055164,-2.596739808,-1.626808215,-1.05104954,-2.055608355,-3.921677437,-1.781099296,-1.213544961,-1.670068678,-1.014277687,-1.300093467,-2.118003792,-0.551851915,-1.634478721,-0.674748189,-0.879538844,-1.269292982,-1.91576035,-1.766080921
-1.403187097,-4.716636847,-2.38268169,-1.045496522,-1.644452265,-1.889707918,-1.107104658,-1.893530357,-1.726885348,-0.847258134,-1.930821402,-0.708597781,-1.650154124,-1.107288674,-1.322572904,-1.597240195,-3.060125409,-1.212584746,-1.075538068,-0.329793327,-1.343454196,-3.655271559,-1.035314405,-1.299359163,-1.745768923,0.203786298,-1.473067001,-1.855993205,-0.265185107,-3.805358809
-1.276378964,-1.373752387,-0.894219033,-0.200326158,-1.752386856,-0.223721161,-0.254161027,0.085485277,-0.392695204,-0.309027353,-0.456740401,-0.184707848,-1.661955358,-1.30623267,-0.935058808,-0.883933007,-2.958867268,-2.267495973,-2.003676133,-1.056456522,-0.437397882,-1.23589544,-1.479706626,-0.940812474,-0.926369704,-0.161434302,-0.663512655,-2.089477063,-0.053913924,-2.829922007
-1.608522924,-5.168072072,-2.197843392,-1.372456449,0.442069641,-1.314363302,-1.246975341,-0.626388644,-1.531747166,-1.626280327,-0.55780442,-0.002545427,-0.285634478,0.93125191,0.296133037,1.148816019,-6.194204924,-0.868676408,0.360851149,0.541935242,0.239840464,-0.335059207,0.469918361,-2.526097654,-2.546604204,-1.201464507,-1.29965864,-0.503077349,-0.846861372,-1.475685142
-1.571691229,-0.97179482,-0.611355697,-0.460443624,-0.495989303,-1.002167122,-0.548132453,-0.783509516,-1.091264425,-0.796484416,-1.500240868,-1.38038272,-2.233773625,-1.411346017,-1.00025497,-1.384421585,-2.246582427,-2.132337143,-0.587942419,-1.833215117,-0.8147247,-0.361606017,-1.328354538,-1.067722713,-1.532022383,-0.761198465,-1.158626127,-0.493450577,-1.560557552,-0.56308204
-0.880961471,-2.398799617,-1.42414449,-0.797892163,-0.293443499,-1.546486396,-0.838900019,-1.358963059,-1.316767491,-1.325777264,-1.607452815,-1.656715619,-1.549615708,-1.411689265,-1.574602642,-1.426591977,-3.159622794,-2.303800566,-0.624371261,-1.734829166,-1.308087075,-1.956132495,-0.646758081,-1.12262162,-1.706079697,-1.413907731,-2.09112316,-0.577301145,-1.549591482,-0.904415013
-3.126689351,-0.943302457,-0.609965544,-0.350270605,-1.44855696,-1.607809919,-0.638190653,-1.611933178,-1.474836777,-1.218622203,-1.916591744,-1.676609272,-3.074344869,-2.210276094,-2.067011345,-2.511493217,-1.063474771,-2.157349471,-1.604486844,-2.204821758,-1.796386952,-0.713362996,-1.777087758,-0.626575464,-1.281470013,-0.796660433,-1.505311595,-0.964075735,-1.74038679,-0.519092685
-2.276578681,-4.670289994,-1.794919303,-0.841271612,-1.172740207,-1.727273476,-0.955002107,-0.937868113,-1.723663806,-0.58711694,-2.597675208,-1.732087264,-3.382232517,-1.693048245,-1.007752456,-1.979731554,-5.861028663,-2.886272542,-1.786564791,-1.522674567,-1.264948309,-3.221587943,-1.808084132,-1.719125335,-2.261168898,-1.100138722,-1.906902532,-1.262112187,-1.017902966,-3.689266246
-1.499334595,-2.269469512,-0.904503173,-0.692374996,-1.009555788,-1.5979144,-0.951474758,-1.348557145,-1.460407051,-1.348935722,-1.300769732,-1.311423819,-2.427955414,-1.443831663,-1.631522715,-1.515873229,-3.869352247,-2.633293242,-1.367682814,-1.84843687,-1.379169868,-0.536750518,-1.510265207,-0.894857198,-1.642883415,-1.659357614,-1.614174687,-0.868122411,-1.970371962,-0.840167957
0.416297873,-2.601421897,-0.97971992,-0.278748498,-0.694935991,-1.384571195,-0.410475988,-0.284837033,-0.849096199,-1.750576309,-0.362276188,-0.069812273,-1.618331061,-0.421304423,-0.623629015,-0.917329113,-2.465879104,-1.019885062,-0.125678756,-0.534634264,-0.63789158,0.086505017,-0.765623069,-1.306578761,-1.978232144,-1.445892373,-2.040858024,-0.917904981,-1.413370469,-0.637743525
-1.506736722,-3.193302763,-1.194703936,-0.835094785,-0.370227588,-1.50130834,-0.841318487,-0.991343483,-1.225805024,-0.727675984,-2.181124127,-1.50584191,-1.850808706,-1.405092509,-0.644915328,-1.083297118,-2.383365787,-1.728961092,-0.789748542,-1.377873249,-0.723814182,-2.177467148,-1.183643112,-1.760396527,-2.150245775,-0.755226568,-1.507040485,-0.97591243,-0.88024411,-1.963503451
-1.29056662,-3.090205738,-1.18484822,-0.566501744,-0.373203367,-0.30334301,-0.50354496,-0.347067326,-1.100255999,-0.467396378,-1.267954054,-1.290056011,-1.453373831,-1.240674364,-1.357668786,-0.36344225,-2.453038059,-1.873778472,-1.48347621,-1.368227662,-0.267723586,-1.724857918,-0.730770095,-1.707002337,-2.175686988,-0.828678992,-1.187818915,-1.078807177,-0.113585874,-2.290993283
-2.554180089,-2.317718623,-1.403647936,-0.794286491,-1.041649595,-1.363759592,-0.984867572,-0.987881019,-1.202481344,-3.264625594,-1.213713855,-1.674653432,-2.390816183,-1.742744076,-1.56507159,-2.071350109,-1.927615596,-2.010188689,-1.830145211,-1.817196587,-1.350697944,-1.252649316,-1.79041107,-0.964973331,-1.843769119,-1.318046165,-0.855175363,-0.842471796,-1.462840702,-1.686984925
-1.32164436,-1.357180851,-0.23769155,-0.190180054,-1.054373724,-1.316797989,-0.416736888,-0.637100759,-1.288497175,-1.466591506,-2.866771022,-1.774384976,-2.247989785,-1.829613731,-0.736308075,-1.479856084,-5.882763962,-2.247180428,-0.977095301,-2.083617497,-2.100672458,-1.002226126,-1.390536631,-1.035871127,-1.020407442,-1.285452322,-2.099041784,-0.06020128,-2.315471966,-1.815636534
-1.32741895,-2.460585359,-1.650396838,-0.614824489,-0.33764776,-0.686168977,-0.558483657,-0.322193274,-1.146625818,-1.564301809,-0.351048523,0.027653524,-0.899409288,-0.085156425,-0.941166137,0.432233229,-1.523816285,-0.944825169,-0.930774159,-0.096617226,0.205658778,-0.74647328,-0.354923676,-1.497639228,-2.306467178,-1.085808165,-0.892909564,-1.49468397,0.359860718,-2.009200051
-1.123169772,-1.047327655,-1.028611718,-0.096034941,-1.142812196,-1.138066311,-0.378792763,-0.39622074,-0.529047771,-1.293635265,0.203253871,0.427482671,-0.651087509,-0.27631063,-0.021867096,-0.038746049,1.286114002,-1.131056365,0.027776208,-0.205562971,-0.723604063,0.138934352,-0.340964933,-0.844093839,-1.195105915,-0.710199311,-1.308382006,-1.361915546,-1.072968461,0.025550075
-2.733675678,-2.714404031,-0.733700012,-0.66514172,-1.42688988,-1.774828296,-0.854746988,-1.511260154,-2.329645189,-1.218246034,-2.226978462,-2.866479993,-2.9192984,-2.876930229,-1.988348215,-2.541394365,-1.339901165,-2.867926032,-2.173103141,-2.991907345,-1.674289929,-1.767940759,-1.443412906,-0.892982639,-1.082818905,-1.047571605,-2.036202625,-0.956941442,-2.226515203,-1.232181707
-1.743901101,-1.874559068,-0.509291937,-0.678310216,-0.740262366,-0.996823372,-0.612478986,-0.923159434,-1.703989486,-0.14705843,-2.948540501,-2.630830477,-2.119540548,-2.433034701,-1.504057464,-1.644587613,-1.677782728,-2.255078877,-1.768091588,-2.464877853,-0.949301532,-2.247040234,-1.083464143,-1.486356725,-2.103178063,-0.608461037,-1.651331555,-0.50921826,-1.022404114,-1.403105885
-2.061792493,-3.182443454,-1.059901087,-0.703729313,-0.728069181,-1.01486072,-0.568646676,-0.641357118,-1.054554055,-0.89861126,-2.616423782,-1.470057802,-2.021908008,-1.549178104,-0.940457969,-1.601226658,-2.482746069,-2.075324176,-1.993880626,-1.448323299,-0.951791684,-2.219597942,-1.576986231,-0.936771608,-1.538618693,-0.625530447,-0.955963339,-0.705049484,-0.318221978,-2.317037442
-1.514744638,-2.013517245,-1.40734039,-0.362209803,-0.712699266,-1.249910841,-0.613710538,-0.510159708,-0.883583381,-2.565289555,-0.488581257,-0.867473973,-1.206778675,-0.839498109,-0.3969517,-1.081198298,-1.463454459,-0.921398909,-0.656760086,-0.69897004,-1.064279621,-0.389786772,-1.077285661,-1.162876328,-1.824769626,-0.99332634,-0.839446812,-0.232760759,-1.3339769,-0.765205558
-1.255296502,-2.485281685,-1.179027246,-0.467876793,-0.142835239,-0.854986681,-0.524948715,-0.435642715,-0.058276974,-1.68913629,-2.086021384,-1.150893386,-1.921890819,-1.021357408,-0.769150975,-0.982776457,-3.191816017,-1.757479061,-1.314084444,-1.017948702,-0.735278634,-1.717027973,-1.578596115,-1.277982419,-2.186637287,-1.085688128,-0.747842229,-0.253570593,-0.272083435,-2.581011457
-1.719245486,-1.668203584,-0.454427131,0.07916771,-1.239749401,-0.111731599,0.216774887,0.124608296,-0.890790217,-0.090500645,-0.705888161,-0.232688262,-0.893708121,-0.42144615,-0.302568288,-0.296543518,0.279004618,-1.808395276,-1.472654435,-0.310092157,-0.614319429,-1.18448403,-0.618388131,-0.722529297,-0.853008383,-0.369053022,-1.044879878,-1.245662998,0.07692525,-0.552857003
-4.9010258,-1.619773068,-0.645949205,-2.627440394,-2.69635405,-2.667855576,-2.368073297,-2.083464153,-0.810248611,-0.176309479,-3.034756577,-2.734314466,-0.89312157,-2.019036989,-1.837072145,-1.78056349,-1.820223829,-2.271512679,-2.113862027,-2.264100457,-1.257663991,-1.516117142,-0.822931126,-2.291735925,-4.127395348,-0.19389915,-1.215955567,-0.647644586,-1.562913261,-1.501949509
-6.048422431,-3.43719546,-3.723489714,-4.267434534,-3.240222352,-3.449591333,-4.255394482,-4.166502169,-4.015290163,-3.639608733,-3.744092413,-4.29085387,-6.132049197,-4.557886888,-5.105241735,-5.032517777,-2.500081139,-4.983303056,-4.499823916,-4.804319246,-5.618145376,-6.75646647,-3.63172153,-7.857160996,-6.800388666,-5.791424514,-7.747120995,-3.97700423,-2.394030461,-7.196145705
-2.903815797,-1.964228781,-1.379387361,-1.635215116,-1.701859374,-0.41063908,-1.13951438,-0.86894462,-4.147879729,-2.108665234,-1.50477906,-0.369506278,-2.406111727,-1.035516871,-2.027565502,-1.852261354,-0.095481281,-1.721263076,-2.644519201,-1.092420814,-1.664868761,-5.528399107,-1.687052372,-6.020346788,-4.063191176,-3.828127499,-5.774773116,-3.298793657,-0.448911058,-3.119590325
0.410734142,0.10371948,-0.875441849,0.551512215,0.766231834,-1.28566973,0.1236401,-0.614076209,-0.295404067,-0.662169428,-0.390097258,-2.533207281,-0.479932542,-1.386436686,-0.564494339,-0.54532866,-0.475417438,-0.772806685,-0.624738033,-1.486700939,0.753651755,1.411130139,-0.129325094,2.860596672,1.501751785,1.522962759,1.054960183,1.860341954,-0.292757548,0.904814179
-2.577131187,-3.359642421,-1.312720766,-1.838464424,-1.451752212,-1.9984248,-1.46007555,-1.207282793,-1.841098433,-2.130319789,-2.049964044,-2.72976301,-2.512967656,-2.11842575,-1.524212964,-2.111111389,-0.950919998,-2.263905427,-0.916788418,-2.182094317,-1.439875474,-1.864122524,-0.740991098,-2.970386351,-3.73455966,-0.943777457,-2.423005881,-1.236791774,-1.785389176,-1.440234004
-2.038777287,-2.199805953,-0.991338876,-0.23012535,-0.876713048,-0.675266096,-0.499081798,-0.675657653,-1.189945958,-2.948137332,-0.604082838,-0.824286191,-2.287912391,-0.981732702,-1.101429966,-1.111905952,-1.818476391,-1.549204878,-1.677399371,-1.016016207,-1.014786255,-1.442634229,-1.63196574,-2.021287959,-1.832227356,-1.307207443,-0.913115567,-0.750566661,-1.283645161,-1.164431086
-1.956358042,-2.797150962,-0.599424452,-1.048278271,-0.616115124,-0.592677908,-0.732899871,-0.549980087,-1.731873132,-2.535131186,-1.967203184,-1.338210747,-1.713537139,-0.885663072,-0.266998465,-1.105971618,-1.141317181,-1.411755281,-0.762493987,-0.959360673,-0.599664484,-0.225348592,-0.599394002,-0.741841861,-1.463978222,0.381565824,0.02231149,-0.027434165,-1.368651263,0.336512394
-2.874178941,-2.629654958,-1.539364252,-2.339038082,-1.515381356,-1.99322426,-2.37979228,-2.4777556,-1.808919592,-2.106283492,-1.975882603,-2.091949565,-2.275578474,-1.704208167,-1.849969571,-1.73254435,-1.903712607,-2.298726324,-1.868822897,-1.996532873,-1.714192345,-2.730369858,-1.309263856,-3.193760573,-3.540700244,-2.079315691,-2.826475392,-1.496150793,-1.63653534,-2.400652151
-2.1038636,-0.809935011,-1.078646142,-1.792642868,-1.552417854,-1.514182442,-2.238417709,-2.587594302,-0.73993969,0.886733348,-1.810491933,-2.742384104,-0.639377628,-2.470371469,-2.917960418,-1.556670222,-1.722873546,-1.414056759,-2.758448156,-2.357022071,-0.725968195,-2.834135494,-1.808023378,-3.436717483,-3.757384137,-2.180191302,-3.206272,-1.97778766,-0.052448295,-3.622988284
-3.992860758,-4.357134529,-1.671413881,-2.634768661,-2.364092012,-2.981742122,-2.305489301,-2.462004378,-2.233782496,-3.660371186,-2.603704757,-2.386444166,-3.849898473,-2.056003022,-1.304044987,-2.730338164,-1.676659336,-3.222044114,-1.342349865,-2.372618009,-2.51861105,-2.492031328,-2.172331283,-2.503744971,-3.546607323,-1.059568237,-1.263508568,-1.113908797,-2.393791435,-1.009348184
0.457841302,0.060398494,-0.591933906,-0.129992131,0.000371536,-0.65368528,-0.311843912,-0.635216829,-0.871511997,-0.862260514,-0.320812876,0.146387087,-6.355814164,0.126094512,-0.180564855,0.107136015,-2.540043978,-0.134806212,-0.899059593,-0.102363947,0.393854347,-1.181618254,-0.348794451,-0.758608483,-0.689074495,-1.002328582,-1.576498792,-0.61203988,-0.014743995,-2.085445778
-3.3825269,-3.261484584,-0.953598394,-2.472785643,-1.505396315,-2.002618058,-2.208644665,-1.768491701,-1.65674942,-1.967001239,-2.718573685,-2.821958228,-0.500676487,-2.058430896,-1.703206389,-2.400000796,-0.745319381,-2.604276509,-1.863111896,-2.155293312,-1.592052605,-1.41111028,-1.246228644,-2.222451211,-3.302336374,-0.884649604,-1.144667072,-0.472756757,-1.557370009,-2.420966727
-2.136958399,-3.861746074,-1.148682823,-1.321519888,-0.66765381,-1.97649587,-1.2758807,-1.615066774,-2.395737533,-2.401536219,-1.211307868,-2.193163998,-3.754467924,-2.26569998,-1.610596804,-1.966467572,-1.60389211,-2.384276155,-1.234647546,-2.234711088,-1.71361477,-2.21566337,-2.049334274,-2.224482761,-2.359062198,-1.96324569,-2.241800773,-0.953551865,-1.494186983,-3.576083419
-2.013232151,-3.773148237,0.034284742,-0.042883681,0.275945381,0.130050792,-0.138901557,-0.268229526,-1.855422461,-3.014160719,-0.985400042,0.185418871,-3.492269225,-0.022782305,0.263042467,0.259060581,-2.887531731,-0.692913816,-0.009901252,-0.064922688,-0.708406621,-0.811542708,-1.025208784,-0.041366858,0.24249736,-0.498175283,-0.332602931,-0.543404109,-0.630300277,-1.780549937
-1.468227231,-4.233026508,-0.589783532,-0.957997266,-0.297807942,-1.013360603,-0.758017491,-1.412418965,-1.549697601,-0.603452848,-1.603199551,-2.792824586,-3.064991764,-2.676264191,-1.944744215,-1.766645732,-1.999842711,-2.258507182,-1.159869451,-2.546209847,-0.864734102,-2.176438359,-1.253057176,-0.003246726,0.281738002,-0.752861273,-0.772028737,-1.036958505,-0.491725903,-3.540481355
-2.472787862,-2.528173947,-0.717615586,-1.405299279,-1.233563402,-1.041826073,-1.0137299,-1.086456811,-1.381530719,-1.103243854,-2.535151457,-2.068056513,-1.976139166,-1.622324893,-1.165059329,-1.675326641,-1.16891832,-1.938098301,-1.302617547,-1.645321118,-0.643801352,-1.07877709,-0.898902122,-0.355029613,-1.142491866,-0.050767521,-0.338873028,-0.667136818,-1.200346662,-1.125448511
-4.316826504,-4.6611226,-1.075533471,-2.080980196,-0.825208268,-1.177785726,-1.877569775,-2.071602299,-1.226582839,-1.395190035,-1.872785366,-2.460843768,-4.190670765,-2.279526131,-1.867367401,-1.745058712,-2.955477101,-2.401469398,-1.236765342,-2.508024363,-0.863332113,-2.45560244,-1.108315107,-1.246925252,-1.373172587,-1.494177041,-1.870186662,-1.591219928,-1.039768247,-6.297684671
-1.852472822,-1.713486639,-0.184199095,0.342306044,0.062263409,0.814675735,0.770837513,0.579332304,-0.083021369,-1.150366889,-0.78255674,-0.647718117,-4.427858657,-0.578948135,-0.026125808,-0.563175412,-2.768262549,-0.778872003,-0.268575575,-0.782177635,0.106624108,-0.745260385,-0.26621465,0.192235096,-0.282681443,0.673272731,0.681267849,-1.284249169,0.278126456,-0.607461827
-1.931132468,-2.939238521,-1.181272706,-1.473058799,-0.643434823,-1.510386722,-1.600710951,-1.744405511,-0.563813694,-1.83250692,-0.704836505,-0.661576692,-5.746818637,-0.629517589,-0.675580717,-1.113572724,-3.024322132,-1.288946476,-0.848286771,-1.032730261,-0.961676872,-2.003510474,-0.923674432,-1.956194598,-2.288125344,-0.955614336,-1.692205592,-0.836562221,-0.651361367,-2.181014239
-3.339119572,-2.759240004,-1.509344916,-2.175478319,-1.559025118,-2.919855238,-2.049027468,-2.523967091,-1.031992633,-0.709090284,-2.157130851,-2.935811644,-5.130503915,-2.554881592,-2.339476307,-2.942236858,-1.722400177,-2.650850015,-1.672046782,-2.842211352,-1.983980486,-2.779764929,-1.170181762,-2.584442096,-2.73153478,-1.20099652,-2.461616683,-1.715468669,-1.163607556,-2.04975267
-3.432386979,-4.311936389,-0.648011971,-1.576113084,-0.369634213,0.135340201,-0.936290505,-0.658698516,-1.421502143,-2.933064764,-1.605933792,-2.129352488,-2.555231636,-1.45196069,-0.305826983,-0.665587867,-2.777455913,-1.420236456,-0.647468213,-1.39251418,-0.994359657,-1.28594977,-1.227363331,-2.931493093,-3.441548441,-1.190946295,-1.475082823,-1.203110843,-1.071794613,-3.713512205
-12.482140341,-0.952214276,-0.628494945,-1.154727112,-0.877219424,-1.890132159,-1.217340618,-1.927956667,-0.37591027,-1.220473046,-1.211635181,-3.657029019,-0.103894308,-2.413652681,-2.03635844,-0.346865459,-1.067259938,-1.659336363,-1.847498785,-2.107257303,-1.163073901,-0.89375471,-0.938928902,-1.312551378,-0.548700537,-1.283246453,-1.110511633,-0.349054714,-1.007889486,-5.408079776
-7.227994182,-3.52952161,-0.752755865,-1.154468366,0.264980362,-2.312038641,-1.485370424,-1.566809877,-1.408205393,-3.536742986,-0.305877285,-0.678017994,-2.055853948,-0.462741608,-0.27348802,0.405324394,-2.226346369,-0.742894189,-0.895729712,-0.171390044,-2.199320443,-1.965830964,-1.555541326,-3.320311913,-4.484848392,-2.911847356,-2.847354027,-1.81612232,-0.712387495,-6.294125362
-7.095625559,1.354589251,-0.082855828,-0.233134772,0.168576749,-0.216153757,-0.19037957,-0.047388809,-1.156892549,-2.347246673,-1.316637658,-1.687830271,0.518251033,-0.125686861,0.453037746,0.53355264,-6.680372826,-1.154718241,-1.114916714,0.075439016,-0.075512255,0.400020408,-0.281894657,-0.916247421,-0.617824814,0.552631014,-0.038719857,1.070489726,-1.192445102,-0.306149264
-1.876422343,-2.764689436,-0.925163724,-1.092250474,-0.294548948,-0.549798543,-0.938222101,-0.659689403,-1.644480963,-3.131906215,-0.828659142,-0.721935475,-5.82757337,-0.50394486,0.178620723,-0.659601463,-4.432203727,-1.282118331,-0.751282813,-0.595459294,-1.235070836,-1.686573244,-1.16863552,-3.10544095,-3.093836868,-1.244607933,-2.361713699,-1.088976651,-0.873576465,-2.23284942
-6.441155277,-0.808286983,-0.221373353,0.108467996,-0.177131523,-1.078819498,-0.040676097,-0.851645248,0.834362129,-0.883759673,0.9398936,-1.067607594,-1.587305372,-0.568153082,-0.357054511,0.432611701,-4.02052967,-0.516554746,-0.124197788,-0.471219208,-0.503634129,-0.542676004,-0.208237098,-0.469410361,-0.937213081,-0.054710212,0.082260628,-0.782082673,-0.140755757,-2.80071981
-3.601965447,-2.246511897,-0.759384709,-1.063270011,-0.669279961,-1.296783929,-0.697673581,-1.432458117,0.070097398,-0.048878226,-0.27349743,-1.818476391,-4.966814219,-1.511818784,-1.197020375,-1.069941565,-2.414094387,-1.337657895,-0.477541561,-1.774390518,-0.356909163,-0.9931569,0.026149563,-2.503874424,-4.204762259,-0.278171617,-2.053040223,-1.816649931,-0.061173813,-2.760280359
-6.435227595,-3.442695787,-0.438629209,-0.956620389,-0.515629486,-0.753977354,-0.426577519,-0.91082015,-1.332836773,-1.45642367,-1.884332711,-2.697061651,-3.970586976,-1.963082567,-1.23154748,-1.260886034,-3.382516137,-2.076640056,-0.959538913,-1.946569176,-0.697725418,-0.874298668,-0.444967629,-1.647256929,-2.425130246,-0.207422321,-0.778988883,-0.892993455,-0.798456317,-2.706652548
-2.003095851,-5.382355779,-0.902533132,-0.926210807,-0.671358061,-0.791149192,-0.539470013,-0.837466984,-1.585012889,-2.939288833,-1.287135317,-1.648417198,-4.207027514,-1.723318014,-1.237067426,-1.408087824,-3.529257178,-1.912312714,-0.987481478,-1.862024388,-1.914978374,-2.49136674,-2.019377274,-3.878397389,-4.66169488,-2.092289266,-2.867888716,-2.610413552,-0.58763064,-3.250835452
-10.019874358,-0.513849183,-1.252894738,-1.442661513,-1.57376904,-1.816595615,-1.291599629,-1.896066608,-0.101067705,-0.803547633,-1.134593914,-3.314323828,-1.554326042,-1.917994544,-1.208188407,-0.398246331,-3.570322886,-2.146460805,-0.779710644,-1.814689932,-0.828272489,-0.065892855,0.502836023,-1.593544042,-2.497289949,-0.024248193,-0.641706175,-0.140950011,-1.650393224,-1.692385424
1.207318666,-2.333318415,-1.294190859,-1.597800467,-1.295769467,-1.607465213,-1.958483384,-1.033688956,-2.702044408,-4.087544597,-2.379506919,-0.996197642,-0.049581942,-1.005039597,-1.153836256,-2.399661897,-2.588120246,-1.947824952,-2.705877816,-1.136002992,-2.813616131,-2.598885478,-2.764710532,-2.478885586,-2.296212906,-1.951558117,-1.91437106,-0.833318459,-2.197167777,-0.631618018
-5.489451089,-2.75411962,-1.751399398,-2.553481339,-1.379348705,-1.992643646,-2.249305816,-2.421427932,-1.349225269,-1.743821994,-2.247776597,-2.625129622,-4.67151193,-2.082131606,-2.204373898,-1.582015494,-3.55728294,-2.266560752,-1.543487842,-2.249318814,-1.367498191,-2.192435744,-1.23566728,-3.470807303,-4.579999329,-1.622797525,-3.162276267,-1.976877908,-0.910949513,-4.349067396
-5.530900364,-2.043929734,-1.803420114,-1.897403566,-1.497346663,-1.609279069,-1.783417095,-2.098840493,-1.6523589,-2.191168427,-2.043924974,-2.840633295,-5.595490941,-2.384009667,-2.288377432,-1.732477738,-3.902475116,-2.537191876,-1.615527293,-2.547145056,-1.914350784,-2.570515577,-1.380571222,-3.62256395,-3.931768426,-1.751726716,-3.08886424,-1.934222214,-0.975143832,-3.142041207
-0.636459155,-2.081394807,-0.811082605,-1.560801434,-0.621143387,-1.26554468,-1.676570385,-1.651707934,-1.250984176,-2.101659548,-1.434971891,-1.283015036,-3.821046096,-0.892707878,-0.691700809,-1.138463128,-3.424929165,-1.476098531,-1.343983516,-1.001220446,-1.065325718,-0.905648282,-0.735320031,-1.109130168,-2.233539351,-0.411165404,-1.434313972,-0.579652185,-2.028005968,-1.767926135
-7.807860386,-2.554197115,0.255538466,-1.165349977,-1.728811182,-2.190001444,-0.813548532,-1.935425549,0.542713892,-1.501958422,-0.359234406,-2.952371887,-1.53573844,-2.479865851,-2.124153678,-2.001071224,1.954257598,-2.051778855,-1.603791584,-2.966595023,-0.431825378,-0.190797667,-1.228983146,-0.434155117,-3.249260296,0.308261766,-0.849913431,-1.027548936,-1.484309801,-1.737796774
-6.882971674,-2.95606142,-1.006138203,-2.054856695,-0.660026189,-2.52360627,-1.297353475,-2.102563912,-2.77381362,-1.618705225,-3.530003828,-2.522988424,-3.360807027,-2.334090498,-2.342051763,-2.134505586,-4.142100308,-2.562834396,-1.809312877,-2.291602471,-2.261581063,-2.733329131,-2.080566931,-4.315619366,-4.636948556,-3.001134759,-3.68989957,-2.334931333,-3.259786105,-5.811282906
-1.528604956,-2.20997331,-3.262604285,-3.618947108,-2.490731078,-4.368229306,-3.38564067,-3.436054059,-1.873323528,-2.016126044,-3.131730244,-3.507028139,-4.49878538,-3.604296628,-3.263482107,-3.378886511,-4.469604,-2.977553726,-3.344455272,-3.433176697,-3.596831235,-3.924161856,-2.587347723,-5.497047387,-8.48503347,-3.793202537,-4.783222723,-3.850252258,-2.644625328,-4.530141395
-1.749420156,-0.937983339,-2.818116775,-1.42296937,-1.670851402,-2.816622779,-2.029623272,-2.381643471,0.180753074,-2.254245649,0.712947465,-1.306621293,-6.335693468,-1.726823193,-1.573153666,-0.677497306,-3.481091603,-1.294755319,-1.950159194,-1.663773856,-2.201727424,-2.316528059,-1.247556113,-3.940550083,-7.715590169,-2.162246448,-3.771812396,-3.225671992,-1.137792953,-2.315899604
0.302370415,-2.0609737,-2.422004753,-1.414773986,-1.893183107,-2.069469351,-1.886223781,-1.993170286,-2.099780214,-2.610525992,-2.617533221,-2.005656334,-3.787657387,-1.643699987,-1.732522717,-1.718921735,-5.493963363,-1.529570362,-1.641049776,-1.575977537,-3.175222583,-3.166484027,-1.699183417,-1.927241533,-3.215052066,-2.095071106,-1.943201289,-2.123147569,-2.064526713,-2.896798874
-6.53681042,-1.3425932,-1.26932393,-0.338302042,-0.980218082,-1.432858127,-0.218547411,-0.831672287,-2.201627333,-2.673363799,-1.450424546,-2.248917228,-3.033627378,-1.935664286,-1.75839203,-1.260634793,-4.347586955,-1.802430469,-1.140554451,-1.942175713,-1.929226212,-2.28865615,-2.040672223,-3.119024605,-2.421011917,-1.921771543,-2.057554238,-1.895611247,-1.224459704,-2.719077965
-1.401808916,-4.711555194,-3.053114372,-3.086928636,-2.755644364,-1.70927111,-3.447196379,-3.315767177,-2.57962043,-0.989478834,-3.527672166,-3.317184637,-7.907614496,-2.843462939,-2.670031262,-3.408002227,-3.460061786,-2.662173982,-2.43910214,-3.168364344,-2.687656493,-3.499140812,-0.68616243,-2.82175212,-5.434919409,-1.626030827,-3.16194643,-2.507309475,-1.735967054,-2.272212724
-3.828092638,-3.38033366,-2.879447114,-2.018867975,-1.674486517,-2.049149426,-2.076694655,-2.131782356,-2.769737537,-1.41686024,-2.131147433,-1.469535287,-4.188261537,-1.036506317,-0.978027159,-1.117089065,-4.507149408,-0.718943745,-0.831050749,-1.055858988,-0.522433572,-2.048740109,-0.824296333,-0.378252703,-3.168404015,0.013994008,-0.351949551,-0.963162241,-0.688869069,-1.693049665
0.417624935,-2.176876708,-2.019702069,-3.604717879,-2.206056889,-2.293170422,-3.099862273,-3.198767354,-2.222491293,-3.230681548,0.414176622,-0.996190832,-1.735846715,-1.180506828,-1.073351738,-0.886544029,-1.870921337,-1.22076236,-0.953864573,-1.093103398,-2.032692353,-1.874191941,-2.300611477,-2.805307507,-5.109802931,-1.022105201,-0.809739428,-1.547183956,-1.35217992,1.053435384
-2.803078959,-3.245755865,-3.919493211,-2.274619321,-1.822860209,-1.65088511,-2.462949888,-2.491486225,-3.739022733,-1.45141218,-2.301281843,-1.873948032,-8.887254233,-1.904567097,-1.984368842,-2.096336984,-4.720205177,-1.904361217,-1.480461415,-2.126899108,-1.97778683,-4.028403723,-1.025030813,-3.493744157,-5.887087862,-1.492344247,-3.295434277,-2.858883517,0.136442843,-1.898796214
-2.724771728,-2.294179563,-1.315588698,-2.865561595,-1.861623595,-3.27745951,-2.943999241,-3.149508813,-2.098402839,-2.156730346,-2.143012094,-2.615700608,-1.19358045,-2.235295819,-2.022340172,-2.146643105,-3.607491672,-1.87671655,-1.845988607,-2.127955538,-2.406388302,-2.387372959,-1.802755602,-1.70262077,-2.714122558,-1.847419211,-1.472115763,-1.277142986,-2.622745864,-2.823238146
-6.465484481,-0.289193963,-1.020877811,-1.287553027,-2.141259843,-2.275145385,-1.1760639,-1.405725119,-1.319582987,-3.563050658,-2.432088011,-2.4606358,-2.168979748,-1.866001011,-2.099706799,-1.410087962,-4.024497924,-2.713489105,-1.319259351,-2.239628943,-2.027841618,-1.769735633,-2.3261829,-2.717684369,-1.473938219,-1.19330003,-1.353874117,-1.295365994,-1.541432342,-0.881439936
-5.918480802,-2.767434611,-2.234050523,-4.562898871,-3.104388335,-5.797733185,-5.05716411,-5.97662207,-3.352540894,-2.468040126,-3.726688406,-2.323948328,-5.728789621,-2.72601371,-3.536615214,-3.2078279,-5.692608448,-3.139429039,-2.063266035,-2.687891157,-4.422104718,-5.407291536,-3.206854991,-3.343378498,-2.692644451,-3.911966735,-4.719456332,-2.324412432,-2.042597542,-5.565011072
-3.845210563,-0.118608389,-2.15287667,1.06525282,0.270721552,2.116746514,1.599617567,1.145056953,-2.212845958,-1.579804374,-0.766747191,-0.332875208,-7.845552148,0.072102337,-0.017051704,0.357235978,-4.941103476,-0.687681352,0.339644076,-0.204713167,-0.631625885,-0.97424264,-4.118591175,-0.801990479,-1.524658616,1.086682451,-0.641181883,-0.892415515,1.306267295,-0.64357485
-4.53783123,0.870481865,-1.26391044,-2.529748255,-2.782183185,-4.024131114,-3.040360704,-3.814125184,-2.174984834,-1.920308692,-3.705535862,-1.321491041,-4.609169917,-1.556129578,-2.43743762,-1.891965797,-6.452456767,-2.316604423,-1.399684735,-1.574034412,-3.457772449,-3.515944823,-2.300188386,-0.510350205,-0.002475858,-2.959651313,-2.347586817,-1.176584446,-1.265684895,-2.042467281
-10.222823428,-1.687012433,2.340029976,1.577264603,0.427690029,0.158573101,1.608394609,0.904528012,0.179822761,0.216511157,-2.537422578,-0.650388161,-3.639279929,0.210374148,0.158816899,0.249293021,-3.809275,-1.286319773,0.824769425,-0.27946114,1.191132035,1.424330563,1.476992384,1.569859103,3.132107601,1.30397084,1.566468319,1.368263063,-0.676848146,1.181155579
-6.312592667,-2.551105211,-0.679611107,-3.642921152,-2.918346856,-4.25902052,-3.776634882,-3.790360803,-1.636853833,-2.808537938,-4.49433234,-3.768260996,0.045922577,-2.93176619,-2.780361395,-3.150648617,-1.282332452,-3.373103115,-2.630989017,-3.240686906,-2.108626711,-2.310860684,-0.076337222,-2.829502343,-2.583729843,-1.682678801,-1.609883401,-0.769826131,-3.147290105,-1.399154831
-4.819089035,-3.945244155,-2.032504477,-3.044075311,-1.671526565,-3.313764877,-2.710496511,-2.580335335,-1.968629562,-1.35725856,-2.025706018,-4.066720569,-3.330585878,-3.461133483,-2.65317624,-3.404061052,-0.719140396,-2.700703024,-3.192688137,-3.606032334,-2.117861234,-2.258839437,-0.781687309,-4.788620455,-8.264745839,-2.550741622,-3.724018297,-3.021466422,-3.529152596,-4.63522015
-4.39846385,-1.066686247,-2.368159399,-2.897104235,-2.634428947,-3.535444062,-3.345363932,-3.471187417,-2.244219284,0.054724331,-4.639655776,-2.945836983,-7.172595002,-2.68997785,-2.980763201,-3.175634737,-3.771219945,-3.093701113,-2.720588654,-2.940248504,-3.101216738,-3.374927033,-1.886662227,-2.738470629,-5.285502819,-3.215870634,-4.082626919,-2.148734095,-2.050902345,-3.654958032
-4.272917409,-1.742151568,0.0887048,-2.469707337,-1.849041296,-4.379079373,-2.826681969,-3.605944023,-1.367257325,-2.528685447,-2.266440785,-1.7649398,-2.14605656,-1.212679168,-1.810947477,-1.113998193,-5.547420902,-1.91252309,-0.351328685,-1.284179039,-2.895459163,-2.57711328,-1.916764652,-0.880009999,0.34791922,-2.762446436,-1.469378063,-0.526585156,-1.38156895,-1.487796139
-3.491914668,-3.441283079,-2.187502196,-3.203269273,-2.07815959,-3.290424163,-3.173320815,-3.200379994,-2.653483891,-1.496181602,-2.863379001,-2.596544221,-6.385769406,-2.611419479,-2.606223535,-2.98227814,-4.017817479,-2.514590693,-1.740351852,-2.681866561,-3.203763755,-4.099000717,-2.748793225,-3.880534018,-4.855311305,-3.291894279,-3.879144086,-2.652778345,-1.812962857,-4.043834985
-5.840989183,-2.065926232,-1.14248647,-2.75140926,-1.781942469,-4.160904291,-2.874922513,-3.42581194,-1.890779326,-2.435046837,-2.101440456,-2.803016987,-0.878498152,-2.345288433,-2.323653471,-1.847494076,-3.67130013,-1.948185031,-1.820850312,-2.22600303,-2.421517375,-2.307360147,-0.906667687,-2.09180801,-2.904515535,-2.326421156,-2.038826238,-1.464220618,-2.675733724,-3.565036018
-6.168811113,-3.290683543,-1.315289602,-3.424096379,-2.463130182,-3.646188927,-3.328779771,-3.144379582,-2.176081333,-2.357565289,-3.015731799,-3.371934762,-3.672794197,-2.842073285,-2.50649879,-3.615721444,0.180264728,-2.996167889,-3.18209066,-3.235853572,-2.430113108,-2.216192561,-0.969849827,-3.876647616,-6.14694951,-2.41193239,-3.382303321,-2.343244885,-3.057782786,-2.444351752
-6.494110831,-3.631911193,-3.99843099,-5.736524034,-3.848504784,-5.237126871,-5.890167151,-6.249285851,-4.052501443,-2.97799622,-4.130029595,-4.008711226,-3.917269987,-3.878064129,-3.992347745,-4.561139453,-1.457023007,-3.787283046,-3.923733744,-3.99831331,-3.66812595,-5.177752369,-2.518098766,-5.364447322,-7.19564981,-3.114574233,-5.425035913,-2.761343136,-2.50911726,-5.75933784
-6.286183962,-2.565662323,-1.31567633,-0.773033842,-0.415521347,-1.202020067,-0.413018299,-0.424402942,-1.551207443,-1.733487539,-1.326522382,-2.423097728,-4.24594908,-1.930805484,-1.440283936,-1.244802255,-3.737960658,-1.743400794,-0.962403041,-2.0405011,-1.550078813,-1.648110141,-1.979086754,-3.347773797,-3.833277133,-1.605935254,-2.072150226,-2.084003242,-1.657471312,-3.368158116
-7.264657633,-3.706009113,-1.136668169,-3.220049497,-2.564834656,-4.133376692,-3.562151414,-3.94730678,-2.145751564,-1.663465292,-4.063368104,-3.01010206,-2.831832069,-2.387269422,-2.652704037,-2.792764918,-2.888181109,-2.693790058,-2.471558865,-2.515897709,-2.228868183,-2.26932226,-0.062976089,-1.147219199,-2.709777327,-1.864315545,-2.500982445,-0.878542305,-2.492900917,-2.756968358
-6.643082016,-0.732351395,-0.259081553,1.248669129,0.260132318,1.155452271,1.454305906,1.348984669,-0.369080712,-1.090334417,-0.643480819,-1.363758999,-4.1397912,-0.310765401,-0.125512273,0.424632471,-4.941569863,-1.115864209,0.278238866,-0.751899656,-1.014875567,-0.741560379,-1.729179283,-1.657555707,-1.505478248,0.234923289,-0.178147574,-0.540234559,-0.430573258,-1.202779342
-9.341818745,-4.846753711,0.325879295,-1.37880975,-0.375442454,-1.39984927,-0.993192582,-0.856746023,-0.643256205,-1.493328691,-1.530578698,-1.951498172,-4.029928344,-1.04036122,-0.919090956,-1.647297077,-0.932100897,-1.869967637,-0.398885414,-1.588128316,-0.768782457,-0.872346894,-0.181645233,-2.528102969,-1.701586489,-0.945221521,-1.186603219,-0.748525753,-1.634917889,-1.13343727
-6.848939912,-3.230432824,-1.712849191,-3.605782541,-2.473701289,-4.820617552,-3.758006671,-4.397590802,-2.363150777,-1.484515603,-3.217536635,-3.336176148,-0.988359917,-2.752864749,-2.88839794,-2.503162681,-3.892797776,-2.450616391,-2.206676373,-2.695486685,-2.859094345,-3.235013124,-1.100107495,-2.447972044,-2.986793239,-2.51941011,-2.524793958,-1.432502807,-2.789078838,-4.077225041
-5.444003813,-3.469119153,-1.746456052,-4.54793189,-3.117423683,-5.096595641,-4.660399462,-5.193968668,-2.458509473,-1.562670778,-2.747072255,-2.96225184,-1.692313023,-2.508478974,-2.819225385,-2.801676292,-2.528966215,-2.796476761,-2.268034327,-2.579412244,-2.645705817,-3.220451525,-2.293729705,-2.963001289,-3.554764872,-2.105158919,-2.883030172,-1.53551192,-2.162502442,-3.210373282
-7.842277613,-3.789037686,-1.675920706,-3.138104694,-1.949926673,-3.541249086,-3.099739683,-3.54500409,-2.133960647,-2.411042001,-2.761297703,-2.918672128,-3.911452714,-2.416516149,-2.595739209,-2.535358157,-3.008109327,-2.786723921,-1.547312544,-2.642316118,-2.260497457,-3.515995774,-1.837780848,-4.224640876,-3.858725448,-2.139347731,-3.08423084,-1.501037138,-1.418512082,-3.890501822
-3.307552897,-1.645125563,-1.964357005,-1.18624731,-1.121395476,-1.406148777,-1.068792994,-1.074968634,-2.094156665,-0.811643708,-2.118354348,-2.076074303,-4.25894363,-1.8536207,-1.588642896,-1.365035048,-5.307244652,-1.395550392,-1.275928789,-1.753868714,-2.471782164,-2.41630606,-1.731513008,-1.70229834,-3.567684677,-2.089407983,-1.986046273,-2.065779613,-2.08929995,-3.225204219
-5.196620405,-2.913153846,-2.832655214,-3.345071747,-2.681312863,-3.342181482,-3.592819253,-3.870377775,-3.332152077,-1.232631345,-4.792487094,-3.223079776,-5.321820969,-3.395062142,-3.193964455,-3.088853037,-4.688023328,-3.18769079,-2.800044891,-3.545654702,-3.186808924,-3.354805559,-1.964188983,-3.676411119,-4.726012272,-2.630145531,-4.39042276,-2.704665501,-2.845261432,-4.328273227
-3.488309172,-3.258113001,-2.1207036,-2.709957701,-1.934393818,-3.684192615,-2.904456462,-4.09321682,-1.892899545,-1.322657371,-0.229654988,-1.359730944,-0.663024812,-1.303961981,-1.754355356,-0.315423445,-5.836138642,-1.108515354,-0.955036916,-0.947799401,-3.341443469,-3.351262698,-3.369447996,-2.206435365,-2.879199196,-2.77468405,-2.476525293,-1.879273621,-1.414311452,-4.122618805
-6.838168214,-4.018978197,-0.636315336,-1.752978489,-0.925557992,-2.663936487,-1.739489605,-2.624032941,-1.545593306,-1.958529341,0.095030981,-1.537130454,-0.568983804,-1.364319255,-1.464713626,-0.202014902,-4.531901637,-0.905797198,-0.573213345,-1.289942454,-1.492907979,-2.189771224,-1.319081565,-1.32032426,-2.062191174,-1.096757552,-1.362737173,-0.766140486,-0.651191815,-3.238446937
-2.238612907,-1.631957186,-1.851501932,-2.6797708,-2.056555468,-2.342828852,-2.493062224,-2.428034977,-2.179818225,-0.072581623,-2.651237297,-1.832187522,-4.646672336,-1.609797042,-1.514929587,-1.374772561,-5.652512839,-1.856510044,-0.811087082,-1.754489998,-2.480986395,-2.875504508,-3.273521778,-1.631868535,-1.085383316,-1.016898599,-1.226731944,-1.485782398,-0.351687013,-1.332925704
0.792412446,-0.526781887,-2.391565337,-1.622114396,-1.739471663,-1.749923847,-1.551474785,-1.579205576,-2.061136153,-0.158338051,-2.380391616,-1.378632246,-6.078440801,-1.551076408,-1.512285187,-0.99114714,-7.197005997,-1.380240784,-0.686980837,-1.398757665,-3.386803737,-3.695057383,-4.212727842,-2.232450527,-3.026383729,-2.758669992,-2.248870288,-2.33654777,-0.468365072,-2.522502341
0.052993672,-1.985459837,-0.545130182,-2.905993658,-2.480597494,-4.250987059,-3.098166336,-3.641110256,-1.721913642,0.538844352,-2.516351483,-1.584300215,-0.193166439,-1.364562458,-1.597639648,-0.700119037,-5.852564452,-1.421931423,-1.025636845,-1.168716068,-2.081928622,-2.302810328,-2.031188086,0.945195481,0.718154597,-1.742821804,-0.454317983,-0.41608995,-0.916259776,-0.792272786
-3.740954313,-2.849227485,-2.114839468,-3.103717824,-2.206015314,-3.144235944,-2.930916435,-2.951970861,-2.437680897,-1.624017307,-2.564571659,-2.637347032,-4.088250328,-2.567069607,-2.476788884,-2.488654294,-3.921179088,-2.012288362,-1.784102014,-2.466338889,-2.460853887,-3.354816694,-1.927301058,-2.993636631,-4.582200391,-2.29413676,-2.723151619,-2.137076184,-1.990054246,-3.667368826
-3.357522775,-1.150628117,0.048211711,0.405143898,-0.362422383,0.621405064,0.473142115,0.620007894,-0.530156054,-0.363192097,-1.595872141,-0.920291698,-1.997509347,0.530903681,0.343487423,0.281467709,-2.770806031,-0.42974256,0.563040729,0.389854098,-0.23881307,0.492448737,-0.061840119,-0.014382955,0.472351206,-0.585075933,0.660160228,0.251245848,-0.555493174,0.29071677
-1.977368079,-2.506798964,-1.63135121,-2.122738509,-1.54821689,-2.148066044,-2.007518528,-2.099328882,-2.744802813,-1.342122526,-2.465730307,-2.387412894,-1.450039097,-1.938449678,-1.686273021,-1.475719704,-4.275646503,-1.464227813,-1.495177317,-1.769874892,-2.529397697,-1.993099002,-1.462955347,-1.902522244,-2.770472376,-2.147980766,-1.889704251,-1.761492977,-2.139540228,-2.344786162
-4.755360747,-3.210234224,-2.112856976,-2.386576995,-1.684783664,-2.714070152,-2.117315806,-2.333457099,-3.014232321,-1.768859377,-2.917325572,-2.979219375,-3.659705711,-2.791298068,-2.399994103,-2.542298026,-5.37243014,-2.060734211,-1.866271641,-2.686016392,-2.498073438,-3.278553715,-1.28735198,-2.424825828,-3.013865603,-1.835042005,-2.390399115,-1.666029243,-2.047729446,-3.765405316
-5.253211135,-3.255763745,-1.129651631,-1.935339701,-1.329420949,-2.025808961,-1.91822674,-2.152949244,-2.095354421,-1.385753245,-2.439661475,-2.144731437,-1.841309331,-1.439513857,-1.384557811,-1.231294671,-2.946773732,-1.650102488,-1.178109421,-1.54472188,-1.491801738,-1.185932253,-0.905246338,-1.924749913,-2.339070784,-1.51640301,-1.450981051,-1.147959998,-2.098689624,-2.133773032
-3.153586676,-1.350745382,-1.845436876,-3.344502818,-2.524907659,-3.068395061,-3.040959588,-2.987560063,-1.496041579,-1.703443005,-1.533052738,-1.625929644,-6.987293987,-1.967166755,-2.106674008,-1.770916186,-2.550789358,-2.466979419,-1.019165035,-1.930744601,-2.779185002,-3.563824842,-3.689019913,-3.51624303,-5.870383317,-2.452321669,-2.99088766,-2.490531854,-1.116900806,-3.515478206
-4.684564819,-2.630022791,-1.862254629,-2.929795253,-1.943867341,-3.937924563,-3.212726841,-3.821402873,-2.288155697,-0.998206802,-3.255115207,-3.046700089,-3.281485733,-3.066766765,-2.994815357,-2.373238043,-4.740872692,-2.44379771,-1.650477678,-2.915167961,-2.538667699,-3.284237448,-1.355420799,-2.186453018,-1.672744947,-2.423050277,-3.04372579,-1.668491295,-1.74289219,-3.690226219
0.858742355,-0.619952705,-2.479205143,-3.156997448,-2.635740005,-3.504504044,-3.190595903,-4.220382202,-1.565725468,-0.5975307,-2.921501066,-2.074254884,-1.591414136,-1.605650093,-2.112342868,-0.81074731,-5.526632173,-1.317009179,-1.867867905,-1.165211974,-3.767552782,-4.436781752,-3.675230599,-2.976733175,-4.25623333,-3.128313086,-2.796418298,-2.442148794,0.186342989,-3.262568105
-30.506429977,-3.899964553,-2.658238678,-4.815253997,-3.269664006,-3.094576602,-4.775591908,-5.472356535,-2.749674033,-2.033050813,-4.960004891,-2.588892791,-3.428616104,-2.389317367,-2.016624609,-1.66496698,-4.74932093,-1.712222986,-2.258749487,-1.966839256,-2.988040379,-4.026436511,-3.637328938,1.302950836,0.477831952,-3.536538813,-1.789230741,-2.991467966,-1.294625378,-0.755571549
-9.486049051,-2.585158476,-3.119920954,-1.696872041,-1.907244849,-2.27153699,-1.695246226,-1.740645853,-3.098168879,-2.65246099,-3.963757425,-3.401161498,-5.365078962,-3.464091451,-2.917063911,-3.454460137,-3.698026616,-2.717622875,-2.93007037,-3.313241776,-3.376198912,-2.901161382,-1.118134926,-3.373722589,-6.332316433,-3.718078196,-3.945584743,-3.588280536,-4.879572594,-4.654306193
-16.082599469,-3.032208632,-2.828398955,-2.386989296,-1.697092929,-2.677105926,-2.461289674,-3.140195879,-1.609557039,-1.35390941,-4.119648866,-2.499775186,-2.832142698,-2.593617812,-2.336809944,-2.018076473,-4.407242036,-2.086740123,-2.043569137,-2.463348382,-2.868448475,-2.868998543,-2.673117453,-2.140417361,-3.002629776,-2.917242943,-3.266241307,-2.686057487,-2.101849467,-2.886215723
-14.301219161,-4.251108242,-2.436262395,-2.666996126,-2.391383115,-3.314947546,-2.678380479,-3.147237522,-2.90300374,-3.231127834,-2.660907282,-3.103236228,-2.460307846,-3.123615515,-2.708214978,-2.652125315,-2.889923677,-2.496381085,-2.518972037,-3.046413106,-2.274416946,-2.867990452,-1.140273407,-2.056085318,-4.337878337,-2.913070736,-3.243708477,-2.853643622,-3.796105561,-3.806238526
-2.388858989,-4.423720793,-0.615212909,-0.841944862,-0.243204382,-0.671451828,-0.580502096,-0.488588797,-2.397116913,-1.774045118,-1.326935854,-2.235335121,-2.00305341,-1.70128356,-1.093413307,-0.967258278,-2.308989239,-1.954349814,-0.589048972,-2.126944873,-0.955844324,0.691557738,0.194146466,-1.981186911,-1.805695662,-0.040587878,-1.335019929,-0.56166052,-2.895937836,-0.83368294
-3.505901802,-3.719685296,-2.238018453,-3.653018092,-1.959012996,-4.756953044,-3.653597972,-3.944788171,-2.435865721,-1.767403477,-3.46446351,-2.708853363,-1.619861931,-3.225794494,-3.092101315,-2.661622326,-2.424672574,-2.885404513,-2.560401719,-3.253636261,-3.314103769,-2.013899426,-2.067123682,-3.958829489,-5.433066571,-2.499060735,-3.963088582,-2.94554745,-3.459564939,-3.714637767
-8.950645464,-1.958325048,-1.396686342,0.152518498,-0.819993847,-1.032900417,-0.131929554,-0.710077729,-1.286492958,-1.264042998,-1.633189069,-2.235602721,-3.24221222,-1.381425701,-1.226054592,-0.7205947,-4.610979679,-1.431224806,-0.530647723,-1.467210017,-1.60870168,-1.343793676,-0.406323156,-2.415782333,-3.179823411,-1.514773113,-1.891228567,-0.938899219,-1.532385586,-2.709592919
-5.972655852,-2.302579574,-1.925974147,-2.338403896,-1.876397794,-3.000461372,-2.264859725,-2.63850942,-1.106416657,-1.427261051,-2.112048736,-1.853924196,-3.787020707,-1.632255602,-1.866781542,-1.137621438,-2.885636968,-2.020128812,-1.676714587,-1.748205091,-1.486176069,-2.792190986,-2.774769979,-3.971291582,-5.339619545,-1.140422535,-2.858468967,-1.50326766,-1.51223028,-3.066800715
-10.047953209,-2.497406086,-2.112200502,-2.162579886,-1.237564955,-2.155101121,-1.980458647,-2.391696157,-1.979729999,-0.646647953,-3.352129899,-1.774763546,-3.503279458,-1.848479707,-1.673851945,-1.464571885,-4.825948993,-1.782700133,-1.359343113,-1.828676702,-2.379367165,-2.365814387,-2.814609255,-2.139426393,-1.954867494,-1.754202818,-2.671477734,-1.992839257,-1.274696729,-2.780657554
0.29375496,-3.20422227,-0.317897969,-2.281769224,-1.224861992,-3.389543406,-2.111896699,-2.249818726,-0.335609783,-1.704699379,-2.015382208,-2.056769845,-1.049672931,-2.682655404,-2.920284681,-2.070287424,-0.610501107,-2.986725487,-1.182542402,-2.893232298,-1.184301584,-0.390796086,-0.231512573,-4.419313255,-5.412121272,-1.198907154,-3.12213652,-2.393590392,-2.6409772,-2.480217535
-9.903462517,-2.680028673,-1.516058201,-1.91409016,-0.755308935,-1.759159997,-1.562554363,-1.653107602,-2.275601228,-3.270178585,-3.242093514,-2.027051057,-1.157284296,-2.249868969,-1.765568415,-1.670044736,-3.846538285,-2.026724462,-1.331391083,-2.248677437,-2.719662016,-1.044671955,-1.443329154,-1.861717805,-1.947563487,-2.159924913,-2.715425403,-2.395183611,-2.297130241,-2.366511909
-7.560325318,-3.514682712,-1.446255577,-2.118587644,-2.138462358,-3.077992598,-2.485233552,-2.674626198,-2.242700498,-2.471515662,-0.784902683,-2.725780788,-3.354677037,-1.976021123,-2.010637821,-1.51510578,-2.213151311,-1.730898541,-1.288891035,-1.90952885,-1.533830482,-2.000101364,-0.576347395,-1.386499553,-2.028175088,-1.692086973,-1.732820082,-0.786115286,-2.27527719,-0.804896795
-6.612763582,-2.59273153,-2.047763591,-2.895852211,-1.037667678,-2.472763201,-2.606952436,-2.545378982,-3.603943234,-1.969818789,-2.363383013,-2.791263501,-1.945128783,-2.879582069,-2.207961032,-1.827358251,-5.718767969,-1.979713468,-2.091175906,-2.687816584,-4.219784498,-2.090855038,-1.523196248,-2.071592062,-2.396472455,-2.376663835,-2.438520018,-2.462909803,-1.620432642,-1.791401544
-1.238409267,-1.895496323,-1.102758699,-1.736651204,-1.35598145,-3.401764297,-1.80244634,-1.994256793,-1.401092452,-0.398569758,-0.755134303,-2.490011789,-2.909956881,-2.436719448,-2.620698287,-1.341084283,-1.733047595,-2.738932072,-1.720194062,-2.834626962,-1.038588975,-1.374757029,-0.40998688,-5.685812901,-6.997711037,-0.421127074,-4.16916359,-0.768754551,-2.211963276,-1.452117602
-6.312602884,-2.346458329,-1.85181625,-2.2035591,-1.500239853,-3.055610132,-2.231676328,-2.808583875,-1.57173931,-2.097370929,-2.975123226,-2.350193203,-2.631349508,-2.449873849,-2.31366824,-1.852314708,-4.161442895,-2.160741259,-1.556878739,-2.366356161,-2.308594277,-2.17536458,-1.595927028,-2.110237712,-2.70679326,-2.31971687,-2.768091509,-2.032731145,-1.938602267,-2.613997829
-11.712315186,-2.70673421,-1.952794686,-3.017886341,-2.089728186,-3.908293016,-3.008163141,-3.470394806,-1.68883105,-2.312282127,-2.385630137,-2.472405504,-2.773773803,-2.271050444,-2.395795689,-1.636455325,-2.610554523,-2.295789191,-1.931630357,-2.272847808,-1.847461267,-2.62189172,-2.124950193,-2.701685405,-4.173969032,-2.036315832,-2.824667869,-1.575098563,-2.296745741,-1.77169151
-1.861863245,-0.921603222,-1.805784663,-1.911380174,-1.743874824,-2.502583002,-1.920133576,-2.315139089,-1.338522491,-1.290472937,-3.679353954,-1.60978589,-2.134441191,-1.709491627,-1.98729449,-1.713826749,-1.891144732,-1.96679278,-1.36784963,-1.622373418,-1.152502821,-2.301996454,-2.613961347,-3.423834733,-3.97381978,-1.847880641,-2.828850594,-1.526081347,-2.041759083,-3.928970777
-8.970356506,-2.696647917,-1.081450593,-1.510589262,-1.144006837,-2.623972626,-1.303657308,-1.400777994,-0.61718906,-2.900485222,-1.352245895,-2.122188041,-0.470962801,-1.91854717,-1.913677001,-1.264283573,-1.582112747,-2.330705476,-1.586398505,-2.220283291,-0.746978717,-0.232538765,-0.591487568,-2.855452544,-5.77571256,-1.455736116,-2.118871745,-1.509440674,-2.650992702,-0.467268498
-4.63828478,-2.288301114,-1.132254057,-2.138216935,-1.560170752,-2.408086662,-2.146639213,-2.183993573,-1.950005524,-2.55867265,-1.882428879,-1.914883024,-0.949601001,-1.909096255,-1.808876446,-1.624431738,-1.660840085,-1.825185994,-1.219311888,-1.75410289,-1.956136973,-1.415181099,-1.006032671,-1.933912333,-2.605027077,-2.04773882,-2.09907261,-1.720125118,-1.907530925,-2.332453619
-9.747327481,-0.2104119,-0.849747971,-1.271212665,-0.978722484,-1.497287817,-1.215619957,-1.324496743,-1.409984605,-1.067602022,0.398652601,-1.405909854,-0.891740541,-0.457195867,-0.620692517,0.333997954,-1.296544391,-1.033750075,-0.435176385,-0.797771233,-0.638294341,-1.201408822,-1.773843523,-1.380176209,-1.021474406,0.122327789,-1.371573246,0.632121015,-0.586384868,0.370911794
-8.77405946,-2.967219812,-1.501040051,-3.366845177,-2.285113559,-3.508896236,-3.373304053,-3.78564866,-1.32319289,-1.981661335,-2.419685303,-1.976215212,-2.739856863,-1.827717483,-2.104565069,-1.748546903,-2.446731568,-1.903649263,-1.584911882,-1.564905596,-2.283409077,-2.805865008,-2.249074851,-2.027529338,-3.123144628,-2.684698326,-1.568171882,-1.92287258,-0.927225492,-2.397264174
-6.639151617,-1.366771283,-2.47832504,-1.869551982,-1.932610321,-2.356171262,-2.220818193,-2.490127385,-2.319408047,-1.422533353,-1.965242821,-2.061020757,-2.755690052,-2.147055324,-2.066917721,-1.945049481,-3.848607494,-1.370525639,-1.833752077,-1.740160764,-3.245411132,-2.928766797,-1.225980453,-2.552631334,-3.570688781,-3.112646507,-2.165241302,-2.412533331,-1.357851138,-2.805285374
-6.827676022,-1.82797611,-1.993376153,-2.849896433,-1.86468154,-2.790227784,-2.961365379,-2.949616703,-3.136157509,-1.917291353,-2.365233035,-2.194180382,-2.095714407,-2.104006695,-2.000909292,-1.846007156,-2.236766844,-1.626192447,-1.623328309,-1.784405393,-3.150996533,-2.907535516,-1.848750528,-3.326177283,-3.551640191,-2.406190535,-2.989385518,-2.070602101,-2.010681024,-3.284823054
-3.19156015,-1.237360128,-0.865678934,-2.125816674,-1.561640055,-2.87490682,-2.272490601,-2.523324631,-1.411231365,-2.594235719,-1.734930196,-1.507236964,-2.20670119,-1.566723294,-2.026793395,-1.195075668,-0.735985056,-1.865409926,-1.09662421,-1.456766707,-1.103826557,-2.046156062,-1.198396964,-3.756074612,-3.922440828,-1.271657036,-3.256589752,-1.130175442,-0.914848054,-2.938425474
-4.007872583,-2.563093269,-3.732686883,-1.985140764,-1.404483667,-2.549905488,-1.745410481,-1.759050456,-2.534578436,-1.265384565,-5.266247807,-3.688463969,-4.020864453,-3.292986494,-3.31221158,-2.185351446,-6.845615648,-1.900714536,-3.515104899,-3.312440875,-5.032364579,-3.329199228,-3.534638468,-2.83434277,-4.798456888,-4.549055393,-5.079716155,-2.637400037,-2.865911864,-5.855982117
1.625545099,-2.968046163,-2.522717409,-3.700220744,-1.680036241,-4.735881734,-3.455570785,-3.928992168,-1.834929901,-0.366962764,-4.866268494,-2.407722565,-4.799880537,-3.430180802,-2.831877589,-2.641512517,-7.096180678,-2.318196287,-2.366195681,-2.988214866,-4.357793594,-4.399519172,-3.617056136,-6.100117699,-7.409582423,-3.721566128,-4.920241168,-4.150418277,-0.654087508,-4.443669971
-18.215652751,-1.750561122,-2.068379133,-2.755775755,-1.960147318,-2.928283819,-2.768779074,-3.49082831,-2.700887665,-3.228955841,-1.833623713,-2.353649992,-1.57355427,-1.832277173,-1.895994784,-1.412767463,-1.230288286,-1.305852201,-2.106012302,-1.75953768,-1.109142978,-1.994507133,-1.617952803,0.115840771,0.018921972,-1.031249216,-1.929574358,-0.167870549,-2.158120498,-1.636868598
-6.735393239,-1.466729494,-2.004312218,-0.61070102,-0.494254794,0.196934772,-0.557113238,-0.718952343,-1.486265371,-3.203730893,-1.248465094,-1.184170113,-0.391861101,-0.935337947,-1.577497918,-1.072623594,-2.013951653,-0.595247423,-1.924316202,-1.034521957,-2.735610546,-0.812026649,-0.085590456,0.932891938,-0.42818457,-0.995089224,-1.266257741,-0.945563583,-1.348564468,-2.862625424
-26.170353763,-7.757525462,-8.556125289,-11.295344059,-7.918337036,-11.33550036,-10.491443691,-9.858303683,-6.533614375,-8.066504806,-13.569507641,-10.801995267,-12.97582284,-10.140101341,-10.76654465,-9.667203903,-8.352583513,-9.977929507,-9.407186362,-10.573715977,-7.613990163,-8.734223066,-6.178768348,-4.231001681,-4.495139704,-3.317140889,-3.413229967,-4.872188698,-6.196936564,-3.899034645
1.305344984,-5.60481378,-3.172566323,2.020153131,-0.273803816,-1.545066087,0.900344123,0.282157466,0.294626861,2.057184326,-0.043684462,-2.197183272,-2.78709791,-2.609160483,-0.912548451,-0.756736249,0.928229881,-3.626031953,-1.610693951,-2.297135428,2.741221515,-1.581791362,-5.950087871,-4.761071448,-6.924247438,-0.390769259,-4.091930973,-1.584571112,-1.664638722,-0.444627058
-18.321962387,-14.277698227,-9.945729736,-9.202238498,-13.700967998,-14.838429809,-7.68851117,-7.04571759,-7.36319979,-10.35753514,-21.927730676,-19.008464082,-20.391102428,-18.767839175,-17.183959185,-12.809386101,-11.929514248,-19.734781948,-15.66088356,-18.935805282,-12.046788573,-14.716253254,-17.266905744,-4.576470095,-5.724655439,-9.341126645,-6.588198129,-9.735233248,-8.666787288,-12.363366349
-16.152031737,-18.447441263,-12.494180896,-16.743646774,-12.878625842,-15.776891179,-14.358775746,-12.027749895,-9.489572174,-17.173760979,2.372116343,-2.823222284,-6.069789261,-1.48646544,-0.134015948,-0.670474345,-9.211765149,-3.044730176,-2.928401124,-1.318509682,-10.542168838,-5.026120741,-2.529376367,-6.349704952,-8.535279955,-8.345681613,-6.845698302,-8.004320541,-11.608506042,-5.832924612
-6.607081657,-6.892259082,-9.433995653,-8.532922731,-8.722328169,-11.048707827,-8.454439497,-8.294320766,-7.813657078,-9.719728344,-10.07311147,-9.320245059,-15.497176897,-7.69624536,-8.20741349,-4.445345096,-7.248924245,-8.386313806,-6.010928061,-7.929065297,-9.926051504,-4.671979904,-5.745066845,-6.180566318,-7.976162349,-10.435565121,-9.213725379,-7.562632301,-11.34126443,-13.335583072
-6.924837909,-11.320389271,-1.946887993,-2.587214679,-6.320622538,-7.967801636,-1.719343334,-1.407966901,-2.6360021,0.056804496,-17.022335531,-14.982323734,-10.350439269,-15.678247743,-12.973382196,-8.426294407,-9.960964546,-13.826045654,-12.500250502,-15.390170571,-9.652101368,-11.335578197,-14.505422164,-0.106656517,-2.685162663,-8.24159435,-4.87042867,-7.558898328,-6.556137631,-10.890671009
-2.433693334,11.874324268,6.381252781,6.580600501,9.332283792,10.800885375,5.061573586,3.46103168,4.477311109,4.651437052,4.877651919,7.202993102,7.107065221,7.131386672,4.783396846,2.263769347,6.208626878,7.237379591,6.703769948,6.627828282,6.989075088,7.340672524,6.237094585,-0.436342452,1.011091291,5.845606257,0.728771499,6.883662709,8.49500514,7.409597402
-17.652349605,-14.393245633,-9.423349552,-8.946487687,-13.39524963,-14.169518542,-6.736070466,-4.589320301,-7.328389495,-12.347306512,-19.592633406,-17.615693053,-19.205633682,-16.64633415,-15.400243511,-10.478392261,-10.590184437,-18.908547405,-14.815730335,-16.970566826,-13.124068711,-13.303769939,-16.138116246,0.173968882,-0.292933285,-9.039487867,-5.914522786,-10.050396022,-11.255640833,-11.634427975
-2.196495734,-7.399032957,-3.998933995,-4.896844031,-2.975383696,-3.698887138,-3.089546718,-1.322633259,-1.439999522,-6.078616487,-0.203231956,-1.829389719,0.833501566,-1.356331166,0.451538406,1.041827416,-1.735472271,-2.753740975,-0.437806817,-1.679641731,-4.541608745,-2.916517195,1.46769743,-0.282213579,-0.323712043,-2.931474157,-1.973933737,-3.552841797,-5.053157165,-1.583475455
-13.394271387,-6.211840153,-5.463271875,-5.905580272,-6.295919687,-7.330078606,-5.116079089,-4.505562281,-4.129681209,-6.43064834,-9.9715196,-8.61891482,-10.065096252,-8.214119678,-8.087007095,-5.987020858,-5.225590102,-8.936133614,-6.69281455,-8.424553985,-6.157501474,-6.176892814,-7.020030015,-2.675131597,-3.184891953,-4.484522091,-4.143553285,-4.466009884,-5.016271414,-6.119028461
-5.029501538,-6.863684738,-0.372144358,-4.789573296,-3.288455502,-6.097213951,-4.38724108,-4.555163827,-1.429716299,-3.470933842,-1.652474473,-1.066077714,-0.086259592,-1.926622239,-1.236540153,-0.852559692,-5.447865581,-1.738789878,-1.561488319,-1.501701138,-2.262738814,-1.657035329,-1.495793457,-2.630754523,-2.874211283,-1.948012417,-3.106274824,-2.438514831,-5.293143417,-1.087203664
-8.409778616,0.629173847,1.766630878,-0.476368597,0.896467527,-1.064457256,-0.390948057,0.218967049,-2.221206443,-2.164359317,-0.093176772,-0.830571055,0.961809021,-2.215981172,-1.159461008,-0.504939044,2.712418738,-1.146675942,0.224159076,-1.351458309,1.097600125,1.064183396,-1.967046905,-0.231022015,0.697507644,1.279905587,-0.228368151,-0.051821929,1.180652487,3.627672051
-14.312941356,-2.131951237,-4.183785029,-5.113201902,-4.455086271,-5.732450204,-5.315123581,-5.492503786,-5.769692807,-4.020664207,-7.335582802,-6.668801632,-9.0482858,-7.57984803,-7.589430019,-5.227380493,-3.503533852,-5.414642317,-6.110012312,-6.624642955,-2.36637592,-2.917522004,-6.813436233,-4.489463573,-5.013572473,-1.710370581,-3.554978372,-2.698441352,-3.406725121,-1.70990007
-12.365859217,-7.528941342,-2.115634013,-6.631624366,-3.916032632,-7.378003933,-5.537079986,-4.334872234,-4.255944142,-6.226415237,-2.07686056,-3.399643885,-1.528243595,-4.362952544,-2.917499702,-1.760784341,-3.522359969,-2.973569687,-2.436755069,-3.589006609,-2.720590524,-2.566644939,-3.012291222,-1.776411861,-1.382808544,-1.751663013,-1.782230025,-3.629681358,-4.854602009,0.520290792
-11.944799229,-9.273645472,-3.718732229,-7.453420548,-6.105841165,-9.365894314,-6.236583197,-5.119382389,-4.199307187,-6.16511886,-6.040519516,-6.072882646,-4.818771714,-6.434079008,-5.15181649,-3.790386644,-5.890339421,-6.268343346,-4.899559752,-6.094123245,-4.544180483,-5.608691109,-5.94191632,-2.032995578,-1.996523247,-3.380046078,-2.521041305,-4.73078747,-6.365199694,-2.617914727
-1.916094071,-3.30300367,-1.476332912,-4.190688213,-2.492991972,-6.078170338,-3.494071767,-1.568488577,-2.372056133,-2.032161739,-1.214556826,-4.59088166,-1.290831034,-4.93639,-2.827104556,-2.020674539,-0.024780653,-5.272390326,-3.641994519,-4.76036456,-1.141911338,-1.258622228,0.493097115,-0.992212271,0.293424751,0.069716207,-1.462269501,-1.941591378,-1.732504769,-0.795611524
-24.526766691,-6.931455563,-10.516371705,-9.796102777,-8.696038568,-10.055423067,-8.272600741,-7.106649943,-6.055036422,-7.944414393,-14.274615384,-10.139580909,-13.688844477,-9.281906129,-10.003595964,-8.851959321,-6.714955535,-10.817028384,-9.972026986,-9.839292883,-7.60988096,-8.599482058,-7.080340363,-3.565597156,-3.793602734,-2.815265769,-3.34196723,-4.836339721,-5.216696999,-4.904906921
-5.990975694,-3.552792223,-1.831456813,-2.577863333,-3.660087573,-4.650082869,-2.298614622,-1.908555739,-3.252953526,-3.989152666,-2.91679296,-3.648294632,-4.171153218,-4.321001628,-3.271754303,-1.775184024,-1.596638169,-4.460360134,-2.897836855,-3.693202404,-2.777798982,-2.623906785,-5.530551308,-1.835638509,-2.116597377,-2.708878476,-3.103239138,-3.074997094,-1.751210794,-1.74541052
-14.244003856,-4.589647539,-4.991388299,-4.620073495,-4.890214065,-6.437976902,-3.637027117,-2.457883546,-4.69423814,-3.852301634,-8.531462486,-8.66153455,-8.126260485,-8.948418925,-7.710866237,-5.154929007,-1.806275306,-8.86612722,-7.113927682,-8.772825858,-3.616557754,-4.994443855,-5.301362431,-2.329488952,-2.362346445,-1.961283145,-2.494348791,-3.513221535,-2.779145813,-4.439745835
-12.89809714,-7.693010208,-3.563551727,-7.618179166,-5.417738004,-8.180228522,-6.859286244,-5.988381915,-4.139253533,-8.46111327,-7.886335251,-6.348998448,-6.25180873,-6.317314515,-6.265515613,-6.13481423,-6.62887802,-6.661851978,-4.968083352,-6.464836498,-5.405514853,-5.127340571,-4.575493172,-1.656629966,-0.775448657,-2.502680858,-2.874225689,-3.828893194,-5.007342967,-2.089739466
-10.527361002,-6.234488763,-5.184949322,-6.112128469,-6.285901166,-8.1673526,-4.927500734,-3.70974772,-3.215529553,-6.26146016,-8.526619712,-6.951559441,-7.081239446,-6.86738466,-6.05530479,-5.358375665,-3.975356483,-8.878893949,-5.933035742,-7.079078533,-5.193373327,-6.143351849,-5.498406249,-3.415019268,-2.215291948,-2.456432176,-2.85983476,-4.266376789,-3.357736618,-3.169585484
-9.895574773,-8.352020783,-4.843857435,-6.082189279,-7.319388682,-9.270718779,-5.216251853,-4.103645246,-5.186506008,-5.659436658,-6.693193818,-9.28138781,-8.610072513,-9.682975871,-7.741278656,-4.51655203,-4.343736184,-9.548334204,-7.448447947,-9.196675767,-5.060697755,-6.091466024,-7.644111772,-2.218324812,-2.77228928,-4.506020626,-3.794427553,-5.362512358,-5.086023956,-5.919478784
-18.05263282,-9.123938269,-5.935886688,-8.540395235,-7.781469289,-10.732180781,-7.60174495,-6.627284607,-5.63106733,-5.967538665,-14.320851752,-12.642555604,-12.753943662,-12.442662829,-11.993075811,-9.738795309,-8.870957839,-12.11706525,-10.774727631,-12.614158536,-6.925652515,-9.36832757,-8.707542253,-2.350115282,-2.881651958,-4.485454198,-3.954729625,-5.783371346,-7.056131463,-6.732780109
-5.005306224,-3.532794807,-2.239276371,-2.241970437,-3.786205813,-4.477156595,-2.13019594,-2.576528928,-1.948912856,-2.760597627,-11.85818447,-8.315708284,-8.379609051,-8.511573187,-8.258844573,-6.666404674,-5.785570411,-8.71342926,-6.729271148,-8.699329021,-4.821887718,-5.940631635,-6.126779047,-3.172934196,-3.276114439,-3.605131759,-4.751578138,-3.914035731,-3.479457095,-6.14518826
-8.923165009,-9.809469772,-4.054535574,-7.198485711,-7.055025121,-8.148698218,-7.02571998,-7.782680319,-4.177096021,-9.614419332,-7.80670337,-5.787307961,-7.334490442,-5.488174502,-5.935306387,-5.381488638,-9.322772253,-5.552294685,-4.832764049,-5.462919886,-6.694533047,-5.470945808,-6.757922369,-3.812995434,-3.796042315,-5.692660603,-4.859059857,-5.199920194,-7.640565223,-3.892502292
-5.581267121,-7.171755614,-3.653861556,-6.743553727,-5.058806406,-7.894776894,-5.746511606,-4.23846574,-3.7768964,-6.170973412,-0.625992596,-3.220152025,-3.010558209,-3.237016695,-1.65845081,-0.774095991,-2.464410646,-3.811142932,-2.71906565,-2.99912893,-4.319294046,-2.453081815,-1.486010999,-2.739502763,-2.14535406,-3.005397021,-2.748898313,-3.729811554,-4.400149193,-1.95126648
-8.147208959,-6.343245615,-3.628205982,-4.807601026,-4.413676605,-6.006052577,-4.163700256,-3.681448374,-3.099102554,-5.867993786,-5.299514643,-3.967621118,-5.139844583,-3.979560706,-3.696356072,-3.167945618,-2.879273296,-4.859030927,-3.495266958,-3.94098854,-4.467380466,-3.527329277,-3.609570014,-3.489614356,-3.025172492,-2.655161554,-3.28672127,-3.299881551,-3.16421539,-2.238846067
-10.241953139,-6.1711358,-4.751204099,-6.036185891,-5.697069448,-7.675296792,-5.380267873,-4.888365189,-3.4469926,-5.871654947,-10.585598887,-7.321772256,-8.589181082,-7.056995789,-7.304995627,-6.780157353,-6.055455319,-8.31825842,-6.718580379,-7.497454941,-5.183368627,-5.862878284,-5.080681546,-3.861494563,-2.76540254,-2.504776314,-3.456650964,-3.832459576,-4.406501297,-3.311192751
-9.089088367,-8.240456377,-5.71967702,-6.082608422,-5.081440436,-7.035402087,-5.125068584,-4.276112323,-3.373016316,-5.437716339,-4.184859765,-3.236167451,-5.430218921,-2.602244012,-2.521659881,-1.865168666,-1.756623457,-4.380236383,-3.383328981,-2.975864649,-5.194771683,-3.679611006,-2.596849921,-3.865877407,-4.806403408,-2.903171354,-3.595726086,-3.496537975,-3.232288421,-3.15463196
-12.917373183,-8.131672785,-6.83434093,-6.700723974,-9.563635305,-9.81912831,-5.630868252,-4.304215156,-6.457045426,-8.172712417,-7.37677298,-10.980420463,-10.644165871,-11.369504703,-8.977882624,-4.306068822,-4.726813943,-11.492822449,-8.237645761,-10.613348917,-5.69751149,-7.298706929,-9.373903396,-1.010299267,-1.33355276,-5.059188421,-4.104300994,-6.474962427,-4.913025239,-6.801726535
-0.434482243,-0.867012367,-0.067682265,-0.506361214,-0.984944887,-2.875776012,-0.139921306,0.159817078,-1.054105023,-1.727400234,-5.304391882,-4.485875467,-4.411224524,-4.999063889,-3.991182001,-3.077439266,1.321922498,-5.201841548,-3.150342874,-4.522620102,-3.368774845,-1.717895748,-3.456400091,-2.530801609,-2.253907702,-2.855804979,-3.980821932,-1.680771984,-1.433959834,-1.458285104
0.989154176,-2.07053163,-1.040165157,-1.704515428,0.975493846,0.249598196,-2.014036907,-2.07895111,-0.864834202,-3.394143043,4.037791553,3.023320025,1.147203549,3.519155836,3.273224672,2.161894611,-0.752610602,3.908067362,2.351796255,3.429247998,-1.186894821,1.589336222,4.353801538,-1.138958117,-2.113238045,-1.344211136,-2.723734071,-0.00980838,-1.630499585,-0.208196532
-9.931010467,-9.166307417,-5.324466899,-5.583976055,-6.73517097,-7.625980659,-4.898452346,-4.865172151,-3.164743075,-6.946747576,-10.267249892,-7.291812001,-9.65216408,-6.794159938,-6.873895976,-5.99209443,-7.176961723,-8.342621221,-6.54127987,-7.293001676,-6.390436915,-7.652064925,-7.317674444,-3.848369284,-3.921832714,-4.584812033,-3.977776119,-4.661445363,-5.895889368,-5.753715775
-5.227111324,-6.961403161,-3.833209144,-4.906689356,-6.751797122,-7.994390846,-4.463117284,-4.174920392,-3.353933279,-7.400460605,-8.767249782,-7.243220027,-9.438103554,-7.316760832,-6.825126579,-5.996327939,-4.820249885,-8.970237991,-6.487766689,-7.310866952,-4.806387172,-5.812793739,-7.220374821,-3.968820252,-2.258795952,-3.54268761,-3.322871661,-3.878638794,-5.104906285,-2.399725528
-6.823865787,-6.049849952,-2.816729511,-4.186283843,-3.333937295,-5.016821995,-3.629416644,-3.348895119,-2.930556589,-5.193755387,-2.580350814,-2.470464591,-4.263969321,-2.385129169,-2.034941153,-1.58302355,-1.527185392,-2.609624607,-2.043887934,-2.174310949,-4.802344818,-2.324352423,-3.071766822,-3.093701287,-3.569120287,-3.883088241,-3.547009717,-2.777785428,-4.068697444,-1.931701175
-12.64638096,-8.367872034,-5.781250416,-7.78064495,-7.253034484,-9.494917829,-6.647625348,-5.296296314,-4.834765837,-7.137928825,-7.672679732,-8.148074567,-8.195138294,-7.593654066,-6.471421865,-5.142610812,-6.028133951,-8.44356143,-6.835861573,-7.75910806,-5.5364345,-6.514106648,-5.580542748,-2.126286029,-1.999446305,-3.418114003,-2.907107106,-4.893108581,-5.567712091,-4.593072482
-6.249818152,-6.516503388,-3.052177779,-2.946030854,-2.061006439,-2.560266287,-2.762156995,-3.414814994,-1.070954574,-4.550178932,-1.373823353,1.547037628,-2.717489082,2.99986779,0.901769322,-0.45624791,-1.982867963,1.143302886,0.484563092,2.148333659,-4.396399959,-1.565688683,-0.794001542,-4.166983811,-5.205985182,-3.173399789,-2.787415656,-0.669111326,-3.483630675,-1.420462523
-3.078275712,-3.100481114,-0.506895668,-1.553745821,-5.106714667,-6.224730521,-0.915646825,-0.539593057,-2.465602728,-2.8269043,-10.115422005,-11.312245367,-7.854037353,-12.098907845,-9.463266967,-5.2795963,-2.588804075,-11.228316671,-7.221843146,-11.404560889,-4.851872539,-5.683331342,-9.274601612,-1.285324477,-0.839645378,-4.879440993,-5.127312616,-5.422859102,-2.605060113,-6.318207105
-3.26361841,-1.338616108,-1.86494707,-3.263952612,-1.186617846,-2.816640059,-3.212048505,-2.337627066,-2.036980251,-4.101322522,-0.50661118,-1.531196662,-1.910477338,-1.171793178,-1.038170436,-1.56674696,-1.480193985,-1.345285863,-1.445174537,-1.266731978,-0.731405022,-0.216254169,1.597887112,-1.0325175,-0.329591573,0.38162576,-1.810164113,-0.43952588,-1.573622949,0.552755135
-4.757922174,-2.159167856,-1.291605834,-3.47198923,-2.412455659,-5.3674713,-2.498895046,-1.36801628,-2.313933416,-3.053062189,-3.737477001,-5.092561582,-4.007753795,-5.19383142,-3.812339717,-2.953197097,0.437961525,-5.043660388,-3.508902114,-4.836205592,-4.218993302,-1.383405495,-2.283469913,-2.546858978,-2.640829829,-2.675063035,-3.616820911,-2.18523725,-2.09217523,-1.790422838
-8.570071476,-6.574435094,-3.949674203,-7.522581496,-5.157928996,-8.224960126,-6.373484275,-4.149505845,-4.626947924,-6.343172192,0.217610856,-4.191954181,-2.447594917,-4.099184164,-1.805931395,-1.261452103,-2.081786467,-4.232677745,-3.170387035,-3.755449041,-2.593228022,-2.960590784,-2.047762631,-0.102285225,0.688375983,-1.381372251,-1.05612868,-3.620585245,-4.032389765,-0.965094124
-12.495666137,-5.612321527,-4.544734587,-6.483479588,-6.880453196,-9.5044371,-5.342766131,-4.203745088,-4.49320206,-5.216418851,-11.225471659,-11.155287788,-10.265629827,-11.179827837,-9.814947739,-7.217204084,-4.469251931,-11.086417718,-8.662684604,-10.948449209,-6.610774411,-6.396165713,-7.8949757,-3.242078579,-3.438259656,-4.397956694,-4.5758077,-5.191063054,-4.428942306,-5.335835105
-15.211602268,-8.613866477,-6.322966239,-8.63669935,-7.483953542,-9.802407372,-7.547635794,-6.458141196,-5.848834691,-7.908923519,-7.170400932,-7.472400924,-8.879213042,-7.416648645,-6.523281679,-4.883087393,-5.162709957,-7.384217856,-6.388456684,-7.115582224,-6.522057933,-5.62443322,-6.399310731,-3.328351953,-3.628816754,-4.528813368,-3.763628007,-5.006322601,-6.093577528,-3.761918455
-13.038694742,-3.28242076,-3.745405069,-5.025248317,-4.334019952,-6.179471569,-4.39342357,-3.396740093,-3.667427295,-4.067949268,-9.068012263,-8.052115595,-7.457610496,-7.811338299,-7.665919171,-6.530995526,-5.086166169,-8.054472662,-6.850985537,-8.133786273,-2.959735308,-5.435935653,-4.69441697,-1.046163147,-0.828863974,-0.492870127,-2.127193783,-3.14665412,-2.523130293,-2.776935083
-3.214526073,-1.86396534,-1.132540826,-0.571430812,-0.922139953,-1.225672824,-0.300384676,-0.557927319,-1.112077955,-1.987715882,-2.552236263,-2.2565459,-2.761087679,-2.127464564,-1.691321734,-1.306674594,-0.957233578,-1.954843952,-1.931942296,-2.105076002,-2.455581972,-0.654266464,-1.255373485,-1.051847328,-2.127911249,-2.173335685,-3.229479069,-1.096835503,-1.610658601,-2.890204244
-4.040926303,-3.543207821,-1.200018819,-1.159962472,-1.9652827,-2.538934609,-0.92474969,-0.969313405,-1.141903241,-2.179900362,-4.469633556,-4.140921506,-4.899707053,-3.900571342,-3.494357602,-2.55563933,-1.894300678,-4.014010611,-3.241429216,-3.93604734,-3.473549652,-3.243945281,-3.975141642,-1.951729175,-2.565144904,-3.421061621,-3.576650385,-1.913352315,-2.934334126,-3.231296601
-9.175798212,-6.010926532,-3.567917737,-6.454209788,-5.449919784,-7.088164884,-5.368803475,-3.893781438,-4.01560001,-7.693222361,-3.334284844,-4.20328818,-4.83046057,-3.911702406,-2.837138451,-2.585756552,-2.609186077,-5.219946905,-3.476836031,-3.865831739,-3.538141673,-2.642930363,-2.964329223,-2.811902277,-1.525958707,-2.005525321,-2.394307128,-2.891249038,-3.621041489,-0.145412724
-1.200893786,-1.733525303,-0.585595211,-0.575918323,0.173345164,0.308402661,-0.436488262,-0.320607005,-1.267391775,-1.721668968,-2.0415734,-0.936548103,-3.059961344,-0.5904977,-1.052272199,-1.177818912,-0.800871264,-1.296709021,-0.828129396,-0.75417972,-2.195100991,-0.952452954,-0.501006339,-2.225293137,-2.733408827,-1.750242537,-3.108106152,-0.272782208,-1.321165796,-1.410477718
-3.111396475,-3.522441316,-3.219202701,-3.866802872,-4.140375172,-6.019694881,-3.239199068,-3.029618958,-3.312154982,-3.932136276,-6.323318034,-6.791367733,-5.544950395,-6.992703626,-5.707017569,-4.224519697,-3.560000245,-6.158551138,-5.592815981,-6.791826468,-4.724344886,-3.301243453,-4.389189675,-1.91605914,-3.166119903,-4.142950259,-3.640181326,-3.513571254,-3.900586413,-6.777293163
-6.922826399,-3.031896203,-2.95437914,-3.096457996,-2.664101297,-1.358586228,-2.488713471,-1.766146542,-1.77571194,-3.180645552,-7.393068043,-4.09873302,-8.446149584,-3.101771663,-3.882827271,-4.852312139,-2.898352654,-5.230265608,-4.414463962,-3.589399658,-2.838190565,-2.840028194,-2.047124776,-3.831991606,-3.228475512,-0.86617112,-3.455299562,-0.744592069,-2.399396753,-0.484395646
-2.155892186,-2.458632954,-0.480703948,-0.265773695,-0.400089767,-0.27992435,-0.123293105,0.055876558,-2.21710467,-4.01570194,0.231841398,0.23158468,2.001942039,0.203233098,0.883494625,1.212061601,-0.783578405,-1.047457474,1.001406861,0.31256618,-0.071921289,-0.219272138,-0.368176655,2.08922104,1.853716238,0.814378662,0.866095051,-0.712138813,0.292924413,-0.180827082
-7.005477544,-5.828581202,-4.662281093,-8.094779687,-5.998258436,-9.571576545,-7.130434264,-5.965932536,-5.137555656,-6.316042163,-7.30698738,-7.88682539,-7.139556713,-7.740586911,-6.843842953,-5.334834494,-4.297393576,-8.04225404,-6.164122836,-7.698076646,-5.439283491,-5.26042182,-4.837100903,-2.508291657,-2.483686872,-2.469366792,-2.66792581,-4.488938609,-3.949362629,-2.631325544
-5.937970622,-6.89557262,-4.726085059,-10.598137698,-5.042608909,-10.446553497,-9.467776751,-8.229561905,-5.304419505,-6.167709671,-3.703047189,-5.176353312,-4.878246656,-4.504458779,-4.539235807,-3.45871474,-5.042395185,-5.31229318,-3.741693572,-4.833772397,-5.818674754,-4.139002546,-1.529444645,-4.589343967,-6.332476577,-1.953441574,-4.273408658,-3.826107267,-2.916612796,-0.306084972
-1.830137285,-2.491915732,-3.538334961,-6.613364883,-2.589811248,-6.223259862,-5.897265956,-4.325809311,-3.660546784,-3.615582617,-1.685290609,-3.887504191,-4.42409153,-3.699232843,-3.000898712,-2.972168545,-1.435878978,-2.46295909,-3.398902074,-3.522427438,-3.810979471,-1.185420058,-0.299493881,-3.672655649,-4.559335478,-2.462216466,-4.293742202,-1.709807016,-3.973896066,-1.732871681
0.377860965,0.205392103,-0.43920067,-0.345020707,0.84714913,0.802102673,-0.238862999,0.371660266,-1.665469934,-2.042065226,0.128249902,0.436165934,-0.056255662,0.358769512,0.503313586,-0.136609525,0.582234319,0.357614532,0.282000059,0.397813484,-0.192026199,1.45302422,1.244168325,-0.83465854,-2.05268991,0.380446541,-1.045398438,0.6420741,-0.137487595,-0.188313673
-4.641187903,-4.885870239,-3.525151799,-4.49151375,-4.283016945,-6.486954491,-3.94600874,-3.657398885,-3.768235179,-4.366871386,-6.216513044,-6.14352827,-5.262759427,-6.206432678,-5.116187305,-3.545279,-3.953474281,-6.189911442,-4.700895643,-6.111870511,-4.908510928,-3.829141752,-4.499329414,-1.783053974,-3.677361028,-3.672678589,-2.927025176,-3.587514417,-3.379319213,-5.663639774
-5.759100724,-6.168286582,-3.192830964,-3.839172417,-4.383863705,-5.340494204,-3.130007687,-2.905528234,-3.235954803,-5.279482348,-6.052416447,-4.988187381,-6.195867156,-4.914205042,-4.232849196,-2.937791558,-5.033349169,-5.369231149,-3.966189538,-4.850848212,-5.577915769,-3.877955278,-5.025579368,-2.594174069,-3.792606585,-4.588216224,-4.136429176,-3.613470825,-3.638764445,-5.446856982
-3.302585878,-3.194357116,-2.874391497,-2.531803018,-1.924089116,-2.036575122,-2.148673097,-1.793412137,-2.957213175,-3.849893056,-3.177058955,-1.946668629,-2.894780297,-1.800133797,-1.787315185,-1.476406772,-3.271794014,-2.264584395,-1.862451755,-1.909186338,-2.526440874,-1.437318228,-1.190461306,-1.088639251,-2.683963383,-1.356867638,-1.459846868,-1.361811912,-1.765568822,-2.760035418
-3.298487203,-2.96633627,-2.42944562,-1.493136298,-1.758922436,-1.373017814,-1.120225932,-0.640490223,-2.271235822,-2.303644046,-3.910167158,-2.844675923,-3.634214988,-2.591858157,-2.531323687,-2.115910959,-3.428287205,-3.090059502,-2.659626853,-2.723524778,-1.996485289,-2.25635455,-1.589466186,-0.546223869,-1.927964576,-1.076579391,-1.248016042,-1.355342938,-1.947698626,-2.984579516
-10.280256376,-11.476102345,-5.680754659,-8.425460025,-9.778747079,-12.859898897,-7.137242145,-6.253257165,-5.462068563,-8.998351183,-8.02211437,-10.115814722,-9.098500442,-10.480266044,-7.694791314,-4.863754441,-6.441940369,-10.186099671,-7.814724382,-9.764668631,-8.562079618,-7.374192729,-9.69531841,-2.750907046,-3.675898056,-7.79676988,-5.304193115,-7.460654172,-8.277198736,-7.871518006
-8.602933814,-5.372169398,-4.51676403,-5.809559897,-5.779381511,-7.022906185,-5.008752042,-4.174211023,-4.25769078,-5.519033343,-9.895708159,-8.153816936,-8.932080456,-8.004429854,-7.666863439,-6.393097836,-5.155963909,-8.853740484,-6.819136405,-8.097450255,-4.297709492,-5.740970739,-6.483980586,-2.740022975,-3.09730582,-1.863145982,-2.514580315,-3.572545695,-3.610300697,-2.059483026
-9.926430534,-9.051570513,-5.983075297,-9.417159939,-8.070353647,-11.60487267,-8.181311498,-7.037173166,-5.432183211,-7.829883126,-8.00055685,-8.953835283,-8.980442795,-8.664707306,-7.400819499,-5.423391653,-6.170010181,-9.198545936,-7.111731117,-8.617105702,-7.126611227,-6.578998462,-6.609896497,-3.90436943,-4.661030604,-4.677938386,-4.614986347,-5.582917732,-5.899069904,-4.127117347
-5.707676839,-6.200414898,-3.020507193,-5.507017837,-4.194588248,-5.562482046,-4.625720842,-3.725470921,-3.644591432,-6.282512945,-4.355638864,-3.667897593,-5.437868549,-3.683773203,-3.327742863,-2.587110054,-3.541791399,-4.587669013,-2.532685276,-3.51685926,-4.209051449,-3.011101605,-3.982391212,-3.051988569,-3.501113239,-1.972668476,-2.473297104,-2.830572662,-2.590156837,0.717905507
-10.089349398,-7.148743405,-5.510215136,-8.203458459,-7.827488578,-11.15784203,-7.324228322,-7.096922139,-5.414611821,-7.214110595,-12.292786826,-10.765900018,-10.234816032,-10.753743488,-9.952630625,-7.589552777,-6.54705436,-11.280639997,-8.633145463,-10.907617438,-6.797547759,-7.396736495,-8.733947922,-4.036667097,-4.729704658,-5.821373847,-4.247000919,-5.536678961,-4.526108917,-4.707597798
-2.412638524,-1.499699773,-1.940096448,-1.482026964,-0.974127354,-1.043785415,-1.133346078,-0.482125805,-1.687723081,-4.40925148,-4.73342079,-3.495609826,-5.157596538,-3.070092348,-3.351678581,-3.41657013,-3.181039293,-3.349270916,-3.341847028,-3.300973911,-2.270069983,-2.429796017,-1.678691599,-1.847858474,-2.794905316,-0.820220671,-2.411215295,-0.719757843,-1.820397243,-2.146094463
-5.314262035,-4.418492445,-2.656280032,-1.419842411,-3.678933376,-2.924922725,-0.865176358,-0.37404057,-2.080069975,-4.904807451,-7.163254147,-6.059605016,-7.617618844,-5.870840729,-5.22287725,-4.205420215,-4.834373089,-6.105777855,-5.303917473,-5.756025534,-4.153740253,-4.492428848,-5.455400943,-1.319678731,-2.048393579,-3.291837237,-3.072899438,-2.83651904,-3.974254275,-5.464239214
-7.180840153,-2.697911862,-2.856042881,-3.078977983,-4.091484793,-4.128276896,-2.490779397,-2.279654972,-2.952650229,-5.689696727,-7.753336392,-4.98338284,-6.170884,-4.872838397,-4.456715235,-3.932072424,-2.998410272,-6.142577414,-4.091413332,-5.109294274,-3.113768564,-2.53827046,-4.687127334,-2.892873406,-2.311410678,-2.081784142,-1.417209207,-1.960588552,-1.39251811,-0.810809056
-3.937353919,-4.218991047,-1.926493881,-1.537977947,-2.329433447,-1.707410022,-0.979518875,0.074349698,-2.254116533,-4.293059935,-2.905577483,-3.226703261,-3.837476846,-3.156551618,-2.369925257,-1.831909916,-2.750652491,-3.27203258,-2.681461941,-2.797045908,-2.077785861,-2.578536188,-2.773352969,0.057746683,-1.027232693,-1.071625684,-1.46467726,-1.877293669,-3.227573964,-2.324361227
-5.193327234,-4.919254525,-2.920764723,-3.44724694,-3.396843469,-3.587754114,-2.732638618,-2.071525218,-3.064558868,-5.629803889,-3.980132052,-3.230693891,-4.509024099,-2.988809677,-2.747276729,-2.009696357,-3.873903461,-3.720636888,-2.670873899,-2.927772478,-2.868990019,-2.555704275,-2.774772464,-1.463623116,-2.220320836,-1.553189728,-1.500818892,-2.286863059,-2.464724915,-1.145429401
0.452286582,-2.116655146,-0.245392672,3.211160686,1.648996285,4.560439905,2.901480471,3.023871739,0.63411213,-3.847708148,4.515117096,2.233940948,1.988305457,1.890445073,3.181721213,1.502570106,0.279887306,1.814910876,2.618968801,2.122430754,1.592119828,0.896267241,1.182370374,1.476175948,1.499583247,2.151208915,1.683143948,-0.051280888,-2.257182696,1.307707742
-7.860561938,-6.093637823,-4.461402418,-5.878744608,-5.406010424,-7.125499332,-4.90527092,-4.213489402,-4.759755835,-5.184710706,-6.801930268,-5.837056217,-5.7009218,-5.280130874,-4.507022378,-3.33933513,-5.414588012,-6.494462052,-4.834798448,-5.267301972,-4.281525515,-4.208484016,-4.085451446,-2.112678608,-3.049572035,-2.831563345,-2.724464302,-3.427886174,-3.32424134,-3.606108271
-5.01272589,-4.087020491,-3.36142764,-3.035850762,-2.894015319,-3.020987648,-2.346941943,-2.051684969,-3.546754535,-5.695620043,-5.458755655,-3.432592226,-5.266701383,-3.181866075,-3.155368829,-3.036594925,-4.25601531,-3.941213785,-3.093186326,-3.282638818,-2.178992585,-2.720142711,-3.129254021,-1.888126497,-2.730867249,-0.860302394,-1.780318224,-1.616095361,-2.017500348,-2.142752513
-4.873132393,-5.530774753,-1.86482529,-2.849175591,-2.964150063,-4.764396595,-2.327035066,-2.704865846,-3.149905528,-4.889497521,-5.38496039,-4.111840887,-5.363383759,-4.6774364,-4.650813907,-2.95405893,-4.774533349,-4.484855009,-3.578268888,-4.609456549,-3.032045616,-4.512740116,-5.31772803,-2.598264744,-3.986888339,-2.813770705,-3.182677867,-2.863665572,-2.962518473,-3.76597658
-5.943105497,-5.355474351,-2.812513932,-3.474139149,-3.730718028,-4.095467292,-2.706269264,-2.367560318,-3.342213178,-7.121267662,-4.630710488,-2.891435429,-5.261253339,-3.185820598,-3.166298382,-2.010417554,-4.557814441,-3.348016634,-2.860835341,-3.086649548,-3.348693088,-2.867448573,-4.540045076,-2.505961621,-3.740574373,-2.829207584,-3.061485256,-2.568685785,-3.21364084,-3.245422238
-5.715295682,-5.362331942,-2.599146621,-3.885512489,-3.023681856,-5.058945518,-3.200240134,-2.797911568,-4.141488667,-4.823204161,-2.512511621,-2.177627696,-3.600648668,-2.077567101,-1.566206036,-0.587370387,-4.124543789,-2.686538722,-1.586274596,-1.84298139,-1.946975299,-2.323023206,-2.862962459,-2.36998622,-2.819087471,-1.86962294,-2.615994051,-2.44347809,-2.228921506,-0.835498328
-2.85029281,-1.785994494,-1.288841126,-2.467479032,-1.869609655,-3.242416395,-2.305286774,-2.338687389,-2.071290284,-5.26167312,-2.672580738,-3.421670274,-3.311736616,-3.136607829,-2.307966664,-2.10593125,-3.482628893,-3.771713249,-2.991865395,-3.246764668,-2.842402572,-2.327550912,-1.685361804,-2.00898322,-3.036562606,-2.908083081,-2.945562191,-2.328996186,-3.423633332,-2.985525563
-4.494982262,-4.744658266,-1.948230071,-1.569380655,-0.489725492,-2.776050996,-0.738882406,-0.085543054,-0.970118144,0.762097415,-1.710529969,-0.637993811,-2.907812794,-0.422301493,0.54056508,-0.311490571,-4.489377004,-1.294907041,-0.099935518,-0.367839284,-2.450335162,-0.788965521,0.060133259,-0.178761956,-0.293498448,-1.688193425,0.138154702,-0.309857516,-0.68296647,-2.448762107
-3.56803265,-2.130240907,-1.38646968,-2.564321328,-1.797749141,-3.334398985,-2.280582858,-2.100178165,-2.052595671,-3.703253966,-2.644095705,-3.241835736,-3.18050852,-3.27949552,-2.00906411,-2.139000913,-3.259131275,-3.282296286,-2.393062381,-3.12302936,-2.838119397,-2.157237117,-1.33703232,-2.261273143,-2.820621242,-3.755492122,-3.543062102,-2.286344907,-2.40183494,-4.103879967
-5.922257679,0.88992205,-0.363978314,1.240127529,1.247134022,3.569618404,1.566808841,1.478002631,0.66018269,-1.040384167,1.324080071,1.644123558,0.703687173,2.009177255,2.050052537,0.728221003,-2.975752093,0.97200722,1.012955699,2.122336742,0.930042382,-0.714215769,1.632968582,0.995337391,-0.647515688,1.285426917,0.825107955,-0.125978344,1.325375841,-3.58544654
-3.742976999,-3.288513356,-0.768887058,-2.933196553,-2.274008789,-4.171273728,-2.572282161,-2.590530681,-3.278661688,-3.992943618,-4.155283314,-3.599015526,-2.747523002,-2.916297715,-3.114270257,-1.417214794,-3.622873153,-3.559771736,-2.556824405,-3.400970902,-0.777278311,-1.709080606,-4.472964183,-2.956877411,-2.760755614,-3.007505801,-3.928188985,-2.061287713,-2.112712204,0.738646608
-5.558444507,-2.367090756,-1.315859996,-2.209155218,-1.69498998,-2.431404819,-1.838750176,-1.669512891,-1.516698614,-2.994270052,-3.135922125,-3.234930612,-2.828395085,-2.043685556,-1.509690436,-1.809530411,-4.599312218,-2.958977225,-1.917130396,-2.534581947,-1.31130477,-1.222930971,-1.82469255,-0.73968385,-0.786689224,-1.968793477,-1.555164633,-1.571193863,-2.015058965,-1.330982373
-3.295979238,-2.717864798,-0.920568451,-1.156359745,-0.517666052,-1.324750333,-1.085329358,-2.014230183,-1.703583601,-5.039028211,-1.347967836,-0.736570919,-1.937601277,-1.089584526,-1.080216186,-0.579979578,-2.063526625,-1.310129089,-1.139579273,-0.824297247,-0.892142778,-1.69106096,-2.555676041,-2.920098635,-4.942419052,-0.558330248,-3.950756784,-1.467960967,-0.180625722,0.451938576
-4.808994951,-1.953252171,-1.253962268,-1.503342791,-0.472213959,-1.040914995,-0.577284189,0.297926073,-0.896320037,-1.447976503,-0.993324025,-2.246484784,-1.848671424,-1.365190139,0.049027919,-1.455076992,-1.655352406,-2.190132875,-0.835564479,-1.337202978,-0.780995658,-0.14627452,-0.701399599,0.323807111,0.254630534,-0.032960516,-1.633606625,-0.372957458,0.032877945,-1.658851391
-3.732988463,-2.128161107,-1.709613183,-1.621142208,-0.888662886,-2.211970694,-1.493893215,-1.668243329,-2.061141653,-1.276244704,-1.89866931,-1.401810348,-1.566413655,-1.345761202,-1.561096036,-1.184567785,-3.286672566,-1.781063977,-1.401402679,-1.589171613,-2.607340444,-2.762379199,-1.184736801,-2.25960495,-2.794214597,-3.194061855,-3.270739236,-1.052626367,-1.549819625,-2.713583853
-2.349737023,-0.862011775,0.794342041,0.358232298,0.259816098,0.451324345,0.632860499,0.543278055,-0.624506554,-3.282444014,-0.502669214,-0.113910783,0.088734129,0.756839588,0.791038948,0.208860875,-0.983134078,-0.590908404,0.447805078,0.546910657,-0.567015643,-0.6709773,-2.878327902,-0.516133646,-0.410785751,-0.24791658,-0.966637179,0.153011577,1.066786495,2.044534238
-0.464518557,-2.639512321,-1.594486776,-1.705880395,-1.162383633,-3.567493729,-1.54335199,-1.537026911,-2.326277688,-2.334226091,-2.075155962,-1.639467194,-2.693143709,-1.94265368,-1.938841841,-1.380544034,-2.93697023,-2.456814446,-1.785417376,-1.895833981,-3.052792533,-2.56469564,-1.952563538,-2.858267546,-3.674013477,-3.898818555,-4.223207954,-0.994732184,-2.371672464,-2.411905556
1.866985603,-6.453690685,-2.164460329,-1.219249087,-0.588241666,-3.298415917,-1.560731487,-3.314018872,-3.086391682,-2.638915669,-2.241038489,-0.124978058,-2.138265955,-1.646648777,-3.295995924,-0.629966263,-3.809868324,-1.958018772,-2.055531303,-1.026662493,-2.531788552,-5.130597998,-2.321099879,-5.011949869,-7.548242698,-5.522140438,-5.817411061,-1.56014885,-3.477506358,-3.126652355
-3.438817706,-0.182970562,-1.015044487,-0.231001006,-0.888265932,0.459665487,0.005256471,0.522995695,-1.125135948,-4.045568992,-1.554929421,-2.55836913,-2.492025796,-1.487212124,0.030299454,-1.411890592,-0.96858545,-1.640348436,-1.240040233,-1.680110243,-1.999953632,0.656746463,-0.791975373,-0.376345063,0.35279888,-0.308075083,-1.715328788,-0.850304387,-1.745766289,-0.605735669
-4.315613877,-1.602134602,-1.099041474,-1.181453051,-0.86352367,-1.831481708,-0.669702844,-0.215498637,-1.241204349,-2.501868278,-0.963696093,-1.326947243,-1.912256324,-0.849681653,-0.518966979,-0.927910863,-3.312554796,-1.592635775,-0.674531638,-0.965685604,-1.884662874,-1.331821318,-0.957645539,-1.042183118,-1.400849694,-1.412758677,-2.295874137,-0.677200671,-0.468823551,-2.152557367
-6.039145889,-0.714505414,-0.455856569,-0.493272655,-0.292255062,-0.867366361,-0.782304021,-1.469214232,-0.973401356,-2.317241695,-1.835543769,-0.738767032,-1.174812603,-0.729340553,-0.799963113,-0.504542596,-3.693761124,-1.130121164,-0.519200736,-0.687910242,-0.84683393,-3.495412429,0.039928271,-0.739859934,-1.556827785,-2.20812306,-2.014761541,-1.411921207,0.038141636,-2.323935774
-5.26861595,-2.217372535,-0.211525683,-0.557531516,-0.332694427,-2.208911595,0.522714001,0.401182567,-1.124347088,-2.841428724,-3.125815702,1.071124865,-2.629292485,0.21458426,-0.241267445,0.529828929,-1.660693312,-2.494717109,-1.361605639,0.280058489,-1.080842002,-2.843187208,-0.548706877,-2.481795566,-4.333140242,-4.043281519,-3.363490452,0.055731539,-2.149611057,-3.594992111
-5.334615029,-2.507071103,-1.183389667,-1.438704035,-1.379412037,-3.368853724,-1.33471991,-2.338440917,-2.08680998,-1.724771323,-3.126200874,-3.051461015,-6.011135245,-2.699426953,-3.073304739,-1.558327327,-5.119239452,-2.339157544,-1.155452539,-3.424071325,-0.986734755,-1.91353405,-0.81004228,-2.812848635,-3.331080917,-2.19350487,-3.426455061,-1.184284702,-2.718642795,-0.529507223
-5.982116888,-3.581696973,-2.604734131,-2.501608754,-2.353974269,-3.294870717,-2.881020074,-4.345803454,-2.455145074,-7.518405082,-2.816551912,-4.328383162,-3.838538386,-3.090385033,-1.774161226,-1.939095187,-3.79433958,-2.347370885,-2.066654594,-3.376187336,-0.259228932,-2.021827795,-2.05829437,-0.571728747,-2.13111603,1.836713399,-2.229797795,-3.329893521,1.214087553,-3.592569362
-4.148699249,-1.598481888,-1.76525333,-1.144822258,-1.504036782,-3.123395341,-1.083725809,-1.542873276,-0.804410688,-3.715158573,-2.628831094,-2.672373239,-3.943669296,-3.091897305,-1.796878877,-1.907495886,-0.32117586,-2.423339868,-2.037190676,-2.615237349,-3.898446554,-1.565027932,-0.533404806,-2.486014661,-3.593924844,-4.039041526,-4.278658011,-1.947895177,-2.916625603,-4.738475488
-4.678661975,-2.34807289,-2.03127358,-1.59349501,-0.926361345,-1.204771295,-1.685542044,-2.026582409,-1.142580944,-0.076835868,-2.953277358,-2.269200879,-2.566943598,-1.9279873,-2.079951052,-1.421660881,-2.257905814,-1.493284258,-1.676298414,-2.719688153,-4.272705877,-1.358222317,0.129147047,-2.371808949,-2.309824657,-3.741480677,-3.684918805,-0.587874144,-3.862488489,-1.193270327
-4.677935238,-2.14856719,-0.553503198,-1.116694542,-0.700424272,-2.705004144,-0.220058454,-0.910356672,-1.118880707,-4.436394061,-1.92532604,-0.64455429,-2.961487883,-1.324556802,-1.379415835,-1.058412355,-5.806444437,-2.334179164,-1.311017359,-0.857037653,-1.421074282,-2.631255971,-0.681034208,-1.769456158,-3.150517786,-2.996811079,-3.117664482,-1.112415245,-1.641536541,-3.390621346
-5.4034801,-4.199249971,-2.31884165,-3.009531879,-1.976463524,-2.994427283,-2.588139755,-2.889431281,-2.47734302,-4.763992892,-3.538109525,-3.118244979,-3.646566843,-2.312164577,-2.194417366,-2.183555686,-2.703071164,-2.721639897,-2.665317847,-3.02132619,-3.250371441,-1.943929965,-1.519605244,-2.473783691,-3.041577058,-2.902340482,-3.400908995,-2.00483158,-2.714987243,-3.304168463
-5.253057516,-4.067443275,-1.887321398,-2.633772345,-1.839252843,-3.101559645,-1.978608473,-2.774601219,-2.521739323,-5.834543228,-3.151061173,-2.489825493,-3.936548387,-1.907350922,-1.979375482,-1.888778724,-3.225514314,-2.765066796,-2.485160587,-2.405166214,-2.371872381,-1.874371724,-1.66465715,-2.179754729,-2.980649535,-2.401364774,-3.111872386,-1.787904728,-2.456786079,-3.542007094
-2.51424278,-3.114324124,-1.545714485,-1.352399999,-0.621373472,-1.272377595,-0.791150745,-1.495021672,-1.619601853,-5.558348665,-0.563034189,-0.547387346,-2.224759874,-0.481642956,-0.50226231,-1.762582104,-2.377026623,-1.123287169,-1.050346752,-0.44970907,-1.562066806,-1.13257962,-1.315242736,-1.445817935,-1.811209026,0.007386875,-2.318877362,-0.95643184,-0.028357353,-2.899513538
-1.33243102,-1.571140163,-1.286952057,-3.18286933,-1.902008669,-5.080994364,-3.208691211,-4.171233986,-2.311753659,-4.983972754,-3.189356366,-2.011345067,-3.775598756,-1.501629062,-1.429270546,-1.875477598,-2.933392411,-1.295684877,-0.87252845,-1.246431028,-2.793205386,-1.775751422,-2.086507785,-1.434736684,-0.676810473,-2.148854252,-2.226947574,-1.362678059,-1.638915619,-0.371766148
-1.165993565,-1.03065033,-1.842547301,-0.64612325,-0.498126655,-3.212452572,0.267933573,-1.232007131,-1.656805779,-4.831786654,-3.513217752,-1.279780021,-1.900806817,-1.376069588,-1.776460761,-1.709472988,-6.04443848,-1.970062214,-0.90884869,-1.658142142,-4.472069167,-2.945161334,-4.17183183,-3.740006316,-4.495601434,-2.904133172,-4.835440059,-1.222054963,-2.04209163,-0.947845173
-1.703597009,-1.68896499,-1.086280084,-0.032697749,0.773664585,0.333196186,-0.090626195,-0.335887508,-0.657997745,-1.38599354,-0.397667102,-0.414030267,-0.772765186,0.592091044,0.210180168,0.633776218,-1.638669584,0.150529437,0.849540255,-0.277380868,1.657084861,-0.646343221,0.76973479,0.510549398,0.347888035,2.251101561,-1.064158603,1.473591274,1.420257093,0.357854069
-5.897921403,-3.925635729,-3.564967558,-5.297291553,-2.661594435,-4.502522875,-4.748350393,-5.508022708,-2.346078947,-5.300670005,-2.592151736,-3.333111868,-2.822659181,-2.149866452,-0.901288112,-2.977809287,-1.996149615,-2.518362196,-3.119644013,-2.59938682,-3.914558612,-2.807016947,-2.020717635,-2.98663591,-2.530216462,-3.286097754,-2.451885018,-2.73014813,-0.81340409,-7.381615468
-3.976537936,-2.199607833,-1.020336243,-1.041344214,-1.516393435,-1.958786992,-0.692259389,-1.156919214,-1.764457305,-5.374488328,-2.22627617,-1.276975512,-4.451212237,-0.692525305,-2.148639161,-1.345146875,-3.800228285,-2.103392384,-1.497297311,-1.412061691,-2.079158362,-1.911812036,-1.065203501,-2.341651906,-4.386594042,-1.991542992,-3.574849819,-0.417188965,-3.438748549,-3.274582865
-4.17911499,-1.750848868,-2.495707902,-3.491468532,-1.954493616,-5.733428789,-2.875315853,-3.049448254,-2.711401165,-4.309553951,-7.151469234,-3.172126244,-24.79325516,-2.527525587,-2.958412097,-1.526294219,-7.226816349,-2.605346892,-1.189890217,-2.947705902,-2.83208986,-3.545599527,-2.113918829,-1.666669072,-0.384650279,-3.393577104,-5.194289475,-3.16032911,-3.356815656,-0.285623611
-3.502360818,-1.358884461,-0.965054327,-0.973177997,-0.05855824,-1.320618669,-0.490817183,-1.060473398,-0.470395119,-0.439111517,-2.650875228,-5.475860452,-6.043708367,-5.618800064,-3.930041469,-2.82216395,-2.870630082,-4.994680541,-3.466974332,-5.735341902,-2.421015643,-2.105878667,-1.274088695,-1.600674837,-2.236943733,-1.04146495,-3.671151534,-1.551188012,-1.069034324,-0.738019536
0.09964062,-1.950995857,-1.124020569,-1.845044969,0.433607613,-2.414392018,-2.68768806,-3.455197359,-0.181694626,0.151278998,-1.660665413,4.161468305,-14.693574002,3.253330167,0.360956053,1.786364792,-3.252948562,2.527745608,2.471841314,3.744884514,-2.584092752,-4.912901614,-5.674039462,-4.393460126,-4.439507437,-3.860749159,-7.377143066,0.80547329,-1.079706326,-2.490487131
-3.175343976,1.747366428,-0.413820865,-0.805714679,-0.277276454,-1.482969027,0.167653615,0.875308134,0.014082429,-0.779878454,-0.375225998,-5.093648573,-6.041287645,-5.521136606,-2.639649876,-2.623517913,-2.833780994,-6.132723948,-3.872611235,-5.38551559,-2.0750233,-1.880428813,0.33524506,-1.11993848,-0.384372277,-0.772821055,-1.702295728,-1.762189829,-1.405009368,-4.86092447
-2.000831056,-3.075653427,-0.534925059,-1.360010614,-1.098852569,-2.287657688,-1.497931343,-2.927184446,-0.79988321,-2.540395964,-0.369562691,-2.769173748,-17.272899504,-3.387728443,-2.680879124,-2.344050137,-2.538527379,-2.224623746,-2.562632513,-3.316493949,-1.863267257,-2.116386643,0.615902775,-2.56424924,-4.301407308,-3.536818504,-2.129644829,-1.145876119,-2.048368792,-2.794630095
-1.448468778,-1.395431987,-0.316183446,-2.523546802,-0.112421343,-1.943510255,-2.038955212,-2.209000091,-0.990271253,-2.917798416,-1.202248124,-2.336180947,-4.360038284,-1.93427857,-0.880180114,-1.298375298,-1.405698561,-1.161987971,-0.505874038,-2.153302678,0.121284854,-1.574482702,-0.662506663,-0.656185129,-0.178217322,-0.137014772,-1.260010835,0.37119941,0.511765732,-1.061664045
-2.171783221,-2.438373739,-0.212435198,-0.798845199,-0.794380024,-4.002754726,-0.838285302,-2.651790354,-2.453024554,-1.222242727,-3.721512441,-6.844501186,-21.764072234,-7.269552204,-5.457812449,-3.146270843,-4.02556676,-6.183247269,-4.847264704,-7.658191522,-2.383332132,-3.118780434,0.150748572,-3.018583869,-3.784749275,-2.686787521,-4.234782004,-2.685959249,-2.457785197,-1.698429215
-4.095236914,-2.552800918,-1.691411588,-1.823782787,-0.777436828,-3.450688368,-2.042583789,-2.63184891,-2.099782505,-2.212250643,-5.185539684,-3.929469096,-20.168009956,-3.683405649,-3.259973022,-1.452265855,-7.218134508,-3.709894841,-2.08556973,-4.135688887,-2.57944779,-3.800973858,-1.845424827,-2.35840467,-2.498125408,-2.842793762,-5.838234069,-2.162207057,-2.412940555,-1.460079614
0.587492856,-2.849938228,-0.516405282,-2.34273979,-2.19108391,-2.632953273,-2.440072148,-3.20038124,-1.28630734,-4.187087399,-4.176685741,-0.81714619,-3.235631179,-0.216408476,-0.158719612,-1.583448323,-1.54594194,-0.001833388,-0.751505601,-0.681106976,0.181630437,-1.605588532,-1.54778511,-2.91766975,-3.527596408,0.38663184,-3.013555713,0.531239997,-0.770041967,-2.752417507
-3.12261466,-2.398589245,-0.210618071,-2.070371788,-1.77206513,-3.235238834,-2.640294003,-3.224833542,-2.769391862,-1.467391199,-4.580429009,-0.081040955,12.736555715,-0.644963372,-0.555680007,-1.292315266,-1.378814573,-0.760729889,-0.785980285,-0.836595179,-1.761233798,-2.027054724,-1.428806067,-3.848803831,-5.371562287,-2.204109676,1.662390913,0.12334957,-0.116360382,-11.811370257
-3.281185371,-1.749627205,-3.139210464,-1.890997481,-0.599069639,-4.210754453,-3.153654241,-3.676654359,-3.273821341,2.072969903,-4.928374585,-2.642869466,-12.419709227,-3.899264929,-3.716430133,-2.996616761,-5.096897335,-2.993783309,-1.634538266,-4.139019928,-4.054394646,-2.789793407,-3.818407922,-1.910247999,-1.754680584,-3.771972696,-5.159772098,-2.259319183,-3.85998935,-5.571319084
1.407991083,-1.741358861,-1.162651036,-2.156268309,-1.977184893,-2.350047031,-2.374817612,-3.00451489,-1.131006732,0.970647821,-4.97063095,-2.265161126,6.222577458,-3.081012532,-0.647768323,-2.425103887,-0.534646567,-2.297209668,-2.239105355,-2.785081089,-0.969904534,-1.748526115,-2.452333154,-1.692827652,-2.260724563,-2.359411215,-0.234198179,-2.18710073,-2.436789397,-9.713163605
-6.541841278,-2.496214878,-2.086205861,-2.64338582,-0.470112703,-2.401385052,-3.022759022,-3.876769671,-2.785891671,0.757835318,-0.781459932,-1.151967256,-6.335775826,-2.638815334,-2.996351218,-2.762439231,-3.626149914,-0.952654729,-1.041808112,-2.778267163,-3.480665232,-1.482528044,-0.661482718,-0.942879259,-2.684628741,-3.244941408,-2.682903637,-0.287668389,-3.414726571,-4.548093627
-0.718949223,-2.358330553,-1.652202811,-1.942292612,-2.356479751,-4.034472272,-2.198035011,-3.663824134,-2.052241948,-7.704563672,-2.336345616,-1.685421673,-17.115620949,-0.546989854,-1.606466025,-0.89007538,-2.562477697,-1.116203385,-0.890466601,-0.464604553,-1.941982547,-1.90463153,-0.833625154,-2.581746815,-2.891757666,-1.993747137,-4.149786821,-1.703535488,-1.672787843,2.377171935
-1.342170004,-1.634633174,-2.816477621,-3.447077712,-2.353400863,-6.26886024,-4.428243691,-5.867581735,-3.701784536,-3.062138468,-3.411106202,-0.2105956,-15.438646728,-0.543323075,-1.30084106,-1.607508134,-3.159617608,-1.587439272,-0.710462604,-0.450372676,-3.147101572,-1.844233421,-1.508231982,-1.603853005,-1.566320436,-4.534650773,-3.028623479,-2.4385784,-3.445413519,-3.317270139
-2.079779518,-4.301093456,-2.72330002,-2.883019648,-1.497571513,-2.866137051,-3.061782375,-3.919870374,-2.369626938,-1.661851985,-3.408261911,-5.497548391,-0.749168068,-5.313840777,-3.955417058,-3.274302582,-1.367677578,-4.090867496,-3.794991243,-5.314085738,-2.712585131,-3.417801668,-2.230711985,-2.622569082,-3.711316867,-2.608746976,-3.836082707,-1.59289643,-1.914684027,-2.340904095
-2.965096504,-4.555328877,-5.119905795,-3.983891902,-5.164670177,-5.774852697,-4.580578508,-3.546740545,-1.871312584,-3.180382018,-6.232826817,-4.092871313,-1.976057617,-4.064613281,-5.270356384,-4.684080282,-6.293160078,-2.764058519,-3.327027181,-3.986643095,-4.490629125,-5.226799929,-4.805428652,-2.000961354,-2.531650715,-3.668326028,-2.771047288,-2.175446876,-4.570443797,-5.976537451
-8.034557344,-0.816170932,0.787819847,1.670929671,-0.112645709,1.316760463,1.932590187,1.555344003,-0.414939066,-4.158489532,0.405669849,-3.243183655,-3.342171996,-2.980906068,-0.186297356,-0.322968081,-2.839085124,-3.253120242,-0.883674146,-2.704411782,-2.793835219,-0.231630078,1.220826048,0.162408935,-0.345018984,-1.475368893,0.051140403,0.100381105,0.027600892,-0.989453762
-4.762924043,0.510386339,0.029380372,-0.686371089,-0.637170882,-1.408603351,-1.154927985,-2.606729777,0.216629594,-3.623599725,0.838340157,-2.198518701,-9.109912096,-2.084456531,-0.097566281,-0.143936817,-3.187250047,-2.039152957,-0.263790962,-1.964624091,-2.000290816,-0.991196829,1.092128699,0.852451312,0.966091846,-4.031607665,-0.316808311,-0.396791589,-0.260992494,1.428476215
-4.741169962,-1.22781653,-1.325055261,-1.495683594,-0.074527854,-0.701589409,-1.669716324,-1.952425758,-1.031044968,0.189008331,-0.655986609,-4.555712884,-7.149631378,-4.921053369,-2.873084932,-2.185254338,-2.55836845,-3.805361214,-2.248001278,-4.865095965,-2.804980825,-1.343407224,-0.804186279,-0.987895134,-1.215740906,-2.340073158,-3.652507434,-1.305240196,-1.506252994,-1.218805936
-4.520048588,-3.710609421,-1.100184326,-2.002405905,-2.612008638,-1.672466808,-2.224065213,-2.9706028,-0.790305174,-1.830964191,-5.332573855,-6.963028136,-17.544989415,-6.363365611,-4.926347451,-2.757785671,-3.289943629,-3.853605625,-2.571740195,-7.161987354,-2.686379375,-1.64395992,-0.092990859,-2.948086013,-3.278362829,-1.45959813,-6.205113013,-1.005599737,-2.419404819,0.300540081
-1.566621639,-0.808610627,-1.868305035,-1.8212593,-2.460609514,-4.227586948,-2.646063314,-3.375074195,-1.829717855,1.358235683,-5.144145768,-4.703076794,-18.289101871,-5.33926128,-4.252736675,-3.56050548,-3.374582207,-3.806080954,-2.711146158,-5.556363184,-2.066838068,-1.641844128,-1.472050734,-1.138941103,-0.487835432,-2.219653397,-1.892263858,-2.423146994,-3.071578157,-5.988197657
0.667822371,-1.321957682,-0.254794054,-0.868982128,-0.17440416,-5.191487922,-1.009598621,-3.050954143,-3.21227699,-2.603454962,-4.365890562,-0.472176493,-26.96996779,-0.595331012,-1.024118307,-0.750537978,-2.058387276,-2.20879316,-0.764715462,-0.799619501,-0.740627809,-1.520905539,0.169694754,-1.870776841,-2.8918536,-2.93222475,-3.208503919,-2.378240885,-1.907318378,-1.33670436
-4.713602224,-1.768362246,0.265906887,-0.477033635,0.293890822,-2.089564551,-0.187084729,-1.296255249,-2.765880843,-2.896959315,-3.355921104,0.422995486,-23.21404954,-0.071575446,-0.911382764,0.021809477,-3.406314054,-1.60310997,-0.487729426,-0.06699293,-1.702707483,-1.069126164,0.224693957,-1.998323577,-2.910424925,-3.454473449,-5.60315771,-1.055139473,-1.365847526,2.151988729
-3.439423712,-3.724367225,-2.33037244,-0.810198216,-2.05637244,-4.002930935,-1.22870875,-1.908306139,-1.741878958,-1.020931619,-6.125362737,-4.440155711,-13.564268432,-4.658099675,-3.739439044,-2.611408495,-1.991237086,-4.442660262,-3.034483649,-4.763880097,-3.021274144,-4.534724427,-1.059799401,-2.137982276,-2.169387496,-4.333902095,-2.74689574,-2.790894469,-2.706990328,-4.034631053
-0.886262748,-1.132245514,-0.760804442,-1.229799285,-0.176736263,-3.181653495,-1.391720567,-2.669461128,-3.050997582,-2.21719968,-2.875851427,-1.520306414,-17.699158435,-1.814440087,-1.595353359,-1.002702475,-0.20671173,-2.647689631,-1.331574424,-1.727653424,-1.362606024,-1.07080777,-0.514838987,-1.993356405,-2.40801718,-2.886380453,-4.332984597,-2.119026798,-1.668179153,-0.548691485
-1.984894813,-5.610848546,-3.775387181,-4.332557293,-3.287483148,-4.007562844,-4.714777611,-4.524550388,-2.693820125,1.398676658,-6.892387715,-6.814258844,0.082726763,-7.378575802,-6.118026749,-5.811726571,-1.400310774,-4.667703874,-4.068258093,-7.493653461,-3.078786734,-3.611531123,-3.227924778,-4.026256677,-3.743561244,-1.459284559,-4.164700041,-2.250509559,-3.737420031,-7.633471154
-2.602758011,-2.479146803,-2.76982321,-2.764245744,-2.388002217,-3.989175369,-3.066690746,-3.716405917,-3.390222713,-3.544700347,-4.761261489,-1.472107846,-1.845026801,-1.81996215,-2.895157584,-2.830904974,-2.861689728,-1.66302556,-1.670990412,-1.85698721,-2.925507058,-2.730607469,-2.673031903,-2.51247708,-2.863783004,-2.464286635,-3.147400027,-1.171898098,-1.989703371,-3.802479135
-1.633813204,-1.468572818,-2.382546265,-1.211859909,-1.34228348,-2.458466324,-1.994339069,-2.500879494,-1.268769628,1.165276152,-1.81596688,-5.061493918,-2.699870955,-5.337925945,-3.017775971,-2.886883593,-1.618350437,-4.323932393,-2.99377737,-5.216675179,-2.97492679,-2.868620432,-1.789723771,-0.638325585,-0.116424551,-3.446346578,-0.439550756,-2.209238075,-1.689136353,-6.340844232
-4.687371043,-4.111104251,-1.906249157,-3.689615936,-1.829017356,-4.451938871,-4.146235611,-4.769728694,-1.927726694,-3.354900622,-3.583956557,-1.495322034,-2.925224618,-1.535041743,-2.18687811,-2.302684264,-3.368144386,-1.049430559,-1.221908464,-1.154482008,-1.369692734,-3.340298884,-0.889551024,-3.150710756,-3.999344871,-4.627957258,-1.886661093,-0.607095881,-1.419150924,-2.745370735
-1.277923297,-2.454912778,-2.451661798,-3.475534061,-2.979472823,-4.891308967,-4.033326556,-4.662316872,-3.376361193,-3.159726982,-3.777079805,-4.030815121,-2.969227166,-4.638750338,-3.639878979,-4.000889803,-1.834610971,-4.411445072,-2.75323558,-4.280645424,-3.21455388,-2.44326273,-2.061029288,-2.111945939,-2.818986665,-2.321978511,-2.778199127,-1.360506701,-1.368809089,-5.817381809
-4.298133031,-2.118834021,-2.918588262,-2.445403731,-0.644871841,-0.703734756,-2.447981202,-2.025295354,-3.034203179,-0.61014851,-5.601650834,-6.637127632,-11.683867482,-8.84592432,-5.081379583,-3.120425,-2.799920722,-7.504624093,-4.745484255,-8.234731918,-5.983114172,-4.533439468,-4.382984861,-2.043363835,-1.972678555,-6.078023144,-6.661825031,-3.912136155,-2.193800681,-7.489917179
-4.407749549,-3.305566448,-2.287711913,-2.854789681,-4.162573241,-6.590411761,-3.765778746,-4.506520966,-0.550423337,-1.187950809,-3.675472859,0.808229099,-4.458323364,1.871902285,-1.812310383,-2.362447403,-4.515998131,1.147657335,0.339635812,1.751933998,-0.904722497,-1.960333909,-1.177168024,-2.57637762,-3.49883695,-0.96883762,0.141509943,0.578117055,-2.538972584,-8.367162297
-4.871970167,-3.761837807,-4.700078199,-4.604729105,-3.696100481,-4.693483264,-5.344666828,-4.846740225,-1.505653155,-3.894985081,-2.152855413,-1.601950601,2.024007316,-2.019915648,-3.830084915,-3.139557914,-4.434613857,-1.309167474,-2.372781288,-1.538454224,-3.673007852,-3.376367238,-4.294377939,-1.985935842,-2.578717962,-4.290669502,-5.115986525,-2.555207143,-3.719158938,-5.105654854
-3.689767718,-2.515983672,-0.845792373,-2.231759236,-2.734809065,-3.845406101,-2.645017652,-3.622851602,-1.254690368,-0.406095203,-4.50603319,-1.688195991,-5.12715694,-1.630778,-2.175718166,-3.014250489,-1.446932375,-1.240663115,-0.460982974,-1.933834872,-0.771048557,-1.478299053,0.261234608,-2.618238098,-3.276262983,-1.940305619,-1.481357536,-1.169339302,-0.95576285,-7.023700005
-5.712425552,-3.451795108,-0.930074494,-1.600904681,-0.806277043,-2.072224925,-2.434850385,-3.417703058,-0.487791564,-1.32841852,0.177861148,2.198723202,-1.174907399,1.683818901,0.457105676,-0.36216045,-4.128086445,1.200316637,0.663583244,2.40792509,-0.646832499,-1.241047156,-0.124924763,-3.257948118,-3.761414271,-3.720715664,-6.196731804,-0.31301839,0.366295905,-5.058022031
-1.15906723,-0.219309054,0.53391704,-1.406726742,-1.275645368,-3.946707529,-2.667143275,-4.911921197,-0.177521762,0.440127433,-0.798907594,1.821991356,-14.785999483,2.276932483,0.641539092,-0.830338204,-0.125127554,0.965021677,1.881085352,1.645291853,1.154126462,0.504683842,-0.214431657,-0.525741789,-0.949250141,-1.952106248,-1.614124391,-0.193714663,-1.342539128,-2.775742364
-0.366110288,-4.850581981,-2.866995926,-2.806650236,-0.309205508,-3.712068987,-2.508521653,-3.224103754,-5.352989678,-3.870788109,-5.467228148,-6.724941681,-19.037469878,-7.317599278,-4.139064352,-2.669682641,0.174207327,-6.936786936,-5.218362887,-6.490726242,-3.022605897,-2.640352007,-0.974117898,-2.588518167,-3.445026909,-0.383285966,-3.23274176,-1.782759408,-2.497375587,-3.189947532
-0.329032631,-2.295334792,0.516604367,0.579638761,0.573446129,-1.567231381,-0.157933256,-1.434071649,-2.778674954,-3.918075359,0.521355303,2.077101648,-26.556592361,1.46945286,2.027967548,0.294572918,-0.948759684,0.486624668,1.370376043,2.142019404,-1.150786625,-0.963742807,-3.54605233,-0.388246357,-0.500673565,-0.228280065,-3.622131613,1.111622332,0.23693114,2.731540435
-1.875915056,-1.236893714,-1.791413297,-0.805936968,-3.109695848,-4.801255587,-1.772423652,-2.990573333,0.226443618,-0.082745044,-3.772521609,-3.110485964,-16.790470573,-2.176580243,-2.574296425,-1.913881308,-2.05786022,-1.530666232,-1.073503277,-2.514440811,-2.157687624,-2.98994473,-1.538100982,-1.006708555,-2.03810239,-3.277456692,-2.285006576,-2.82385812,-2.652071579,-6.659003925
-0.876492132,-2.022613152,-0.58455549,-1.193496175,-1.274030506,-3.377637743,-2.03976008,-3.362100571,-1.062850331,-0.487479803,-3.392701217,-0.058005852,-20.809424357,0.11377895,-0.58184831,-1.339730478,-0.023446527,-0.001639772,0.49682569,-0.076223991,-0.856183545,-1.847021213,-2.418989676,-0.951102747,-1.72126427,-1.765905804,-2.778470778,-1.378824482,-2.208894117,-3.18254015
-3.194615095,-4.609659938,-1.99572709,-2.379461955,-2.32126517,-4.407327072,-2.840567425,-3.703257405,-2.159407196,-3.3951116,-1.1851278,-3.802460092,-10.879357204,-3.316344783,-2.554166972,-1.202720655,-3.162216714,-3.268956076,-2.09096868,-3.140537767,-2.226720769,-1.241965755,-0.864548261,-2.91162301,-3.275740483,-1.664384704,-4.270247571,-0.32384812,-1.038520883,-1.460770111
-2.727285174,-3.98084343,-2.325479949,-1.349766249,-2.558450992,-4.808884946,-1.619253065,-2.407616922,-3.0307325,-1.644961423,-5.197376921,-6.317070944,-19.226570638,-5.855507838,-3.987139425,-2.662999365,-1.556086792,-4.971480359,-3.287881299,-5.948997349,-3.212507471,-3.134310399,-1.496975752,-2.488651623,-3.529754936,-1.381160837,-3.576508497,-2.187528912,-1.614407307,-3.196348546
-0.495961574,-0.359221856,-1.847741318,-2.832418578,-2.20349123,-4.67891717,-3.776218715,-4.869391282,-2.578571197,-3.029984935,-2.032135569,-2.192533643,-7.485221747,-2.93471354,-2.214178824,-2.790154311,-1.508097747,-3.113085451,-2.021269611,-2.584493918,-2.488051954,-3.091044618,-2.197530636,-2.12572964,-2.475842683,-3.14875213,-1.262245011,-1.572383511,-2.186837485,-5.316240436
-3.903229513,-2.7995996,-1.323102072,-2.715117302,-1.217415526,-0.971012467,-3.015410298,-3.443943442,-3.606644368,-4.728630226,-0.12995324,-1.345737191,-0.656044055,-2.645465304,-1.73371279,-1.630873804,-4.234626901,-2.720633905,-1.450538603,-2.166541771,-4.00332699,-1.877999541,-2.215950631,-3.192752134,-2.36357265,-4.287081146,-5.934448026,-0.004145114,-0.235710918,-2.148241345
-3.269540537,-2.954026846,-1.950945283,-2.013256219,-2.592167416,-3.980521159,-2.676852614,-3.341065406,-2.165296921,-3.583408656,-0.752897553,-3.201120752,-7.332758851,-2.837957649,-2.231031776,-1.516248001,-3.781456849,-3.070920117,-1.932306889,-2.81778116,-3.238994842,-1.359923135,-1.782320845,-2.034407518,-1.97932107,-2.91501522,-2.974774656,-0.769251221,-1.216325437,-2.207894343
-5.992923503,-6.899293062,-2.204610822,-1.158638178,-1.845617424,-1.731620505,-1.052168382,-0.860210325,-1.137582249,-1.734915368,-3.866751862,-5.195836891,-16.811091559,-4.144176518,-3.447223298,-1.548015269,-5.922825128,-3.689317065,-2.901032076,-4.519597159,-2.657950507,-1.961349213,-2.192590231,-1.67637162,-1.733338573,-2.420824834,-5.777389158,-1.461685524,-1.863155537,-1.019442873
-0.878294382,-4.227038787,-1.381294215,-2.705681349,-1.227634031,-3.909253857,-3.037638745,-3.850786393,-2.854471066,-2.832774387,-1.032352609,-2.676010202,-9.43959087,-2.218688418,-1.541645255,-1.181552977,-1.223046071,-2.765811876,-1.824869134,-2.383431875,-1.798794117,-0.05815712,-0.868049663,-1.163391537,-1.676849794,-0.861777527,-0.706202183,-0.016139543,-1.117119898,-1.786362998
-3.848308554,-3.473584429,-2.999663698,-3.129933538,-3.466519556,-4.007125307,-4.151578025,-4.086226877,-1.099882649,-2.810322918,-2.75637646,0.800457292,-1.486807145,0.820640397,-1.970459475,-2.695658709,-5.178426893,0.720482803,0.059831567,1.101790892,-2.07634493,-2.671744612,-3.196756831,-4.028547183,-4.994469858,-2.35186837,-6.869618888,-1.37131927,-2.32622497,-6.97658353
-3.079279414,-2.872652912,-1.443603714,-1.769531654,-1.68022083,-3.028422002,-2.271018922,-3.249998339,-1.63713529,-1.862765671,-2.948962577,-3.017643706,-13.971879393,-2.968344473,-2.353142645,-1.937955837,-2.456834072,-2.545327401,-1.606019694,-3.003607458,-1.908344767,-2.306474193,-1.650014506,-1.743100612,-2.08730769,-2.522085799,-3.571293123,-1.272451587,-1.838641942,-3.181138947
-1.640275921,-1.878651596,-1.190329155,-1.561879466,-1.013551434,-2.600888626,-1.486994654,-2.548613397,-3.09254269,-2.259784962,-2.566318167,-5.774427192,-3.916598949,-5.71255958,-2.93548442,-1.997833558,-7.70526355,-5.846877434,-3.170808938,-6.068031958,-3.329891199,-0.629844902,-1.842799325,-2.004328488,-1.570115645,-4.103969941,-3.072923033,-0.730410739,0.175695961,-3.251450098
-3.543400771,-2.355434042,-3.11884402,-3.6529202,-3.978469711,-4.618463635,-4.606311005,-4.960362183,-2.043123215,-3.415357467,-4.163048293,-1.613399531,-4.27753461,-1.631736338,-3.482732897,-2.887369873,-2.899322297,-1.539059765,-1.304259552,-2.07885835,-3.138640964,-2.884787836,-2.775484797,-3.66549696,-4.006348486,-3.681396473,-5.693649559,-2.022541639,-3.312724168,-4.441569183
-3.104075298,-4.075496016,-1.96850073,-2.843769219,-1.772540136,-3.319621162,-3.087966298,-3.554974516,-1.981323028,-2.16326185,-3.246601839,-2.325203771,-5.213678902,-2.327672295,-2.547952838,-2.752415813,-3.644612565,-2.008130713,-1.565419645,-2.16246164,-1.655872877,-2.021317197,-2.10778337,-3.130983127,-4.288467629,-1.344638559,-4.521838438,-1.25363911,-1.751560713,-6.578621581
-3.804932784,-2.224522223,-2.791388507,-2.9663721,-3.307353304,-3.96858526,-3.750959047,-4.341531468,-1.570313258,-1.828184573,-5.086943297,-2.575854608,-8.685229616,-2.873931427,-3.58550941,-3.338220163,-2.788364479,-2.069626863,-1.791635248,-2.989752905,-2.74988713,-3.701145947,-2.894362371,-3.011791055,-3.731487248,-3.726080418,-5.44528016,-2.561831673,-3.474112755,-5.597023493
-2.519400762,-2.819002524,-1.985147251,-3.817989459,-2.98483006,-6.809157926,-4.166254771,-5.048304891,-2.132887036,-2.062815246,-4.085685551,-3.343508138,-21.290766018,-3.582220762,-2.916482062,-3.307298005,2.189438721,-2.783643018,-2.374193726,-3.314806395,-1.177376098,-2.056919626,-0.907654444,-2.061044369,-2.815339517,-0.800333674,-3.703381709,-2.001092076,-3.317747189,-3.915018684
-5.541471116,-3.593891264,-3.473315575,-1.345918859,-3.015321965,-3.547206897,-2.305997168,-2.058978913,-2.149882669,-4.114211694,-5.196071139,-3.550424288,-0.132994092,-3.350219148,-2.887182028,-1.949625856,-7.716271266,-4.258168076,-3.742056007,-3.180430534,-4.352771615,-3.362623463,-4.804125528,-2.794893809,-3.298987707,-3.482976642,-4.653678256,-1.301946974,-1.672965478,-4.90199479
-5.871631672,-4.051093281,-1.135766003,1.315225447,-0.622634623,0.573320939,1.295823448,1.237130822,-0.502258232,-1.953766312,-4.379407178,-0.831117107,-28.865080182,-1.21384765,-0.682272611,-0.440723467,-5.114079957,-1.064305505,-0.175501982,-1.014659449,-2.988856062,-4.049036886,-4.565478255,0.629221016,2.406261612,-1.874168469,-2.848767817,-0.980955481,-2.174119135,1.283681742
-2.365379862,-3.526752767,-1.701735069,-3.377392596,-1.717770856,-4.12181727,-3.686896703,-4.39510005,-2.214966801,-2.173705672,-2.152642073,-2.058014992,-8.307142887,-2.103217869,-2.358881743,-2.247592422,-2.835435975,-1.90980765,-1.73943153,-1.893373029,-1.107659804,-0.662540757,-1.575250728,-2.899168184,-3.542857413,-0.759402677,-4.572417055,-0.875135704,-1.770864561,-4.697684783
-1.745912944,-0.996213949,-1.150623625,-3.327068167,-2.088238907,-4.444684876,-4.227729823,-5.546775051,-1.653482024,-2.428551747,-0.967544289,-0.81742952,-4.595608614,-0.911555398,-1.446975171,-1.805039201,-1.234199147,-1.443269067,-0.844981627,-0.962176104,-1.11797313,-1.100331192,-1.312626874,-2.68984137,-3.128564289,-2.298288046,-3.321704967,-0.724825888,-1.711970405,-4.538719449
-3.392909441,-2.283073181,-2.250621583,-2.117855863,-2.204979919,-3.225499266,-3.222434981,-3.524016667,-1.223974994,-3.008934934,-1.731659814,-1.109103194,-3.053295908,-1.44682257,-1.970406622,-1.513580229,-4.713703192,-1.860728591,-1.723067804,-1.332520909,-3.142135413,-2.932079374,-3.53993868,-1.991945845,-1.776077392,-3.241372991,-3.690353999,-0.959458211,-2.402196962,-4.152056067
-2.198733502,-2.373446262,-2.158607557,-3.893596088,-2.616054231,-6.478292423,-4.411590601,-5.490125456,-2.490439817,-3.324024319,-2.681550591,-3.365031906,-8.441051415,-3.326441782,-3.15489878,-3.324985881,-1.297676482,-2.821593114,-2.506686279,-3.234783982,-1.581400356,-2.454190211,-1.787074232,-3.126937172,-4.355653545,-1.519530707,-3.86654598,-1.561341435,-2.43296946,-6.937068355
-2.184251638,-1.671910064,-1.404846006,-1.765409334,-2.311652667,-3.642950543,-2.260137056,-3.466800419,-1.055294422,-1.743034329,-3.632700345,-2.610122429,-15.303149734,-2.212288575,-1.776070374,-2.311000411,-3.934872934,-2.397165133,-1.247796038,-2.23247871,-1.535825936,-2.097017818,-1.684459309,-1.965937464,-2.598368281,-2.719417979,-3.227890762,-1.583074888,-1.593466379,-4.447429288
-2.191400126,-1.747226272,-1.569909899,-2.083319021,-2.501303515,-3.718194,-2.844438426,-3.759618725,-0.172666833,-1.5334947,-2.208927769,-0.9852229,-12.606584852,-0.629077714,-1.394527725,-1.855575645,-3.479804685,-0.754911906,-0.648035601,-0.51837686,-1.110079203,-2.345722301,-1.751924952,-1.937180731,-2.801661498,-2.260092014,-3.656259834,-1.661048706,-2.126680823,-5.252428385
-2.400305437,-3.961936642,-2.094638401,-0.719561975,-1.824565527,-1.084198933,-0.946272932,-1.082424683,-1.733166786,-2.079391072,-4.585358818,-1.875459162,-14.308518682,-1.775334431,-1.538985663,-1.449269221,-4.112089447,-2.006218019,-1.447912231,-1.588559562,-2.835045331,-1.967775411,-3.599967528,-1.716643031,-1.368801882,-2.029390996,-4.463971472,-1.315771357,-1.303154402,-1.32442723
-2.411086919,-3.139432914,-2.720120241,-2.781792172,-2.930858656,-3.785208381,-3.134984786,-3.385052652,-1.205658778,-1.111366297,-3.788072448,-3.611114109,-12.511370301,-3.635133544,-3.586288093,-3.256031952,-4.98467064,-2.514790098,-2.389903528,-3.641835685,-2.860023191,-3.143385275,-2.461515012,-2.169358239,-2.515596892,-3.687935875,-5.225717224,-2.885469201,-2.888142034,-5.358253425
-1.861349185,-1.991891125,-2.106194641,-3.525236499,-2.959699622,-5.112590527,-4.106748043,-4.781439919,-2.137547414,-2.33055459,-4.231932254,-2.212808764,-12.113769935,-2.352977507,-2.741128149,-3.368079327,-1.74364544,-2.206927805,-1.837731943,-2.369523365,-1.497815971,-2.344414294,-2.119555616,-2.889497541,-4.028891005,-1.99352172,-4.591624564,-1.910181042,-2.890626864,-5.427077868
-2.641021893,-3.202209065,-2.833804556,-2.943356268,-2.571248093,-3.002732335,-3.604188956,-3.77613452,-1.546286232,-2.01819452,-2.628944926,-2.82954599,2.953297826,-2.79854273,-3.363167608,-2.367429476,-5.750249291,-2.356495423,-2.672736388,-2.818617864,-2.487238312,-2.4049715,-3.083725284,-3.478351681,-4.333916254,-3.721827737,-5.655819399,-1.665563912,-1.690768459,-6.547458296
0.478440565,-2.682147506,-0.389118519,-2.135699022,-0.891182138,-1.105385193,-2.386879343,-2.974913577,-0.91910588,0.402936356,-0.983146247,-0.40771112,-14.861851866,-0.364665377,-0.659437605,-1.433855588,-3.299333226,0.571992494,0.150584938,-0.343556792,0.083307342,-0.183584914,-1.017482528,-1.823392482,-1.776570056,-0.72960917,-4.910416381,-0.892362499,-0.735138253,-2.114412432
-0.449294738,-2.247705187,-1.235209288,-2.231447604,-1.687102887,-2.777063936,-2.632739625,-3.178167189,-1.567627769,-1.715560394,-2.848879322,-0.6432053,-12.661524094,-0.696891352,-1.232201564,-2.20982801,-2.396406228,-0.694171857,-0.609507441,-0.545582201,-0.792290977,-1.694284566,-2.314185571,-2.421227461,-2.975999304,-0.535173524,-4.561627628,-1.221088491,-1.812409327,-3.786616204
-2.119945027,-0.277834756,-1.09413531,-1.951947852,-2.516805686,-4.59908243,-2.75031285,-4.337150728,-2.949212829,-3.742828212,-4.066775059,-2.344644334,-16.491769117,-2.318380226,-1.283419732,-2.306470789,2.527108015,-2.708748158,-1.665551565,-2.193616838,-1.222948908,-1.884461101,-1.838697079,-2.130421209,-2.514632048,-0.492304254,-4.202679959,-1.581840078,-1.224417104,-2.346014011
-1.711937519,-1.212767394,-1.246533596,-1.953357518,-1.701665626,-3.019369672,-2.284718507,-3.51788067,-2.820223422,-1.795363125,-3.962154955,-3.258541932,-13.692557677,-3.601512795,-2.179941341,-2.770667447,-2.25971569,-3.470931911,-2.014823187,-3.737473212,-2.335582058,-2.021240394,-2.12367016,-2.054265369,-2.15461106,-2.657623804,-3.824882201,-1.732724707,-1.409884606,-2.885078234
-1.888312286,-1.873831471,-2.369602164,-2.783043967,-2.551617518,-4.093564296,-3.509130506,-3.8639898,-1.964607482,-2.4341923,-2.152386163,-1.970950038,-5.38510822,-2.193642949,-2.837358444,-3.007267999,-2.131392985,-1.76512214,-1.742129383,-2.077997931,-2.388200959,-3.621185208,-3.345386621,-2.669049006,-3.341269502,-2.175993364,-4.812028898,-2.107004792,-2.556808888,-6.327004603
