stock.raw...1.,阿根廷Merval指数,巴西IBOVESPA指数,澳大利亚S.P.ASX200指数,美国道琼斯指数,加拿大TSX指数,美国罗素2000指数,美国标普500指数,美国纳斯达克工业指数,墨西哥BMV指数,智利SPCLXIGPA指数,波兰华沙WIG20指数,德国DAX30指数,俄罗斯IRS指数,法国CAC40指数,荷兰AEX指数,瑞士SWI20指数,土耳其XU100指数,西班牙IBEX35指数,英国富时100指数,欧洲STOXX指数,韩国KOSPI指数,日经225指数,以色列TA35指数,上证指数,深证成指,台湾加权指数,香港恒生指数,新加坡海峡时报指数,印度NIFTY指数,越南VN30指数
2009/5/31,1638.1,53341,3971.2,8763.13,10569.29,530.36,940.09,1849.42,24913.01,15244.45,1962.39,5077.03,1149.95,3339.05,266.93,5398.9,347.5,9519,4438.56,2503.17,1394.71,9768.01,882.3,2753.89,10667.11,6856.74,18679.53,2396.35,4586.9,476.81
2009/6/7,1654.56,53558,4062.2,8799.26,10644.96,526.83,946.21,1858.8,25460.02,15448.49,2041.32,5069.24,1127.23,3326.14,265.48,5521.84,348.17,9714.4,4441.95,2509.22,1428.59,10135.82,880.27,2743.76,10524.13,6448.23,18889.68,2377.07,4583.4,497.75
2009/6/14,1559.46,51374,3899.6,8539.73,10287.95,512.72,921.23,1827.47,24274.72,14984.16,1965.17,4839.46,1011.38,3221.27,257.16,5421.59,358.2,9580.9,4345.93,2434.77,1383.34,9786.26,832.74,2880.49,11242.29,6231.15,17920.93,2273.18,4313.6,461.26
2009/6/21,1579.99,51486,3903.8,8438.39,10389.76,513.22,918.9,1838.22,24458.23,14822.3,1858.24,4776.47,955.45,3129.73,254.43,5375.99,367.56,9686.9,4241.01,2389.91,1394.53,9877.39,840.97,2928.21,11413.17,6463.56,18600.26,2317.95,4375.5,450.23
2009/6/28,1579.12,50935,3828.2,8280.74,10283.1,497.21,896.42,1796.52,24045.39,14856.24,1828.27,4708.21,950.24,3119.51,253.7,5338.51,367.98,9707.8,4236.28,2376.48,1420.04,9816.07,862.27,3088.37,12258.79,6665.4,18203.4,2299.75,4424.25,426.82
2009/7/5,1477.84,49221,3794.1,8146.52,9747.13,480.98,879.13,1756.03,23656.26,14727.04,1790.44,4576.31,835.23,2983.1,243.2,5237.81,367.8,9344.9,4127.17,2281.47,1428.62,9287.28,848.55,3113.93,12706.01,6769.86,17708.42,2307.98,4003.9,435.1
2009/7/12,1622.67,52072,4000.8,8743.94,10369.42,519.22,940.38,1886.61,25741.96,15225.88,1897.32,4978.4,925,3218.46,266.4,5594.14,377.27,10041.9,4388.75,2469.2,1440.1,9395.32,874.57,3189.74,13131.97,6850.99,18805.66,2430.96,4374.95,431.31
2009/7/19,1675.1,54457,4089.8,9093.24,10687.9,548.46,979.26,1965.96,26646.37,15386.03,2083.95,5229.36,1012.62,3366.45,276.15,5760.9,393.95,10438.6,4576.61,2582.76,1502.59,9944.55,915.44,3372.6,13531.72,6973.28,19982.79,2533.43,4568.55,459.03
2009/7/26,1719.87,54766,4244,9171.61,10787.15,556.71,987.48,1978.5,27043.5,15288.54,2137.56,5332.14,1017.47,3426.27,283.17,5950.69,426.41,10855.1,4608.36,2638.13,1557.29,10356.83,950.49,3412.06,13670.72,7077.71,20573.33,2659.2,4636.45,476.66
2009/8/2,1799.53,56330,4299.4,9370.07,10885.33,572.4,1010.48,2000.25,28179.55,15518.4,2116.05,5458.96,1080.08,3521.14,290.5,6026.4,447.68,10947.6,4731.56,2706.22,1576,10412.09,986.62,3260.69,12975.26,6868.65,20375.37,2549.35,4481.4,493.91
2009/8/9,1761.61,56638,4461,9321.4,10848.01,563.9,1004.09,1985.52,27855.43,15573.85,2097.16,5309.11,1059.92,3495.27,288.02,5985.3,443.03,10901.9,4713.97,2669.41,1591.41,10597.33,958.4,3046.97,12499.75,7069.51,20893.33,2631.51,4580.05,521.04
2009/8/16,1797.33,57729,4290.6,9505.96,10831.18,581.51,1026.13,2020.9,28308.96,15463.56,2234.63,5462.74,1050.44,3615.81,294.49,6139.8,471.7,11161,4850.89,2745.62,1580.98,10238.2,948.46,2960.77,11892.02,6654.8,20199.02,2544.86,4528.8,534
2009/8/23,1797.02,57701,4489.6,9544.2,10977.97,579.86,1028.93,2028.77,28599.92,15288.77,2235.91,5517.35,1089.46,3693.14,300.2,6211.58,475.6,11442.7,4908.9,2803.65,1607.94,10534.14,972.42,2860.69,11450.08,6809.86,20098.62,2642.8,4732.35,548
2009/8/30,1779.25,56652,4435.5,9441.27,11017.47,570.5,1016.4,2018.78,28309.55,15171.82,2117.09,5384.43,1063.57,3598.76,293.16,6119.07,451.61,11222.7,4851.7,2743.34,1608.9,10187.11,969.65,2861.61,11519.68,7153.13,20318.62,2622.69,4680.4,541.19
2009/9/6,1900.18,58366,4596.1,9605.41,11253.23,593.59,1042.73,2080.9,29448.79,15347.81,2148.76,5624.02,1196.55,3734.89,308,6232.99,465.83,11452.6,5011.47,2831.37,1651.7,10444.33,964.68,2989.79,12096.26,7337.14,21161.42,2681.03,4829.55,567.22
2009/9/13,2007.6,60703,4693.2,9820.2,11445.95,617.88,1068.3,2132.86,29942,15528.78,2147.28,5703.83,1245.56,3827.84,313.63,6325.15,471.61,11777.3,5172.89,2887.24,1699.71,10370.54,973.53,2962.67,11977.4,7526.55,21623.45,2647.91,4976.05,587.13
2009/9/20,2015.83,60356,4713.3,9665.19,11212.39,598.94,1044.38,2090.92,28759.98,15619.2,2245.27,5581.41,1225.29,3739.14,305.63,6236.91,476.25,11643.8,5082.2,2831.95,1691.48,10265.98,996.64,2838.84,11384.16,7345.22,21024.4,2662.82,4958.95,597.56
2009/9/27,2024.8,61172,4601.7,9487.67,10958.33,580.2,1025.21,2048.11,28678.66,15798.38,2144.13,5467.9,1224.8,3649.9,299.3,6150.17,468.57,11326.7,4988.7,2760.6,1644.63,9731.87,1009.5,2779.43,11206.85,7411.88,20375.49,2604.53,5083.4,564.25
2009/10/4,2169.04,64071,4752.9,9864.94,11436.92,614.92,1071.49,2139.28,30039.71,16226.28,2211.26,5711.88,1372.11,3799.61,315.55,6291.64,502.18,11743.2,5161.87,2882.18,1646.79,10016.39,1034.66,2911.72,11801.23,7571.96,21499.44,2652.51,4945.2,593.35
2009/10/11,2207.28,66200,4836.4,9995.91,11504.76,616.18,1087.68,2156.8,30726.3,16194,2272.37,5743.39,1408.68,3827.6,322.31,6345.26,497.91,11676.4,5190.24,2893.53,1640.36,10257.56,1041.63,2976.63,12033.37,7715.1,21929.9,2708.12,5142.15,619.37
2009/10/18,2295.88,65059,4859.4,9972.18,11382.13,600.86,1079.6,2154.47,30617.68,16069.43,2412.18,5740.25,1461.3,3808.24,320.14,6378.06,513.81,11739.8,5242.57,2886.08,1640.17,10282.99,1043.46,3107.85,12843.21,7649.28,22589.73,2715.34,4997.05,626.78
2009/10/25,2115.76,61546,4643.2,9712.73,10910.75,562.77,1036.19,2045.11,28646.03,15653.08,2274.72,5414.96,1348.54,3607.69,302.36,6285.76,471.85,11414.8,5044.55,2743.5,1580.69,10034.74,1022.18,2995.85,12297.16,7340.08,21752.87,2651.13,4711.7,606.31
2009/11/1,2222.81,64466,4594,10023.42,11250.42,580.35,1069.3,2112.44,29868.62,15825.58,2276.74,5488.25,1337.54,3707.29,307.14,6293.61,469.7,11580.6,5142.72,2794.25,1572.46,9789.35,1022.64,3164.04,12987.2,7463.05,21829.72,2658.21,4796.15,573.79
2009/11/8,2233.43,65326,4706.4,10270.47,11407.68,586.28,1093.48,2167.88,31002.09,15702.08,2356.59,5686.83,1419.49,3806.01,317.37,6351.08,484.42,11867,5296.38,2883.04,1571.99,9770.31,1055.07,3187.65,13264.4,7665.63,22553.63,2727.23,4998.95,576.7
2009/11/15,2231.5,66327,4685.8,10318.16,11579.33,584.68,1091.38,2146.04,30666.51,15509.6,2347.67,5663.15,1436.44,3729.36,310.03,6277.46,452.31,11719.3,5251.41,2833.06,1620.6,9497.68,1065.34,3308.35,13695.15,7682.97,22455.84,2761.54,5052.45,592.36
2009/11/22,2188.58,67082,4572.1,10309.92,11464.41,577.21,1091.49,2138.44,30775.45,15243.57,2316.97,5685.61,1369.6,3721.45,309.52,6336.66,453.5,11776.8,5245.73,2831.14,1524.5,9081.52,1078.88,3096.26,12876.15,7490.91,21134.5,2762.22,4941.75,526.21
2009/11/29,2174.47,67604,4702.2,10388.9,11510.8,602.79,1105.98,2194.35,32105.39,15717.51,2448.25,5817.65,1427.13,3846.62,321.13,6501.16,501.02,12032.2,5322.36,2910.33,1624.76,10022.59,1114.72,3317.04,13884.93,7650.91,22498.15,2791.01,5108.9,531.53
2009/12/6,2177.63,69267,4635.2,10471.5,11423.93,600.37,1106.41,2190.31,31901.69,16037.35,2333.97,5756.29,1366.36,3803.72,320.14,6411.58,493.86,11616,5261.57,2862.32,1656.9,10107.87,1122.31,3247.32,13875.87,7795.07,21902.11,2800.75,5117.3,479.32
2009/12/13,2215.45,66794,4650.5,10328.89,11463.4,610.57,1102.47,2211.69,31834.07,16283.78,2322.64,5831.21,1410.22,3794.44,324.63,6464.32,501.38,11645,5196.81,2871.22,1647.04,10142.05,1105.34,3113.89,12914.97,7753.63,21175.88,2802.59,4987.7,460.26
2009/12/20,2249.35,67589,4790.9,10520.1,11754.61,634.07,1126.48,2285.69,32548.53,16420.43,2371.07,5957.44,1450.25,3912.73,333.6,6579.98,516.61,11967.5,5402.41,2957.03,1682.34,10494.71,1146.28,3141.35,13289.94,7972.59,21517,2837.7,5178.4,527.54
2009/12/27,2320.73,68588,4870.6,10428.05,11746.11,625.39,1115.1,2269.15,32120.47,16630.91,2388.72,5957.43,1444.61,3936.33,335.33,6545.91,528.25,11940,5412.88,2964.96,1682.77,10546.44,1145.06,3277.14,13699.97,8188.11,21872.5,2897.62,5201.05,525.97
2010/1/3,2352.76,70263,4912.1,10618.19,11953.83,644.56,1144.98,2317.17,32892.04,17193.74,2440.42,6037.61,1512.664247,4045.14,341.94,6617.88,547.98,12163,5534.24,3017.85,1695.26,10798.32,1166.23,3196,13267.44,8280.9,22296.75,2922.76,5244.75,547.5
2010/1/10,2371.11,68978,4899.6,10609.65,11685.37,637.96,1136.03,2287.99,32262.3,17347.91,2442.38,5875.97,1559.25,3954.38,337.99,6576.02,540.06,11845,5455.37,2940.25,1701.8,10982.1,1146.95,3224.15,13264.37,8356.89,21654.16,2908.42,5252.2,528.89
2010/1/17,2331.6,66220,4750.6,10172.98,11343.43,617.12,1091.76,2205.29,30830.91,17446.54,2407.78,5695.32,1489.46,3820.78,329.48,6493.96,539.97,11373.4,5302.99,2836.8,1684.35,10590.55,1155.62,3128.59,12595.93,7927.31,20726.18,2819.71,5036,503.64
2010/1/24,2298.55,65402,4569.6,10067.33,11094.31,602.04,1073.87,2147.35,30391.61,17594.64,2382.64,5608.79,1473.81,3739.46,327.9,6440.72,546.51,10947.7,5188.52,2776.83,1602.43,10198.04,1135.79,2989.29,12137.2,7640.44,20121.99,2745.35,4882.05,504.97
2010/1/31,2165.15,62763,4514.1,10012.23,11223.12,592.98,1066.19,2141.12,30630.73,17191.53,2195.65,5434.34,1411.14,3563.76,315.04,6264.33,514.55,10103.3,5060.92,2631.64,1567.12,10057.09,1135.17,2939.4,11917.14,7212.87,19665.08,2683.56,4718.65,521.39
2010/2/7,2273.41,65855,4562.1,10099.14,11469.81,610.72,1075.51,2183.53,31005.74,17507.14,2216.71,5500.39,1363.83,3599.07,315.74,6416.2,510.64,10224.9,5142.45,2674.46,1593.66,10092.19,1136.46,3018.13,12304.78,7441.84,20268.69,2758.9,4826.85,535.8
2010/2/14,2334.99,67597,4635.1,10402.35,11709.29,631.62,1109.17,2243.87,32172.11,17823.69,2249.48,5722.05,1423.13,3769.54,325.6,6709.68,533.19,10676.7,5358.17,2793.37,1593.9,10123.58,1165.96,2947.801065,11954.60026,7576.79128,19894.02,2757.14,4844.9,518.9583648
2010/2/21,2221.38,66503,4637.7,10325.26,11629.63,628.56,1104.49,2238.26,31634.54,17789.25,2265.01,5598.46,1390.25,3708.8,317.74,6710.99,497.05,10333.6,5354.52,2728.47,1594.58,10126.03,1159.61,3051.94,12436.66,7436.1,20608.7,2750.86,4922.3,517.02
2010/2/28,2298.74,68847,4767.2,10566.2,11975.14,666.02,1138.7,2326.35,32436.53,17632.64,2389.37,5877.36,1508.21,3910.42,338.68,6847.78,526.26,11019.8,5599.76,2877.44,1634.57,10368.96,1207.63,3031.07,12341.74,7666.26,20787.97,2790.29,5088.7,538.84
2010/3/7,2359.97,69341,4818.1,10624.69,12013.82,676.59,1149.99,2367.66,32578.05,17819.13,2415.82,5945.11,1534.68,3927.4,339.57,6836.6,522.33,11077,5625.65,2898.36,1662.74,10751.26,1209.4,3013.41,12169.11,7748.33,21209.74,2881.36,5137,561.36
2010/3/14,2381.1,68829,4872.2,10741.98,11947.98,673.89,1159.9,2374.41,33022.84,17627.22,2441.39,5982.43,1544.71,3925.44,338.65,6880.76,534.37,10990.8,5650.12,2897.95,1686.11,10824.72,1214.93,3067.75,12352.92,7897.91,21370.82,2915.7,5262.8,542.82
2010/3/21,2402.45,68683,4896.9,10850.36,11957.37,678.97,1166.59,2395.13,33147.81,17582.47,2495.65,6120.05,1519.87,3988.93,343.81,6838.95,566.11,11071.1,5703.02,2940.94,1697.72,10996.37,1231.3,3059.72,12240.36,7876.86,21053.11,2906.28,5282,530.84
2010/3/28,2373.71,71136,4907.7,10927.07,12151.06,683.98,1178.1,2402.58,33266.43,17773.8,2552.5,6235.56,1614.45,4034.23,351.44,6888.92,580.6,11067.9,5744.89,2978.5,1723.49,11286.09,1233.3,3157.96,12767.86,8025.93,21537,2943.02,5290.5,534.26
2010/4/4,2487.76,71417,4948.1,10997.35,12176.84,702.95,1194.37,2454.05,33840.85,17942.86,2553.58,6249.7,1631.81,4050.54,355.89,6888.97,591.85,11394.2,5770.98,2993.54,1724.47,11204.34,1212.02,3145.35,12555.12,8092.03,22208.5,2971.97,5361.75,540.28
2010/4/11,2398.94,69421,4984.7,11018.66,12070.66,714.62,1192.13,2481.26,33621.39,17790.81,2594.83,6180.9,1642.57,3986.63,349.75,6893.69,582.24,11259.7,5743.96,2949.65,1734.49,11102.18,1215.01,3130.3,12416.86,8111.57,21865.26,3007.19,5262.6,541.88
2010/4/18,2447.03,69509,4881.5,11204.28,12239.64,741.92,1217.28,2530.15,33853.69,17929.26,2514.63,6259.53,1602.99,3951.3,353.38,6767.97,583.38,10918.2,5723.65,2918.11,1737.03,10914.46,1199.63,2983.54,11702.87,8004.89,21244.49,2988.49,5304.1,551.44
2010/4/25,2396.27,67530,4807.4,11008.61,12210.7,716.6,1186.69,2461.19,32687.32,18039.09,2547.52,6135.7,1572.84,3816.99,345.91,6616.82,589.59,10492.2,5553.29,2816.86,1741.56,11057.4,1164.23,2870.61,11162.54,8004.25,21108.59,2974.61,5278,560.62
2010/5/2,2160.2,62871,4480.7,10380.43,11692.43,653,1110.88,2265.64,31488.82,17639.48,2336.99,5715.09,1369.91,3392.59,312.35,6205.63,526.87,9046.1,5123.02,2500.18,1647.5,10364.59,1140.61,2688.38,10146.42,7567.1,19920.29,2821.11,5018.05,555.2
2010/5/9,2212.87,63412,4611.1,10620.16,12014.97,693.98,1135.68,2346.85,31812.73,17958.89,2389.61,6056.71,1441.68,3560.36,327.24,6428.68,557.48,9314.7,5262.85,2633.92,1695.63,10462.51,1154.62,2696.63,10330.14,7772.13,20145.43,2855.21,5093.5,537.83
2010/5/16,2123.62,60259,4305.4,10193.39,11521.35,649.29,1087.69,2229.04,30629.15,17712.66,2308.92,5829.25,1297.91,3430.74,313.41,6206.59,541.12,9407.3,5062.93,2574.18,1600.18,9784.54,1101.45,2583.52,10209.07,7237.71,19545.83,2701.2,4931.15,496.24
2010/5/23,2168.57,61947,4457.5,10136.63,11671.44,661.61,1089.41,2257.04,31547.55,17924.45,2427.11,5946.18,1366.9,3515.06,320.64,6321.92,552.34,9425.5,5188.43,2614.06,1622.78,9762.98,1106.45,2655.77,10495.65,7295.32,19766.71,2739.7,5066.55,527.32
2010/5/30,2181.21,61676,4449.4,9931.97,11569.61,633.97,1064.88,2219.17,30992.65,18056.96,2354.86,5938.88,1360.74,3455.61,321.22,6298.97,546.13,8923.4,5126,2553.59,1664.13,9901.19,1097.38,2553.59,10187.2,7344.59,19780.07,2806.51,5135.5,523.78
2010/6/6,2281.23,63605,4505.5,10211.07,11666.92,649,1091.6,2243.6,32124.28,18456.52,2378.4,6047.83,1356.79,3555.52,325.56,6426.74,551.32,9561.7,5163.68,2638.31,1675.34,9705.25,1090.8,2569.94,10239.33,7299.49,19872.38,2796.29,5119.35,519.51
2010/6/13,2320.36,64438,4551.9,10450.64,11927.59,666.92,1117.51,2309.8,32814.62,19042.03,2361.16,6216.98,1409.43,3687.21,336.06,6447.06,570.34,9971.8,5250.84,2737.02,1711.95,9995.02,1105.05,2513.22,9966.54,7493.11,20286.71,2833.4,5262.6,526.57
2010/6/20,2318.14,64824,4413,10143.81,11707.85,645.11,1076.76,2223.48,32607.13,19071.34,2337.98,6070.6,1387.66,3519.73,325.99,6275.35,558.64,9535,5046.47,2629.25,1729.84,9737.48,1093.65,2552.82,10104.83,7474.71,20690.79,2851.64,5269.05,519.8
2010/6/27,2217.08,61430,4238.7,9686.48,11196.06,598.97,1022.58,2091.79,31379.67,18832.91,2300.67,5834.15,1316.65,3348.37,308.2,5974.3,556.36,9250.8,4838.09,2522.36,1671.82,9203.71,1061.56,2382.9,9227.89,7330.74,19905.32,2844.19,5237.1,519.6
2010/7/4,2289.5,63476,4396.3,10198.03,11570.45,629.43,1077.96,2196.45,32004.31,19342.85,2333.6,6065.24,1359.45,3554.48,324.42,6210.49,571.51,10127.3,5132.94,2681.2,1723.01,9585.32,1090.15,2470.92,9816.85,7647.25,20378.66,2917.17,5352.45,514.84
2010/7/11,2283.07,62339,4422.7,10097.9,11569.65,610.39,1064.88,2179.05,31783.39,19553.33,2375.24,6040.27,1389.92,3500.16,323.99,6184.37,577.29,9991.7,5158.85,2645.61,1738.45,9408.36,1111.31,2424.27,9806.64,7664.57,20250.16,2957.72,5393.9,521.45
2010/7/18,2375.2,66323,4458.4,10424.62,11714.21,650.65,1102.66,2269.47,32806.03,20026.73,2460.96,6166.34,1449.19,3607.05,337.14,6201.25,593,10388.2,5312.62,2719.13,1758.06,9430.96,1118.51,2572.03,10527.94,7761.22,20815.33,2973.47,5449.1,515.39
2010/7/25,2394.16,67515,4493.5,10465.94,11713.43,650.89,1101.6,2254.7,32308.74,20296.63,2474.67,6147.97,1479.73,3643.14,330.64,6200.78,598.67,10499.8,5258.02,2742.14,1759.33,9537.3,1118.59,2637.5,10785.35,7760.63,21029.81,2987.7,5367.6,512.21
2010/8/1,2425.33,68095,4566.1,10653.56,11799.97,650.68,1121.64,2288.47,32917.92,20807.99,2548.63,6259.63,1509.85,3716.05,331.19,6321.36,597.53,10651.1,5332.39,2779.34,1783.83,9642.12,1149.6,2658.39,10942.93,7963.3,21678.8,2995.06,5439.25,501.78
2010/8/8,2367.98,66264,4459.6,10303.15,11528.25,609.49,1079.25,2173.48,32099.75,20848.3,2452.05,6110.41,1445.37,3610.91,323.92,6294.34,584.8,10275.8,5275.44,2708.73,1746.24,9253.46,1140.26,2606.7,10886.57,7891.58,21071.57,2939.97,5452.1,469.15
2010/8/15,2438.97,66677,4430.9,10213.62,11722.07,610.78,1071.69,2179.76,32291.67,21124.9,2445.14,6005.16,1425.03,3526.12,318.02,6185.82,587.5,10094.3,5195.28,2643.98,1775.54,9179.38,1162.43,2642.31,11090.46,7927.31,20981.82,2936.48,5530.65,472.26
2010/8/22,2349.07,65585,4370.1,10150.65,11879.72,616.76,1064.59,2153.63,31755.35,21020.82,2430.39,5951.17,1421.47,3507.44,317.04,6183.14,593.46,10148.2,5201.56,2630.35,1729.56,8991.06,1139.8,2610.74,11034.73,7722.91,20597.35,2938.74,5408.7,450.41
2010/8/29,2423.22,66679,4541.2,10447.93,12144.92,643.36,1104.51,2233.75,32592.87,21673.71,2476.19,6134.62,1467.62,3672.2,329.35,6400.71,609.99,10599.4,5428.15,2746.23,1780.02,9114.13,1157.45,2655.39,11467.09,7830.21,20971.5,3002.56,5479.4,481.65
2010/9/5,2436.77,66807,4560.3,10462.77,12097.09,636.46,1109.55,2242.48,32626.87,22106.52,2524.48,6214.77,1487.09,3725.82,334.96,6467.69,606.08,10689.6,5501.64,2780.4,1802.58,9239.17,1171.06,2663.21,11530.99,7890.11,21257.39,3022.28,5640.05,470.51
2010/9/12,2473.43,67089,4638.9,10607.85,12164.56,651.44,1125.59,2315.61,33046.69,22499.78,2539.42,6209.76,1464.18,3722.02,334.54,6389.02,638.62,10588.6,5508.45,2757.37,1827.35,9626.09,1174.95,2598.69,11208.25,8158.33,21970.86,3076.37,5884.95,476.11
2010/9/19,2577.74,68196,4601.9,10860.26,12204.86,671.01,1148.67,2381.22,33280.75,22151.94,2606.78,6298.3,1488.67,3782.48,337.85,6360.77,642.41,10727.6,5598.48,2792.75,1846.6,9471.67,1227.19,2591.55,11210.74,8166.62,22119.43,3092.68,6018.3,467.58
2010/9/26,2652.29,70229,4579.2,10829.68,12363.08,679.29,1146.24,2370.75,33807.48,22393.44,2611.3,6211.34,1531.91,3692.09,333.78,6284.17,648.83,10450.1,5592.9,2732.91,1876.73,9404.23,1225.92,2655.66,11468.54,8244.18,22358.17,3130.9,6143.4,471.35
2010/10/3,2699.49,70809,4681.4,11006.48,12535.59,693.82,1165.15,2401.91,34464.82,22005.7,2609.15,6291.67,1566.85,3763.18,336.53,6363.16,672.17,10720.8,5657.61,2785.43,1897.07,9588.88,1216.38,2738.74,11911.37,8244.19,22944.18,3153.34,6103.45,481.98
2010/10/10,2735.47,71830,4689,11062.78,12609.07,703.16,1176.19,2468.77,34741.54,22129.09,2654.25,6492.3,1581.9,3827.37,341.45,6443.01,701.01,10868.2,5703.37,2841.65,1902.29,9500.25,1256.98,2971.16,12765.5,8205.3,23757.63,3204.27,6062.65,477.89
2010/10/17,2851.91,69530,4648.2,11132.56,12601.18,703.43,1183.08,2479.39,35120.88,22396.86,2641.6,6605.84,1608.71,3868.54,341.07,6477.13,710.07,10924.8,5741.37,2873.74,1897.31,9426.71,1272.25,2975.04,13224.98,8168.06,23517.54,3173.57,6066.05,465.45
2010/10/24,3007.41,70673,4661.6,11118.49,12676.24,703.35,1183.26,2507.41,35568.22,22874.62,2651.27,6601.37,1587.14,3833.5,337.23,6472.23,687.6,10812.9,5675.16,2844.99,1882.95,9202.45,1270.38,2978.83,13367.24,8287.09,23096.32,3142.62,6017.7,476.56
2010/10/31,3352.33,72607,4800.6,11444.08,12925.11,736.59,1225.85,2578.98,36317.51,22992.54,2733.37,6754.2,1602.53,3916.73,346.9,6587.72,707.79,10428.1,5875.35,2875.94,1938.96,9625.99,1265.2,3129.5,13733.36,8449.34,24876.82,3240.31,6312.45,481.46
2010/11/7,3215.48,70367,4692.7,11192.58,12749.24,719.27,1199.21,2518.21,36057.39,23053.09,2739.5,6734.61,1610.97,3831.12,343.2,6505.29,695.53,10226.8,5796.87,2822.43,1913.12,9724.81,1240.52,2985.43,12726.54,8316.05,24222.58,3252,6071.65,462.24
2010/11/14,3260.8,70898,4629.2,11203.55,12956.33,724.36,1199.73,2518.12,36601.4,23015.34,2655.84,6843.55,1600.98,3860.16,344.58,6590.84,699.98,10271.7,5732.83,2845.75,1940.96,10022.39,1265.11,2888.57,12295.85,8306.12,23605.71,3197.37,5890.3,445.73
2010/11/21,3302.88,68226,4598.3,11092,12892.71,732.73,1189.4,2534.56,36904.53,23015.39,2641.81,6848.98,1602.48,3728.65,336.26,6483.56,661.48,9547.2,5668.7,2736.96,1901.8,10039.56,1262.42,2871.7,12539.01,8312.15,22877.25,3158.08,5751.95,459.11
2010/11/28,3422.43,69766,4694.2,11382.09,13178.95,756.42,1224.71,2591.46,37385.91,23006.22,2712.09,6947.72,1687.36,3750.55,342.19,6440.9,668.6,10014.8,5745.32,2782.39,1957.26,10178.32,1261.73,2842.43,12443,8624.01,23320.52,3172.44,5992.8,487.18
2010/12/5,3390.87,68342,4745.9,11410.32,13239.47,776.83,1240.4,2637.54,37677.78,23012.71,2763.26,7006.17,1712.93,3857.35,350.21,6519.14,647.59,10121.9,5812.95,2839.53,1986.14,10211.95,1298.97,2841.04,12460.46,8718.83,23162.91,3185.42,5857.35,501.99
2010/12/12,3403.08,67981,4763.1,11491.91,13201.46,779.51,1243.91,2642.97,37997.34,23269.54,2759.52,6982.45,1743.87,3867.35,352.05,6538.16,635.24,9898.1,5871.75,2821.77,2026.3,10303.83,1306.18,2893.74,12759.6,8817.9,22714.85,3153.01,5948.75,524.03
2010/12/19,3476.42,68486,4777.3,11573.49,13383.16,788.96,1256.77,2665.6,38081.07,22921.59,2768.66,7057.69,1769.57,3900.39,355.92,6599.43,662.67,10106.9,6008.92,2861.94,2029.6,10279.19,1305.45,2835.16,12556.84,8861.1,22833.8,3143.8,6011.6,502.49
2010/12/26,3523.59,69305,4745.2,11577.51,13443.22,783.65,1257.64,2652.87,38550.79,22979.22,2744.17,6914.19,1770.28,3804.78,354.57,6436.04,660.04,9859.1,5899.94,2792.82,2051,10228.92,1326.44,2808.08,12458.55,8972.5,23035.45,3190.04,6134.5,513.6
2011/1/2,3546.26,70057,4705,11674.76,13272.3,787.83,1271.5,2703.17,38600.86,23210.23,2682,6947.84,1736.969185,3865.58,356.44,6497.64,687.7,9560.7,5984.33,2808.25,2086.2,10541.04,1335.99,2838.8,12573.94,8782.72,23686.63,3261.35,5904.6,504.18
2011/1/9,3539.06,70940,4801.5,11787.38,13464.06,807.57,1293.24,2755.3,37994.72,23179.07,2704.88,7075.7,1870.09,3983.28,361.32,6556.09,678.8,10385.1,6002.07,2920.4,2108.17,10499.04,1335.82,2791.34,12294.17,8972.51,24283.23,3245.96,5654.55,509.86
2011/1/16,3648.26,69133,4755.7,11871.84,13258.57,773.18,1283.35,2689.54,37321.11,23042.48,2733.31,7062.42,1884.76,4017.45,361.05,6567.31,659.27,10829.1,5896.25,2970.56,2069.92,10274.52,1337.56,2715.29,11639.96,8954.38,23876.86,3184.6,5696.5,528.36
2011/1/23,3583.11,66698,4774.9,11823.7,13437.58,775.4,1276.34,2686.89,36839.72,22240.73,2704.92,7102.8,1885.53,4002.32,361.16,6528.13,632.11,10747,5881.37,2954.13,2107.87,10360.34,1332.49,2752.75,11894.23,9145.35,23617.02,3229.69,5512.15,531.47
2011/1/30,3631.22,65269,4862.7,12092.15,13791.85,800.11,1310.87,2769.3,37451.84,21987.4,2742.34,7216.21,1928.58,4047.21,365.51,6584.4,653.09,10854.7,5997.38,3003.19,2072.03,10543.52,1299.12,2798.96,11991.51,8920.911215,23908.96,3211.12,5395.75,503.3902159
2011/2/6,3460.04,65756,4880.9,12273.26,13766.76,822.11,1329.15,2809.44,37011.49,21797.99,2727.06,7371.2,1881.9,4101.31,369.65,6665.22,647.3,10803.6,6062.9,3024.37,1977.19,10605.65,1302.38,2827.33,12292.49,8609.86,22828.92,3077.27,5310,540.13
2011/2/13,3537.06,68067,4936.7,12391.25,14123.11,834.82,1340.43,2833.95,37522.3,21310.33,2663.53,7426.81,1868.4,4157.14,374.19,6717.25,659.86,11068.1,6082.99,3068,2013.14,10842.8,1334.73,2899.79,12613.11,8843.84,23595.24,3086.92,5458.95,518.86
2011/2/20,3435.44,66903,4836.5,12130.45,14052.13,821.95,1319.88,2781.05,36880.2,20934.95,2673.52,7185.17,1932.82,4070.38,366.77,6537.2,613.67,10822.7,6001.2,2985.02,1963.43,10526.76,1272.62,2878.57,12633.88,8599.65,23012.37,3025.16,5303.55,490.71
2011/2/27,3467.72,68012,4864.3,12169.88,14252.77,824.99,1321.15,2784.67,36900.84,21562.01,2783.11,7178.9,2012.68,4020.21,367.95,6530.54,611.13,10498.7,5990.39,2949.18,2004.68,10693.66,1272.55,2942.31,12893.84,8784.4,23408.86,3061.31,5538.75,477.72
2011/3/6,3403.51,66685,4644.8,12044.4,13674.25,802.83,1304.28,2715.61,36091.22,20725.29,2749.3,6981.49,1929.59,3928.68,359.07,6353.76,637.82,10398.4,5828.67,2883.84,1955.54,10254.43,1262.47,2933.8,12848.02,8567.82,23249.78,3043.49,5445.45,510.74
2011/3/13,3277.87,66880,4626.4,11858.52,13789.63,794.66,1279.2,2643.67,35418.5,20653.89,2779.69,6664.4,1962.92,3810.22,350.41,6098.05,638.39,10328.4,5718.13,2792.61,1981.13,9206.75,1267.54,2906.89,12721.99,8394.75,22300.23,2935.78,5373.7,491.61
2011/3/20,3348.83,67766,4742.6,12220.59,14039.39,823.85,1313.8,2743.06,36784.27,21722.1,2813.89,6946.36,2041.49,3972.38,364.65,6352.28,642.47,10710.4,5900.76,2911.33,2054.04,9536.13,1280.44,2977.81,12942.07,8610.39,23158.67,3070.84,5654.25,488.07
2011/3/27,3471.95,69268,4861.8,12376.72,14130.15,846.77,1332.41,2789.6,37775.07,22235.76,2877.24,7179.81,2076.78,4054.76,369.45,6439.91,657.14,10729.9,6009.92,2962.92,2121.01,9708.39,1321.18,2967.41,12699.42,8705.13,23801.9,3120.47,5826.05,487.57
2011/4/3,3480.39,68718,4940.6,12380.05,14208.43,840.89,1328.17,2780.41,37471.72,22356.26,2903.53,7217.02,2123.56,4061.91,366.94,6457.93,680.93,10913.2,6055.75,2984.66,2127.97,9768.08,1317.69,3030.02,13036.23,8894.54,24396.07,3187.31,5842,498.28
2011/4/10,3381.25,66684,4852.1,12341.83,13799.12,834.98,1319.68,2764.65,36988.38,22176.38,2917.21,7178.29,2030.32,3974.48,359,6400.26,684.5,10558.6,5996.01,2919.05,2140.5,9591.52,1326.19,3050.53,12965.75,8718.12,24008.07,3153.3,5824.55,488.92
2011/4/17,3413.94,67058,4913.8,12505.99,13972.02,845.64,1337.38,2820.16,36816.31,22457.92,2908.02,7295.49,2049.03,4021.88,359.01,6457.16,686.92,10584.1,6018.3,2936.3,2197.82,9682.21,1341.89,3010.52,12708.42,8969.43,24138.31,3194.73,5884.7,476.75
2011/4/24,3406.02,66133,4823.2,12810.54,13944.79,865.29,1363.61,2873.54,36962.62,22784.53,2913.13,7514.46,2026.94,4106.92,359.94,6539.7,692.5,10878.9,6069.9,3011.25,2192.36,9849.74,1314.56,2911.51,12312.99,9007.87,23720.81,3179.86,5749.5,487.92
2011/5/1,3315.84,64417,4743,12638.74,13566.6,833.34,1340.2,2827.56,35212.23,22794.19,2867.19,7492.25,1936.29,4058.01,359.12,6526.51,682.41,10610.5,5976.77,2952.9,2147.45,9859.2,1277.24,2863.89,12067.61,8977.23,23159.14,3099.52,5551.45,487.16
2011/5/8,3378.18,63235,4711.4,12595.75,13377.16,835.67,1337.78,2828.47,35045.14,22966.67,2822.57,7403.31,1866.3,4018.85,354.86,6563.26,645.85,10356.5,5925.87,2894.6,2120.08,9648.77,1290.8,2871.03,12156.6,9006.61,23276.27,3163.68,5544.75,488.75
2011/5/15,3383.79,62597,4732.2,12512.04,13652.27,829.06,1333.27,2803.32,35298.67,22820.17,2829.43,7266.82,1825.34,3990.85,348.24,6530.61,632.99,10226.6,5948.49,2853.98,2111.5,9607.08,1293.24,2858.46,12161.03,8837.03,23199.39,3168.54,5486.35,452.52
2011/5/22,3265.82,64295,4684,12441.58,13797.59,836.26,1331.1,2796.86,35819.2,22907.23,2866.63,7163.47,1858.39,3950.98,346.06,6489.32,624.07,10261.2,5938.87,2819.4,2100.24,9521.94,1237.89,2709.95,11492.71,8810,23118.07,3135.52,5476.1,428.45
2011/5/29,3164.97,64341,4583.1,12151.26,13517.91,808.13,1300.16,2732.78,35123.89,23007.22,2883.82,7109.03,1858.08,3890.68,340.24,6407.39,628.07,10285.7,5855.01,2789.11,2113.47,9492.21,1227.95,2728.02,11642.4,9046.28,22949.56,3145.67,5516.75,458.32
2011/6/5,3227.77,62697,4562.1,11951.91,13084,779.54,1270.98,2643.73,34963.78,22466.37,2852.16,7069.9,1926.02,3805.09,333.83,6197.25,637,9950.8,5765.8,2732.54,2046.67,9514.44,1219.45,2705.14,11593.38,8837.82,22420.37,3078.35,5485.8,460.24
2011/6/12,3269.28,61060,4484.9,12004.36,12789.95,781.75,1271.5,2616.48,35025.74,21965.22,2880.13,7164.05,1878.55,3823.74,333.11,6145.16,617.17,10135.2,5714.94,2770.12,2031.93,9351.4,1205.59,2642.82,11409.16,8636.1,21695.26,3005.28,5366.4,460.9
2011/6/19,3287.62,61017,4508.1,11934.58,12908.89,797.79,1268.45,2652.89,35347.85,22191,2801.59,7121.38,1857.04,3784.8,328.74,5998.02,620.73,9812.7,5697.72,2715.88,2090.81,9678.71,1211.08,2746.21,11996.08,8532.83,22171.95,3066.85,5471.25,457.45
2011/6/26,3396,63394,4591.2,12582.77,13300.87,840.04,1339.67,2816.03,36800.72,22699.35,2813.35,7419.44,1937.57,4007.35,342.82,6237.81,632.65,10492,5989.76,2875.67,2125.74,9868.07,1223.91,2759.36,12178.08,8739.82,22398.1,3139.01,5627.2,448.52
2011/7/3,3470.74,61513,4654.7,12657.2,13371.7,852.57,1343.8,2859.81,36499.85,22612.32,2793.62,7402.73,1958.4,3913.55,342.48,6152.69,635.96,9938.2,5990.58,2790.09,2180.35,10137.73,1260.16,2797.77,12404.34,8749.55,22726.43,3151.28,5660.65,456.03
2011/7/10,3326.57,59478,4473.5,12479.73,13299.54,828.78,1316.14,2789.8,36155.86,22414.35,2747.6,7220.12,1938.54,3726.59,329.49,5938.06,626.35,9484.2,5843.66,2675.38,2145.2,9974.47,1251.4,2820.17,12506.94,8574.91,21875.38,3084.24,5581.1,441.56
2011/7/17,3356.35,60270,4602.9,12681.16,13494.63,841.82,1345.02,2858.83,35755.48,22020.35,2743.46,7326.39,1976.82,3842.7,338.6,6031.93,598.02,10059.3,5935.02,2772.6,2171.23,10132.11,1263.47,2770.79,12352.5,8765.32,22444.8,3182.95,5633.95,441.96
2011/7/24,3321.85,58823,4424.6,12143.24,12945.63,797.03,1292.28,2756.38,35999.34,21166.36,2726.31,7158.77,1965.02,3671.28,329.17,5783.35,622.96,9630.7,5815.19,2670.37,2133.21,9833.03,1232.74,2701.73,11990.43,8644.18,22440.25,3189.26,5482,442.44
2011/7/31,3067.61,52949,4105.4,11444.61,12162.17,714.63,1199.38,2532.41,33697.87,19541.93,2447.21,6236.16,1798.75,3278.56,296.35,5172.06,562.66,8671.2,5246.99,2375.15,1943.75,9299.88,1154.96,2626.42,11701.76,7853.13,20946.14,2994.78,5211.25,436.62
2011/8/7,2966.99,53473,4172.6,11269.02,12542.2,697.51,1178.81,2507.98,33361.5,20289.66,2331.53,5997.74,1594.68,3213.88,291.9,5252.81,521.89,8647.3,5320.03,2307.33,1793.31,8963.72,1068.63,2593.17,11651.29,7637.02,19620.01,2850.59,5072.95,416.83
2011/8/14,2825.38,52448,4101.9,10817.65,12007.47,651.7,1123.53,2341.84,33136.89,19822.53,2252.4,5480,1575.33,3016.99,274.15,5093.75,530.62,8141.9,5040.76,2159.07,1744.88,8719.24,1065.18,2534.36,11301.53,7342.96,19399.92,2733.63,4845.65,432.48
2011/8/21,2883.89,53351,4200,11284.54,12327.51,691.79,1176.8,2479.85,34042.22,19778.32,2313.3,5537.48,1596.17,3087.64,276.6,5323.12,537.08,8185.5,5129.92,2190.44,1778.95,8797.78,1088.87,2612.19,11568.17,7445.1,19582.88,2748.18,4747.8,438.82
2011/8/28,2872.11,56532,4242.9,11240.26,12602.41,683.36,1173.97,2480.33,35134.43,20333.22,2359.75,5538.33,1657.25,3148.53,286.43,5359.67,553.75,8463.5,5292.03,2220.72,1867.75,8950.74,1132.2,2528.28,11228.3,7757.06,20212.91,2843.09,5040,474.54
2011/9/4,2753.22,55778,4194.7,10992.13,12387.54,673.96,1154.23,2467.99,33812.62,19721.77,2248.74,5189.93,1625.29,2974.59,276.1,5430.77,559.03,7910.2,5214.65,2073.67,1812.93,8737.66,1062.78,2497.75,10892.39,7610.57,19866.63,2825.1,5059.45,491.1
2011/9/11,2750.33,57210,4149.4,11509.09,12263.71,714.31,1216.01,2622.31,35181.44,19504.91,2298.52,5573.51,1574.94,3031.08,281.73,5452.88,578.97,8388.4,5368.41,2159.28,1840.1,8864.16,1056.83,2482.34,10878.23,7577.4,19455.31,2789.04,5084.25,476.16
2011/9/18,2482.63,53230,3903.2,10771.48,11462.87,652.43,1136.43,2483.23,32588.43,18385.36,2101.23,5196.56,1315.95,2810.11,264.72,5298.83,563.23,7996.9,5066.81,2026.03,1697.44,8560.26,1038.91,2433.16,10538.4,7046.22,17668.83,2698.8,4867.75,469.09
2011/9/25,2463.63,52324,4008.6,10913.38,11623.84,644.16,1131.42,2415.4,33503.28,18796.89,2188.73,5502.02,1341.09,2981.96,280.18,5531.74,596.93,8546.6,5128.48,2179.66,1769.65,8700.29,1077.79,2359.22,10292.33,7225.38,17592.41,2675.16,4943.25,455.97
2011/10/2,2325.95,51244,4162.9,11103.12,11588.36,656.21,1155.46,2479.35,33005.09,18660.68,2190.35,5675.7,1311.91,3095.56,288.31,5652.23,573.39,8798.4,5303.4,2269.19,1759.77,8605.62,1049.92,2329.55604,9776.384747,7211.96,17707.01,2640.3,4888.05,446.3
2011/10/9,2717.05,55030,4205.6,11644.49,12081.73,712.46,1224.58,2667.85,34848.42,19233.73,2300.65,5967.2,1449.28,3217.89,302.41,5761.12,593,8975.5,5466.36,2355.48,1835.4,8747.96,1084.73,2431.37,10438.26,7358.08,18501.79,2744.17,5132.3,440.96
2011/10/16,2797.53,55255,4141.9,11808.79,11949.49,712.42,1238.25,2637.46,35020.74,19830.74,2305.42,5970.96,1456.73,3171.34,305.7,5753.52,567.92,8853,5488.65,2337.51,1838.38,8678.89,1122.62,2317.28,9697.21,7254.51,18025.72,2712.41,5049.95,434.01
2011/10/23,3015.22,59513,4353.3,12231.11,12519.51,761,1285.09,2737.15,36708.64,20711.29,2409.3,6346.19,1610.32,3348.63,313.01,5852.66,570.42,9224.4,5702.24,2462.36,1929.48,9050.47,1168.52,2473.41,10561.99,7616.06,20019.24,2905.72,5360.7,447.44
2011/10/30,2761.36,58670,4281.1,11983.24,12408.25,746.49,1253.23,2686.15,36689.38,20506.69,2362.72,5966.16,1542.39,3123.55,301.97,5659.83,561.8,8596.4,5527.16,2291.47,1928.41,8801.4,1106.52,2528.29,10699.49,7603.23,19842.79,2848.24,5284.2,436.72
2011/11/6,2751.67,58547,4296.5,12153.68,12276.85,744.64,1263.85,2678.75,37555.65,20759.75,2288.44,6057.03,1530.7,3149.38,300.98,5649.03,562.01,8556.1,5545.38,2324.81,1863.45,8514.47,1105.84,2481.08,10418.93,7367.29,19137.17,2790.94,5168.85,422.14
2011/11/13,2528.04,56731,4177,11796.16,11892.44,719.42,1215.65,2572.5,36284.2,20480.9,2239.88,5800.24,1495.87,2997.01,288.01,5614.61,544.74,8310.1,5362.94,2236.68,1839.17,8374.91,1103.68,2416.56,10025.17,7233.78,18491.23,2730.34,4905.8,409.41
2011/11/20,2426,54894,3984.3,11231.78,11462.06,666.16,1158.67,2441.51,34573.04,19256.37,2163.8,5492.87,1413.18,2856.97,274.37,5395.61,510.71,7763.5,5164.65,2111.26,1776.4,8160.01,1017.64,2380.22,9886.25,6784.52,17689.48,2643.93,4710.05,413.14
2011/11/27,2629.63,57886,4288,12019.42,12075.09,735.02,1244.28,2626.93,36756.06,20003.42,2257.9,6080.68,1545.57,3164.95,300.77,5718.85,547.69,8558.6,5552.29,2342.5,1916.04,8643.75,1085.2,2360.66,9808.23,7140.68,19040.39,2773.36,5050.15,411.13
2011/12/4,2558.11,58236,4203,12184.26,12034.75,745.4,1255.19,2646.85,37227.21,20157,2226.88,5986.71,1410.28,3172.35,304.58,5793.57,538.35,8649.7,5529.21,2342.59,1874.75,8536.46,1070.73,2315.27,9480.27,6893.3,18586.23,2694.6,4866.7,406.03
2011/12/11,2433.4,56097,4159.2,11866.39,11635.38,722.05,1219.66,2555.33,36054.63,19955.93,2116.03,5701.78,1373.73,2972.3,294.03,5733.5,516.66,8203.4,5387.34,2202.72,1839.96,8401.72,1093.37,2224.84,9081.94,6785.09,18285.39,2659.22,4651.6,398.25
2011/12/18,2466.7,57701,4140.4,12294,11926.67,747.98,1265.33,2618.64,37041.42,20156.87,2168.83,5878.93,1394.12,3102.09,307.79,5893.89,519.49,8542.7,5512.7,2290.37,1867.22,8395.16,1091.46,2204.78,8976.52,7110.73,18629.17,2676.47,4714,388.63
2011/12/25,2462.63,56754,4056.6,12217.56,11955.09,740.92,1257.6,2605.15,37077.52,20129.8,2144.48,5898.35,1381.87,3159.81,312.47,5936.23,512.67,8566.3,5572.28,2316.55,1825.74,8455.35,1085.59,2199.42,8918.82,7072.08,18434.39,2646.35,4624.3,388.6
2012/1/1,2769.75,58600,4108.5,12359.92,12188.64,749.71,1277.81,2674.22,36804.05,20245.87,2157.43,6057.92,1423.7,3137.36,311.11,6013.83,501.83,8289.1,5649.68,2298.65,1843.14,8390.35,1113.23,2163.39,8634.42,7120.51,18593.06,2715.59,4754.1,374.02
2012/1/8,2753.52,59147,4195.9,12422.06,12231.06,764.2,1289.09,2710.67,36548.56,20281.39,2166.38,6143.08,1446.46,3196.49,309.28,5996.34,515.62,8450.6,5636.64,2338.01,1875.68,8500.02,1128.55,2244.58,9030.59,7181.54,19204.42,2791.54,4866,394.43
2012/1/15,2867.59,62312,4239.6,12720.48,12397.1,784.62,1315.38,2786.7,37384.21,20543.77,2261.02,6404.39,1496.41,3321.5,320.31,6122.67,548.89,8561.9,5728.55,2426.96,1949.89,8766.36,1136.64,2319.12,9466.14,7233.69,20110.37,2849.38,5048.6,414.34
2012/1/22,2831.58,62904,4288.4,12660.46,12466.5,794.13,1316.33,2816.55,37184.71,20335.91,2306.37,6511.98,1565.82,3318.76,319.36,6033.52,573.57,8657.3,5733.45,2436.62,1964.83,8841.22,1130.25,2400.513968,9967.309118,7718.497407,20501.67,2916.26,5204.7,453.466686
2012/1/29,2810.57,65217,4251.2,12862.23,12577.28,831.11,1344.9,2905.66,38092.81,20908.82,2374.47,6766.67,1625.6,3427.92,326.33,6153.31,601.48,8861.2,5901.07,2515.15,1972.34,8831.93,1121.27,2330.4,9436.99,7741.24,20756.98,2917.95,5325.85,449.41
2012/2/5,2721.89,63998,4245.3,12801.23,12389.42,813.33,1342.64,2903.88,38149.22,21020.03,2324.97,6692.96,1603.25,3373.14,320.09,6130.66,593.32,8797.1,5852.39,2480.76,1993.71,8947.17,1117,2351.98,9590.95,7862.27,20783.86,2960,5381.6,458.23
2012/2/12,2798.83,66204,4195.9,12949.87,12458.3,828.68,1361.23,2951.78,37914.7,21553.14,2359.89,6848.03,1656.6,3439.62,327.93,6237.69,611.11,8657,5905.07,2520.31,2023.47,9384.17,1105.21,2357.18,9615.34,7894.36,21491.62,3000.59,5564.3,451.22
2012/2/19,2762.61,65943,4306.8,12982.95,12725.77,826.92,1365.74,2963.75,37945.22,21404.61,2311.89,6864.43,1722.05,3467.03,324.91,6184.13,597.38,8527.7,5935.13,2523.69,2019.89,9647.38,1097.61,2439.63,10124.15,7959.34,21406.86,2978.08,5429.3,477.77
2012/2/26,2757.3,67782,4273.1,12977.57,12643.82,802.42,1369.63,2976.19,38327.43,21631.04,2325.26,6921.37,1726.73,3501.17,327.85,6149.37,609.02,8563.4,5911.13,2546.16,2034.63,9777.03,1091.98,2460.69,10299.93,8114.44,21562.26,2993.49,5359.35,503.54
2012/3/4,2665.2,66704,4212,12922.02,12503.62,817,1370.87,2988.34,37691.01,21503.82,2286.02,6880.21,1677.21,3487.48,326.03,6188.51,592.8,8282.7,5887.49,2515.95,2018.3,9929.74,1079.59,2439.46,10334.38,8016.01,21086,2963.15,5333.55,487.03
2012/3/11,2765.22,67684,4276.2,13232.62,12496.96,830.18,1404.17,3055.26,38258.45,21782.03,2337.92,7157.82,1748.32,3594.83,336.17,6341.33,623.36,8486.3,5965.58,2608.3,2034.44,10129.83,1109.63,2404.74,10279.3,8054.94,21317.85,3010.68,5317.9,496.87
2012/3/18,2711.87,65813,4270.4,13080.73,12465.66,830.03,1397.11,3067.92,38334.9,21945.49,2284.34,6995.62,1668.41,3476.18,326.19,6240.33,614.17,8281.8,5854.89,2525.43,2026.83,10011.47,1115.74,2349.54,9885.25,8076.61,20668.8,2990.08,5278.2,512.84
2012/3/25,2683.99,64511,4335.2,13212.04,12392.18,830.3,1408.47,3091.57,39521.24,22206.86,2286.53,6946.83,1637.73,3423.81,323.51,6235.51,624.23,8008,5768.45,2477.28,2014.04,10083.56,1124.85,2262.79,9410.26,7933,20555.58,3010.46,5295.55,500.07
2012/4/1,2557.46,63691,4319.8,13060.14,12103.11,818.18,1398.08,3080.5,39398.88,22111.52,2263.35,6775.26,1613.25,3319.81,314.91,6163.49,609.4,7660.5,5723.67,2392.54,2029.03,9688.45,1144.85,2306.55,9786.19,7706.26,20593,2986.2,5322.9,511.51
2012/4/8,2502.08,62106,4323.3,12849.59,12040.39,796.29,1370.26,3011.33,39136.99,21648.33,2249.93,6583.9,1612.74,3189.09,306.12,6072.12,605.83,7250.6,5651.79,2291.51,2008.91,9637.99,1130.88,2359.16,10043.72,7788.27,20701.04,2987.82,5207.45,532.3
2012/4/15,2338.48,62494,4366.5,13029.26,12147.28,804.05,1378.53,3000.45,39354.86,21945.07,2221.91,6750.12,1619.53,3188.58,309.2,6237.79,601.23,7040.6,5772.15,2311.27,1974.65,9561.36,1153.11,2406.86,10131.03,7507.15,21010.64,2994.48,5290.85,533.74
2012/4/22,2271.86,61691,4362.1,13228.31,12237.75,825.47,1403.36,3069.2,39324.14,21878.66,2244.3,6801.32,1594.2,3266.27,310.75,6116.36,605.97,7145.8,5777.11,2344.02,1975.35,9520.89,1162.95,2396.32,10180.39,7480.5,20741.45,2981.58,5190.6,541.2
2012/4/29,2215.34,60821,4396,13038.27,11871.23,791.84,1369.1,2956.34,39408.61,21706.6,2210.08,6561.47,1498.05,3161.97,300.95,6056.79,590.16,6876,5655.06,2248.34,1989.15,9380.25,1167.67,2452.01,10573.6,7700.95,21086,2990.59,5086.85,542.5
2012/5/6,2304.61,59445,4285.1,12820.6,11694.67,790.06,1353.39,2933.82,38888.79,21522.76,2178.77,6579.93,1464.53,3129.77,305.28,5954.88,588.73,6995.6,5575.52,2254.54,1917.13,8953.31,1135.22,2394.98,10211.41,7401.37,19964.63,2883.4,4928.9,547.94
2012/5/13,2134.85,54513,4046.5,12369.38,11280.64,747.21,1295.22,2778.79,36875.33,20563.78,2060.99,6271.22,1289.46,3008,288.77,5797.76,569.36,6566.7,5267.62,2144.69,1782.46,8611.31,1081.74,2344.52,9903.09,7151.19,18951.85,2779.1,4891.45,504.61
2012/5/20,2340.26,54463,4029.2,12454.83,11576.47,766.41,1317.82,2837.53,37486.25,20585.26,2037.18,6339.94,1272.69,3047.94,292.76,5865.19,548.1,6543,5351.53,2161.87,1824.17,8580.39,1050.92,2333.55,9884.96,7071.63,18713.41,2772.75,4920.4,514.27
2012/5/27,2215.18,53403,4063.9,12118.57,11361.2,737.42,1278.04,2747.48,37182.37,20646.86,2071.54,6050.29,1227.65,2950.47,283.77,5777.47,555.68,6065,5260.19,2068.66,1834.51,8440.25,1065.02,2373.44,10145.8,7106.09,18558.34,2745.71,4841.6,505.65
2012/6/3,2198.48,54430,4063.7,12554.2,11500.63,769.19,1325.66,2858.42,37323.91,20898.6,2153.86,6130.82,1282.48,3051.69,291.73,5869.32,573,6552,5435.08,2143.9,1835.64,8459.26,1089.43,2281.45,9707.18,6999.65,18502.34,2737.89,5068.35,508.15
2012/6/10,2273.02,56105,4057.3,12767.17,11524.9,771.32,1342.84,2872.8,37738.58,20783.83,2233.38,6229.41,1337.5,3087.62,297.58,5911.82,584.68,6719,5478.81,2181.23,1858.16,8569.32,1049.58,2306.85,9885.65,7155.83,19233.94,2811,5139.05,507.94
2012/6/17,2341.49,55440,4048.2,12640.78,11435.54,775.16,1335.02,2892.42,39071.5,20914.4,2242.15,6263.25,1281.88,3090.9,298.76,5989.33,604.51,6876.3,5513.69,2186.81,1847.39,8798.35,1073.46,2260.88,9682.69,7222.05,18995.13,2828.09,5146.05,500.34
2012/6/24,2346.68,54355,4094.6,12880.09,11596.56,798.49,1362.16,2935.05,40199.55,21079.74,2275.3,6416.28,1350.51,3196.65,307.31,6066.86,625.43,7102.2,5571.15,2264.72,1854.01,9006.78,1057.63,2225.43,9500.32,7296.28,19441.46,2878.45,5278.9,497.73
2012/7/1,2383.69,55394,4157.8,12772.47,11659.96,807.14,1354.68,2937.33,39831.65,21127.37,2273.28,6410.11,1357.71,3168.79,309.84,6183.67,627.81,6738.9,5662.63,2235.51,1858.2,9020.75,1083.42,2223.58,9690.16,7368.59,19800.64,2978.55,5316.95,490.64
2012/7/8,2381.38,54331,4082.2,12777.09,11514.53,800.99,1356.78,2908.47,40498.47,20984.84,2191.41,6557.1,1368.69,3180.81,314.6,6181.81,626.62,6664.6,5666.13,2259.09,1812.89,8724.12,1067.22,2185.89,9792.49,7104.27,19092.63,2995.56,5227.25,492.36
2012/7/15,2459.41,54195,4199.1,12822.57,11622.91,791.54,1362.66,2925.3,40808.73,21034.89,2172.56,6630.02,1391.55,3193.89,319.75,6284.81,617.92,6246.3,5651.77,2237.33,1822.93,8669.87,1079.46,2168.64,9333.21,7164.68,19640.8,3015.53,5205.1,497.43
2012/7/22,2435.96,56553,4209.8,13075.66,11766.36,796,1385.97,2958.09,41476.48,20560.61,2162.64,6689.4,1382.82,3280.19,323.31,6362.82,643.73,6617.6,5627.21,2301.23,1829.16,8566.64,1093.09,2128.76,9087.13,7124.49,19274.96,2998.49,5099.85,489.61
2012/7/29,2396.78,57255,4221.5,13096.17,11662.59,788.48,1390.99,2967.9,40998.4,20295.59,2222.64,6865.66,1398.33,3374.19,330.43,6461.54,653.04,6755.7,5787.28,2372.58,1848.68,8555.11,1096.01,2132.8,9076.62,7217.51,19666.18,3051.33,5215.7,497.38
2012/8/5,2410.85,59281,4277.3,13207.95,11890.89,801.55,1405.87,3020.86,40850,20249.42,2313.09,6944.56,1427.33,3435.62,333.5,6483.44,651.26,7047.7,5847.11,2423.22,1946.4,8891.44,1107.26,2168.81,9238.2,7441.12,20136.12,3054.2,5320.4,506.6
2012/8/12,2459.95,59082,4370.1,13275.2,12089.89,819.89,1418.16,3076.59,40547.49,20578.78,2313.69,7040.88,1416.78,3488.38,335.77,6529.34,657.58,7561,5852.42,2471.53,1946.54,9162.5,1099.66,2114.89,8883.6,7467.92,20116.07,3062.11,5366.3,515.55
2012/8/19,2458.81,58426,4349,13157.97,12082.23,809.19,1411.13,3069.79,40211.41,20301.26,2283.08,6971.07,1436.84,3433.21,329.64,6475.94,656.54,7310.3,5776.6,2434.23,1919.81,9070.76,1109.42,2092.1,8579.28,7477.53,19880.03,3050.49,5386.7,472.75
2012/8/26,2408.38,57061,4316.1,13090.84,11949.26,812.09,1406.58,3066.96,39421.65,20176.31,2258.29,6970.79,1389.72,3413.07,329.28,6388.01,673.68,7420.5,5711.48,2440.71,1905.12,8839.91,1120.58,2047.52,8210.99,7397.06,19482.57,3025.46,5258.5,465.29
2012/9/2,2381.96,58321,4325.8,13306.64,12268.01,842.27,1437.92,3136.42,40043.87,20249.81,2317.21,7214.5,1471.8,3519.05,337.57,6537.32,679.37,7882.8,5794.8,2538.6,1929.58,8871.65,1112.57,2127.76,8709.07,7424.91,19802.16,3011.7,5342.1,465.94
2012/9/9,2543.86,62105,4390,13593.37,12499.47,864.7,1465.77,3183.95,40693.47,20486.1,2417.32,7412.13,1589.4,3581.58,338.28,6559.16,681.8,8154.5,5915.55,2594.56,2007.58,9159.39,1133.05,2123.85,8740.05,7738.05,20629.78,3070.42,5577.65,463.9
2012/9/16,2531.75,61320,4408.3,13579.47,12383.6,855.51,1460.15,3179.96,40338.7,20557.47,2380.32,7451.62,1522.63,3530.72,334.15,6605.82,678.91,8230.7,5852.62,2577.08,2002.37,9110,1138.33,2026.69,8201.53,7754.59,20734.94,3078.23,5691.15,457.53
2012/9/23,2451.73,59176,4387,13437.13,12317.46,837.45,1440.67,3116.23,40866.96,20551.46,2371.42,7216.15,1475.7,3354.82,323.18,6495.88,663.97,7708.5,5742.07,2454.26,1996.21,8870.16,1189.25,2086.17,8679.22,7715.16,20840.38,3060.34,5703.3,456.48
2012/9/30,2485.76,58572,4494.4,13610.15,12418.99,842.86,1460.93,3136.19,41934.08,20885.45,2411.07,7397.87,1508.72,3457.04,332.53,6674.82,673.84,7954.4,5871.02,2531.21,1995.17,8863.3,1226.23,2073.247521,8445.38085,7690.65,21012.38,3107.87,5746.95,453.2
2012/10/7,2400.13,59162,4486.6,13328.85,12202.04,823.09,1428.59,3044.11,41665.48,20778.44,2375.91,7232.49,1472.36,3389.08,327.95,6655.2,696.03,7652.4,5793.32,2469.09,1933.26,8534.12,1216.86,2104.93,8650.19,7437.04,21136.43,3041.75,5676.05,460.18
2012/10/14,2428.05,58922,4571.1,13343.51,12415.98,821,1433.19,3005.62,42386.83,20871.64,2350.25,7380.64,1494.44,3504.56,334.17,6756.14,707.74,7913.4,5896.15,2542.24,1943.84,9002.68,1217.26,2128.3,8796.42,7408.76,21551.76,3048.92,5684.25,471.26
2012/10/21,2380.33,57277,4472.4,13107.21,12300.3,813.25,1411.94,2987.95,41836.92,20835.73,2320.08,7231.85,1441.38,3435.09,329.45,6600.84,707.08,7775.6,5806.71,2496.1,1891.43,8933.06,1209.74,2066.21,8414.85,7134.06,21545.57,3057.51,5664.3,462.16
2012/10/28,2395.13,58383,4460.1,13093.16,12380.41,814.37,1414.2,2982.13,41761.78,20910.93,2345.99,7363.85,1444.19,3492.46,337.6,6701.37,714.23,7968.9,5868.55,2547.15,1918.72,9051.22,1219.71,2117.05,8679.68,7210.47,22111.33,3040.75,5697.7,441.9
2012/11/4,2390.05,57358,4462,12815.39,12196.8,795.02,1379.85,2904.87,40677.07,20736.35,2323.97,7163.5,1397.86,3423.57,331.93,6715.2,718.2,7636.6,5769.68,2479.82,1904.41,8757.6,1211.57,2069.07,8356.67,7293.22,21384.38,3009.56,5686.25,457.23
2012/11/11,2283.09,55402,4336.8,12588.31,11877.72,776.28,1359.88,2853.13,40830.6,20539.78,2367.74,6950.53,1376.1,3341.52,319.84,6508.66,707.91,7588.2,5605.59,2427.32,1860.83,9024.16,1181.76,2014.72,8118.15,7130.07,21159.01,2945.63,5574.05,455.67
2012/11/18,2339.92,57574,4413,13009.68,12213.24,807.18,1409.15,2966.85,41919.55,20365.27,2398.39,7309.13,1432.24,3528.8,331.5,6715.09,710.04,7909.6,5819.14,2557.03,1911.33,9366.8,1211.03,2027.38,8114.74,7326.01,21913.98,2989.28,5626.6,449.73
2012/11/25,2419.3,57475,4506,13025.58,12239.36,821.92,1416.18,3010.24,41833.52,20323.85,2421.54,7405.5,1436.55,3557.28,336.55,6820.6,730.59,7934.6,5866.82,2575.25,1932.9,9446.01,1229.97,1980.12,7903.25,7580.17,22030.39,3069.95,5879.85,443.68
2012/12/2,2480.03,58487,4551.8,13155.13,12159.59,822.27,1418.07,2978.04,42797.67,20322.68,2450.74,7517.8,1471.09,3605.61,342.61,6925.25,762.42,7848.5,5914.4,2601.37,1957.45,9527.39,1228.53,2061.79,8189.68,7642.26,22191.17,3107.11,5907.4,449.81
2012/12/9,2696.98,59605,4583.1,13135.01,12296.72,823.75,1413.58,2971.33,43050.92,20854.96,2536.8,7596.47,1500.89,3643.28,344.39,6902.51,762.93,8024.1,5921.76,2630.54,1995.04,9737.56,1230.88,2150.63,8530.9,7698.77,22605.98,3168.43,5879.6,460.74
2012/12/16,2786.4,61007,4623.6,13190.84,12385.7,847.92,1430.15,3021.01,43621.62,21002.39,2583.06,7636.23,1512.18,3661.4,344.12,6889.54,766.85,8291,5939.99,2651.09,1980.42,9940.06,1220.74,2153.31,8658.35,7540.14,22506.29,3163.56,5847.7,465.24
2012/12/23,2854.29,60952,4671.3,12938.11,12316.12,832.1,1402.43,2960.31,43721.93,21070.28,2582.98,7612.39,1526.98,3620.25,342,6822.44,785.79,8131,5925.37,2626.85,1997.05,10395.18,1184.12,2233.25,9026.99,7699.5,22666.59,3191.8,5908.35,485.38
2012/12/30,2996.28,62523,4723.8,13435.21,12540.81,879.15,1466.47,3101.66,44562.33,21462.16,2601.73,7776.37,1564.826355,3730.02,351.73,7058.92,795.64,8435.8,6089.84,2709.35,2011.94,10688.11,1210.62,2276.99,9096.07,7805.99,23331.09,3225.22,6016.15,498.31
2013/1/6,3107.66,61497,4709.5,13488.43,12602.18,880.77,1472.05,3125.64,44888.13,21676.41,2557.93,7715.53,1571.73,3706.02,350.13,7188.22,810.34,8664.7,6121.58,2717.79,1996.67,10801.57,1224.11,2243,9017.73,7819.15,23264.07,3216.5,5951.3,545.72
2013/1/13,3197.35,61956,4771.2,13649.7,12725.69,892.8,1485.98,3134.71,45212.53,22030.33,2572.14,7702.23,1603.5,3741.58,350.89,7368.8,850.05,8604,6154.41,2709.59,1987.85,10913.3,1207.67,2317.07,9432.3,7732.87,23601.78,3211.22,6064.4,534.97
2013/1/20,3339.77,61170,4835.2,13895.98,12816.63,905.24,1502.96,3149.71,45575.86,21966.79,2542.32,7857.97,1618.84,3778.16,355.74,7458.66,847.55,8724.6,6284.45,2744.18,1946.69,10926.65,1196.34,2291.3,9357.13,7672.58,23580.43,3269.31,6074.65,547.31
2013/1/27,3531.46,60351,4921.1,14009.79,12768.83,911.2,1513.17,3179.1,45768.49,22219.83,2499.19,7833.39,1628.31,3773.53,355.55,7420.35,802.22,8229.7,6347.24,2710.08,1957.79,11191.34,1177.36,2419.02,9820.29,7855.97,23721.84,3291.14,5998.9,566.09
2013/2/3,3279.96,58498,4971.3,13992.97,12801.23,913.67,1517.93,3193.87,45089.36,22280.73,2495.42,7652.14,1590.13,3649.5,345.13,7395.97,786.84,8174.9,6263.93,2630.3,1950.9,11153.16,1210.46,2432.4,9989.09,7906.65,23215.16,3270.3,5903.5,574.18
2013/2/10,3295.42,57903,5033.9,13981.76,12686.63,923.15,1519.79,3192.03,44152.96,22335.32,2467.63,7593.51,1577.26,3660.37,343.45,7500.57,780.81,8150.2,6328.26,2615.26,1981.18,11173.83,1220.71,2337.864518,9469.975508,7889.311338,23444.56,3283.07,5887.4,553.3932718
2013/2/17,3140.38,56697,5018.1,14000.57,12701.63,916.16,1515.6,3161.82,43875.73,22150.75,2437.24,7661.91,1551.04,3706.28,339.87,7554.38,758.99,8179,6335.7,2630.05,2018.89,11385.94,1218,2314.16,9364.54,7986.89,22782.44,3288.13,5850.3,551.33
2013/2/24,3099.71,56884,5086.1,14089.66,12773.12,914.73,1518.2,3169.74,43995.72,22284.57,2452.86,7708.16,1509.8,3699.91,339.73,7601.99,798.68,8187.1,6378.6,2616.75,2026.49,11606.38,1221.47,2359.51,9650.14,7964.63,22880.22,3269.5,5719.7,547.7
2013/3/3,3324.89,58433,5123.4,14397.07,12835.61,942.5,1551.18,3244.37,44322.51,22122.69,2490.7,7986.47,1532.09,3840.15,352.43,7744.84,835.42,8628.1,6483.58,2728.78,2006.01,12283.62,1226.89,2318.61,9285.83,8015.14,23091.95,3289.53,5945.7,540.01
2013/3/10,3488.76,56869,5120.2,14514.11,12830.03,952.48,1560.7,3249.07,42605.05,21635.44,2486.3,8042.85,1537.66,3844.03,353.58,7864.39,831.15,8619.1,6489.65,2725.72,1986.5,12560.95,1240.51,2278.4,9099.29,7927.49,22533.11,3286.05,5872.6,553.33
2013/3/17,3430.17,55243,4967.3,14512.03,12757.35,946.27,1556.89,3245,42686.68,21777.07,2370.02,7911.35,1470.91,3770.29,350.74,7744.33,824.52,8329.5,6392.76,2681.67,1948.71,12338.53,1239.09,2328.28,9343.41,7796.22,22115.3,3258.57,5651.35,554.84
2013/3/24,3380.78,56352,4966.5,14578.54,12749.9,951.54,1569.19,3267.52,44077.09,21698.32,2370.07,7795.31,1460.04,3731.42,348.1,7813.67,858.99,7920,6411.74,2624.02,2004.89,12397.91,1237.67,2236.62,8889.77,7918.61,22299.63,3308.1,5682.55,552.28
2013/3/31,3312.8,55051,4891.4,14565.25,12331.85,923.28,1553.28,3203.86,43244.25,21041.48,2346.37,7658.75,1411.09,3663.48,340.71,7641.11,820.71,7798.4,6249.78,2585.28,1927.23,12833.64,1229.74,2225.3,8964.47,7942.35,21726.9,3299.78,5553.25,570.2
2013/4/7,3463.49,54963,5013.5,14865.06,12337.59,942.85,1588.85,3294.95,44004.27,21271.46,2397.08,7744.77,1405.47,3729.3,348.65,7760.6,845.81,8040.4,6384.39,2633.47,1924.23,13485.14,1230.12,2206.78,8835.15,7821.63,22089.05,3294.19,5528.55,557.77
2013/4/14,3444.49,53929,4931.9,14547.51,12065.55,912.5,1555.25,3206.06,42808.17,21114.52,2277.71,7459.96,1336.46,3651.96,341.68,7618.76,832.85,7915.5,6286.59,2575.16,1906.75,13316.48,1203.74,2244.64,9111.19,7930.8,22013.57,3294.05,5783.1,532.44
2013/4/21,3734.24,54252,5097.5,14712.55,12220.2,935.25,1582.24,3279.26,41897,21042.43,2294.06,7814.76,1382.22,3810.05,351.5,7856.32,851.12,8297,6426.42,2683.43,1944.56,13884.13,1205.09,2177.91,8691.39,8022.06,22547.71,3348.87,5871.45,537.37
2013/4/28,3888.1,55488,5129.5,14973.96,12438.03,954.42,1614.42,3378.63,42602.07,21293.3,2305.9,8122.29,1429.86,3912.95,357.61,7937.61,890.94,8544.8,6521.46,2763.68,1965.71,13694.04,1204.53,2205.5,8847.67,8135.03,22689.96,3369.9,5944,539.33
2013/5/5,3712.51,55108,5206.1,15118.49,12589.09,975.16,1633.7,3436.58,41741.54,21185.52,2338.16,8278.59,1429.78,3953.83,361.17,8177.85,895.69,8544.5,6624.98,2785.24,1944.75,14607.54,1203.19,2246.83,9071.16,8280.26,23321.22,3443.77,6094.75,551.81
2013/5/12,3694.74,55164,5180.8,15354.4,12613.05,996.28,1667.47,3498.97,41806.73,20915.8,2391.07,8398,1405.34,4001.27,368.08,8280.25,919.25,8582.4,6723.06,2817.99,1986.81,15138.12,1215.76,2282.87,9246.28,8368.19,23082.68,3449.3,6187.3,553.51
2013/5/19,3509.72,56406,4983.5,15303.1,12667.22,984.28,1649.6,3459.14,40521.27,20674.67,2384.58,8305.32,1388.52,3956.79,364.63,8168.78,910.16,8264.6,6654.34,2764.29,1973.45,14612.45,1215.4,2288.53,9304.86,8209.78,22618.67,3393.17,5983.55,563.81
2013/5/26,3489.43,53506,4926.6,15115.57,12650.42,984.14,1630.74,3455.91,41588.32,20681.45,2485.5,8348.84,1331.43,3948.59,363.38,7947.01,859.9,8320.6,6583.09,2769.64,2001.05,13774.54,1232,2300.59,9257.95,8254.8,22392.16,3311.37,5985.95,581.95
2013/6/2,3449.68,51619,4737.7,15248.12,12373.3,987.62,1643.38,3469.22,40232.68,20388.5,2488.84,8254.68,1314.41,3872.59,352.69,7784.84,783.33,8266.6,6411.99,2724.08,1923.85,12877.53,1225.26,2210.9,8763.61,8095.2,21575.26,3184.72,5881,588.21
2013/6/9,3199.92,49332,4791.8,15070.18,12187.36,981.38,1626.73,3423.56,39269.3,19832.08,2478.43,8127.96,1293.88,3805.16,347.98,7635.96,800.11,8070.9,6308.26,2667.32,1889.24,12686.52,1222.13,2162.04,8479.46,7937.74,20969.14,3161.43,5808.4,562.97
2013/6/16,3070.86,47056,4738.8,14799.4,11995.66,963.68,1592.43,3357.25,38036.46,19162.59,2233.64,7789.24,1245.72,3658.04,337.64,7421.06,731.02,7700.2,6116.17,2549.48,1822.83,13230.13,1211.77,2073.1,8136.05,7793.31,20263.31,3124.45,5667.65,553.57
2013/6/23,2976.27,47457,4802.6,14909.6,12129.11,977.48,1606.28,3403.25,40623.3,19861.1,2245.64,7959.22,1275.44,3738.91,344.59,7683.04,762.95,7762.7,6215.47,2602.59,1863.32,13677.32,1189.67,1979.21,7694.47,8062.21,20803.29,3150.44,5842.2,538.54
2013/6/30,3063.69,45210,4841.7,15135.84,12134.91,1005.39,1631.89,3479.38,40623.09,19019.5,2253.49,7806,1268.59,3753.85,352.53,7781.98,731.12,7868.4,6375.52,2596.01,1833.31,14309.97,1195.09,2007.2,7856.59,8001.82,20854.67,3169.73,5867.9,543.38
2013/7/7,3226.38,45533,4973.9,15464.3,12462.18,1036.52,1680.19,3600.08,40329.81,18608.65,2302.81,8212.77,1348.81,3855.09,364.95,7983.18,739.22,7844.7,6544.94,2674.87,1869.98,14506.25,1214.52,2039.49,8012.84,8220.49,21277.28,3236.06,6009,548.27
2013/7/14,3410.14,47400,4972.1,15543.74,12685.13,1050.48,1692.09,3587.61,39891.67,19115.33,2313.31,8331.57,1382.33,3925.32,369.76,7928.12,758.74,7943.2,6630.67,2716.17,1871.41,14589.91,1226.89,1992.65,7663.99,8062.03,21362.42,3213.26,6029.2,556.56
2013/7/21,3423.19,49422,5042,15558.83,12647.9,1048.51,1691.65,3613.16,41064.58,18923.47,2291.1,8244.91,1348.37,3968.84,368.31,7796.84,725.55,8353.6,6554.79,2741.96,1910.81,14129.98,1229.24,2010.85,7843.36,8149.4,21968.95,3236.1,5886.2,544.88
2013/7/28,3458.79,48474,5116.8,15658.36,12603.25,1059.86,1709.67,3689.59,42051.6,18789.28,2401.85,8406.94,1336.39,4045.65,371.34,7963.93,740.33,8574,6647.87,2811,1923.38,14466.16,1207.84,2029.42,7961.47,8099.88,22190.97,3254.13,5677.9,545.59
2013/8/4,3615.11,49875,5055.2,15425.51,12542.13,1048.4,1691.42,3660.11,42648.74,18639.66,2414.28,8338.31,1325.72,4076.55,375.4,7977.34,735.45,8735.5,6583.39,2825.62,1880.71,13615.19,1202.85,2052.23,8145.97,7856.14,21807.56,3229.91,5565.65,552.27
2013/8/11,3815.29,51539,5113.9,15081.47,12736.92,1024.3,1655.83,3602.78,42049.7,18427.92,2445.6,8391.94,1323.42,4123.89,374.75,7961.31,742.75,8821.3,6499.99,2854.27,1920.11,13650.11,1204.89,2068.45,8168.09,7925,22517.81,3197.53,5507.85,559.16
2013/8/18,3903.21,52197,5123.4,15010.51,12762.3,1038.24,1663.5,3657.79,40925.13,18146.52,2417.23,8416.99,1330.99,4069.47,374.67,8006.9,679.32,8686.8,6492.1,2826.05,1870.16,13660.55,1201.28,2057.46,8166.28,7873.31,21863.51,3088.85,5471.75,542.08
2013/8/25,3935.89,50012,5135,14810.31,12653.9,1010.9,1632.97,3589.87,39484.46,17993.73,2384.22,8103.15,1290.96,3933.78,362.93,7745.97,663.94,8290.5,6412.93,2721.37,1926.36,13388.86,1178.41,2098.38,8202.48,8021.89,21731.37,3028.94,5471.8,531.23
2013/9/1,4181.58,53749,5145,14922.5,12820.92,1029.55,1655.17,3660.01,39915.06,18691.57,2238.98,8275.67,1345.6,4049.19,371.04,7950.78,672.32,8655,6547.33,2803.42,1955.31,13860.81,1179.73,2139.99,8280.33,8164.2,22621.22,3048.35,5680.4,534.8
2013/9/8,4494.93,53798,5219.6,15376.06,12723.4,1053.98,1687.99,3722.18,41122.47,18676.73,2375.44,8509.42,1396.57,4114.5,376.84,8038.31,716.35,8941.6,6583.8,2867.11,1994.32,14404.67,1202.81,2236.22,8687.54,8142.48,22915.28,3120.3,5850.6,531.21
2013/9/15,4754.93,54110,5276.7,15451.09,12806.47,1072.83,1709.91,3774.73,41225.98,18809.57,2408.16,8675.73,1462.92,4203.66,382.07,8105.39,778.63,9171.8,6596.43,2927.19,2005.58,14742.42,1240.08,2191.85,8480.74,8209.18,23502.51,3237.53,6012.1,537.57
2013/9/22,4730.14,53739,5307.1,15258.24,12844.08,1074.19,1691.75,3781.59,40903.65,19028.29,2422.46,8661.51,1432.87,4186.77,375.77,8055,747.72,9228.4,6512.66,2919.34,2011.8,14760.07,1256.36,2160.03,8472.29,8230.68,23207.04,3210.18,5833.2,545.49
2013/9/29,4855.47,52849,5208,15072.58,12758.65,1078.25,1690.5,3807.75,40909.54,18876.06,2394.59,8622.97,1443.15,4164.25,376.03,7943.71,762.07,9420.9,6453.88,2928.31,1996.98,14024.31,1257.64,2174.66,8514.57,8364.55,23138.54,3138.08,5907.3,552.07
2013/10/6,5241.88,53150,5230.9,15237.11,12892.11,1084.31,1703.2,3791.87,40975.37,18876.65,2489.64,8724.83,1477,4219.98,376.11,7936.08,761.76,9668.5,6487.19,2974.28,2024.9,14404.74,1292.75,2228.15,8737.97,8349.37,23218.32,3179.71,6096.2,552.16
2013/10/13,5465.85,55378,5321.5,15399.65,13136.09,1114.77,1744.5,3914.28,40412.69,18961.66,2485.13,8865.1,1516.62,4286.03,385.73,8084.65,762.35,10001.8,6622.58,3033.31,2052.4,14561.54,1296.65,2193.78,8584.87,8441.19,23340.1,3192.9,6189.35,559.38
2013/10/20,5526.29,54154,5386.3,15570.28,13399.42,1118.34,1759.77,3943.36,40671.61,19102.57,2537.62,8985.74,1492.2,4272.31,389.19,8249.31,792.72,9815.5,6721.34,3034.5,2034.39,14088.19,1286.36,2132.96,8379.61,8346.62,22698.34,3205.24,6144.9,560.57
2013/10/27,5094.67,54013,5411.1,15615.55,13337.46,1095.67,1761.64,3922.04,41079.61,19242.04,2528.97,9007.83,1475.18,4273.19,391.2,8221.8,765.01,9838.3,6734.74,3052.14,2039.42,14201.57,1288.19,2149.56,8451.72,8388.18,23249.79,3201.2,6307.2,554.73
2013/11/3,5294.18,52249,5400.7,15761.78,13378.33,1099.97,1770.61,3919.23,39864.16,18928.25,2509.11,9078.28,1435.12,4260.44,394.07,8240.92,739.18,9747.2,6708.42,3034.91,1984.87,14086.8,1310.46,2106.13,8155.4,8229.59,22744.39,3177.25,6140.75,556.78
2013/11/10,5572.33,53452,5401.7,15961.7,13482.57,1116.2,1798.18,3985.97,41034.11,18703.04,2547.01,9168.69,1444.24,4292.23,395.34,8327.31,742.73,9695.9,6693.44,3054.53,2005.64,15165.92,1315.86,2135.83,8305.91,8177.12,23032.15,3201.27,6056.15,559.75
2013/11/17,5529.54,52801,5335.9,16064.77,13478.34,1124.92,1804.76,3991.65,41199.02,18425.46,2590.48,9219.04,1444.91,4278.53,395.8,8250.43,756.38,9677.4,6674.3,3055.98,2006.23,15381.72,1344.85,2196.38,8413.34,8116.78,23696.28,3172.85,5995.45,566.28
2013/11/24,5718.68,52482,5320.1,16086.41,13395.4,1142.89,1805.81,4059.89,42499.13,18599.86,2584.68,9405.3,1402.93,4295.21,396.55,8264.2,757.48,9837.6,6650.57,3086.64,2044.87,15661.87,1358.23,2220.5,8542.61,8406.83,23881.29,3176.35,6176.1,569.06
2013/12/1,5331.28,50944,5186,16020.2,13280.72,1131.38,1805.09,4062.52,41925.54,18235.75,2479.16,9172.41,1390.61,4129.37,387.01,8066.07,733.78,9400.5,6551.99,2979.94,1980.41,15299.86,1368.3,2237.11,8526.68,8367.72,23743.1,3114.17,6259.9,570.11
2013/12/8,5258.27,50051,5098.4,15755.36,13125.7,1107.05,1775.32,4000.97,41884.83,18071.65,2429.67,9006.46,1391.85,4059.71,376.86,7828.91,740.65,9272.7,6439.96,2921.92,1962.91,15403.11,1326.92,2196.07,8429.82,8376.94,23245.96,3066.02,6168.4,566.47
2013/12/15,5264.78,51186,5265.2,16221.14,13399.6,1146.47,1818.32,4104.74,42183.77,18198.87,2408.84,9400.18,1429.91,4193.77,391.56,8081.35,695.73,9689.9,6606.58,3049.35,1983.35,15870.42,1323.04,2084.79,7966.72,8408.53,22812.18,3094.48,6274.25,560.68
2013/12/22,5400.16,51267,5324.1,16478.41,13587.98,1161.09,1841.4,4156.59,42753.22,18205.99,2404.35,9589.39,1445.39,4277.65,400.99,8221.9,638.85,9900.1,6750.87,3111.37,2002.28,16178.94,1333.42,2101.25,8048.85,8535.04,23243.24,3149.76,6313.8,562.28
2013/12/29,5382.05,50981,5350.1,16469.99,13548.86,1156.09,1831.37,4131.91,42064.97,18233.22,2405.22,9435.15,1442.73,4247.65,401.97,8270.46,659.67,9798,6730.67,3074.43,1946.14,16291.31,1322.52,2083.14,8028.33,8546.54,22817.28,3131.47,6211.15,562.8
2014/1/5,5490.88,49696,5312.4,16437.05,13747.52,1164.53,1842.37,4174.66,42458.51,17926.38,2327.89,9473.24,1395.91,4250.6,403.95,8365.12,679.12,10290.6,6739.94,3104.15,1938.54,15912.06,1324.17,2013.3,7648.04,8529.35,22846.25,3143.87,6171.45,576.16
2014/1/12,5858.77,49182,5305.9,16458.56,13888.21,1168.43,1838.7,4197.58,41911.31,18266.88,2376.28,9742.96,1395.79,4327.5,408.26,8478.89,656.35,10465.7,6829.3,3154.1,1944.48,15734.46,1348.95,2004.95,7544.56,8596,23133.35,3147.33,6261.65,605.5
2014/1/19,5545.21,47787,5240.9,15879.11,13717.76,1144.13,1790.29,4128.17,40979.8,17815.17,2347.44,9392.02,1364.11,4161.47,393.85,8201.5,644.28,9868.9,6663.74,3028.2,1940.56,15391.56,1322.02,2054.39,7855.14,8598.31,22450.06,3075.99,6266.75,627.91
2014/1/26,6018.65,47639,5190,15698.85,13694.94,1130.88,1782.59,4103.88,40879.75,17123.06,2355.89,9306.48,1301.02,4165.72,386.85,8191.33,618.58,9920.2,6510.44,3013.96,1941.15,14914.53,1299.54,2033.08,7572.63,8462.57,22035.42,3027.22,6089.5,624.7
2014/2/2,5585,48074,5166.5,15794.08,13786.5,1116.55,1797.02,4125.86,40525.74,17349.84,2420.94,9301.92,1341.49,4228.18,389.54,8318.6,646.14,10072.4,6571.68,3038.49,1922.5,14462.41,1307.98,2044.5,7616.57,8387.35,21636.85,3013.14,6063.2,622.82
2014/2/9,6070.6,48201,5356.3,16154.39,14054.76,1149.21,1838.63,4244.02,40710.89,18102.4,2482.75,9662.4,1343.2,4340.14,398.95,8417.58,648.83,10132.8,6663.62,3119.06,1940.28,14313.03,1309.09,2115.85,7883.75,8513.68,22298.41,3038.71,6048.35,641.41
2014/2/16,5914.82,47380,5438.7,16103.3,14205.72,1164.63,1836.25,4263.41,39724.58,17937.65,2487.72,9656.95,1315.54,4381.06,400.36,8431.78,638.86,10071,6838.06,3131.67,1957.83,14865.67,1323.69,2113.69,7750.56,8601.86,22568.24,3099.93,6155.45,639.37
2014/2/23,5784.39,47094,5404.8,16321.71,14209.59,1183.03,1859.45,4308.12,38782.89,18342.81,2518.53,9692.08,1267.27,4408.08,398.54,8475.33,625.53,10114.2,6809.7,3149.23,1979.99,14841.07,1350.65,2056.3,7365.93,8639.58,22836.96,3110.78,6276.95,663.81
2014/3/2,5880.84,46244,5462.3,16452.72,14299.08,1203.32,1878.04,4336.22,38913.04,18258.48,2435.15,9350.75,1158.87,4366.42,396.28,8378.58,630.96,10164.2,6712.67,3095.31,1974.68,15274.07,1369.22,2057.91,7328.48,8713.96,22660.49,3136.26,6526.65,651.46
2014/3/9,5747.12,44966,5329.4,16065.67,14227.66,1181.41,1841.13,4245.4,37950.97,17891.01,2341.98,9056.41,1062.47,4216.37,382.65,8114.02,632.79,9812,6527.89,3004.64,1919.9,14327.66,1373.28,2004.34,7239.06,8687.63,21539.49,3073.72,6504.2,668.39
2014/3/16,6086.82,47381,5338.1,16302.77,14335.76,1193.73,1866.52,4276.79,40021.73,18049.07,2365.96,9342.94,1136.21,4335.28,391.36,8289.76,645.79,10053.1,6557.17,3096.49,1934.94,14224.23,1383.16,2047.62,7241.57,8577.17,21436.7,3073.39,6493.2,679.98
2014/3/23,6198.58,49768,5366.9,16323.06,14260.72,1151.81,1857.62,4155.76,40048.2,18496.74,2433.74,9587.19,1186.28,4411.26,401.79,8373.23,691.17,10328.9,6615.58,3172.43,1981,14696.03,1397.77,2041.71,7165.57,8774.64,22065.53,3172.17,6695.9,676.31
2014/3/30,6386.85,51082,5422.8,16412.71,14393.1,1153.38,1865.09,4127.73,40598.34,18527.12,2471.5,9695.77,1233.93,4484.55,407.46,8503,725.83,10677.2,6695.55,3230.33,1988.09,15063.77,1417.77,2058.83,7367.8,8888.54,22510.08,3212.72,6694.35,667.33
2014/4/6,6468.57,51867,5428.6,16026.75,14257.69,1111.44,1815.69,3999.73,40380.79,18936.36,2464.12,9315.29,1204.07,4365.86,395.64,8298.82,727.36,10205.4,6561.7,3116.54,1997.44,13960.05,1412.52,2130.54,7586.82,8908.05,23003.64,3198.22,6776.3,665.85
2014/4/13,6449.87,52112,5454.2,16408.54,14500.39,1137.9,1864.85,4095.52,40890.53,19101.01,2433.91,9409.71,1200.22,4431.81,396.76,8375.08,734.76,10292.4,6625.25,3155.81,2004.28,14516.27,1389.02,2097.75,7455.74,8966.66,22760.24,3253.8,6779.4,621.13
2014/4/20,6557.29,51399,5531,16361.46,14533.57,1123.03,1863.4,4075.56,40198.4,18840.91,2429.8,9401.55,1119.37,4443.63,392.85,8374.47,713.89,10306.2,6685.69,3147.4,1971.66,14429.26,1389.92,2036.52,7323.65,8774.12,22223.53,3267.57,6782.75,636.35
2014/4/27,6782.01,52980,5458.1,16512.89,14765.15,1128.8,1881.14,4123.9,40967.95,19261.29,2432.06,9556.02,1148.96,4458.17,399.23,8442.71,751.59,10474.5,6822.42,3177.89,1959.44,14457.51,1379.88,2026.36,7312.86,8867.32,22260.67,3252.55,6694.8,632.1
2014/5/4,6846.69,53100,5460.8,16583.34,14534.06,1107.22,1878.48,4071.87,41641.11,19151.74,2387.81,9581.45,1232.78,4477.28,401.93,8510.39,755.63,10487.2,6814.57,3184.09,1956.55,14199.59,1372.18,2011.13,7162.44,8889.69,21862.99,3252.13,6858.8,587.91
2014/5/11,6878.73,53976,5479,16491.31,14514.74,1102.91,1877.86,4090.59,41898.84,19381.99,2392.89,9629.1,1262.01,4456.28,399.56,8683.62,750.09,10478.7,6855.81,3172.72,2013.44,14096.59,1378.27,2026.5,7242.17,8888.45,22712.91,3262.59,7203,581.93
2014/5/18,7446.85,52626,5492.8,16606.27,14708.1,1126.19,1900.53,4185.81,41917.92,19336.89,2465.52,9768.01,1326.58,4493.15,405.14,8703.84,780.61,10558.9,6815.75,3203.28,2017.17,14462.17,1389.31,2034.57,7240.92,9008.22,22965.86,3278.02,7367.1,594.35
2014/5/25,7712.23,51239,5492.5,16717.17,14604.16,1134.5,1923.57,4242.62,41362.51,19103.01,2429.51,9943.27,1295.75,4519.57,407.21,8674.52,792.9,10798.7,6844.51,3244.6,1994.96,14632.38,1393.42,2039.21,7364.83,9075.91,23081.65,3295.85,7229.95,618
2014/6/1,7913.87,53129,5464,16924.28,14838.9,1165.21,1949.44,4321.4,42778.26,19200.27,2498.7,9987.19,1359.1,4581.12,413.26,8659.69,803.98,11064.3,6858.21,3294.28,1995.48,15077.24,1400.42,2029.96,7235.39,9134.46,22951,3299.43,7583.4,608.48
2014/6/8,8047.37,54807,5405.1,16775.74,15001.61,1162.68,1936.16,4310.65,42485.66,18886.37,2471.82,9912.87,1374.94,4543.28,414.05,8653.76,790.12,11113.7,6777.85,3282.84,1990.85,15097.84,1397.39,2070.71,7401.35,9196.39,23319.17,3293.25,7542.1,617.73
2014/6/15,7347.64,54638,5419.5,16947.08,15108.97,1188.43,1962.87,4368.04,42865.72,18903.96,2462.13,9987.24,1358.73,4541.34,417.9,8701.61,784.01,11155.1,6825.2,3302.36,1968.07,15349.42,1404.6,2026.67,7195.69,9273.79,23194.06,3258.8,7511.45,607.23
2014/6/22,7905.1,53157,5445.1,16851.84,15094.25,1189.5,1960.96,4397.93,42493.86,18899.53,2399.63,9815.17,1379.75,4436.99,410.86,8562.11,784.72,10959.9,6757.77,3227.85,1988.51,15095,1384.36,2036.51,7312.62,9306.83,23221.52,3271.05,7508.8,616.85
2014/6/29,8141.7,54056,5525,17068.26,15214.96,1208.15,1985.44,4485.93,43518.06,18925.47,2363,10009.08,1360.48,4468.98,418.7,8678.22,775.35,11009.4,6866.05,3270.47,2009.66,15437.13,1391.87,2059.37,7333.91,9510.05,23546.36,3272.25,7751.6,631.02
2014/7/6,8822.08,54786,5486.8,16943.81,15125.5,1159.93,1967.57,4415.49,43481.83,19317.54,2372.05,9666.34,1383.18,4316.5,403.61,8468.52,793.64,10538.8,6690.17,3157.05,1988.74,15164.04,1371.61,2046.96,7206.97,9495.84,23233.45,3293.73,7459.6,627.1
2014/7/13,8661.75,57013,5531.7,17100.18,15266.57,1151.61,1978.22,4432.15,44278.9,19209.92,2393.95,9720.02,1276.28,4335.31,404.4,8511.43,823.15,10527,6749.45,3164.21,2019.42,15215.71,1401.26,2059.07,7259.45,9400.97,23454.79,3310.53,7663.9,645.52
2014/7/20,7922.92,57821,5583.5,16960.57,15455.04,1144.72,1978.34,4449.56,44386.62,19104.06,2406.32,9644.01,1246.25,4330.55,404.84,8571.48,842.18,10888.1,6791.55,3174.99,2033.85,15457.87,1398.24,2126.61,7578.12,9439.29,24216.01,3350.17,7790.45,641.96
2014/7/27,8326.92,55903,5556.4,16493.37,15215.26,1114.86,1925.15,4352.64,43986.11,19059.82,2341.91,9210.08,1212.74,4202.78,398.56,8410.27,820.94,10514,6679.18,3072.57,2073.1,15523.11,1392.45,2185.3,7880.98,9266.51,24532.43,3344.42,7602.6,635.01
2014/8/3,8227.87,55573,5435.3,16553.93,15196.31,1131.35,1931.59,4370.9,44105.95,19009.78,2315.65,9009.32,1170.6,4147.81,390.25,8274.65,791.99,10104.8,6567.36,3006.83,2031.1,14778.37,1386.16,2194.42,7885.33,9085.96,24331.41,3288.89,7568.55,641.93
2014/8/10,8670.14,56964,5566.5,16662.91,15304.24,1141.65,1955.06,4464.93,44629.33,19242.79,2415.76,9092.6,1232.34,4174.36,395.35,8366.73,766.92,10222.2,6689.08,3033.52,2063.22,15318.34,1389.35,2226.73,7982.07,9206.81,24954.94,3314.77,7791.7,645.13
2014/8/17,9171.12,58407,5645.6,17001.22,15535.55,1160.34,1988.4,4538.55,45374.99,19234.94,2439.03,9339.17,1260.07,4252.8,404.48,8554.16,789.3,10500.2,6775.25,3098.5,2056.7,15539.19,1379.01,2240.81,8059.4,9380.1,25112.23,3325.5,7913.2,654.96
2014/8/24,9817.3,61288,5625.9,17098.45,15625.73,1174.35,2003.37,4580.27,45628.09,19422.77,2416.97,9470.17,1190.23,4381.04,413.13,8658.97,803.13,10728.8,6819.75,3172.63,2068.54,15424.59,1404.41,2217.2,7841.7,9436.27,24742.06,3327.09,7954.35,676.82
2014/8/31,10414.67,60682,5598.7,17137.36,15569.92,1170.13,2007.71,4582.9,46231.44,19723.56,2541.42,9747.02,1257.26,4486.49,421.11,8788.77,821.93,11148.9,6855.1,3275.25,2049.41,15668.68,1424.32,2326.43,8214.53,9407.94,25240.15,3341.73,8086.85,677.62
2014/9/7,11054.09,56928,5531.1,16987.51,15531.58,1160.61,1985.54,4567.6,45799.7,19391.95,2497.38,9651.13,1213.27,4441.7,417.8,8795.93,778.21,10888.9,6806.96,3235.07,2041.86,15948.29,1424.08,2331.95,8146.99,9223.18,24595.32,3345.55,8105.5,669.78
2014/9/14,11580.91,57789,5433.1,17279.74,15265.35,1146.92,2010.4,4579.79,45761.9,19552.93,2539.6,9799.26,1170.25,4461.22,425.74,8840.17,769.22,11001.9,6837.92,3273.25,2053.82,16321.17,1446.96,2329.45,8047.25,9240.45,24306.16,3305.05,8121.45,654.54
2014/9/21,12535.53,57212,5313.4,17113.15,15026.77,1119.33,1982.85,4512.19,44884.33,19336.98,2484.02,9490.55,1156.15,4394.75,418.49,8774.36,746.32,10851.4,6649.39,3219.58,2031.64,16229.86,1456.28,2347.72,8072.88,8989.82,23678.41,3292.21,7968.85,649.63
2014/9/28,11419.41,54540,5318.2,17009.69,14789.78,1104.74,1967.9,4475.62,44678.14,19168.92,2444.06,9195.68,1092.12,4281.74,411.19,8683.53,743.84,10567.6,6527.91,3133.37,1976.16,15708.65,1451.33,2363.87,8080.35,9106.28,23064.56,3253.24,7945.55,659.25
2014/10/5,10040.24,55312,5188.3,16544.1,14227.36,1053.32,1906.13,4276.24,43435.73,18811.48,2392.62,8788.81,1064.29,4073.71,395.68,8374.59,734.94,10150.5,6339.97,2991.5,1940.92,15300.55,1462.97,2374.54,8211.54,8966.44,23088.54,3223.87,7859.95,651.72
2014/10/12,10542.6,55724,5271.7,16380.41,14227.68,1082.33,1886.76,4258.44,43273.5,18510.78,2401.13,8850.27,1072.94,4033.18,387.06,8250.1,755.33,9956.8,6310.29,2962.24,1900.66,14532.51,1433.24,2341.18,8151.52,8512.88,23023.21,3167.73,7779.7,624.77
2014/10/19,10555.87,51941,5412.2,16805.41,14543.82,1118.82,1964.58,4483.72,43665.54,18763.56,2426.2,8987.8,1036.68,4128.9,396.12,8532.09,794.17,10339.3,6388.73,3030.37,1925.69,15291.64,1445.83,2302.28,7921.13,8646.01,23302.2,3222.55,8014.55,629.52
2014/10/26,11019.43,54629,5526.6,17390.52,14613.32,1173.51,2018.05,4630.74,45027.52,18842.72,2463.68,9326.87,1091.44,4233.09,411.32,8837.78,805.8,10477.8,6546.47,3113.32,1964.43,16413.76,1424.37,2420.18,8225.61,8974.76,23998.06,3274.25,8322.2,638.78
2014/11/2,10588.61,53223,5549.1,17573.93,14690.83,1173.32,2031.92,4632.53,44614.66,18986.4,2417.45,9291.83,1007.68,4189.89,411.43,8816.92,779.58,10126.3,6567.24,3064.92,1939.87,16880.38,1451.11,2418.17,8234.87,8912.62,23550.24,3286.39,8337,642.77
2014/11/9,9749.7,51772,5454.3,17634.74,14843.1,1173.81,2039.82,4688.54,43372.01,19109.2,2418.4,9252.94,1000.42,4202.46,411.97,8915.31,812.12,10148,6654.37,3059.99,1945.14,17490.83,1445.78,2478.82,8326.9,8982.88,24087.38,3315.67,8389.9,637.9
2014/11/16,9976.67,56084,5304.3,17810.06,15111.13,1172.42,2063.5,4712.97,44633.28,19422.44,2418.26,9732.55,1058.8,4347.23,423.46,9080.55,832.82,10520.8,6750.76,3194.22,1964.84,17357.51,1453.26,2486.79,8332.3,9091.53,23437.12,3345.32,8477.35,623.74
2014/11/23,9808.6,54724,5313,17828.24,14744.7,1173.23,2067.56,4791.63,44190.47,19457.82,2416.93,9980.85,974.27,4390.18,425.86,9150.46,861.69,10770.7,6722.62,3250.93,1980.78,17459.85,1477.59,2682.83,9002.23,9187.15,23987.45,3350.5,8588.25,611.15
2014/11/30,9580.55,51993,5335.3,17958.79,14473.7,1182.43,2075.37,4780.76,43230.34,19357.98,2438.42,10087.12,908.75,4419.48,431.06,9212.85,852.4,10900.7,6742.84,3277.38,1986.62,17920.45,1485.23,2937.65,10067.28,9206.57,24002.64,3324.39,8538.3,624.67
2014/12/7,8266.88,48002,5219.6,17280.83,13731.05,1152.45,2002.33,4653.6,41714.57,18674.66,2360,9594.73,799.18,4108.93,406.17,8895.35,832.26,10145,6300.63,3067.32,1921.71,17371.58,1487.81,2938.17,10462.31,9027.33,23249.2,3324.13,8224.1,609.33
2014/12/14,8022.15,49651,5338.6,17804.8,14468.26,1195.94,2070.65,4765.38,42529.89,18692.54,2310.88,9786.96,768.06,4241.65,418.37,8976.24,835.74,10363.6,6545.27,3141.28,1929.98,17621.4,1481.88,3108.6,10627.11,8999.52,23116.63,3279.53,8225.2,570.61
2014/12/21,8373.74,50145,5394.5,18053.71,14609.25,1215.21,2088.77,4806.86,43002.17,18727.92,2323.04,9922.11,828.57,4295.85,425.57,9021.67,849.47,10481.8,6609.93,3184.66,1948.16,17818.96,1464.59,3157.6,10802.64,9218.5,23349.34,3353.68,8200.7,582.45
2014/12/28,8666.45,48512,5435.9,17832.99,14753.65,1198.8,2058.2,4726.81,42115.47,18870.2,2309.39,9764.73,790.71,4252.29,422.28,8983.37,854.59,10350.8,6547.8,3139.44,1926.44,17450.77,1461.97,3234.68,11014.62,9307.26,23857.82,3370.59,8395.45,601.66
2015/1/4,8459.65,48840,5465.6,17737.37,14384.92,1185.68,2044.81,4704.07,42382.41,18608.54,2337.21,9648.5,782.62,4179.07,415.59,9105.7,876.48,9719,6501.14,3042.9,1924.7,17197.73,1469.58,3285.41,11324.76,9215.58,23919.95,3338.44,8284.5,618.41
2015/1/11,8658.96,49017,5299.2,17511.57,14309.41,1176.65,2019.42,4634.38,41402.01,18378.88,2252.33,10167.77,769.8,4379.62,432.98,7899.59,874.16,10038.9,6550.27,3202.24,1888.13,16864.16,1463.33,3376.49,11532.8,9138.29,24103.52,3300.68,8513.8,614.72
2015/1/18,8737.59,48775,5501.8,17672.6,14779.35,1188.93,2051.82,4757.88,42649.72,18893.45,2319.59,10649.58,820.99,4640.69,454.56,8161.16,907.36,10581.5,6832.83,3382.55,1936.09,17511.75,1455.66,3351.76,11436.29,9470.94,24850.45,3411.5,8835.6,615.16
2015/1/25,8490.46,46908,5588.3,17164.95,14673.48,1165.39,1994.99,4635.24,40950.58,18761.3,2341,10694.32,737.35,4604.25,450.39,8385.13,889.46,10403.3,6749.4,3351.44,1949.26,17674.39,1447.85,3210.36,11150.69,9361.91,24507.05,3391.2,8808.9,606.54
2015/2/1,9008.58,48792,5820.2,17824.29,15083.92,1205.46,2055.47,4744.4,42715.43,19216.59,2354.47,10846.39,826.4,4691.03,454.69,8587.99,849.87,10573.1,6853.44,3398.16,1955.52,17648.5,1461.33,3075.91,10791.1,9456.18,24679.39,3431.36,8661.05,595.69
2015/2/8,9562.23,50636,5877.5,18019.35,15264.81,1223.13,2096.99,4893.84,43072.42,19358.51,2346.95,10963.4,914.05,4759.36,464.9,8651.98,858.09,10739.5,6873.52,3447.59,1957.5,17913.36,1452.46,3203.83,11443.05,9529.51,24682.54,3426.22,8805.5,617.2
2015/2/15,9436.74,51238,5881.5,18140.44,15172.24,1231.79,2110.3,4955.97,43551.26,19430.81,2348.94,11050.64,910.42,4830.9,469.85,8892.17,854.89,10879.3,6915.2,3490.53,1961.45,18332.3,1485.78,3246.91,11718.56,9532.390372,24832.08,3435.66,8833.6,617.2
2015/2/22,9601.61,51583,5928.8,18132.7,15234.34,1233.37,2104.5,4963.53,44190.17,19357.66,2367.1,11401.66,896.63,4951.48,483.93,9014.53,841.48,11178.3,6946.66,3599,1985.8,18797.94,1517.94,3310.3,11757.68,9622.1,24823.29,3402.86,8844.6,618.39
2015/3/1,9928.73,49981,5898.9,17856.78,14952.5,1217.52,2071.26,4927.37,43280.81,19163.92,2345.93,11550.97,903.45,4964.35,489.84,9080.03,803.1,11091.9,6911.8,3617.62,2012.94,18971,1529.78,3241.19,11392.4,9645.77,24164,3417.51,8937.75,622.75
2015/3/8,10245.33,48596,5814.5,17749.31,14731.5,1232.14,2053.4,4871.76,44002.29,18707.67,2303.4,11901.61,833.57,5010.46,492.48,9156.02,766.42,11033.8,6740.58,3656.21,1985.79,19254.25,1565.75,3372.91,11713.61,9579.35,23823.21,3362.77,8647.75,616.94
2015/3/15,11385.38,51967,5975.5,18127.65,14942.41,1266.37,2108.1,5026.42,43968.15,18937.08,2407.7,12039.37,862.14,5087.49,499.12,9396.29,825.06,11419.6,7022.51,3726.07,2037.24,19560.22,1601.2,3617.32,12544.45,9749.69,24375.24,3412.44,8570.9,603.76
2015/3/22,10663.47,50095,5919.9,17712.66,14812.42,1240.41,2061.02,4891.22,43637.97,18957.1,2373.18,11868.33,856.44,5034.06,485.73,9083.52,808.94,11427.4,6855.02,3679.03,2019.8,19285.63,1594.18,3691.1,12874.42,9503.72,24486.2,3450.1,8341.4,583.02
2015/3/29,11071.68,53123,5898.6,17763.24,15026.62,1255.66,2066.96,4886.94,44202.94,19295.13,2400.65,11967.39,930.12,5074.14,492.38,9130.6,829.94,11634,6833.46,3715.27,2045.42,19435.08,1640.87,3863.93,13494.64,9600.32,25275.64,3453.75,8586.25,577.66
2015/4/5,11686.61,54214,5968.4,18057.65,15388.43,1264.77,2102.06,4995.98,44882.01,19592.46,2443.62,12374.73,999.38,5240.46,507.17,9471.46,826.46,11749.3,7089.77,3816.76,2087.76,19907.63,1650.84,4034.31,14013.33,9617.7,27272.39,3472.38,8780.35,583.34
2015/4/12,11920.08,53955,5877.9,17826.3,15360.55,1251.86,2081.18,4931.81,45012.37,19518.29,2463.96,11688.7,998.96,5143.26,495.03,9245.92,824.18,11359.4,6994.63,3674.05,2143.5,19652.88,1686.31,4287.3,14149.34,9570.93,27653.12,3525.19,8606,599.12
2015/4/19,12409.39,56594,5933.3,18080.14,15408.33,1267.54,2117.69,5092.09,45773.31,19748.94,2519.2,11810.85,1037.52,5201.45,504.01,9302.12,855.51,11505.4,7070.7,3713.96,2159.8,20020.04,1683.35,4393.69,14598.69,9913.28,28060.98,3513,8305.25,596.1
2015/4/26,12050.19,56229,5814.4,18024.06,15339.77,1228.11,2108.29,5005.39,44582.39,19625.33,2514.63,11454.38,1029.31,5046.49,487.85,9077.12,839.47,11385,6985.95,3615.59,2127.17,19531.63,1644.85,4441.66,14818.64,9820.05,28133,3487.39,8181.5,593.15
2015/5/3,12205.09,57149,5634.6,18191.11,15170.02,1234.93,2116.1,5003.55,45125.95,19886.14,2546.78,11709.73,1059.52,5090.39,490.79,9093.33,840.6,11424.7,7046.82,3649.48,2085.52,19379.19,1632.78,4205.92,14481.25,9692,27577.34,3452.01,8191.5,582.91
2015/5/10,12375.82,57249,5735.5,18272.56,15108.12,1243.95,2122.73,5048.29,45332.8,19936.17,2514.84,11447.03,1074.73,4993.82,490.96,9109.92,876.05,11317.3,6960.49,3573.07,2106.5,19732.92,1658.69,4308.69,14694.95,9579.48,27822.28,3463.1,8262.35,561.87
2015/5/17,11459.53,54377,5664.7,18232.02,15200.76,1252.22,2126.06,5089.36,44874.04,19718.56,2516.76,11815.01,1051.21,5142.89,501.89,9353.3,858.04,11554.2,7031.72,3679.14,2146.1,20264.41,1715.58,4657.6,16045.8,9638.8,27992.83,3450.18,8458.95,586.58
2015/5/24,10800.86,52760,5777.2,18010.68,15014.09,1246.53,2107.39,5070.02,44703.62,19662.2,2437.81,11413.82,968.81,5007.89,493.56,9237.79,829.81,11217.6,6984.43,3570.78,2114.8,20563.15,1677.03,4611.74,16100.45,9701.07,27424.19,3392.11,8433.65,589.32
2015/5/31,11215.76,52973,5498.5,17849.46,14957.16,1261.01,2092.83,5068.46,44561.94,19328.08,2365.58,11197.15,922.67,4920.74,479.38,9105.02,819.43,11062,6804.6,3510.01,2068.1,20460.9,1696.74,5023.1,17649.09,9340.13,27260.16,3333.67,8114.7,592.22
2015/6/7,11364.05,53348,5545.3,17898.84,14741.15,1265.02,2094.11,5051.1,44692.5,19270.15,2358.73,11196.49,950.38,4901.19,477.76,9026.43,805.33,11030.5,6784.92,3502.77,2052.17,20407.08,1697.13,5166.35,18098.27,9301.93,27280.54,3353.85,7982.9,604.29
2015/6/14,11221.67,53749,5597,18015.95,14653.12,1284.66,2109.99,5117,44973.41,18965.16,2299.35,11040.1,966.9,4815.37,475.43,8867.32,824.54,10944.3,6710.45,3455.8,2046.96,20174.24,1684.9,4478.36,15725.47,9218.37,26760.53,3300.96,8224.95,603.26
2015/6/21,11684.42,54017,5545.9,17946.68,14808.09,1279.79,2101.49,5080.51,45566.33,18924.72,2333.82,11492.43,943.01,5059.17,494.47,9007.5,835.46,11372.3,6753.7,3621.37,2090.26,20706.15,1671.33,4192.87,14398.78,9462.57,26663.87,3320.9,8381.1,608.92
2015/6/28,11766.12,52519,5538.3,17730.11,14682.39,1248.26,2076.78,5009.21,45065.47,18752.64,2278.17,11058.39,919.61,4808.22,474.14,8912.84,812.17,10779.8,6585.78,3441.76,2104.41,20539.79,1663.9,3686.92,12246.06,9358.23,26064.11,3342.73,8484.9,639.87
2015/7/5,11690.01,52591,5492,17760.41,14411.07,1252.02,2076.62,4997.7,44915.98,18891.62,2270.84,11315.63,905.2,4903.07,481.39,9134.18,827.92,11036.1,6673.38,3528.81,2031.17,19779.83,1658.06,3877.8,12038.15,8914.13,24901.28,3279.88,8360.55,648.73
2015/7/12,12377.74,52342,5670.1,18086.45,14642.84,1267.09,2126.64,5210.14,45325.38,18957.65,2285.03,11673.42,912.44,5124.39,500.43,9446.17,827.9,11480.7,6775.08,3670.34,2076.79,20650.92,1694.07,3957.35,13004.96,9045.98,25415.27,3353.45,8609.85,651.03
2015/7/19,10904.07,49246,5566.1,17568.53,14186.24,1225.99,2079.65,5088.63,44249.49,18703.05,2187.67,11347.45,859.12,5057.36,490.04,9322.97,787.12,11309.3,6579.81,3600,2045.96,20544.53,1702.05,4070.91,13518.51,8767.86,25128.51,3352.65,8521.55,657.97
2015/7/26,11101.02,50865,5699.2,17689.86,14468.44,1238.68,2103.84,5128.28,44752.93,18833.52,2227.51,11308.99,858.82,5082.61,495.23,9428.17,799.1,11180.7,6696.28,3600.69,2030.16,20585.24,1712.61,3663.73,12374.25,8665.34,24636.28,3202.5,8532.85,647.36
2015/8/2,11167.45,48577,5474.8,17373.38,14302.7,1206.9,2077.57,5043.54,44862.14,18781.66,2196.78,11490.83,832.47,5154.75,496.61,9408.27,784.27,11178.2,6718.49,3637.8,2010.23,20724.56,1716.65,3744.2,12753.05,8442.29,24552.47,3196.66,8564.6,638.4
2015/8/9,11452.99,47508,5356.5,17477.4,14277.88,1212.69,2091.54,5048.23,43746.72,18513.95,2198.22,10985.14,835.17,4956.47,473.89,9346.56,773.09,10879.3,6550.74,3491.03,1983.46,20519.45,1711.66,3965.33,13445.87,8305.64,23991.03,3114.25,8518.55,618.94
2015/8/16,10495.44,45720,5214.6,16459.75,13473.67,1156.79,1970.89,4706.04,42163.82,18107.08,2179.73,10124.52,762.38,4630.99,442.87,8798.57,737.98,10271.7,6187.65,3247.26,1876.07,19435.83,1695.11,3507.74,11902.05,7786.92,22409.62,2971.01,8299.95,587.83
2015/8/23,10961.5,47154,5263.6,16643.01,13865.07,1162.91,1988.87,4828.32,43290.86,18546.02,2145.12,10298.53,829.95,4675.13,445.96,8785.1,746.42,10352.9,6247.94,3286.59,1937.67,19136.32,1596.56,3232.35,10800,8019.18,21612.39,2955.94,8001.95,597.81
2015/8/30,10928.62,46498,5040.6,16102.38,13478.31,1136.17,1921.22,4683.92,42742.86,18249.01,2146.47,10038.04,793.65,4523.08,432.94,8652.35,729.5,9821.8,6042.92,3180.25,1886.04,17792.16,1606.26,3160.17,10054.8,8000.6,20840.61,2863.81,7655.05,578.78
2015/9/6,10887.94,46401,5071.1,16433.09,13461.47,1157.79,1961.05,4822.34,42780.73,18315.16,2185.46,10123.56,799.1,4548.72,430.23,8772.44,713.51,9737.9,6117.76,3187.94,1941.37,18264.22,1593.67,3200.23,10463.69,8305.82,21504.37,2888.03,7789.3,583.27
2015/9/13,10555.28,47264,5170.5,16384.58,13646.9,1163.35,1958.03,4827.23,43565.05,18538.51,2168.19,9916.16,816.56,4535.85,427.32,8739.22,750.99,9847.2,6104.11,3157.3,1995.95,18070.21,1594.83,3097.92,9850.77,8462.14,21920.83,2879.59,7981.9,582.73
2015/9/20,9799.31,44831,5042.1,16314.67,13378.57,1122.79,1931.34,4686.5,42435.23,18211.02,2091.73,9688.53,788.55,4480.66,422.8,8505.94,746.1,9519.5,6109.01,3113.16,1942.85,17880.51,1524.08,3092.35,9904.76,8132.35,21186.32,2832.64,7868.5,588.11
2015/9/27,10189.5,47033,5052,16472.37,13339.74,1114.12,1951.36,4707.77,42735.15,18077.66,2036.32,9553.07,764.93,4458.88,422.58,8515.52,743.97,9603.6,6129.98,3088.18,1969.68,17725.13,1488.54,3052.78,9988.25,8305.03,21506.09,2793.15,7950.9,580.74
2015/10/4,11166.37,49338,5279.7,17084.49,13964.36,1165.36,2014.89,4830.47,44375.62,18714.35,2143.28,10096.6,885.96,4701.39,441.65,8680.21,792.15,10309.6,6416.16,3250.31,2019.53,18438.67,1519.72,3183.15,10540.19,8445.96,22458.8,2998.5,8189.7,605.6
2015/10/11,11177.05,47236,5268.2,17215.97,13838.1,1162.31,2033.11,4886.69,44364.16,18623.28,2121.94,10104.43,881.19,4702.79,447.86,8715.73,784.84,10231.5,6378.04,3264.93,2030.26,18291.8,1527.07,3391.35,11374.83,8604.95,23067.37,3030.61,8238.15,609.73
2015/10/18,11329.28,47597,5351.6,17646.7,13953.66,1166.06,2075.15,5031.86,45010.24,19064.24,2107.43,10794.54,872.86,4923.64,465.05,8910.52,801.25,10476.3,6444.08,3425.81,2040.4,18825.3,1545.29,3412.43,11603.46,8673.81,23151.94,3068.46,8295.45,616.07
2015/10/25,12461.25,45869,5239.4,17663.54,13529.17,1161.86,2079.36,5053.75,44542.76,18811.3,2060.03,10850.14,845.54,4897.66,462.12,8938.65,794.09,10360.7,6361.09,3418.23,2029.47,19083.1,1573.54,3382.56,11546.05,8554.31,22640.04,2998.35,8065.8,619.21
2015/11/1,12899.46,46919,5215,17910.33,13553.3,1199.75,2099.2,5147.12,45243.85,18895.08,2019.78,10988.03,854.34,4984.15,469.83,8970.27,819.3,10453.2,6353.83,3468.21,2041.07,19265.6,1581.79,3590.03,12273.35,8693.57,22867.33,3010.47,7954.3,622.67
2015/11/8,13182.72,46517,5051.3,17245.24,13075.42,1146.55,2023.04,4927.88,43617.73,18557.1,1978.87,10708.4,814.93,4807.95,453.55,8749.84,818.79,10111.4,6118.28,3360.65,1973.29,19596.91,1557.49,3580.84,12402.04,8329.5,22396.14,2925.68,7762.25,622.34
2015/11/15,14173.87,48139,5256.1,17823.81,13433.49,1175.15,2089.17,5104.92,44895.02,18842.27,2021.99,11119.83,888.36,4910.97,468.69,9015.83,806.82,10290.3,6334.63,3452.45,1989.86,19879.81,1573.66,3630.5,12702.03,8465.45,22754.72,2917.91,7856.55,611.16
2015/11/22,13165.4,45873,5202.6,17798.49,13368.24,1202.38,2090.11,5127.52,44247.98,18305.39,1936.05,11293.76,856.3,4930.14,472.17,9002.96,756.38,10310.7,6375.15,3488.99,2028.99,19883.94,1561.49,3436.3,11961.7,8398.4,22068.32,2859.12,7942.7,590.59
2015/11/29,13070.63,45361,5151.6,17847.63,13358.77,1183.4,2091.69,5142.27,42994.23,17843.7,1868.24,10752.1,811.72,4714.79,446.93,8802.89,742.65,10078.7,6238.29,3330.75,1974.4,19504.48,1561.17,3524.99,12329.18,8398.6,22235.89,2879.05,7781.9,582.96
2015/12/6,12779.23,45263,5029.5,17265.21,12789.95,1123.61,2012.37,4933.47,42000.63,17493.78,1757.37,10340.06,777.17,4549.56,429.1,8502.06,702.8,9630.7,5952.78,3203.21,1948.62,19230.48,1533.22,3434.58,12134.02,8115.89,21464.05,2834.63,7610.45,578.01
2015/12/13,11404.56,43911,5106.7,17128.55,13024.3,1121.02,2005.55,4923.08,42936.63,17897.21,1858.87,10608.19,765.73,4625.26,434.15,8608.91,724.6,9717.1,6052.42,3260.72,1975.32,18986.8,1519.08,3578.96,12830.25,8257.32,21755.56,2852.84,7761.95,578.85
2015/12/20,12040.85,44015,5207.6,17552.17,13309.8,1154.76,2060.99,5048.49,43528.27,18020.37,1879.75,10727.64,772.94,4663.18,444.12,8705.74,741.9,9682.9,6254.64,3284.47,1990.65,18769.06,1517.44,3627.91,12980.57,8363.28,22138.13,2877.62,7861.05,579.32
2015/12/27,11675.18,43350,5295.9,17425.03,13009.95,1135.89,2043.94,5007.41,42977.5,18151.5,1859.15,10743.01,757.04,4637.06,441.82,8818.09,717.27,9544.2,6242.32,3267.52,1961.31,19033.71,1528.74,3539.18,12664.89,8338.06,21914.4,2882.73,7963.2,595.57
2016/1/3,11305.52,40612,4990.8,16346.45,12445.45,1046.2,1922.03,4643.63,40265.37,17617.79,1725.14,9849.34,736.82,4333.76,410.82,8257.28,706.13,8909.2,5912.44,3033.47,1917.62,17697.96,1493.97,3186.41,10888.91,7893.97,20453.71,2751.23,7601.35,575.96
2016/1/10,10020.37,38569,4892.8,15988.08,12073.46,1007.72,1880.33,4488.42,40847.7,17297.23,1734.87,9545.27,652.98,4210.16,403.57,8107.13,710.62,8543.6,5804.1,2952.48,1878.87,17147.11,1454.4,2900.97,9997.92,7762.01,19520.77,2630.76,7437.8,555.76
2016/1/17,10329.9,38031,4916,16093.51,12389.58,1020.66,1906.9,4591.18,41621.31,17491.1,1727.22,9764.88,691.4,4336.69,419.28,8271.11,702.44,8722.9,5900.01,3023.21,1879.43,16958.53,1439.99,2916.56,10111.57,7756.18,19080.51,2577.09,7422.45,539.37
2016/1/24,11306.02,40406,5005.5,16466.3,12822.13,1035.38,1940.24,4613.95,43630.77,18243.46,1780.25,9798.11,745.3,4417.02,431.28,8319.81,734.81,8815.8,6083.79,3045.09,1912.06,17518.3,1452.17,2737.6,9418.2,8145.21,19683.11,2629.11,7563.55,561.61
2016/1/31,11400.34,40592,4976.2,16204.97,12763.99,985.62,1880.05,4363.14,43229.67,17984.74,1790.87,9286.23,725.91,4200.67,413.94,7960.13,742.04,8499.5,5848.06,2879.39,1917.79,16819.59,1454.56,2763.49,9673.48,8063,19288.17,2623.21,7489.1,563.97
2016/2/7,11276.39,39808,4765.3,15973.84,12381.24,971.99,1864.78,4337.51,42416.44,18031.6,1765.53,8967.51,689.9,3995.06,391.86,7656.6,709.37,7920.8,5707.6,2756.16,1835.28,14952.61,1383.34,2864.740547,9986.137918,8146.96307,18319.58,2539.95,6980.95,569.6980091
2016/2/14,11826.05,41543,4952.8,16391.99,12813.4,1010.01,1917.78,4504.43,43375.31,18411.73,1841.06,9388.05,725.98,4223.04,411.96,7863.36,730.15,8194.2,5950.23,2871.05,1916.24,15967.17,1418.22,2860.02,10162.32,8325.04,19285.5,2656.87,7210.75,567.51
2016/2/21,12929.23,41593,4880,16639.97,12797.79,1037.18,1948.05,4590.47,43473.37,18239.37,1844.57,9513.3,757.45,4314.57,422.66,7877.03,749.29,8349.2,6096.01,2929.16,1920.16,16188.41,1427.09,2767.21,9573.7,8411.16,19364.15,2649.38,7029.75,577.71
2016/2/28,13269.27,49085,5090,17006.77,13212.5,1081.93,1999.99,4717.02,44849.02,18796.55,1873.51,9824.17,818.25,4456.62,437.99,7982.57,771.91,8811.6,6199.43,3037.35,1955.63,17014.78,1449.75,2874.15,9536.71,8643.55,20176.7,2837,7485.35,580.94
2016/3/6,13051.54,49639,5166.4,17213.31,13522,1087.56,2022.19,4748.47,44735.5,18815.72,1910.87,9831.13,845.59,4492.79,441.75,7998.43,793.8,9090.6,6139.79,3073.8,1971.41,16938.87,1478.61,2810.31,9363.41,8706.14,20199.6,2828.86,7510.2,583.89
2016/3/13,12906.43,50815,5183.1,17602.3,13497.07,1101.67,2049.58,4795.65,45482.39,19387.73,1961.97,9950.8,885.13,4462.51,444.79,7813.68,829.43,9051.1,6189.64,3059.77,1992.12,16724.81,1483.21,2955.15,10126.59,8810.71,20671.63,2906.8,7604.35,581.95
2016/3/20,12499.17,49657,5084.2,17515.73,13358.11,1079.54,2035.94,4773.51,45647.57,19054.31,1936.19,9851.35,862.22,4329.68,437.49,7775.58,813.56,8789.8,6106.48,2986.73,1983.81,17002.75,1485.9,2979.43,10339.68,8704.97,20345.61,2847.39,7716.5,578.24
2016/3/27,13179.84,50562,4999.4,17792.75,13440.44,1117.68,2072.78,4914.54,46062.92,19340.64,1973.24,9794.64,861.96,4322.24,434.48,7688.34,823.59,8602.3,6146.05,2953.28,1973.57,16164.16,1450.39,3009.53,10379.65,8657.55,20498.92,2818.49,7713.05,568.27
2016/4/3,12221.87,50293,4937.6,17576.96,13396.73,1097.31,2047.6,4850.69,44859.49,19256.07,1919.42,9622.26,879.07,4303.12,434.16,7817.55,825.02,8427.6,6204.41,2911.98,1972.05,15821.52,1443.5,2984.96,10413.54,8541.5,20370.4,2808.32,7555.2,578.97
2016/4/10,13237.87,53228,5157.5,17897.46,13637.2,1130.92,2080.73,4938.22,45536.52,19434.77,1939.95,10051.57,905.1,4495.17,450.59,8014.6,855.73,8850.9,6343.75,3054.34,2014.71,16848.03,1474.23,3078.12,10733.64,8700.39,21316.47,2923.94,7850.45,584.47
2016/4/17,13915.48,52908,5236.4,18003.75,13874,1146.69,2091.58,4906.23,45613.21,19515.63,1943.03,10373.49,931.46,4569.66,451.54,8109.44,858.29,9232.8,6310.44,3141.12,2015.49,17572.49,1496.41,2959.24,10151.76,8535.75,21467.04,2940.43,7899.3,595.38
2016/4/24,13724.07,53911,5252.2,17773.64,13951.45,1130.84,2065.3,4775.36,45784.77,19655.14,1896.64,10038.97,951.11,4428.96,439.68,7960.85,853.28,9025.7,6241.89,3028.21,1994.15,16666.05,1438.66,2938.32,10141.54,8377.9,21067.05,2838.52,7849.8,601.25
2016/5/1,13453.91,51718,5292,17740.63,13701.47,1114.72,2057.14,4736.15,45209.85,19689.44,1852.71,9869.95,912.02,4301.24,431.32,7735.6,783.68,8702.1,6125.7,2936.84,1976.71,16106.72,1410.84,2913.25,10100.53,8146.43,20109.87,2730.8,7733.45,607.55
2016/5/8,13121.56,51804,5329,17535.32,13748.58,1102.44,2046.61,4717.68,45402.47,19662.29,1815.38,9952.9,921.88,4319.99,433.52,7925.76,778.08,8721.5,6138.5,2956.63,1966.99,16412.21,1420.9,2827.11,9759.27,8053.69,19719.29,2734.91,7814.9,609.97
2016/5/15,12656.28,49723,5351.3,17500.94,13919.58,1112.28,2052.32,4769.56,45155.91,19404.24,1806.38,9916.02,893.09,4353.9,434.36,7997.3,763.58,8771.2,6156.32,2962.16,1947.67,16736.35,1398.45,2825.48,9816.75,8131.26,19852.2,2763.82,7749.7,616.4
2016/5/22,12727.46,49051,5405.9,17873.22,14105.23,1150.45,2099.06,4933.51,46124.15,19479.52,1839.22,10286.31,917.52,4514.74,450.94,8292.45,780.29,9107.3,6270.79,3078.48,1969.17,16834.84,1430.5,2821.05,9813.63,8463.61,20576.77,2802.51,8156.65,611
2016/5/29,12791.08,50620,5318.9,17807.06,14226.78,1164.14,2099.13,4942.52,45928.23,19481.8,1793.43,10103.26,902.64,4421.78,445.31,8148.4,781.39,8801.6,6209.63,2997.55,1985.84,16642.23,1444.86,2938.68,10344.91,8591.57,20947.24,2809.23,8220.8,621.05
2016/6/5,13324.43,49422,5312.6,17865.34,14037.54,1163.93,2096.07,4894.55,45177.5,19572.98,1782.02,9834.62,924.65,4306.72,435.77,7922.71,768.87,8490.5,6115.76,2911.11,2017.63,16601.36,1430.44,2927.16,10316.82,8715.48,21042.64,2822.97,8170.05,629.27
2016/6/12,13073.38,49534,5162.7,17675.16,13901.77,1144.7,2071.22,4800.34,45306.22,19651.22,1754.45,9631.36,910.28,4193.83,421.77,7713.61,754.31,8362,6021.09,2849.17,1953.4,15599.66,1408.68,2885.11,10182.53,8568.08,20169.98,2763.42,8170.2,615.75
2016/6/19,13924.54,50105,5113.2,17400.75,13891.88,1127.54,2037.41,4707.98,44885.82,19588.26,1769.67,9557.16,912.49,4106.73,424.2,7747.18,753.66,7787.7,6138.69,2776.09,1925.24,14952.02,1432.64,2854.29,10147.7,8476.99,20259.13,2735.39,8088.6,612.69
2016/6/26,15111.69,52233,5246.6,17949.37,14064.54,1156.77,2102.95,4862.57,46213.27,19875.22,1744.56,9776.12,933.32,4273.96,438.85,8085.21,779.52,8268.9,6577.83,2883.06,1987.32,15682.48,1397.95,2932.48,10458.43,8738.24,20794.37,2846.37,8328.35,626.34
2016/7/3,14689.61,53141,5230.5,18146.74,14259.84,1177.36,2129.9,4956.76,45744.29,19898.49,1705.43,9629.66,934.35,4190.68,433.77,8037.94,780.19,8185.9,6590.64,2838.01,1963.1,15106.98,1412.44,2988.09,10611.8,8640.91,20564.17,2847.04,8323.2,643.56
2016/7/10,15643.26,55578,5429.6,18516.55,14482.42,1205.31,2161.74,5029.59,46713.43,20228.03,1759.41,10066.9,963.7,4372.51,447.51,8156.26,828.25,8531,6669.24,2958.65,2017.26,16497.85,1460.97,3054.3,10823.21,8949.85,21659.25,2925.35,8541.4,653.63
2016/7/17,15846.54,57002,5498.2,18570.85,14600.66,1212.89,2175.03,5100.16,47537.28,20450.85,1792.97,10147.46,935.98,4381.1,453.35,8194.73,717.38,8599.9,6730.48,2972.23,2010.34,16627.25,1467.68,3012.82,10709.07,9013.14,21964.27,2945.35,8541.2,634.34
2016/7/24,15803.5,57308,5562.4,18432.24,14582.74,1219.94,2173.6,5162.13,46660.67,20368.48,1759.74,10337.5,927.57,4439.81,449.83,8127.2,754.06,8587.2,6724.43,2990.76,2016.19,16569.27,1452.07,2979.34,10329.43,8984.41,21891.37,2868.69,8638.5,639.17
2016/7/31,15394.31,57661,5497.4,18543.53,14648.77,1231.3,2182.87,5221.12,47194.15,20369.1,1825.45,10367.21,935.46,4410.55,448.12,8194.34,760.66,8539.4,6793.47,2973.71,2017.94,16254.45,1456.41,2976.7,10342.28,9092.12,22146.09,2828.17,8683.15,615.06
2016/8/7,15165.61,58298,5530.9,18576.47,14747.45,1229.82,2184.05,5232.9,48363.89,20560.14,1857.7,10713.43,954.58,4500.19,454.09,8295.04,782.29,8716.4,6916.02,3044.94,2050.47,16919.92,1467.44,3050.67,10528.1,9150.39,22766.91,2867.4,8672.15,641.11
2016/8/14,15598.22,59099,5526.7,18552.57,14687.46,1236.77,2183.87,5238.38,48297.46,20493.65,1800.17,10544.36,965.68,4400.52,448.72,8127.28,781.46,8450.6,6858.95,2968.2,2056.24,16545.82,1468.41,3108.1,10872.71,9034.27,22937.22,2844.02,8666.9,654.42
2016/8/21,15764.02,57716,5515.5,18395.4,14639.88,1238.03,2169.04,5218.92,47369.57,20531.05,1775.9,10587.77,973.43,4441.87,453.01,8168.32,771.2,8659.5,6838.05,3010.36,2037.5,16360.71,1453.84,3070.31,10693.75,9131.72,22909.54,2857.65,8572.55,656.71
2016/8/28,15965.65,59616,5372.8,18491.96,14795.7,1251.83,2179.98,5249.9,47787.99,20543.6,1767.55,10683.82,969.86,4542.17,463.6,8294.3,768.84,8908.9,6894.6,3079.74,2038.31,16925.68,1445.08,3067.35,10640.42,8987.55,23266.7,2803.92,8809.65,659.09
2016/9/4,15975.57,58000,5339.2,18085.45,14540,1219.21,2127.81,5125.91,46459.17,20347.08,1754.12,10573.44,987.87,4491.4,452.88,8264.13,770.54,9025.5,6776.95,3053.2,2037.87,16965.76,1458.46,3078.85,10762.79,9053.69,24099.7,2873.33,8866.7,658.66
2016/9/11,15828.16,57080,5296.7,18123.8,14450.69,1224.78,2139.16,5244.57,45922.91,20154.38,1734.26,10276.17,961.41,4332.45,439.07,8130.44,760.2,8633.4,6710.28,2935.25,1999.36,16519.29,1434.6,3002.85,10454.24,8902.3,23335.59,2827.45,8779.85,639.37
2016/9/18,16441.71,58697,5431.3,18261.45,14697.93,1254.62,2164.69,5305.75,47778.48,20370.06,1762.48,10626.97,993.94,4488.69,454.48,8272.89,797.56,8823.6,6909.43,3032.31,2054.07,16754.02,1461.56,3033.9,10609.7,9284.62,23686.48,2856.95,8831.55,664.31
2016/9/25,16675.68,58367,5435.9,18308.15,14725.86,1251.65,2168.27,5312,47245.8,20046.48,1709.51,10511.02,990.88,4448.26,452.33,8139.01,764.88,8779.4,6899.33,3002.24,2043.63,16449.84,1442.93,3004.7,10567.58,9166.85,23297.15,2869.47,8611.15,668.44
2016/10/2,17136.22,61109,5467.4,18240.49,14566.26,1236.56,2153.74,5292.4,47596.6,20317.35,1751.72,10490.86,1002.07,4449.91,450.06,8124.59,779.76,8624.3,7044.39,3000.57,2053.8,16860.09,1435.24,3056.395357,10665.68826,9265.81,23851.82,2875.24,8697.6,657.54
2016/10/9,17414.89,61767,5434,18138.38,14584.99,1212.41,2132.98,5214.16,47701.45,20746.2,1719.64,10580.38,983.04,4470.92,450.5,8089.91,775.54,8767.9,7013.55,3025.19,2022.66,16856.37,1416.23,3063.81,10759.68,9165.17,23233.31,2815.24,8583.4,657.59
2016/10/16,18257.28,64108,5430.3,18145.71,14939.04,1218.1,2141.16,5257.4,48418.4,21267.66,1752.25,10710.73,986.37,4536.07,457.4,8034.86,788.44,9100.4,7020.47,3077.65,2033,17184.59,1429.76,3090.94,10748.9,9306.57,23374.4,2831.06,8693.05,655.17
2016/10/23,17869.06,64308,5283.8,18161.19,14785.29,1187.61,2126.41,5190.1,48007.2,21423.49,1817.79,10696.19,992.23,4548.58,455.38,7908.57,783.33,9201.3,6996.26,3079.24,2019.42,17446.41,1423.46,3104.27,10711.04,9306.92,22954.81,2816.26,8638,649.27
2016/10/30,16754.93,61598,5180.8,17888.28,14509.25,1163.44,2085.18,5046.37,46694.81,21073.75,1758.22,10259.13,971.2,4377.46,440.51,7593.2,742.67,8791.6,6693.26,2954.53,1982.02,16905.36,1387.6,3125.32,10702.57,9068.15,22642.62,2788.8,8433.75,632.54
2016/11/6,15659.74,59184,5370.7,18847.66,14555.41,1282.39,2164.45,5237.11,44978.25,20792.95,1796.75,10667.95,970.15,4489.27,445.41,7880.29,751.74,8639.2,6730.43,3030.02,1984.43,17374.79,1424.94,3196.04,10878.14,8957.76,22531.09,2814.6,8296.3,642
2016/11/13,16385.12,59962,5359.4,18867.93,14864.03,1315.64,2181.9,5321.51,44364.17,20935.63,1725.74,10664.56,990.77,4504.35,450.68,7904.55,756.39,8622.9,6775.77,3020.83,1974.58,17967.41,1432.48,3192.86,10889.11,9008.79,22344.21,2838.65,8074.1,634.35
2016/11/20,17168.64,61559,5507.8,19152.14,15075.44,1347.2,2213.35,5398.92,45357.85,21025.34,1796.3,10699.27,1018.51,4550.27,457.99,7881.53,743.63,8674.4,6840.75,3048.38,1974.46,18381.22,1450,3261.94,11036.53,9159.07,22723.45,2859.33,8114.3,643.38
2016/11/27,16947.76,60316,5444,19170.42,15052.52,1314.25,2191.95,5255.65,44555.26,20991.27,1783.57,10513.35,1050.21,4528.82,449.6,7784.01,733.91,8607.1,6730.72,3015.13,1970.61,18426.08,1438.25,3243.84,10912.63,9189.49,22564.82,2919.37,8086.8,629.64
2016/12/4,17196.77,60501,5560.6,19756.85,15312.2,1388.07,2259.53,5444.5,46913.47,21321.77,1899.76,11203.63,1110.14,4764.07,469.77,8099.63,757.27,9169.6,6954.21,3197.54,2024.69,18996.37,1445.54,3232.88,10789.62,9392.68,22760.98,2956.13,8261.75,619.64
2016/12/11,16563.5,58389,5532.9,19843.41,15252.2,1364.19,2258.07,5437.16,45121.39,21056.36,1918.54,11404.01,1135.56,4833.27,477.7,8227.72,775.9,9412.8,7011.64,3259.24,2042.24,19401.15,1455.92,3122.98,10334.76,9326.78,22020.75,2937.86,8139.45,621.04
2016/12/18,16354.52,57937,5627.9,19933.81,15328.15,1371.51,2263.79,5462.69,45173.54,20308.65,1933.6,11449.93,1117.92,4839.68,482.86,8232.64,769.72,9367.7,7068.17,3273.97,2035.9,19427.67,1463.47,3110.15,10199.86,9078.64,21574.76,2871.05,7985.75,620.75
2016/12/25,16917.86,60227,5665.8,19762.6,15287.59,1357.13,2238.83,5383.12,45642.9,20734.17,1947.92,11481.06,1152.33,4862.31,483.17,8219.87,781.39,9352.1,7142.83,3290.52,2026.46,19114.37,1470.78,3103.64,10177.14,9253.5,22000.56,2880.76,8185.8,628.21
2017/1/1,18284.28,61665,5755.6,19963.8,15496.05,1367.28,2276.98,5521.06,46071.57,20818.33,1998.76,11599.01,1172.59,4909.84,487,8417.46,771.07,9515.9,7210.05,3321.17,2049.12,19454.33,1467.83,3154.32,10289.36,9372.22,22503.01,2962.63,8243.8,636.34
2017/1/8,18885.09,63652,5721.1,19885.73,15497.28,1372.05,2274.64,5574.12,46182.43,21109.82,2015.89,11629.18,1158.19,4922.49,488.09,8452.19,815.24,9511.6,7337.81,3324.34,2076.79,19287.28,1450.06,3112.76,10008.3,9378.83,22937.38,3025.07,8400.35,640.07
2017/1/15,19039.49,64521,5654.8,19827.25,15547.88,1351.85,2271.31,5555.33,46331.6,21221.43,2006.01,11630.13,1138.99,4850.67,485.98,8275.13,830.67,9380.1,7198.44,3299.44,2065.61,19137.91,1421.47,3123.14,9906.14,9331.46,22885.91,3011.08,8349.35,634.28
2017/1/22,19215.78,66034,5714,20093.78,15575.81,1370.7,2294.69,5660.78,47421.12,21323.88,2084.05,11814.27,1195.61,4839.98,485.87,8379.57,838.27,9504.1,7184.49,3303.33,2083.59,19467.4,1423.69,3159.17,10052.05,9447.95,23360.78,3064.85,8641.25,644.79
2017/1/29,19200.5,64954,5621.6,20071.46,15476.39,1377.84,2297.42,5666.77,47225.1,21266.72,2076.12,11651.49,1190.4,4825.42,485.92,8350.84,883.89,9462.7,7188.3,3273.11,2073.16,18918.2,1414.4,3140.17,10004.84,9455.56,23129.21,3041.94,8740.95,651.18
2017/2/5,19502.93,66125,5720.6,20269.37,15729.12,1388.84,2316.1,5734.13,47797.04,21518.1,2154.79,11666.97,1164.21,4828.32,489.56,8456.22,874.73,9378.1,7258.75,3270.83,2075.08,19378.93,1418.08,3196.7,10186.38,9665.59,23574.98,3100.39,8793.55,658.78
2017/2/12,19681.34,67748,5805.8,20624.05,15838.63,1399.86,2351.16,5838.58,47164.71,21709.15,2188.3,11757.02,1152.21,4867.58,499.08,8506.49,888.3,9500.3,7299.96,3308.81,2080.58,19234.62,1452.67,3202.08,10197.92,9779.92,24033.74,3107.65,8821.7,668.1
2017/2/19,19117.45,66662,5739,20821.76,15533.47,1394.52,2367.34,5845.31,47047.67,21725.8,2212.04,11804.03,1129.09,4845.24,494.9,8525.62,882.58,9453.5,7243.7,3304.09,2094.12,19283.54,1444,3253.43,10443.73,9750.47,23965.7,3117.03,8939.5,661.81
2017/2/26,19265.45,66786,5729.6,21005.71,15608.5,1394.13,2383.12,5870.75,47414.57,22195.82,2232.98,12027.36,1108.26,4995.13,505.86,8670.06,897.22,9798.5,7374.26,3403.39,2078.75,19469.17,1443.15,3218.31,10397.05,9648.21,23552.72,3122.34,8897.55,656.77
2017/3/5,18895.91,64675,5775.6,20902.98,15506.68,1365.26,2372.6,5861.73,47102.31,22487.72,2200.03,11963.18,1055.93,4993.32,511.14,8669.97,896.11,10006.4,7343.08,3416.27,2097.35,19604.61,1439.21,3212.76,10451.01,9627.89,23568.67,3133.35,8934.55,663.49
2017/3/12,19434,64210,5799.6,20914.62,15490.49,1391.52,2378.25,5901,48593.44,23329.76,2296.97,12095.24,1111.89,5029.24,516.24,8698.53,904.91,10245.8,7424.96,3448.41,2164.58,19521.59,1426.86,3237.45,10515.41,9908.69,24309.93,3169.38,9160.05,668.35
2017/3/19,19705.1,63854,5753.5,20596.72,15442.67,1354.64,2343.98,5828.74,49083.85,23844.49,2234.82,12064.27,1124.66,5020.9,511.53,8613.64,903.83,10309.4,7336.82,3444.15,2168.95,19262.53,1415.99,3269.45,10646.72,9902.98,24358.27,3142.9,9108,691.76
2017/3/26,20265.32,64984,5864.9,20663.22,15547.75,1385.92,2362.72,5911.74,48541.56,23967.87,2175.96,12312.87,1113.76,5122.51,516.54,8658.89,889.47,10462.9,7322.92,3500.93,2160.23,18909.26,1397.38,3222.51,10428.72,9811.52,24111.59,3175.11,9173.75,693.22
2017/4/2,20727.56,64593,5862.5,20656.1,15667.13,1364.56,2355.54,5877.81,49343.64,24473.07,2248.33,12225.06,1113.45,5135.28,518.7,8640.91,884.97,10529,7349.37,3495.8,2151.73,18664.63,1400.3,3286.62,10669.48,9873.37,24267.3,3177.27,9198.3,697.62
2017/4/9,20812.17,62826,5890,20453.25,15535.48,1345.24,2328.95,5805.15,48955.82,24360.46,2233.63,12109,1073.15,5071.1,515.77,8629.02,900.64,10326.1,7327.59,3448.26,2134.88,18335.63,1378.66,3246.07,10519.86,9732.93,24261.66,3169.24,9150.8,678.45
2017/4/16,20768.98,63761,5854.1,20547.76,15614.48,1379.85,2348.69,5910.52,48967.83,24160.77,2264.07,12048.57,1084.17,5059.2,512.19,8553.99,924.24,10377,7114.55,3440.27,2165.04,18620.75,1393.14,3173.15,10314.35,9717.41,24042.02,3139.83,9119.4,672.6
2017/4/23,21019.91,65403,5924.1,20940.51,15586.13,1400.43,2384.2,6047.61,49261.33,24088.63,2376.87,12438.01,1114.43,5267.33,521.13,8812.67,946.55,10715.8,7203.94,3559.59,2205.44,19196.74,1405.45,3154.66,10234.65,9872,24615.13,3175.44,9304.05,680.49
2017/4/30,21169.68,65710,5836.6,21006.94,15582.04,1396.99,2399.29,6100.76,49485.67,24297.93,2382.17,12716.89,1085.68,5432.4,533.27,9016.66,939.28,11135.4,7297.43,3658.79,2241.24,19445.7,1409.95,3103.04,10024.44,9899.94,24476.35,3229.73,9285.3,684.17
2017/5/7,21502.41,68222,5836.9,20896.61,15537.88,1382.77,2390.9,6121.23,49426.08,24331.46,2368.5,12770.41,1099.75,5405.42,534.71,9123.41,949.96,10897,7435.39,3637.52,2286.02,19883.9,1422.53,3083.51,9787.99,9986.82,25156.34,3255.29,9400.9,690.84
2017/5/14,21614.87,62639,5727.4,20804.84,15458.46,1367.33,2381.73,6083.7,49067.47,24084.75,2328.7,12638.69,1087.75,5324.4,526.92,9022.51,951.47,10835.4,7470.71,3587.01,2288.48,19590.76,1412.19,3090.63,9970.96,9947.62,25174.87,3216.92,9427.9,702.03
2017/5/21,22141.71,64085,5751.7,21080.28,15416.93,1382.24,2415.82,6210.19,49674.92,24515.14,2326.28,12602.18,1073.04,5336.64,528.03,9042.03,975.33,10904.2,7547.63,3579.02,2355.3,19686.84,1423.35,3110.06,9859.23,10101.95,25639.27,3219.42,9595.1,718.87
2017/5/28,22518.99,62511,5788.1,21206.29,15442.75,1405.39,2439.07,6305.8,49317.38,24558.02,2303.21,12822.94,1046.02,5343.41,526.74,9043.96,988.68,10905.9,7547.63,3591.82,2371.72,20177.28,1421.14,3105.54,9794.89,10158.15,25924.05,3240.01,9653.5,718.33
2017/6/4,21614.25,62211,5677.8,21271.97,15473.21,1421.71,2431.77,6207.92,49081.73,24287.06,2330.72,12815.72,1041.49,5299.71,527.3,8845.85,989.43,10978.3,7527.33,3586.07,2381.69,20013.26,1425.7,3158.4,10177.45,10199.65,26030.29,3254.19,9668.25,740.2
2017/6/11,21291.38,61626,5774,21384.28,15192.54,1406.73,2433.15,6151.76,49221.03,24211.86,2304.5,12752.73,994.38,5263.31,520.67,8963.29,981.93,10759.4,7463.54,3543.88,2361.83,19943.26,1423.62,3123.17,10191.24,10156.73,25626.49,3231.44,9588.05,750.07
2017/6/18,21066.14,61087,5715.9,21394.76,15319.56,1414.78,2438.3,6265.25,48980.78,23878.79,2304.48,12733.41,988.93,5266.12,519.5,9032.89,996.39,10630.8,7424.13,3543.68,2378.6,20132.67,1438.22,3157.87,10366.78,10377.7,25670.05,3209.47,9574.95,758.24
2017/6/25,21912.63,62900,5721.5,21349.63,15182.19,1415.36,2423.41,6140.42,49857.49,23787.44,2299.8,12325.12,1000.96,5120.68,507.15,8906.89,1004.4,10444.5,7312.72,3441.88,2391.79,20033.43,1433.63,3192.43,10529.61,10395.07,25764.58,3226.48,9520.9,765.41
2017/7/2,22027.84,62322,5703.6,21414.34,15027.16,1415.84,2425.18,6153.08,50059.02,24286.47,2295.82,12388.68,995.24,5145.16,509.92,8883.27,1000.84,10488.8,7350.92,3463.84,2379.87,19929.09,1428.36,3217.96,10563.72,10297.25,25340.85,3229.01,9665.8,761.61
2017/7/9,21880.16,65436,5765.1,21637.74,15174.81,1428.82,2459.27,6312.46,51162.23,24955.16,2350.43,12631.72,1044.27,5235.31,521.07,9034.57,1051.76,10655.1,7378.39,3525.94,2414.63,20118.86,1456.12,3222.42,10427.79,10443.91,26389.23,3287.43,9886.35,759.97
2017/7/16,21498.58,64684,5722.8,21580.07,15183.13,1435.84,2472.54,6387.75,51564.62,25028.84,2343.1,12240.06,1024.89,5117.66,522.22,8938.68,1068.43,10426.6,7452.91,3451.71,2450.06,20099.75,1458.12,3237.98,10364.82,10436.7,26706.09,3314.12,9915.25,728.47
2017/7/23,21689.22,65497,5702.8,21830.31,15128.65,1429.26,2472.1,6374.68,51213.6,25354.16,2360.42,12162.7,1014.44,5131.39,525.53,9019.31,1077,10536.1,7368.37,3467.73,2400.99,19959.84,1451.48,3253.24,10437.94,10423.05,26979.39,3330.75,10014.5,749.86
2017/7/30,21703.9,66898,5720.6,22092.81,15257.97,1412.32,2476.83,6351.56,51328.29,25480.89,2380.16,12297.72,1026.73,5203.44,529.09,9176.99,1085.45,10658.4,7511.71,3507.41,2395.45,19952.33,1417.24,3262.08,10361.23,10506.56,27562.68,3326.52,10066.4,761.44
2017/8/6,21632.98,67359,5693.1,21858.32,15033.38,1374.23,2441.32,6256.56,50645.1,25122.29,2371.72,12014.06,1022.41,5060.92,516.97,8884.04,1069.63,10282.9,7309.96,3406.34,2319.71,19729.74,1363.5,3208.54,10291.35,10329.57,26883.51,3279.72,9710.8,744.99
2017/8/13,22967.35,68715,5747.1,21674.51,14952.33,1357.79,2425.55,6216.53,51075.46,25544.22,2359.87,12165.19,1027.85,5114.15,519.64,8874.35,1072.02,10385.7,7323.98,3446.03,2358.37,19470.41,1394.49,3268.72,10614.08,10321.33,27047.57,3251.99,9837.4,744.3
2017/8/20,23500.95,71074,5743.9,21813.67,15055.99,1377.45,2443.05,6265.64,51373.23,25842.31,2471.74,12167.94,1060.49,5104.33,517.42,8906.18,1097.55,10345.3,7401.46,3438.55,2378.51,19452.61,1396.08,3331.52,10659.01,10515.51,27848.16,3259.57,9857.05,751.14
2017/8/27,23657.64,71923,5724.6,21987.56,15191.6,1413.57,2476.55,6435.33,51080.85,25838.5,2527.62,12142.64,1100.58,5123.26,518.18,8941.62,1100.1,10325.5,7438.5,3443.88,2357.69,19691.47,1400.94,3367.12,10880.56,10594.82,27953.16,3277.26,9974.4,774.06
2017/9/3,24018.13,73079,5672.6,21797.79,14985.32,1399.43,2461.43,6360.19,50083.8,25475.58,2483.58,12303.98,1119.61,5113.49,518.82,8912.05,1084.52,10129.6,7377.6,3447.69,2343.72,19274.82,1388.09,3365.24,10970.77,10609.95,27668.47,3228.56,9934.8,784.74
2017/9/10,23715.54,75757,5695,22268.34,15173.03,1431.71,2500.23,6448.47,49921.84,25973.23,2498.32,12518.81,1123.43,5213.91,526.78,9028.05,1077.42,10317.4,7215.47,3515.55,2386.07,19909.5,1415.46,3353.62,11063.1,10580.41,27807.59,3209.56,10085.4,789.49
2017/9/17,24994.48,75390,5682.1,22349.59,15454.23,1450.78,2502.22,6426.92,50313.51,26406.84,2480.73,12592.35,1123.24,5281.29,528.03,9136.72,1041.23,10305,7310.64,3541.42,2388.71,20296.45,1419.9,3352.53,11069.82,10449.68,27880.53,3220.25,9964.4,789.7
2017/9/24,26078.29,74294,5681.6,22405.09,15634.94,1490.86,2519.36,6495.96,50346.06,26682.39,2453.46,12828.86,1136.75,5329.81,537.06,9157.46,1029.08,10381.5,7372.76,3594.85,2394.47,20356.28,1421.04,3348.94,11087.19,10383.94,27554.3,3219.91,9788.6,792.72
2017/10/1,26797.79,76055,5710.7,22773.67,15728.32,1510.22,2549.33,6590.18,50302.96,27432.86,2479.46,12955.94,1134.3,5359.9,539.9,9252.12,1041.37,10185.5,7522.87,3603.32,2461.785395,20690.71,1432.9,3379.021277,11087.19,10532.81,28458.04,3291.29,9979.7,800.42
2017/10/8,27140.8,76990,5814.2,22871.72,15807.17,1502.66,2553.17,6605.8,49981.94,27343.11,2528.16,12991.87,1156.64,5351.74,546.21,9311.69,1062.26,10258,7535.44,3604.55,2473.62,21155.18,1441.19,3390.52,11399.09,10724.09,28476.43,3319.11,10167.45,815.47
2017/10/15,26978.98,76391,5907,23328.63,15857.22,1509.25,2575.21,6629.05,49988.71,27671.88,2465.51,12991.28,1134.45,5372.38,544.63,9237.13,1084.89,10222.7,7523.23,3605.09,2489.54,21457.64,1435.56,3378.65,11238.88,10728.88,28487.24,3340.73,10146.55,813.99
2017/10/22,27479.39,75976,5903.2,23434.19,15953.51,1508.32,2581.07,6701.26,49209.58,27657.71,2488.5,13217.54,1118.62,5494.13,549.44,9183.42,1078.84,10197.5,7505.03,3652.23,2496.63,22008.45,1438.18,3416.81,11444.52,10709.11,28438.85,3386.44,10323.05,834.91
2017/10/29,27978.33,73915,5959.9,23539.19,16020.16,1494.91,2587.84,6764.44,48534.84,27580.52,2494.52,13478.86,1109.38,5517.97,555.15,9322.05,1112.93,10357.8,7560.35,3689.96,2557.97,22539.12,1427.62,3371.74,11215.19,10800.77,28603.61,3382.31,10452.5,840.04
2017/11/5,27080.55,72166,6029.4,23422.21,16039.26,1475.27,2582.3,6750.94,48028.3,27175.04,2457.62,13127.47,1156.74,5380.72,547.32,9134.16,1089.49,10092.7,7432.99,3593.76,2542.95,22681.42,1417.35,3432.67,11645.05,10732.67,29120.92,3420.1,10321.75,858.55
2017/11/12,27128.5,73437,5957.3,23358.24,15998.57,1492.82,2578.85,6782.79,47857.14,27139.76,2443.83,12993.73,1132.45,5319.17,536.62,9183.61,1062.39,10010.4,7380.68,3547.46,2533.99,22396.8,1405.6,3382.91,11292.93,10701.64,29199.04,3382.38,10283.6,887.41
2017/11/19,27464.78,74157,5982.6,23557.99,16108.09,1519.16,2602.42,6889.16,47941.88,25366.8,2479.25,13059.84,1166.09,5390.46,540.63,9325.6,1045.39,10053.5,7409.64,3581.23,2544.33,22550.85,1432.71,3353.82,11168.39,10854.09,29866.32,3442.15,10389.7,926.21
2017/11/26,26941.63,72264,5989.8,24231.59,16038.97,1537.02,2642.22,6847.59,47265.31,25274.71,2389.92,12861.49,1133.33,5316.89,535.57,9274.55,1035.59,10085,7300.49,3527.55,2475.41,22819.03,1455.32,3317.62,11013.15,10600.37,29074.24,3449.54,10121.8,952.46
2017/12/3,26841.5,72732,5994.4,24329.16,16096.07,1521.72,2651.5,6840.08,47572.86,24616.07,2408.83,13153.7,1119.54,5399.09,547.22,9319.16,1079.21,10321.1,7393.96,3591.45,2464,22811.08,1445.68,3289.99,10935.06,10398.62,28639.85,3424.64,10265.65,930.25
2017/12/10,27021.94,72608,5997,24651.74,16041.98,1530.42,2675.81,6936.58,48081.55,26234.79,2416.95,13103.56,1148.27,5349.3,548.67,9394.71,1093.3,10150.4,7490.57,3560.53,2482.07,22553.22,1461.34,3266.14,10998.12,10491.44,28848.11,3416.94,10333.25,926.7
2017/12/17,28931.54,75187,6069.7,24754.06,16165.27,1542.93,2683.34,6959.96,48387.93,27851.01,2445.65,13072.79,1135.7,5364.72,548.48,9394.49,1110.99,10182,7592.66,3553.39,2440.54,22902.76,1486.94,3297.06,11094.16,10537.27,29578.01,3385.71,10493,945.88
2017/12/24,30065.61,76402,6065.1,24719.22,16209.13,1535.51,2673.61,6903.39,49354.42,27980.78,2461.21,12917.64,1154.43,5312.56,544.58,9381.87,1153.33,10043.9,7687.77,3503.96,2467.49,22764.94,1512.48,3307.17,11040.45,10642.86,29919.15,3402.92,10530.7,975.52
2017/12/31,32190.3,79071,6122.3,25295.87,16349.44,1560.01,2743.15,7136.56,49887.74,28636.41,2529.55,13319.64,1219.89,5470.75,558.16,9556.98,1166.38,10411.4,7724.22,3607.63,2497.52,23714.53,1535.89,3391.75,11342.85,10879.8,30814.64,3489.45,10558.85,1007.73
2018/1/7,32719.7,79349,6070.1,25803.19,16308.18,1591.97,2786.24,7261.06,49135.91,28829.85,2539.29,13245.03,1261.07,5517.06,561.1,9546.61,1146.45,10462.4,7778.64,3612.61,2496.42,23653.82,1531.65,3428.94,11461.99,10883.96,31412.54,3520.56,10681.25,1049.86
2018/1/14,33591.7,81220,6005.8,26071.72,16353.46,1597.63,2810.3,7336.38,49695.56,29402.17,2601.82,13434.45,1270.92,5526.51,569.3,9509.77,1151.47,10479.5,7730.79,3649.07,2520.26,23808.06,1533.58,3487.86,11296.27,11150.85,32254.89,3550.36,10894.7,1053.47
2018/1/21,35126.22,85531,6050,26616.71,16239.22,1608.06,2872.87,7505.77,51065.49,29413.5,2600.48,13340.17,1286.7,5529.15,566.79,9515.56,1207.02,10595.4,7665.54,3647.41,2574.76,23631.88,1543.13,3558.13,11557.82,11147.1,33154.12,3567.14,11069.65,1104.42
2018/1/28,32614.77,84041,6121.4,25520.96,15606.03,1547.27,2762.13,7240.95,50395.83,29293.29,2507.24,12785.16,1272.76,5364.98,550.08,9220.69,1181.19,10211.2,7443.43,3523.28,2525.39,23274.53,1540.28,3462.08,10925.16,11126.23,32601.78,3529.82,10760.6,1090.4
2018/2/4,30143.44,80899,5838,24190.9,15034.53,1477.84,2619.55,6874.49,47799.09,28011.21,2382.79,12107.48,1185.79,5079.21,518.33,8682,1135.9,9639.6,7092.43,3325.99,2363.77,21382.62,1478.52,3129.85,10001.23,10371.75,29507.42,3377.24,10454.95,996.77
2018/2/11,32677.25,84525,5904,25219.38,15452.64,1543.55,2732.22,7239.46,48882.78,28293.23,2406.96,12451.96,1263.27,5281.58,532.27,8986.72,1165.11,9832.1,7294.7,3426.8,2421.83,21720.25,1490.2,3199.16,10431.91,10421.09,31115.43,3443.51,10452.3,1054.09
2018/2/18,32742.39,87293,5999.8,25309.99,15638.45,1549.19,2747.3,7337.39,48643.43,28783.39,2406.11,12483.79,1301.01,5317.37,534.09,8948.19,1175.21,9822.4,7244.41,3441.46,2451.52,21892.78,1499.34,3289.02,10662.79,10794.55,31267.17,3533.22,10491.05,1089.96
2018/2/25,31900.7,85761,5928.9,24538.06,15384.59,1533.17,2691.25,7257.87,47548.1,27799.46,2314.23,11913.71,1261.63,5136.58,518.72,8628.51,1168.59,9531.1,7069.9,3324.75,2402.16,21181.64,1500.56,3254.53,10856.25,10698.17,30583.45,3479.2,10458.35,1106.92
2018/3/4,33182.6,86371,5963.2,25335.74,15577.81,1597.14,2786.57,7560.81,48556.45,28197.82,2354.54,12346.68,1285.53,5274.4,537.14,8931.85,1169.15,9686.1,7224.51,3420.54,2459.45,21469.2,1481.35,3307.17,11194.91,10864.82,30996.21,3485.57,10226.85,1106.54
2018/3/11,32555.08,84886,5949.4,24946.51,15711.33,1586.05,2752.01,7481.99,47477.58,28033.02,2285.08,12389.58,1254.29,5282.75,536.92,8882.53,1172.16,9761,7164.14,3437.4,2493.97,21676.51,1504.95,3269.88,11051.12,11027.7,31501.97,3512.14,10195.15,1112.93
2018/3/18,31461.26,84377,5820.7,23533.2,15223.74,1510.08,2588.26,6992.67,46515.93,27530.52,2257.22,11886.31,1261.44,5095.22,521.45,8569.08,1166.03,9393.1,6921.94,3298.07,2416.76,20617.86,1470.44,3152.76,10439.99,10823.33,30309.29,3421.39,9998.05,1128.93
2018/3/25,31114.93,85366,5759.4,24103.11,15367.29,1529.43,2640.87,7063.44,46124.85,27736.23,2210.38,12096.73,1249.41,5167.3,529.52,8740.97,1149.3,9600.4,7056.61,3361.5,2445.85,21454.3,1436.22,3168.9,10868.66,10919.49,30093.38,3427.97,10113.7,1153.08
2018/4/1,31738.77,84820,5788.7,23932.76,15207.41,1513.3,2604.47,6915.11,47926.11,27973.86,2258.8,12241.27,1236.48,5258.24,539.29,8671.04,1147.38,9682.8,7183.64,3408.1,2429.58,21567.52,1391.67,3131.11,10684.56,10821.53,29844.94,3442.5,10331.6,1174.37
2018/4/8,31593.11,84334,5829.1,24360.14,15273.97,1549.51,2656.3,7106.65,48768.3,28166.5,2310.32,12442.4,1104.51,5315.02,548.05,8776.17,1096.04,9767.3,7264.56,3448,2455.07,21778.74,1461.65,3159.05,10687.02,10965.39,30808.38,3501.3,10480.6,1134.21
2018/4/15,31161.7,85550,5868.8,24462.94,15484.32,1564.12,2670.14,7146.13,48431.58,28575.11,2298.2,12540.5,1145.8,5412.83,550.38,8807.8,1109.32,9884.2,7368.17,3494.2,2476.33,22162.24,1484.42,3071.54,10408.91,10779.38,30418.33,3573.38,10564.05,1089.45
2018/4/22,30006.35,86445,5953.6,24311.19,15668.93,1556.24,2669.91,7119.8,48284.61,28582.25,2276.41,12580.87,1167.12,5483.19,554.94,8843.02,1076.14,9925.4,7502.21,3518.78,2492.4,22467.87,1466.89,3082.23,10324.47,10553.43,30280.67,3577.21,10692.3,1027.97
2018/4/29,28553.27,83118,6062.9,24262.51,15729.4,1565.6,2663.42,7209.62,46992.17,28344.67,2233.35,12819.6,1146.61,5516.05,555.7,8903.83,1025.99,10104.1,7567.14,3550.59,2461.38,22472.78,1468.91,3091.03,10426.19,10529.37,29926.5,3545.38,10618.25,1010.89
2018/5/6,29852.06,85220,6116.2,24831.17,15983.32,1606.79,2727.72,7402.88,46728.92,28796.25,2329.36,13001.24,1193.98,5541.94,562.27,8993.51,1018.52,10271.4,7724.55,3565.52,2477.71,22758.48,1472.19,3163.26,10634.3,10858.98,31122.06,3570.17,10806.5,1030.79
2018/5/13,31869.82,83082,6087.4,24715.09,16162.31,1626.63,2712.97,7354.34,45666.77,28679.66,2230.32,13077.72,1173.14,5614.51,567.03,8940.46,1024.1,10112.4,7778.79,3573.76,2460.65,22930.36,1516.37,3193.3,10672.52,10830.84,31047.91,3529.27,10596.4,1022.21
2018/5/20,29664.9,78898,6032.8,24753.09,16075.67,1626.93,2721.33,7433.85,45091.99,28205.5,2213.24,12938.01,1169.93,5542.55,562.77,8759.08,1032,9826.5,7730.28,3515.36,2460.8,22450.79,1516.32,3141.3,10448.22,10942.3,30588.04,3513.23,10605.15,936.32
2018/5/27,28436.75,77240,5990.4,24635.21,16043.54,1647.98,2734.62,7554.33,45013.12,27705.23,2190.26,12724.27,1164.37,5465.53,559.18,8618.54,991.71,9632.4,7701.77,3453.54,2438.96,22171.35,1512.01,3075.14,10169.35,10949.08,30492.91,3427.51,10696.2,969.15
2018/6/3,31444.08,72942,6045.2,25316.53,16202.69,1672.49,2779.03,7645.51,45939.54,27937.27,2250.06,12766.55,1142.9,5450.22,560.03,8512.06,958.76,9746.3,7681.07,3447.3,2451.58,22694.5,1532.15,3067.15,10205.52,11156.42,30958.21,3436.37,10767.65,1025.87
2018/6/10,30147.65,70758,6094,25090.48,16314.42,1683.91,2779.66,7746.38,46938.82,27658.37,2203.01,13010.55,1117.04,5501.88,561.71,8642.6,945.41,9851,7633.91,3505.02,2404.04,22851.75,1542.16,3021.9,9943.13,11087.47,30309.49,3356.73,10817.7,1005.04
2018/6/17,30210.61,70641,6225.2,24580.89,16450.14,1685.58,2754.88,7692.82,46737.64,27231.05,2162.88,12579.72,1125.41,5387.38,560.34,8616.56,958.52,9792.1,7682.27,3441.6,2357.22,22516.83,1528.47,2889.76,9409.95,10899.28,29338.7,3287.4,10821.85,973.05
2018/6/24,26037.01,72763,6194.6,24271.41,16277.73,1643.07,2718.37,7510.3,47663.2,26843.21,2135.47,12306,1154.16,5323.53,551.68,8609.3,965.2,9622.7,7636.93,3395.6,2326.13,22304.51,1516.83,2847.42,9379.47,10836.91,28955.11,3268.7,10714.3,947.55
2018/7/1,27611.04,75010,6272.3,24456.48,16371.78,1694.05,2759.82,7688.39,48981.41,26798.14,2152.06,12496.17,1173.47,5375.77,553.62,8697.42,987.34,9905,7617.7,3448.49,2272.87,21788.14,1523.75,2747.23,8911.34,10608.57,28315.62,3191.82,10772.65,905.62
2018/7/8,26514.16,76594,6268.4,25019.41,16561.12,1687.08,2801.31,7825.98,48406.01,26849.63,2157.14,12540.73,1189.35,5429.2,560.12,8861.05,898.98,9734.8,7661.87,3454.54,2310.9,22597.35,1549.7,2831.18,9326.97,10864.54,28525.44,3260.35,11018.9,899.45
2018/7/15,27625.34,78571,6285.9,25058.12,16435.46,1696.81,2801.83,7820.2,48908.24,27337.74,2182.92,12561.42,1114.59,5398.32,572.2,8991.34,940.82,9724.8,7678.79,3460.03,2289.19,22697.88,1544.13,2829.27,9251.48,10932.11,28224.48,3297.83,11010.2,926.5
2018/7/22,29259.02,79866,6300.2,25451.06,16393.95,1663.34,2818.82,7737.42,49643.94,27088.99,2290.77,12860.4,1151.74,5511.76,576.24,9173.2,955.85,9867.9,7701.31,3527.18,2294.99,22712.75,1577.7,2873.59,9295.93,11075.78,28804.28,3324.98,11278.35,927.19
2018/7/29,29215.98,81435,6234.8,25462.58,16420.24,1673.37,2840.35,7812.02,49302.57,27256.71,2286.92,12615.76,1145.08,5478.98,572.29,9158,956.1,9739.8,7659.1,3482.4,2287.68,22525.18,1578,2740.44,8602.12,11012.43,27676.32,3265.73,11360.8,941.12
2018/8/5,26856.15,76514,6278.4,25313.14,16326.51,1686.8,2833.28,7839.11,48383.59,26663.91,2247.15,12424.35,1056.93,5414.68,562.98,9031.33,949.4,9602.1,7667.01,3426.28,2282.79,22298.08,1589.84,2795.31,8813.49,10983.68,28366.62,3284.78,11429.5,948.32
2018/8/12,26238.82,76029,6339.2,25669.32,16323.71,1692.95,2850.13,7816.33,48264.63,26502.46,2217.74,12210.55,1052.74,5344.93,552.95,9003.91,887.35,9417.3,7558.59,3372.94,2247.05,22270.38,1582.79,2668.97,8357.04,10690.96,27213.41,3209.44,11470.75,949.23
2018/8/19,25167.96,76262,6247.3,25790.35,16356.05,1725.67,2874.69,7945.98,49633.77,26561.36,2312.7,12394.52,1064.46,5432.5,560.29,9052.9,901.86,9589.5,7577.49,3427.44,2293.21,22601.77,1634.02,2729.43,8484.74,10809.35,27671.87,3213,11557.1,960.42
2018/8/26,29293.52,76678,6319.5,25964.82,16262.88,1740.75,2901.52,8109.54,49547.68,26589.85,2337.96,12364.06,1092.29,5406.85,558.42,8973.56,927.23,9399.1,7432.42,3392.9,2322.88,22865.15,1666.04,2725.25,8465.47,11063.94,27888.55,3213.48,11680.5,969.23
2018/9/2,29811.22,76416,6143.8,25916.54,16090.27,1713.18,2871.68,7902.54,48971.14,26452.09,2257.3,11959.63,1050.51,5252.22,538.51,8843.11,932.74,9171.2,7277.7,3293.36,2281.58,22307.06,1635.28,2702.3,8322.36,10846.99,26973.47,3134.39,11589.1,945.59
2018/9/9,30177.43,75429,6165.3,26154.67,16013.49,1721.72,2904.98,8010.04,49611.93,27104.65,2232.07,12124.33,1094.73,5352.57,540.53,8970,947.6,9365.3,7304.04,3344.63,2318.25,23094.67,1627.84,2681.64,8113.88,10868.14,27286.41,3161.42,11515.2,960.33
2018/9/16,34327.12,79444,6194.6,26743.5,16224.13,1712.32,2929.67,7986.96,49331.51,27607.13,2257.47,12430.88,1149.53,5494.17,549.79,8995.38,979.88,9590.4,7490.23,3430.81,2339.17,23869.93,1670.26,2797.48,8409.18,10972.41,27953.58,3217.68,11143.1,974.43
2018/9/23,33461.77,79342,6207.6,26458.31,16073.14,1696.57,2913.98,8046.35,49504.16,26885.86,2285.11,12246.73,1192.04,5493.49,549.62,9087.99,999.57,9389.2,7510.2,3399.2,2343.07,24120.04,1642.77,2821.35,8401.09,11006.34,27788.52,3257.05,10930.45,994.73
2018/9/30,30168.72,82322,6185.5,26447.05,15946.17,1632.11,2885.57,7788.45,48052.85,26792.58,2264.2,12111.9,1159.33,5359.36,539.51,9042.08,948.83,9253.9,7318.54,3345.51,2267.52,23783.72,1637.16,2724.846357,8342.421531,10517.12,26572.57,3209.79,10316.45,980.75
2018/10/7,29598.18,82921,5895.7,25339.99,15414.29,1546.68,2767.13,7496.89,47444.05,26251.46,2186.62,11523.81,1141.35,5095.98,516.29,8660.38,966.57,8902,6995.91,3194.41,2161.85,22694.66,1588.91,2606.91,7558.28,10045.81,25801.49,3069.17,10472.5,943.49
2018/10/14,28673.28,84220,5939.5,25444.34,15470.1,1542.04,2767.78,7449.03,47437.45,26084.09,2196.99,11553.83,1126.97,5084.66,525.17,8872.09,964.55,8892.1,7049.8,3210.82,2156.26,22532.08,1620.64,2550.47,7387.74,9919.26,25561.4,3062.51,10303.55,931.69
2018/10/21,29369.87,85720,5665.2,24688.31,14888.26,1483.82,2658.69,7167.21,45803.33,26056.06,2082.77,11200.62,1098.31,4967.37,507.52,8665.8,905.42,8730.4,6939.56,3134.89,2027.15,21184.6,1568.27,2598.85,7504.72,9489.18,24717.63,2972.02,10030,881.06
2018/10/28,31419.26,88419,5849.2,25270.83,15119.28,1547.98,2723.06,7356.99,45446.83,25979.23,2197.68,11518.99,1134.8,5102.13,521.8,8992.3,941.23,8993,7094.12,3214.41,2096,22243.66,1611.43,2676.48,7867.54,9906.59,26486.35,3116.39,10553,903.43
2018/11/4,29912.49,85641,5921.8,25989.3,15274.44,1549.49,2781.01,7406.9,44263.74,26301.23,2232.25,11529.16,1121.38,5106.75,529.55,9074.03,928.39,9134.8,7105.34,3229.49,2086.09,22250.25,1657.49,2598.87,7648.55,9830.01,25601.92,3077.97,10585.2,885.65
2018/11/11,31109.25,88515,5730.6,25413.22,15155.5,1527.53,2736.27,7247.87,42319.27,26328.34,2165.46,11341,1134.93,5025.2,522.43,8907.39,936.16,9056.8,7013.88,3180.74,2092.4,21680.34,1634.82,2679.11,8062.29,9797.09,26183.53,3083.6,10682.2,869.24
2018/11/18,30723.48,86230,5716.2,24285.95,15010.73,1488.68,2632.56,6938.98,41144.33,26095.5,2225.39,11192.69,1113.52,4946.95,513.85,8845.9,930.03,8916.7,6952.86,3137.21,2057.48,21646.55,1607.54,2579.48,7636.7,9667.3,25927.68,3052.49,10526.75,890.62
2018/11/25,31482.58,89504,5667.2,25538.46,15197.82,1533.27,2760.17,7330.54,41732.78,25965.55,2291.08,11257.24,1126.14,5003.92,519.37,9037.76,954.16,9077.2,6980.24,3173.13,2096.86,22351.06,1629.94,2588.19,7681.75,9888.03,26506.75,3117.61,10876.75,894.79
2018/12/2,31550.4,88115,5681.5,24388.95,14795.13,1448.09,2633.08,6969.25,41870.13,25878.97,2281.54,10788.09,1157.94,4813.13,503.98,8741.03,936.99,8815.5,6778.11,3058.53,2075.76,21678.68,1596.49,2605.89,7733.89,9760.88,26063.76,3111.12,10693.7,929.59
2018/12/9,31109.45,87450,5602,24100.51,14595.07,1410.81,2599.95,6910.67,41312.17,26184.48,2303.41,10865.77,1116.5,4853.7,506.53,8713.68,905.29,8886.1,6845.17,3092.6,2069.38,21374.83,1596.03,2593.74,7629.65,9774.16,26094.79,3077.09,10805.45,918.79
2018/12/16,28456.92,85697,5467.6,22445.37,13935.44,1292.09,2416.62,6333,41468.56,25725.57,2259.77,10633.82,1077.17,4694.38,484.81,8417.29,918.61,8556.8,6721.17,3000.61,2061.49,20166.19,1526.55,2516.25,7337.6,9646.16,25753.42,3046.04,10754,873.09
2018/12/23,30292.55,87887,5654.3,23062.4,14222,1337.92,2485.74,6584.52,41459.15,25949.84,2276.63,10558.96,1066.13,4678.74,484.17,8429.3,904.35,8493.7,6733.97,2986.53,2041.04,20014.77,1448.56,2493.9,7239.79,9727.41,25504.2,3053.43,10859.9,854.99
2018/12/30,32303.05,91841,5619.4,23433.16,14426.62,1380.75,2531.94,6738.86,42455.13,26300.69,2284.95,10767.69,1118.03,4737.12,492.01,8608.56,888.31,8737.8,6837.42,3041.85,2010.25,19561.96,1451.27,2514.87,7284.84,9382.51,25626.03,3059.23,10727.35,840.17
2019/1/6,33884.6,93658,5774.6,23995.95,14939.18,1447.38,2596.26,6971.48,43556.11,27047.95,2335.1,10887.46,1148.75,4781.34,498.65,8828.22,916.87,8877.1,6918.18,3070.04,2075.57,20359.7,1498.63,2553.83,7474.01,9759.4,26667.27,3198.65,10794.95,860.3
2019/1/13,35100.45,96097,5879.6,24706.35,15303.83,1482.5,2670.71,7157.23,44241.54,27598.82,2377.87,11205.54,1176.42,4875.93,509.7,9023.96,984.55,9069.1,6968.33,3134.92,2124.28,20666.07,1511.14,2596.01,7581.39,9836.06,27090.81,3224.34,10906.95,854.79
2019/1/20,34810.51,97677,5905.6,24737.2,15366.05,1482.85,2664.76,7164.86,43638.62,27431.39,2398.74,11281.79,1192.02,4925.82,515.1,8922.49,1018.01,9185.2,6809.22,3163.24,2177.73,20773.56,1526.9,2601.72,7595.45,9969.61,27569.19,3202.25,10780.55,867.7
2019/1/27,36599.88,97861,5862.8,25063.89,15506.31,1502.05,2706.53,7263.87,43738.27,27508.46,2393.43,11180.66,1211.23,5019.26,523.24,8996.36,1029.37,9019.4,7020.22,3171.12,2203.46,20788.39,1554.14,2618.23,7684,9932.26,27930.74,3188.68,10893.65,859.81
2019/2/3,36664.24,95343,6071.5,25106.33,15633.33,1506.39,2707.88,7298.2,43180.45,27223.77,2354.11,10906.78,1199.65,4961.64,527.99,9003.41,1024.52,8856.8,7071.18,3135.62,2177.05,20333.17,1538.39,2687.446745,7684,10010.66362,27946.32,3202.04,10943.6,884.7461208
2019/2/10,37469.97,97526,6066.1,25883.25,15838.24,1569.25,2775.6,7472.41,42988.72,27299.02,2338.2,11299.8,1177.5,5153.19,539.62,9242.12,1027.15,9123.2,7236.68,3241.25,2196.09,20900.63,1556.65,2682.39,8125.63,10064.78,27900.84,3239.74,10724.4,897.74
2019/2/17,36646.79,97886,6167.3,26031.81,16013.01,1590.06,2792.67,7527.54,43738.66,27638.81,2355.77,11457.7,1198.4,5215.85,541.37,9348.93,1031.86,9204.6,7178.6,3270.55,2230.5,21425.51,1569.92,2804.23,8651.2,10322.92,28816.3,3269.9,10791.65,929.5
2019/2/24,33834.86,94604,6192.7,26026.32,16068.25,1589.64,2803.69,7595.35,42619.23,26742.03,2333.11,11601.68,1187.35,5265.19,538.59,9412.02,1032.67,9267.7,7106.73,3312.1,2195.44,21602.69,1571.21,2994.01,9167.65,10389.17,28812.17,3220.4,10863.5,915.32
2019/3/3,33020.07,95365,6203.8,25450.24,15996.21,1521.88,2743.07,7408.14,41586.7,26704.92,2298.97,11457.84,1179.58,5231.22,530.55,9268.36,1015.38,9129.3,7104.31,3283.6,2137.44,21025.56,1542.83,2969.86,9363.72,10241.75,28228.42,3195.87,11035.4,914.74
2019/3/10,33933.08,99137,6175.2,25848.87,16140.35,1553.54,2822.48,7688.53,42210.46,26880.73,2346.25,11685.69,1196.75,5405.32,552.18,9483.1,1033.04,9342.2,7228.28,3386.08,2176.11,21450.85,1552.02,3021.75,9550.54,10439.24,29012.26,3200.18,11426.85,927.06
2019/3/17,32827.98,93735,6195.2,25502.32,16089.33,1505.92,2800.71,7642.67,42292.16,26409.77,2319.1,11364.17,1213.4,5269.92,543.9,9319.42,998.35,9199.4,7207.59,3305.73,2186.95,21627.34,1551.1,3104.15,9879.22,10639.07,29113.36,3212.1,11456.9,912.27
2019/3/24,33466.03,95415,6180.7,25928.68,16102.09,1539.74,2834.4,7729.32,43281.28,26643.94,2312.09,11526.04,1198.11,5350.53,548.98,9477.84,937.84,9240.3,7279.19,3351.71,2140.67,21205.81,1527.35,3090.76,9906.86,10641.04,29051.36,3212.88,11623.9,900.13
2019/3/31,32666.88,97108,6181.3,26424.99,16396.15,1582.56,2892.74,7938.69,44989.86,26622.84,2351.08,12009.75,1225.84,5476.2,562.58,9541.15,987.83,9510.3,7446.87,3447.47,2209.61,21807.5,1549.93,3246.57,10415.8,10704.38,29936.32,3322.64,11665.95,904.69
2019/4/7,31357.03,92875,6251.3,26412.3,16480.53,1584.8,2907.41,7984.16,44686.06,26570,2366.71,11999.93,1253.44,5502.7,561.61,9484.91,959.77,9468.5,7437.06,3447.83,2233.45,21870.56,1586.26,3188.63,10132.34,10805.3,29909.76,3331.98,11643.45,893.1
2019/4/14,32036.78,94578,6259.8,26559.54,16612.81,1565.75,2905.03,7998.06,45525.29,26654.85,2365.36,12222.39,1260.82,5580.38,569.61,9571.22,968.61,9581.9,7459.88,3499.23,2216.15,22200.56,1584.56,3270.8,10418.24,10968.5,29963.26,3347.58,11752.8,880.52
2019/4/21,30001.1,96236,6385.6,26543.33,16613.46,1591.82,2939.88,8146.4,44974.97,26334.43,2372.25,12315.18,1247.01,5569.36,567.18,9724.27,947.83,9506,7428.19,3500.41,2179.31,22258.73,1614.67,3086.4,9780.82,10952.47,29605.01,3356.95,11754.65,890.55
2019/4/28,32412.27,96008,6335.8,26504.95,16494.43,1614.02,2945.64,8164,44277.24,26097.01,2319.08,12412.75,1248.39,5548.84,568.72,9741.99,939.46,9409.6,7380.64,3502.48,2196.32,21750.81981,1588.41,3078.34,9674.53,11096.3,30081.55,3392.29,11712.25,895.42
2019/5/5,33393.81,94258,6310.9,25942.37,16297.55,1572.99,2881.4,7916.94,43382.35,25742.93,2191.91,12059.83,1213.79,5327.44,550.87,9472.83,885.33,9117.5,7203.29,3361.05,2108.04,21344.92,1584.95,2939.21,9235.39,10712.99,28550.24,3273.5,11278.9,876.45
2019/5/12,33315.7,89993,6365.3,25764,16401.75,1535.76,2859.53,7816.29,43445.62,25186.32,2184.35,12238.94,1254.68,5438.23,557.91,9659.08,867.96,9280.1,7348.62,3425.64,2055.8,21250.09,1569.59,2882.3,9000.19,10384.11,27946.46,3205.46,11407.15,890.53
2019/5/19,35084.92,93628,6456,25585.69,16230.04,1514.11,2826.06,7637.01,42617.6,24952.52,2188.2,12011.04,1279.11,5316.51,547.21,9666.89,860.72,9174.6,7277.73,3350.7,2045.31,21117.22,1563.97,2852.99,8776.77,10328.28,27353.93,3169.89,11844.1,884.48
2019/5/26,33949.53,97030,6396.9,24815.04,16037.49,1465.49,2752.06,7453.15,42749.16,25352.28,2239.31,11726.84,1287.09,5207.63,540.49,9523.98,905.9,9004.2,7161.71,3280.43,2041.74,20601.19,1544.44,2898.7,8922.69,10498.49,26901.09,3117.76,11922.8,876.29
2019/6/2,35662.87,97821,6443.9,25983.94,16230.96,1514.39,2873.34,7742.1,43291.33,25241.14,2280.6,12045.38,1325.95,5364.05,550.24,9749.13,938.09,9236.1,7331.94,3378.38,2072.33,20884.71,1541.28,2827.8,8584.94,10409.2,26965.28,3166.29,11870.65,869.56
2019/6/9,40487.61,98040,6554,26089.61,16301.91,1522.5,2886.98,7796.66,43130.65,25706.91,2286.46,12096.4,1341.05,5367.62,553.24,9847.61,907.87,9194.2,7345.78,3379.19,2095.41,21116.89,1557.95,2881.97,8810.13,10524.67,27118.35,3222.63,11823.3,861.65
2019/6/16,40294.82,102013,6650.8,26719.13,16525.43,1549.63,2950.46,8031.71,43526.73,25714,2308.32,12339.92,1375.02,5528.33,562.39,9922.83,940.22,9227.2,7407.5,3466.92,2125.62,21258.64,1576.19,3001.98,9214.27,10803.77,28473.71,3321.4,11724.1,866.53
2019/6/23,41796.36,100967,6618.8,26599.96,16382.2,1566.57,2941.76,8006.24,43161.17,25782.14,2327.67,12398.8,1380.52,5538.97,561.76,9898.24,964.85,9198.8,7425.63,3473.69,2130.62,21275.92,1579.05,2978.88,9178.31,10730.83,28542.62,3321.61,11788.85,864.24
2019/6/30,41755.69,104089,6751.3,26922.12,16541.99,1575.62,2990.41,8161.79,43405.32,25779.58,2342.01,12568.53,1398.75,5593.72,570.46,9980.22,996.35,9335,7553.14,3527.98,2110.59,21746.38,1606.35,3011.06,9443.21,10785.73,28774.83,3366.81,11811.15,880.23
2019/7/7,42753.1,103906,6696.5,27332.03,16488.12,1570,3013.77,8244.14,42647.31,25732.13,2315.36,12323.32,1387.87,5572.86,567.41,9762.98,970.98,9293.2,7505.97,3497.63,2086.66,21685.9,1597.67,2930.55,9213.38,10824.35,28471.62,3357.34,11552.5,874.99
2019/7/14,40161.6,103452,6700.3,27154.2,16485.94,1547.9,2976.61,8146.49,41606.54,25669.67,2344.03,12260.07,1350.69,5552.34,571.84,9937.03,1018.49,9170.5,7508.7,3480.18,2094.36,21466.99,1564.3,2924.2,9228.55,10873.19,28765.4,3377.96,11419.25,880.79
2019/7/21,41983.74,102819,6793.4,27192.45,16531.04,1578.97,3025.86,8330.21,40673.78,25292.82,2305.79,12419.9,1348.3,5610.05,580.08,9968.08,1028.37,9225.5,7549.06,3524.47,2066.26,21658.15,1609.52,2944.54,9349,10891.98,28397.74,3363.76,11284.3,887.84
2019/7/28,41359.15,102674,6768.6,26485.01,16271.66,1533.66,2932.05,8004.07,39977.52,24855.01,2216.51,11872.44,1293.19,5359,554.32,9803.69,996.79,8897.6,7407.06,3376.12,1998.13,21087.16,1631.09,2867.84,9136.46,10549.04,26918.58,3261.11,10997.35,885.29
2019/8/4,44355.09,103996,6584.4,26287.44,16341.34,1513.04,2918.65,7959.14,40421.28,24902.87,2127.61,11693.8,1289.47,5327.92,542.22,9749.92,994.05,8757.8,7253.85,3333.74,1937.75,20684.82,1614.53,2774.75,8795.18,10494.49,25939.3,3168.94,11109.65,878.62
2019/8/11,30406.65,99806,6405.5,25886.01,16149.79,1493.64,2888.68,7895.99,39339.55,24385.55,2064.12,11562.74,1239.81,5300.79,541.94,9728.39,957.34,8670.4,7117.15,3329.08,1927.17,20418.81,1553.21,2823.82,9060.92,10420.89,25734.22,3115.03,11047.8,892.44
2019/8/18,26585.97,97667,6523.1,25628.9,16037.58,1459.49,2847.11,7751.77,39862.07,23637.94,2103.68,11611.51,1268.45,5326.87,542.09,9744.98,971.49,8649.5,7094.98,3334.25,1948.3,20710.91,1595.05,2897.43,9362.55,10538.11,26179.33,3110.35,10829.35,900.53
2019/8/25,24608.56,101135,6604.2,26403.28,16442.07,1494.84,2926.46,7962.88,42622.5,24278.74,2135.25,11939.28,1293.32,5480.48,558.35,9895.65,967.18,8812.9,7207.18,3426.76,1967.79,20704.37,1561.98,2886.24,9365.68,10618.05,25724.73,3106.52,11023.25,892.51
2019/9/1,27659.66,102935,6647.3,26797.46,16535.33,1505.17,2978.71,8103.07,42707.66,24345.13,2122.6,12191.73,1340.52,5603.99,569.84,10073.82,989.87,8990.1,7282.34,3495.19,2009.13,21199.57,1562.28,2999.6,9823.42,10780.64,26690.76,3144.48,10946.2,885.95
2019/9/8,30136.28,103501,6669.2,27219.52,16682.42,1578.14,3007.39,8176.71,42841.46,25191.15,2200.95,12468.53,1368.93,5655.46,576.83,10047.34,1030.72,9137.9,7367.46,3550.11,2049.2,21988.29,1615.61,3031.24,9919.8,10827.55,27352.69,3211.49,11075.9,905.05
2019/9/15,30060.46,104817,6730.8,26935.07,16899.69,1559.76,2992.07,8117.67,43559.45,25502.12,2171.75,12468.01,1377.38,5690.78,577.44,10056.83,1002.37,9179,7344.92,3571.39,2091.52,22079.09,1621.49,3006.45,9881.25,10929.69,26435.67,3159.68,11274.2,915.16
2019/9/22,28877.51,105078,6716.1,26820.25,16694.27,1520.48,2961.79,7939.63,42857.58,25637.41,2186.31,12380.94,1347.72,5640.58,578.31,10037.81,1051.52,9184.1,7426.21,3545.88,2049.93,21878.9,1615.48,2932.17,9548.96,10829.68,25954.81,3125.63,11512.4,924.83
2019/9/29,31816.5,102551,6517.1,26573.72,16449.35,1500.7,2952.01,7982.46,43416.9,25400.26,2121.16,12012.81,1311.65,5488.32,564.59,9827.72,1034.64,8961.8,7155.38,3446.71,2020.69,21410.2,1589.87,2905.19,9446.24,10894.48,25821.03,3078.36,11174.75,915.16
2019/10/6,31798.11,103832,6606.8,26816.59,16415.16,1511.9,2970.27,8057.04,43214.6,25871.53,2159.91,12511.65,1329.63,5665.48,577.42,10017.39,990.28,9273.8,7247.08,3569.92,2044.61,21798.87,1611.46,2973.66,9666.58,10889.96,26308.44,3113.97,11305.05,916.68
2019/10/13,31968.47,104729,6649.7,26770.2,16377.12,1535.48,2986.2,8089.54,43178.63,26136.79,2164.75,12633.6,1355.27,5636.25,572.72,9965.49,984.15,9329.8,7150.57,3579.41,2060.69,22492.68,1648.74,2938.14,9533.5,11180.22,26719.58,3114.16,11661.85,919.13
2019/10/20,34522.25,107364,6739.2,26958.06,16404.49,1558.71,3022.55,8243.12,43389.16,24888.28,2175.27,12894.51,1421.2,5722.15,583.81,10197.09,1002.16,9430.2,7324.47,3624.68,2087.89,22799.81,1653.18,2954.93,9660.44,11296.12,26667.39,3185.53,11583.9,927.05
2019/10/27,35743.04,108196,6669.1,27347.36,16594.07,1589.33,3066.91,8386.4,43814.55,23838.15,2194.1,12961.05,1455.44,5761.89,580.78,10252.24,984.63,9328,7302.42,3623.74,2100.2,22850.77,1654.13,2958.2,9802.33,11399.53,27100.76,3229.43,11890.6,933.55
2019/11/3,34131.05,107629,6724.1,27681.24,16877.42,1598.86,3093.08,8475.31,43702.23,23470.37,2255.46,13228.56,1468.17,5889.7,596.5,10309.23,1031.53,9393.7,7359.38,3699.65,2137.23,23391.87,1668.76,2964.18,9895.34,11579.54,27651.14,3264.3,11908.15,944.7
2019/11/10,31851.61,106557,6793.7,28004.89,17028.47,1596.45,3120.46,8540.83,43392.36,24218.59,2233.87,13241.75,1449.42,5939.27,598.96,10310.12,1053.8,9261.4,7302.94,3711.61,2162.18,23303.32,1664.07,2891.34,9647.99,11525.6,26326.66,3238.86,11895.45,927.36
2019/11/17,33588.83,108692,6709.8,27875.62,16954.84,1588.94,3110.29,8519.88,43521.86,23605.28,2188.24,13163.88,1455.42,5893.13,592.71,10369.44,1065.88,9254.7,7326.81,3687.32,2101.96,23112.88,1658.13,2885.29,9626.9,11566.8,26595.08,3225.65,11914.4,892.31
2019/11/24,34500.21,108233,6846,28051.41,17040.2,1624.5,3140.98,8665.47,42820.18,22705.71,2158.94,13236.38,1438.45,5905.17,597.29,10493.24,1069.04,9352,7346.53,3703.58,2087.96,23293.91,1702.52,2871.98,9582.16,11489.57,26346.49,3193.92,12056.05,887.47
2019/12/1,36561.95,111126,6707,28015.06,16996.97,1633.84,3145.91,8656.53,41938.69,23560.12,2073.11,13166.58,1448.34,5871.91,602.3,10463.88,1088.69,9382.7,7239.66,3692.34,2081.85,23354.4,1677.68,2912.01,9878.62,11609.64,26498.37,3194.71,11921.5,880.43
2019/12/8,36769.59,112565,6739.7,28135.38,17003.13,1637.98,3168.8,8734.88,44254.43,24350.41,2106.51,13282.72,1501.42,5919.02,602.86,10429.27,1104.77,9563.7,7353.44,3731.07,2170.25,24023.1,1691.56,2967.68,10004.62,11927.73,27687.76,3214.05,12086.7,880.55
2019/12/15,38632.41,115121,6816.3,28455.09,17118.44,1671.9,3221.22,8924.96,44505.64,23662.72,2128.04,13318.9,1523.77,6021.53,609.26,10679.37,1111.77,9675.5,7582.48,3776.56,2204.18,23816.63,1677.56,3004.94,10229.49,11959.08,27871.35,3212.39,12271.8,868.37
2019/12/22,41681.93,116534,6821.7,28645.26,17168.21,1669.03,3240.02,9006.62,44261.51,23376.72,2151.74,13337.11,1549.4,6037.39,611.01,10730.15,1136.84,9700.5,7644.9,3782.27,2204.21,23837.72,1685.49,3005.04,10233.77,12091.59,28225.42,3226.53,12245.8,876.38
2019/12/29,40499.15,117707,6733.5,28634.88,17066.12,1660.87,3234.85,9020.77,44624.85,24141.94,2173.97,13219.14,1564.18,6044.16,611.06,10699.82,1136.84,9646.6,7622.4,3773.37,2176.46,23656.62,1693.8,3083.79,10656.41,12110.43,28451.5,3238.82,12226.65,883.28
2020/1/5,42740.38,115503,6929,28823.77,17234.49,1657.64,3265.35,9178.86,44660.33,24861.18,2167.91,13483.31,1614.69,6037.11,610.43,10639.49,1186.64,9573.6,7587.85,3789.52,2206.39,23850.57,1678.86,3092.29,10879.84,12024.65,28638.2,3255.95,12256.8,885.52
2020/1/12,42339.82,118478,7064.1,29348.1,17559.02,1699.64,3329.62,9388.94,45817.76,24392.02,2175.95,13526.13,1637.75,6100.72,615.57,10841.82,1214.75,9681.3,7674.56,3808.26,2250.57,24041.26,1718.34,3075.5,10954.39,12090.29,29056.42,3281.03,12352.35,894.84
2020/1/19,39917.82,118376,7090.5,28989.73,17565.34,1662.23,3295.47,9314.91,45141.62,23310.2,2154.28,13576.68,1599.82,6024.26,614.24,10849.75,1221.42,9562,7585.98,3779.16,2246.13,23827.18,1735.88,2976.53,10681.9,12118.71,27949.64,3240.02,12248.25,909.09
2020/1/26,40105.04,113761,7017.2,28256.03,17318.49,1614.06,3225.52,9150.94,44108.31,22958.19,2065.9,12981.97,1517.07,5806.34,589.5,10627.88,1191.4,9367.9,7286.01,3640.91,2119.01,23205.18,1690.88,2937.785816,10113.35022,11495.1,26312.63,3153.73,11962.1,848.63
2020/2/2,41213.89,113770,7022.6,29102.51,17655.49,1656.78,3327.71,9520.51,44399.33,23469.59,2110.2,13513.81,1518.23,6029.75,616.46,11001.53,1210.15,9811,7466.7,3798.49,2211.95,23827.98,1727.06,2875.96,10611.55,11612.81,27404.27,3181.48,12098.35,863.49
2020/2/9,38647.68,114381,7130.2,29398.08,17848.36,1687.58,3380.16,9731.18,44999.68,23345.11,2115.29,13744.21,1534.89,6069.35,629.23,11128.81,1201.51,9956.8,7409.13,3840.97,2243.59,23687.59,1730.11,2917.01,10916.31,11815.7,27815.6,3220.03,12113.45,865.86
2020/2/16,38602.48,113681,7139,28992.41,17843.53,1678.61,3337.75,9576.59,44802.54,22726.97,2088.53,13579.33,1524.71,6029.72,617.33,11110.78,1168.29,9886.2,7403.92,3800.38,2162.84,23386.74,1725.09,3039.67,11629.7,11686.35,27308.81,3181.03,12080.85,868.89
2020/2/23,34973.18,104172,6441.2,25409.36,16263.05,1476.43,2954.22,8567.37,41324.31,20748.06,1768.91,11890.35,1299.69,5309.9,539.38,9831.03,1059.94,8723.2,6580.61,3329.49,1987.01,21142.96,1601.81,2880.3,10980.77,11292.17,26129.93,3011.08,11201.75,831.97
2020/3/1,35222.43,97997,6216.2,25864.78,16175.02,1449.22,2972.37,8575.62,41388.78,21165.59,1764.81,11541.87,1257.96,5139.11,531.29,9736.82,1096.01,8375.6,6462.55,3232.07,2040.22,20749.75,1538.09,3034.51,11582.82,11321.81,26146.67,2960.98,10989.45,835.97
2020/3/8,28447.97,82678,5539.3,23185.62,13716.33,1209.46,2711.02,7874.88,38085.05,18896.25,1365.97,9232.08,991.69,4118.36,432.85,8367.56,956.05,6629.6,5366.11,2586.02,1771.44,17431.05,1251.56,2887.43,10831.13,10128.87,24032.91,2634,9955.2,716.65
2020/3/15,23890.35,67069,4816.6,19173.98,11851.81,1013.89,2304.92,6879.52,34269.51,15597.19,1488.42,8928.95,924.22,4048.8,431.98,8623.86,857.96,6443.3,5190.78,2548.5,1566.15,16552.83,1230.31,2745.62,10150.13,9234.09,22805.07,2410.74,8745.45,673.7
2020/3/22,24058.6,73429,4842.4,21636.78,12687.74,1131.99,2541.47,7502.38,33799.49,16224.74,1475.9,9632.52,955.34,4351.49,464.93,8996.37,881.25,6777.9,5510.33,2728.65,1717.73,19389.43,1281.24,2772.2,10109.91,9698.92,23484.28,2528.76,8660.25,642.23
2020/3/29,26505.41,69538,5067.5,21052.53,12938.3,1052.05,2488.65,7373.08,33075.41,18298.05,1506.48,9525.77,1049.88,4154.58,471.46,9242.44,895.53,6581.6,5415.5,2662.99,1725.44,17820.19,1268.93,2763.99,10110.11,9663.63,23236.11,2389.29,8083.8,649.15
2020/4/5,28017.59,77682,5387.3,23719.37,14166.63,1246.73,2789.82,8153.58,34567.78,19134.03,1615.72,10564.74,1142.07,4506.85,508.04,9452.83,964.71,7070.6,5842.66,2892.79,1860.7,19498.5,1337.04,2796.63,10298.41,10157.61,24300.33,2571.32,9111.9,695.74
2020/4/12,29883.27,78990,5487.5,24242.49,14359.88,1229.1,2874.56,8650.14,34743.1,19160.19,1625.59,10625.78,1078.69,4499.01,505.82,9612.83,981.8,6875.8,5786.96,2888.3,1914.53,19897.26,1324.22,2838.49,10527.99,10597.04,24380,2614.6,9266.75,734.98
2020/4/19,29258.1,75331,5242.6,23775.27,14420.36,1233.05,2836.74,8634.52,34586.82,18483.21,1601.91,10336.09,1081.32,4393.32,504.94,9625.65,987.59,6613.9,5752.23,2809.07,1889.01,19262,1368.15,2808.53,10423.46,10347.36,23831.33,2518.16,9154.4,725.05
2020/4/26,32742.84,80506,5245.9,23723.69,14620.34,1260.48,2830.71,8604.95,36470.11,19823.33,1648.68,10861.64,1125.03,4572.18,512.92,9629.4,1011.1,6922.3,5763.06,2927.93,1947.56,19619.35,1425.81,2860.08,10721.78,10992.14,24643.59,2624.23,9859.9,715.33
2020/5/3,36183.9,80263,5391.1,24331.32,14966.56,1329.64,2929.8,9121.32,37623.68,19172.32,1606.5,10904.48,1136.34,4549.64,520.57,9665.35,978.45,6783.1,5935.98,2908.11,1945.82,20179.09,1434.95,2895.34,11001.58,10901.42,24230.17,2591.88,9251.5,760.15
2020/5/10,39388.33,77557,5404.8,23685.42,14638.9,1256.99,2863.7,9014.56,35691.39,18213.33,1572.55,10465.17,1107.49,4277.63,500.31,9483.1,997.68,6474.9,5799.77,2770.7,1927.28,20037.47,1353.88,2868.46,10964.89,10814.92,23797.47,2523.55,9136.85,773.95
2020/5/17,40962.74,82173,5497,24465.16,14913.64,1355.53,2955.45,9324.59,35784.42,18773.02,1630.44,11073.87,1188.47,4444.56,524.38,9688.99,1030.24,6697.5,5993.28,2905.47,1970.13,20388.16,1424.64,2813.77,10604.97,10811.15,22930.14,2499.83,9039.25,803.14
2020/5/24,37824.73,87403,5755.7,25383.11,15192.83,1394.04,3044.31,9489.87,36122.73,18362.54,1722.65,11586.85,1219.76,4695.44,532.57,9831.49,1055.2,7096.5,6076.6,3050.2,2029.6,21877.89,1440.15,2852.35,10746.08,10942.16,22961.47,2510.75,9580.3,806.23
2020/5/31,45128.75,94637,5998.7,27110.98,15854.07,1507.15,3193.93,9814.08,38948.08,20215.54,1842.47,12847.68,1285.78,5197.79,572.8,10190.37,1100.22,7872.6,6484.3,3384.29,2181.87,22863.73,1439.99,2930.8,11180.6,11479.4,24770.41,2751.5,10142.15,826.47
2020/6/7,43417.15,92795,5847.8,25605.54,15256.57,1387.68,3041.31,9588.81,37679.24,19990.18,1788.83,11949.28,1238.11,4839.26,545.16,9796.37,1098.35,7292.7,6105.18,3153.74,2132.3,22305.48,1441.37,2919.74,11251.71,11429.94,24301.38,2684.63,9972.9,807.76
2020/6/14,40951.45,96572,5942.6,25871.46,15474.2,1418.63,3097.74,9946.12,38404.63,20234.55,1807.85,12330.76,1249.67,4979.45,567.83,10266.29,1136.12,7414.2,6292.6,3269.1,2141.32,22478.79,1424.71,2967.63,11668.13,11549.86,24643.89,2634.83,10244.4,808.28
2020/6/21,40589.89,93834,5904.1,25015.55,15188.98,1378.78,3009.05,9757.22,37431.95,20100.36,1759.43,12089.39,1246.74,4909.64,559.82,10041.91,1146.68,7178.4,6159.3,3204.17,2134.65,22512.08,1362.68,2979.55,11813.53,11660.67,24549.99,2604.51,10383,795.53
2020/6/28,39758.2,96765,6057.9,25827.36,15596.75,1431.86,3130.01,10207.63,37950,21147.76,1800.96,12528.18,1235.18,5007.14,568.63,10125.84,1157.48,7403.5,6157.3,3294.38,2152.41,22306.48,1405.33,3152.81,12433.26,11909.16,25373.12,2652.94,10607.35,789.87
2020/7/5,42747.55,100032,5919.2,26075.3,15713.82,1422.68,3185.04,10617.44,36465.46,20369.25,1797.27,12633.71,1245.65,4970.48,570.52,10229.97,1148.09,7321.1,6095.41,3296.22,2150.25,22290.81,1361.24,3383.32,13671.24,12073.68,25727.41,2652.65,10768.05,809.02
2020/7/12,45475.24,102888,6033.6,26671.95,16123.48,1473.32,3224.73,10503.19,36327.84,20217.82,1796.04,12919.61,1216.17,5069.42,573.8,10410.52,1187.86,7440.4,6290.3,3365.6,2201.19,22696.42,1388.39,3214.13,13114.94,12181.56,25089.17,2618.48,10901.7,814.16
2020/7/19,48605.06,102382,6024,26469.89,15997.06,1467.55,3215.63,10363.18,37357.46,20285.07,1810.33,12838.06,1255.98,4956.43,563.95,10214.21,1192.02,7294.7,6123.82,3310.89,2200.44,22751.61,1388.27,3196.77,12935.7,12304.04,24705.33,2579.51,11194.15,772.29
2020/7/26,49253.62,102912,5927.8,26428.32,16169.2,1480.43,3271.12,10745.28,37019.68,20271.65,1767.54,12313.36,1234.44,4783.69,545.29,10005.9,1126.9,6877.4,5897.76,3174.32,2249.37,21710,1380.63,3310.01,13637.88,12664.8,24595.35,2529.82,11073.45,740.73
2020/8/2,52325.83,102776,6004.8,27433.48,16544.48,1569.18,3351.28,11010.98,38016.06,20143,1817.23,12674.88,1271.43,4889.52,559.57,10068.03,1060.59,6950.5,6032.18,3252.65,2351.67,22329.94,1403,3354.04,13648.5,12828.87,24531.62,2545.51,11214.05,782.15
2020/8/9,48547.91,101353,6126.2,27931.02,16514.61,1577.88,3372.85,11019.3,38949.88,20313.07,1856.56,12901.34,1323.8,4962.93,560.84,10163.6,1083.83,7154.3,6090.04,3305.05,2407.49,23289.36,1415.54,3360.1,13489.01,12795.46,25183.01,2581.32,11178.4,791.98
2020/8/16,47411.28,101521,6111.2,27930.33,16517.85,1552.48,3397.16,11311.8,38095.88,20199.05,1820.6,12764.8,1262.01,4896.33,551.37,10218.2,1109.88,6982.1,6001.89,3259.75,2304.59,22920.3,1394.71,3380.68,13478,12607.84,25113.84,2528.54,11371.6,793.6
2020/8/23,46396.58,102143,6073.8,28653.87,16705.79,1578.34,3508.01,11695.63,37794.25,19648,1829.79,13033.2,1265.62,5002.94,556.8,10164.49,1100.55,7133,5963.57,3315.54,2353.8,22882.65,1412.44,3403.81,13851.32,12728.85,25422.06,2539.63,11647.6,821.93
2020/8/30,45075.06,101242,5925.5,28133.31,16218.01,1535.3,3426.96,11313.13,36448.5,19314.43,1758.11,12842.66,1220.01,4965.07,540.27,10153.09,1086.32,6989.7,5799.08,3260.59,2368.25,23205.43,1340.2,3355.37,13656.66,12637.95,24695.45,2509.64,11333.85,840.54
2020/9/6,45839.99,98363,5859.4,27665.64,16222.46,1497.27,3340.97,10853.54,36334.89,18848.87,1772.89,13202.84,1223.05,5034.14,552.01,10439.52,1102.7,6943.2,6032.09,3315.81,2396.69,23406.49,1305.28,3260.35,12942.95,12675.95,24503.31,2490.09,11464.45,825.56
2020/9/13,41484.06,98290,5864.5,27657.42,16198.97,1536.78,3319.47,10793.28,36017.35,18901.5,1731.76,13116.25,1228.64,4978.18,550.85,10539.17,1111.96,6929.8,6007.05,3283.69,2412.4,23360.3,1324.17,3338.09,13245.09,12875.62,24455.41,2497.71,11504.95,841.26
2020/9/20,42042.45,96999,5964.9,27173.96,16065.35,1474.91,3298.46,10913.73,36583.71,18242.01,1674.14,12469.2,1164.68,4729.66,540.91,10216.28,1124.17,6628.3,5842.67,3137.06,2278.79,23204.62,1275.23,3219.42,12814.17,12232.91,23235.42,2472.28,11050.25,854.71
2020/9/27,43654.37,94016,5791.5,27682.81,16199.25,1539.3,3348.44,11075.11,36642.38,18591.26,1697.39,12689.04,1148.07,4824.88,553.12,10252.4,1145.03,6754.5,5902.12,3190.93,2327.89,23029.9,1318.93,3218.05,12907.45,12515.61,23459.05,2496.11,11416.95,861.51
2020/10/4,45856.11,97483,6102.2,28586.9,16562.81,1637.55,3477.13,11580.04,38494.4,18624.21,1698.91,13051.23,1164.34,4946.81,567.17,10320.03,1165.7,6950.9,6016.65,3273.12,2391.96,23619.69,1364.8,3272.08,13289.26,12887.19,24119.13,2532.96,11914.2,874.53
2020/10/11,49024.08,98309,6176.8,28606.31,16438.75,1633.81,3483.81,11671.66,37876.49,18457.24,1655.36,12908.99,1132.8,4935.86,568.18,10207.13,1192.73,6849.7,5919.58,3245.47,2341.53,23410.63,1358.23,3336.36,13532.73,12750.37,24386.79,2533.02,11762.45,901.59
2020/10/18,52512.6,101260,6167,28335.57,16304.08,1640.5,3465.39,11548.28,38707.72,19176.36,1645.32,12645.75,1164.06,4909.64,554.34,10023.9,1190.63,6893.4,5860.28,3198.86,2360.81,23516.59,1354.21,3278,13128.46,12898.82,24918.78,2537.39,11930.35,930.3
2020/10/25,45290.02,93952,5927.6,26501.6,15580.64,1538.48,3269.96,10911.59,36987.86,17918.79,1515.97,11556.48,1066.6,4594.24,533.88,9587.15,1112.37,6452.2,5577.27,2958.21,2267.15,22977.13,1330.18,3224.53,13236.6,12546.34,24107.42,2423.84,11642.4,892.55
2020/11/1,48492.54,100925,6190.2,28323.4,16282.83,1644.16,3509.44,11895.23,38530.5,19105.92,1697.49,12480.02,1178.28,4960.88,572.9,10322.57,1191.96,6870.4,5910.02,3204.05,2416.5,24325.23,1373.98,3312.16,13838.42,12973.53,25712.97,2578.68,12263.55,902.91
2020/11/8,49895.5,104723,6405.2,29479.81,16675.64,1744.04,3585.15,11829.29,40791.81,19994.46,1749.41,13076.72,1227.78,5380.16,596.87,10492.61,1291.29,7783.7,6316.39,3432.07,2493.87,25385.87,1418.39,3310.1,13754.55,13273.33,26156.86,2711.39,12719.95,931.2
2020/11/15,51492.34,106042,6539.2,29263.48,17019.1,1785.34,3557.54,11854.97,41905.06,20263.83,1820.85,13137.25,1262.69,5495.89,601.62,10495.65,1323.95,7977.9,6351.45,3467.6,2553.5,25527.37,1423.96,3377.73,13852.42,13716.44,26451.54,2813.01,12859.05,950.89
2020/11/22,55427.26,110575,6601.1,29910.37,17396.56,1855.27,3638.35,12205.85,41674.3,20593.35,1852.69,13335.68,1302.43,5598.18,611.67,10501.18,1328.73,8190.7,6367.58,3527.79,2633.45,26644.71,1486.38,3408.31,13690.88,13867.09,26894.68,2855.82,12968.95,971.11
2020/11/29,54730.38,113750,6634.1,30218.26,17520.97,1892.45,3699.12,12464.23,43646.03,20933.36,1947.68,13298.96,1357.39,5609.15,615.67,10364.5,1330.87,8322.9,6550.23,3539.27,2731.45,26751.24,1447.02,3444.58,14026.66,14132.44,26835.92,2839.89,13258.55,984.34
2020/12/6,53822.44,115128,6642.6,30046.37,17548.92,1911.7,3663.46,12377.87,43612.31,20473.05,1950.85,13114.3,1412.88,5507.55,614.46,10391.76,1370.7,8063.1,6546.75,3485.84,2770.06,26652.52,1472.62,3347.19,13555.14,14261.69,26505.87,2821.7,13513.85,1008.65
2020/12/13,52346.77,118024,6675.5,30179.05,17534.63,1969.99,3709.41,12755.64,43873.81,21059.56,1952.54,13630.51,1402.5,5527.84,625.25,10523.86,1408.32,8037.4,6529.18,3545.74,2772.18,26763.39,1471.8,3394.9,13854.12,14249.96,26498.6,2848.98,13760.55,1036.65
2020/12/20,51618.98,117807,6664.8,30199.87,17623.88,2003.95,3703.06,12804.73,43372.2,20737.71,1955.84,13587.23,1378.36,5522.01,626.37,10411.92,1426.03,8111.5,6502.11,3543.28,2806.86,26656.61,1470.36,3396.56,14017.06,14331.42,26386.56,2842.04,13749.25,1052.13
2020/12/27,51226.49,119017,6587.1,30606.48,17433.36,1974.86,3756.07,12888.28,44066.88,21007.46,1983.98,13718.78,1387.46,5551.41,624.61,10703.51,1476.72,8073.7,6460.52,3552.64,2873.47,27444.17,1499.05,3473.07,14470.68,14732.53,27231.13,2843.81,14018.5,1070.77
2021/1/3,51673.77,125077,6757.9,31097.97,18042.07,2091.66,3824.68,13201.97,46729.3,22813.87,2072.74,14049.53,1466.5,5706.88,645.6,10797.99,1540.61,8407.7,6873.26,3645.05,3152.18,28139.03,1540.73,3570.11,15319.29,15463.95,27878.22,2993.19,14347.25,1147.86
2021/1/10,50500.83,120349,6715.4,30814.26,17909.03,2123.2,3768.25,12998.5,45892.28,22972.11,1985.68,13787.73,1474.28,5611.69,651.73,10877.06,1524.49,8230.7,6735.71,3599.55,3085.9,28519.18,1593.64,3566.38,15031.7,15616.39,28573.86,3004.87,14433.7,1182.2
2021/1/17,48470.91,117380,6800.4,30996.98,17845.91,2168.76,3841.47,13543.06,44683.55,22622.86,1952.67,13873.97,1418.29,5559.57,660.53,10930.81,1542.45,8036.4,6695.07,3602.41,3140.63,28631.45,1613.29,3606.75,15628.73,16019.03,29447.85,2991.53,14371.9,1156.58
2021/1/24,48257.14,115068,6607.4,29982.62,17337.02,2073.64,3714.24,13070.7,42985.73,21681.02,1948.01,13432.87,1367.64,5399.21,637.11,10591.06,1473.45,7757.5,6407.46,3481.44,2976.21,27663.39,1599.45,3483.07,14821.99,15138.31,28283.71,2902.52,13634.6,1048.31
2021/1/31,51052.73,120240,6840.5,31148.24,18135.9,2233.33,3886.83,13856.3,44145.7,22478.25,1957.73,14056.72,1431.76,5659.26,653.24,10755.47,1527.17,8214.7,6489.33,3655.77,3120.63,28779.19,1600.91,3496.33,15007.29,15802.4,29288.68,2907.11,14924.25,1135.5
2021/2/7,51466.21,119429,6806.7,31458.4,18460.21,2289.36,3934.83,14095.47,44202.52,23201.71,1937.07,14049.89,1461.99,5703.67,676.83,10880.37,1538.44,8055,6589.79,3695.61,3100.58,29520.07,1605.92,3655.09,15962.25,15909.89437,30173.57,2925.48,15163.3,1129.49
2021/2/14,50992.85,118431,6793.8,31494.32,18384.27,2266.69,3906.71,13874.47,44900.08,23323.98,1985.31,13993.23,1472.33,5773.55,678.48,10704.75,1560.34,8151.6,6624.02,3713.46,3107.62,30017.92,1583.25,3696.17,15823.11,16341.38,30644.73,2880.64,14981.75,1180.59
2021/2/21,48432.27,110035,6673.3,30932.37,18060.26,2201.05,3811.15,13192.35,44592.91,23099.23,1907.28,13786.29,1411.93,5703.22,651.26,10522.22,1471.39,8225,6483.43,3636.44,3012.95,28966.01,1549.63,3509.08,14507.45,15953.8,28980.21,2949.04,14529.15,1173.6
2021/2/28,47242.26,115202,6710.8,31496.3,18380.96,2192.21,3841.94,12920.15,46342.54,23784.48,1939.59,13920.69,1447.46,5782.65,653.87,10607.79,1541.98,8286.8,6630.52,3669.54,3026.26,28864.32,1538.94,3501.99,14412.31,15855.23,29098.29,3013.85,14938.1,1173.83
2021/3/7,49070.98,114160,6766.8,32778.64,18851.32,2352.79,3943.34,13319.86,47769.87,24623.13,2006.11,14502.39,1519.5,6046.55,677.41,10839.93,1557.39,8644.5,6761.47,3833.36,3054.39,29717.83,1596.81,3453.08,13897.03,16255.18,28739.72,3095.22,15030.95,1187.81
2021/3/14,48976,116222,6708.2,32627.97,18854,2287.55,3913.1,13215.24,47028.04,24475.46,1927.56,14621,1474.05,5997.96,681.7,10967.37,1528.99,8493,6708.71,3837.02,3039.53,29792.05,1587.28,3404.66,13606,16070.24,28990.94,3134.54,14744,1203.36
2021/3/21,46440.78,114781,6824.2,33072.88,18752.58,2221.48,3974.54,13138.72,47379.19,24450.98,1918.71,14748.94,1449.85,5988.81,696.62,11116.81,1382.15,8498.2,6740.59,3866.68,3041.01,29176.7,1578.07,3418.33,13769.68,16305.88,28336.43,3157.95,14507.3,1167.19
2021/3/28,47982.39,115253,6828.7,33153.21,18990.32,2253.9,4019.87,13480.11,47246.26,24645.73,1954.38,15107.17,1466.71,6102.96,708.43,11118.03,1430.19,8577.6,6737.3,3945.96,3112.8,29854,1610.22,3484.39,14122.61,16571.28,28938.74,3181.68,14867.35,1238.03
2021/4/4,48845.99,117670,6995.2,33800.6,19228.03,2243.47,4128.8,13900.19,47627.67,25000.06,1975.11,15234.16,1417.77,6169.41,713.36,11238.52,1393.24,8565.8,6915.75,3978.84,3131.88,29768.06,1635.38,3450.68,13813.31,16854.1,28698.8,3184.54,14834.85,1253.26
2021/4/11,47664.35,121114,7063.5,34200.67,19351.32,2262.67,4185.47,14052.34,48726.98,25153.9,2012.27,15459.75,1497.05,6287.07,716.8,11262.97,1408.14,8613.5,7019.53,4032.99,3198.62,29683.37,1631.97,3426.62,13720.74,17158.81,28969.71,3201.76,14617.85,1276.87
2021/4/18,47374.47,120530,7060.7,34043.49,19102.33,2271.86,4180.17,14016.81,49091.09,24425.34,1986.63,15279.62,1511.85,6257.94,715.77,11200.54,1345.15,8618.6,6938.56,4013.34,3186.1,29020.63,1633.03,3474.17,14351.86,17300.27,29078.75,3194.04,14341.35,1301.39
2021/4/25,49056.1,118894,7025.8,33874.85,19108.33,2266.45,4181.17,13962.68,48009.72,22623.22,2037.59,15135.91,1485.03,6269.48,707.56,11022.34,1397.82,8815,6969.81,3974.74,3147.86,28812.63,1641.76,3446.86,14438.57,17566.66,28724.88,3218.27,14631.1,1312.28
2021/5/2,51419.49,122038,7080.8,34777.76,19472.74,2271.63,4232.6,13752.24,49249.02,23293.92,2097.31,15399.65,1577.51,6385.51,718.41,11173.57,1441.33,9059.2,7129.71,4034.25,3197.2,29357.82,1648.7,3418.87,13933.81,17285,28610.65,3200.26,14823.15,1340.73
2021/5/9,54850.06,121881,7014.2,34382.13,19366.69,2224.63,4173.85,13429.98,49219.26,23054.59,2092.8,15416.64,1548.93,6385.14,703.33,11120.77,1441.33,9145.6,7043.61,4017.44,3153.32,28084.47,1640.62,3490.38,14208.78,15827.09,28027.57,3055.02,14677.8,1380.02
2021/5/16,56221.87,122592,7030.3,34207.84,19527.3,2215.27,4155.86,13470.99,49778.81,20593.94,2139.06,15437.51,1569.55,6386.41,706.96,11225.58,1451.84,9204,7018.05,4025.78,3156.42,28317.83,1678.1,3486.56,14417.46,16302.06,28458.44,3117.89,15175.3,1425.04
2021/5/23,59212.97,125561,7179.5,34529.45,19852.18,2268.97,4204.11,13748.74,50040.74,21433.57,2236.31,15519.98,1603.79,6484.11,713.28,11426.15,1422.06,9224.6,7022.61,4070.56,3188.73,29149.41,1706.9,3600.78,14852.88,16870.86,29124.41,3178.5,15435.65,1458.78
2021/5/30,66190.06,130126,7295.4,34756.39,20029.19,2286.41,4229.89,13814.49,50484.35,21281.7,2254.59,15692.9,1647.06,6515.66,720.18,11570.68,1432.93,9088.3,7069.04,4089.38,3240.08,28941.52,1686.73,3591.84,14870.91,17147.41,28918.1,3151.04,15670.25,1508.35
2021/6/6,66093.97,129441,7312.3,34479.6,20138.35,2335.81,4247.44,14069.42,51286.46,21660.12,2224.67,15693.27,1678.57,6600.66,728.48,11841.3,1460.86,9205,7134.06,4126.7,3249.32,28948.73,1693.51,3589.75,14801.24,17213.52,28842.13,3157.97,15799.35,1487.61
2021/6/13,65136,128405,7368.9,33290.08,19999.59,2237.75,4166.45,14030.38,50319.57,21562.97,2220.68,15448.04,1646.72,6569.16,719.63,11941.25,1391.06,9030.6,7017.47,4083.37,3267.93,28964.08,1689.5,3525.1,14583.67,17318.54,28801.27,3144.16,15683.35,1481.3
2021/6/20,65133.47,127256,7308,34433.84,20230.26,2334.4,4280.7,14360.39,50549.86,21845.32,2282.46,15607.97,1672.08,6622.87,733.14,11999.7,1391.86,9095,7136.07,4120.66,3302.84,29066.18,1687.01,3607.56,15003.85,17502.99,29288.22,3121.6,15860.35,1500.3
2021/6/27,63330.37,127622,7308.6,34786.35,20226.11,2305.76,4352.34,14639.33,50223.01,21662.01,2252.18,15650.09,1659.72,6552.86,733.55,11964.84,1376.67,8907.6,7123.27,4084.31,3281.78,28783.28,1687.84,3518.76,14670.71,17710.15,28310.42,3128.95,15722.2,1554.59
2021/7/4,62371.58,125428,7273.3,34870.16,20257.95,2280,4369.55,14701.92,49768.35,21325.9,2251.78,15687.93,1635.04,6529.42,732.15,11989.81,1378.28,8776.6,7121.88,4068.09,3217.95,27940.42,1658.09,3524.09,14844.36,17661.48,27344.54,3131.4,15689.8,1494.43
2021/7/11,63090.8,125960,7348.1,34687.85,19985.54,2163.24,4327.16,14427.24,50148.13,20831.74,2258.1,15540.31,1603.1,6460.08,736.52,12026.5,1363.28,8506.2,7008.09,4035.77,3276.91,28003.08,1657.92,3539.3,14972.21,17895.25,28004.68,3152.3,15923.4,1438.05
2021/7/18,64841.23,125053,7394.4,35061.55,20188.43,2209.65,4411.8,14836.99,50268.45,20974.61,2242.41,15669.29,1595.86,6568.82,749.42,12130.83,1351.59,8717.2,7027.58,4109.1,3254.42,27548,1660.75,3550.4,15028.57,17572.92,27321.98,3157.05,15856.05,1401.53
2021/7/25,66005.29,121801,7392.6,34935.47,20287.8,2226.25,4395.26,14672.68,50868.32,21238.31,2253.45,15544.39,1625.76,6612.76,754.31,12116.82,1392.91,8675.7,7032.3,4089.3,3202.32,27283.59,1691.73,3397.36,14473.21,17247.41,25961.03,3166.94,15763.05,1447.23
2021/8/1,65860.91,122810,7538.4,35208.51,20475.42,2247.76,4436.52,14835.76,51113.85,21354.75,2273.89,15761.45,1632.87,6816.96,767.82,12176.3,1434.76,8879,7122.95,4174.54,3270.36,27820.04,1689.87,3458.23,14827.41,17526.28,26179.4,3177.18,16238.2,1476.79
2021/8/8,69544.76,121194,7628.9,35515.38,20518.07,2223.11,4468,14822.9,51490.94,21961.27,2302.03,15977.44,1666.44,6896.04,774.83,12464.44,1447.64,8999.8,7218.71,4229.7,3171.29,27977.15,1710.67,3516.3,14799.03,16982.11,26391.62,3165.49,16529.1,1484.25
2021/8/15,67822.2,118053,7460.9,35120.08,20339.02,2167.6,4441.67,14714.66,51414.32,21726.06,2255.56,15808.04,1623.5,6626.11,771.41,12415.66,1444.63,8915.3,7087.9,4147.5,3060.51,27013.25,1725.18,3427.33,14253.54,16341.94,24849.72,3102.75,16450.5,1450.45
2021/8/22,73203.64,120678,7488.3,35455.8,20644.64,2277.15,4509.37,15129.5,52425.64,22289.96,2323.77,15851.75,1664.25,6681.92,787.04,12439,1458.23,8922.2,7148.01,4190.98,3133.9,27641.14,1760.64,3522.16,14436.9,17209.93,25407.89,3080.77,16705.2,1418.57
2021/8/29,74734.95,116933,7522.9,35369.09,20821.43,2292.05,4535.43,15363.52,51835.09,22318.73,2380.82,15781.2,1734.16,6689.99,789.55,12351.84,1468.67,8864,7138.35,4201.98,3201.06,29128.11,1766.83,3581.73,14179.86,17516.92,25901.99,3083.85,17323.6,1426.94
2021/9/5,75895.02,114286,7406.6,34607.72,20633.06,2227.55,4458.58,15115.49,51521.8,22287.89,2360.7,15609.81,1725.25,6663.77,788.49,12060.64,1438.72,8695.3,7029.2,4170.35,3125.76,30381.84,1800.42,3703.11,14771.87,17474.57,26205.91,3098.8,17369.25,1448.33
2021/9/12,78512.09,111439,7403.7,34584.88,20490.36,2236.87,4432.99,15043.97,51307.71,22278.84,2333.01,15490.17,1745.04,6570.19,789.49,11935.53,1419.43,8760.9,6963.64,4130.84,3140.51,30500.05,1812.02,3613.97,14359.36,17276.79,24920.76,3071.23,17585.15,1455.59
2021/9/19,74180.2,113283,7342.6,34798,20402.66,2248.07,4455.48,15047.7,51105.71,21838.53,2299.18,15531.75,1747.56,6638.46,791.45,11817.2,1384.68,8873.1,7051.48,4158.51,3125.24,30248.81,1804.59,3613.07,14357.85,17260.19,24192.16,3061.35,17853.2,1459.94
2021/9/26,77626.17,112900,7185.5,34326.46,20150.87,2241.63,4357.05,14566.7,51060.05,21558.47,2327.88,15156.44,1771.5,6517.69,766.69,11575.37,1401.46,8799.5,7027.07,4035.3,3019.18,28771.07,1802.26,3568.17,14309.01,16570.89,24575.64,3051.11,17532.05,1441.83
2021/10/3,77553.31,112833,7320.1,34746.25,20416.31,2233.09,4391.36,14579.54,51136.62,20692.59,2411.12,15206.13,1860.96,6559.99,772.05,11764.99,1398,8955,7095.55,4073.29,2956.3,28048.94,1803.34,3592.17,14414.16,16640.43,24837.85,3112.81,17895.2,1476.54
2021/10/10,81990.22,114648,7362,35294.76,20928.1,2265.65,4471.37,14897.34,52798.38,19945.59,2453.98,15587.36,1891.56,6727.52,800.41,11961.34,1409.56,8997,7234.03,4182.91,3015.06,29068.63,1848.07,3572.37,14415.99,16781.19,25330.96,3173.91,18338.55,1504.84
2021/10/17,86898.51,106296,7415.5,35677.02,21216.15,2291.27,4544.9,15090.2,51889.66,20427.78,2417.09,15542.98,1877.99,6733.69,812.97,12056.21,1479.93,8906.4,7204.55,4188.81,3006.16,28804.85,1860.81,3582.6,14492.82,16888.74,26126.93,3205.14,18114.9,1488.71
2021/10/24,83560.96,103501,7323.7,35819.56,21037.07,2297.19,4605.38,15498.39,51309.84,20561.17,2405.05,15688.77,1843.83,6830.34,810.91,12108.17,1522.04,9057.7,7237.57,4250.56,2970.68,28892.69,1849.5,3547.34,14451.38,16987.41,25377.24,3198.17,17671.65,1532.35
2021/10/31,92895.89,104824,7456.9,36327.95,21455.82,2437.08,4697.53,15971.59,51977.96,22039.39,2439.16,16054.36,1848.1,7040.79,819.72,12321.85,1583.59,9130.6,7303.96,4363.04,2969.27,29611.57,1887.24,3491.57,14462.62,17296.9,24870.51,3242.34,17916.8,1531.76
2021/11/7,94963.42,106335,7443,36100.31,21768.53,2411.78,4682.85,15860.96,51432.54,22486.09,2358.23,16094.07,1784.28,7091.4,820.3,12516.05,1638.5,9080.8,7347.91,4370.33,2968.8,29609.97,1889.38,3539.1,14705.37,17518.13,25327.97,3228.45,18102.75,1527.94
2021/11/14,85695.15,103035,7396.5,35601.98,21555.03,2343.16,4697.96,16057.44,50811.3,21846.47,2248.18,16159.97,1723.74,7112.29,821.8,12545.01,1737.33,8753.2,7223.57,4356.47,2971.02,29745.87,1901.32,3560.37,14752.49,17818.31,25049.97,3232.34,17764.8,1500.05
2021/11/21,80369.01,102224,7279.3,34899.34,21125.9,2245.94,4594.62,15491.66,49492.52,22925.38,2143.13,15257.04,1589.38,6739.73,781.63,12199.21,1776.41,8402.7,7044.03,4089.58,2936.44,28751.62,1896.57,3564.09,14777.17,17369.39,24080.52,3166.27,17026.45,1566.55
2021/11/28,86359.78,105070,7241.2,34580.08,20633.27,2159.31,4538.43,15085.47,50597.29,21875.96,2179.71,15169.98,1668.26,6765.52,772.22,12175.77,1910.41,8241.7,7122.32,4080.15,2968.33,28029.57,1869.86,3607.43,14892.05,17697.14,23766.69,3101.93,17196.7,1503.98
2021/12/5,85441.38,107758,7353.5,35970.99,20890.62,2211.81,4712.02,15630.6,51213.48,22020.63,2213.78,15623.31,1612.25,6991.68,788.01,12607.73,2035.48,8360.2,7291.78,4199.16,3010.23,28437.77,1906.21,3666.35,15111.56,17826.26,23995.72,3135.61,17511.3,1519.46
2021/12/12,83234.04,107201,7304,35365.44,20739.19,2173.93,4620.64,15169.68,52379.37,21748.95,2194.56,15531.69,1583.05,6926.63,771.7,12715.48,2084.47,8311.6,7269.92,4161.35,3017.73,28545.68,1911.14,3632.36,14867.55,17812.59,23192.63,3111.63,16985.2,1513.56
2021/12/19,84850.31,104891,7420.3,35950.56,21229.68,2241.58,4725.78,15653.37,52853.38,21470.39,2225.8,15756.31,1584.15,7086.58,790.48,12785.32,1891.28,8563.7,7372.1,4255.01,3012.43,28782.59,1949.34,3618.05,14710.33,17961.64,23223.76,3108.28,17003.75,1506.67
2021/12/26,83500.11,104822,7444.6,36338.3,21222.84,2245.31,4766.18,15644.97,53272.44,21537.62,2266.92,15884.86,1595.76,7153.03,797.93,12875.66,1857.65,8713.8,7384.54,4298.41,2977.65,28791.71,1978.06,3639.78,14857.35,18218.84,23397.67,3123.68,17354.05,1535.71
2022/1/2,84402.07,102719,7453.3,36231.66,21084.45,2179.81,4677.02,14935.9,53202.11,21474.63,2311.93,15947.74,1545.24,7219.48,788.43,12797.94,2033.32,8751.8,7485.28,4305.83,2954.89,28478.56,2003.52,3579.54,14343.65,18169.76,23493.38,3205.26,17812.7,1532.24
2022/1/9,85481.07,106928,7393.9,35911.81,21357.56,2162.46,4662.85,14893.75,53744.92,22458.23,2383.16,15883.24,1485.86,7143,783.53,12525.63,2072.93,8806.6,7542.95,4272.19,2921.92,28124.28,2071.1,3521.26,14150.57,18403.33,24383.32,3281.97,18255.75,1523.57
2022/1/16,83622.48,108942,7175.8,34265.37,20621.39,1987.92,4397.93,13768.92,51599.38,23167.78,2273.81,15603.88,1401.88,7068.59,763.7,12355.54,2011.16,8694.7,7494.13,4229.56,2834.29,27522.26,2019.39,3522.57,14029.55,17899.3,24965.55,3294.86,17617.15,1502.16
2022/1/23,88269.83,111910,6988.1,34725.47,20741.75,1968.51,4431.85,13770.57,50661.86,22652.07,2183.7,15318.95,1407.04,6965.88,744.26,12104.44,1983.18,8609.8,7466.07,4136.91,2663.34,26717.34,1917.22,3361.44,13328.06,17674.4,23550.08,3246.33,17101.95,1532.24
2022/1/30,87934.02,112245,7120.2,35089.74,21271.85,2002.36,4500.54,14098.01,51255.31,22234.59,2174.57,15099.56,1436,6951.38,747.17,12140.25,1943.81,8589.3,7516.4,4086.58,2750.26,27439.99,1930.53,3504.952058,13328.06,17985.50337,24573.29,3331.41,17516.3,1532.24
2022/2/6,88184.99,113572,7217.3,34738.06,21548.84,2030.15,4418.64,13791.15,53229.26,23410.23,2203.13,15425.12,1470.1,7011.6,761.5,12231.97,2051.05,8798.1,7661.02,4155.23,2747.71,27696.08,1986.66,3462.95,13224.38,18310.94,24906.66,3428.95,17374.75,1545.92
2022/2/13,89443.19,112880,7221.7,34079.18,21008.2,2009.33,4348.87,13548.07,52281.53,22827.4,2143.28,15042.51,1391.31,6929.63,744.89,12010.09,2032.44,8590,7513.62,4074.28,2744.52,27122.07,1979.84,3490.76,13459.68,18232.35,24327.71,3428.9,17276.3,1531.47
2022/2/20,87969.87,113142,6997.8,34058.75,21106,2040.93,4384.62,13694.62,52555.6,22467.13,1970.78,14567.23,936.94,6752.43,727.85,11987.31,1952.4,8486.6,7489.46,3970.69,2676.76,26476.5,1927.41,3451.41,13412.92,17652.18,22767.18,3294.47,16658.4,1526.5
2022/2/27,89515.44,114474,7110.8,33614.8,21402.43,2000.9,4328.87,13313.44,53322.05,23577.94,1918.75,13094.54,1042.138902,6061.66,671.73,11300.13,1990.75,7720.9,6987.14,3556.01,2713.43,25985.47,1943.51,3447.65,13020.46,17736.52,21905.29,3226.78,16245.35,1525.34
2022/3/6,88999.06,111713,7063.6,32944.19,21461.83,1979.67,4204.31,12843.81,53300.7,23583.45,2033.49,13628.11,1040.693475,6260.25,674.8,11495.69,2053.85,8142.1,7155.64,3686.78,2661.28,25162.78,1930.4,3309.75,12447.37,17264.74,20553.79,3249.66,16630.45,1477.14
2022/3/13,89057.57,115311,7294.4,34754.93,21818.47,2086.14,4463.09,13893.84,55467.06,24595.11,2099.26,14413.09,1050.622705,6620.24,716.36,12184.99,2144.26,8417.6,7404.73,3902.44,2707.02,26827.43,1961.07,3251.07,12328.65,17456.52,21412.4,3330.63,17287.05,1476.94
2022/3/20,93010.43,119081,7406.2,34861.24,22005.94,2077.98,4543.04,14169.3,55436.05,25248.34,2115.58,14305.76,829.62,6553.68,723.9,12121.67,2175.51,8330.6,7483.35,3867.73,2729.98,28149.84,2036.49,3212.24,12072.73,17676.95,21404.88,3413.69,17153,1498.36
2022/3/27,92390.98,121570,7493.8,34818.27,21952.95,2091.11,4545.86,14261.5,56609.54,25417.79,2164.81,14446.48,1033.58,6684.31,728,12179.08,2251.68,8503.7,7537.9,3918.68,2739.85,27665.98,2021.28,3282.72,12227.93,17625.59,22039.55,3419.11,17670.45,1542.47
2022/4/3,92091.47,118322,7478,34721.12,21874.35,1994.56,4488.28,13711,54687.25,25465.41,2085.07,14283.67,1079.99,6548.22,724.75,12507.69,2393.39,8606.4,7669.56,3858.37,2700.39,26985.8,2034.51,3251.85,11959.27,17284.54,21872.01,3383.28,17784.35,1524.31
2022/4/10,91041.37,116182,7523.4,34451.23,21855.7,2004.98,4392.59,13351.08,54172.62,25160.93,2093.17,14163.85,955.46,6589.35,719.7,12475.08,2494.37,8699,7616.38,3848.68,2696.06,27093.19,2039.69,3211.24,11648.57,17004.18,21518.08,3335.85,17475.65,1493.74
2022/4/17,91717.07,111078,7473.3,33811.4,21186.38,1940.66,4271.78,12839.29,53191.78,24868.88,1973.31,14142.09,928.3,6581.42,717.26,12258.33,2472.5,8652.3,7521.68,3840.01,2704.71,27105.26,2055.66,3086.92,11051.7,17025.09,20638.52,3361.11,17171.95,1444.32
2022/4/24,88250.97,107876,7435,32977.21,20762,1864.1,4131.93,12334.64,51417.97,24399.63,1858.12,14097.88,1081.52,6533.77,710.98,12128.76,2430.55,8584.2,7544.55,3802.86,2695.05,26847.9,2016.87,3047.06,11021.44,16592.18,21089.39,3356.9,17102.55,1417.31
2022/5/1,86507.22,105135,7205.6,32899.37,20633.28,1839.56,4123.34,12144.66,49541.81,24883.89,1765.14,13674.29,1088.02,6258.36,682.19,11730.42,2458.72,8322,7387.94,3629.17,2644.51,27003.56,1936.56,3001.56,10809.88,16408.2,20001.96,3291.89,16411.25,1373.21
2022/5/8,88795.76,106924,7075.1,32195.94,20099.81,1792.67,4023.89,11805,49579.9,25174.76,1765.63,14027.93,1132.23,6362.68,694.13,11650.42,2419.23,8338.1,7418.15,3703.42,2604.24,26427.65,1874.25,3084.28,11159.79,15832.54,19898.77,3191.16,15782.15,1223.76
2022/5/15,88118.96,108488,7145.6,31260.58,20197.61,1773.27,3901.36,11354.62,51518.3,26181.04,1782.66,13981.91,1239.83,6285.24,682.96,11308.98,2372.35,8484.5,7389.98,3657.03,2639.29,26739.03,1875.88,3146.57,11454.53,16144.85,20717.24,3240.58,16266.15,1282.51
2022/5/22,93683.29,111942,7182.7,33213.55,20748.58,1887.9,4158.24,12131.13,52463.55,28595.47,1810.68,14462.19,1133.94,6515.75,702.28,11647.17,2438.84,8933.6,7585.46,3808.86,2638.05,26781.68,1880.28,3130.24,11193.59,16266.22,20697.36,3230.55,16352.45,1335.68
2022/5/29,91775.17,111102,7238.8,32898.91,20790.73,1883.05,4108.54,12012.73,50689.05,28124.94,1819.99,14460.09,1199.55,6485.3,700.69,11529.16,2601.25,8724.8,7532.95,3783.66,2670.65,27761.57,1902.51,3195.46,11628.31,16552.57,21082.13,3231.97,16584.3,1327.4
2022/6/5,89141.39,105481,6932,31392.36,20274.82,1800.28,3900.86,11340.02,48471.52,27547.95,1725.18,13761.83,1268.83,6187.23,681.97,11084.62,2543.1,8390.6,7317.52,3599.2,2595.87,27824.29,1886.88,3284.83,12035.15,16460.12,21806.18,3181.73,16201.8,1325.69
2022/6/12,87060.9,99825,6474.8,29885.08,18930.48,1665.69,3674.84,10798.35,48016.23,26588.97,1676.67,13126.26,1315.43,5882.65,635.75,10451.31,2533.33,8145.9,7016.25,3438.46,2440.93,25963,1775.89,3316.79,12331.14,15641.26,21075,3098.09,15293.5,1258.03
2022/6/19,82605.64,98672,6578.7,31503.71,19062.91,1765.74,3911.74,11607.62,47741.5,26439.15,1682.33,13118.13,1414.96,6073.35,660.32,10823.12,2554.08,8244.1,7208.81,3533.17,2366.6,26491.97,1820.79,3349.75,12686.03,15303.32,21719.06,3111.65,15699.25,1235.47
2022/6/26,90050.78,98954,6539.9,31097.46,18861.36,1727.76,3825.33,11127.84,47743.15,26290.66,1688.85,12813.03,1276.55,5931.06,655.68,10770.4,2443.77,8176.1,7168.65,3448.31,2305.42,25935.62,1828.73,3387.64,12860.36,14343.08,21859.79,3095.59,15752.05,1252.24
2022/7/3,105850.01,100289,6678,31339.2,19022.86,1769.36,3899.38,11635.31,47582.11,27068.43,1740.46,13015.23,1144.79,6033.13,674.22,11015.03,2434.02,8100.3,7196.24,3506.55,2350.61,26517.19,1851.45,3356.08,12857.13,14464.53,21725.78,3131.26,16220.6,1231.54
2022/7/10,104222.92,96551,6605.6,31286.02,18394.45,1744.37,3863.16,11452.42,47075.87,26953.31,1620.13,12864.72,1161.53,6036,671.92,10982.09,2382.44,7945.9,7159.01,3477.2,2330.98,26788.47,1842.53,3228.06,12411.01,14550.62,20297.72,3099.15,16049.2,1220.14
2022/7/17,113851.41,98925,6791.5,31900.61,18982.92,1806.88,3961.63,11834.11,47264.86,27738.51,1701.73,13253.68,1161.47,6216.82,705.04,11096.12,2516.56,8051.6,7276.37,3596.49,2393.14,27914.66,1920.2,3269.97,12394.02,14949.36,20609.14,3181.34,16719.45,1228.84
2022/7/24,122528.27,103165,6945.2,32846.45,19692.92,1885.23,4130.29,12390.69,48144.33,28056.28,1721.11,13484.05,1129.24,6448.5,729.44,11145.91,2592.38,8156.2,7423.43,3708.1,2451.5,27801.64,1925.35,3253.24,12266.92,15000.07,20156.51,3211.56,17158.25,1232
2022/7/31,121003.89,106472,7015.6,32801.51,19620.13,1921.82,4145.19,12657.55,46723.43,27593.44,1652.14,13573.93,1072.31,6472.35,722.74,11123.07,2750.49,8168,7439.74,3725.39,2490.8,28175.87,1956.96,3227.03,12269.21,15036.04,20201.94,3282.88,17397.5,1272.06
2022/8/7,125979.57,112764,7032.5,33761.11,20179.81,2016.62,4280.15,13047.19,48853.37,28902.64,1735.07,13795.85,1116.32,6553.86,725.76,11128.24,2864.25,8400.4,7500.89,3776.81,2527.94,28546.98,2042.21,3276.89,12419.39,15288.97,20175.62,3269.27,17698.15,1280.96
2022/8/14,131009.08,111496,7114.5,33706.15,20111.38,1957.35,4228.48,12705.21,48463.26,27974.57,1673.4,13544.52,1170.57,6495.83,719.52,11156.72,3020.2,8338.1,7550.37,3730.32,2492.69,28930.33,2054.88,3258.08,12358.54,15408.78,19773.03,3246.51,17758.45,1294.93
2022/8/21,141459.95,112299,7104.1,32282.8,19873.29,1899.83,4057.66,12141.71,47272.11,29185.4,1602.81,12971.47,1183.12,6274.26,705.08,10942.16,3146.1,8063.9,7427.31,3603.68,2481.03,28641.38,2060.4,3236.22,12059.71,15278.44,20170.04,3249.53,17558.9,1306.81
2022/8/28,136302.13,110864,6828.7,31318.84,19270.85,1809.75,3924.26,11630.86,45888.63,29790.74,1505.75,13050.27,1284.53,6167.51,678.57,10891.71,3222.74,7932.2,7281.19,3544.38,2409.41,27650.84,2000.2,3186.48,11702.39,14673.04,19452.09,3205.69,17539.45,1301.44
2022/9/4,144642.19,112300,6894.2,32151.71,19773.34,1882.85,4067.36,12112.31,47042.94,30372.68,1534.68,13088.21,1262.72,6212.33,685.97,10900.24,3521.38,8033.1,7351.07,3570.04,2384.28,28214.75,1987.29,3262.05,11877.79,14583.42,19362.25,3262.95,17833.35,1275.64
2022/9/11,145741.81,109280,6739.1,30821.5,19385.88,1798.19,3873.33,11448.4,46769.78,29813.99,1501.91,12741.26,1275.03,6077.3,664.83,10610.65,3377.33,7984.7,7236.68,3500.41,2382.78,27567.65,1950.56,3126.4,11261.5,14561.76,18761.69,3268.29,17530.85,1252.78
2022/9/18,142931.73,111716,6574.7,29592.85,18480.98,1679.59,3693.23,10867.93,45395.94,28094.29,1457.78,12284.19,1141.81,5783.41,639.28,10137.78,3281.61,7583.5,7018.6,3348.6,2290,27153.83,1922.89,3088.37,11006.41,14118.38,17933.27,3227.1,17327.35,1215.41
2022/9/25,139115.09,110037,6474.2,28730.12,18444.22,1664.72,3585.62,10575.62,44626.8,27680.69,1377.91,12114.36,1055.72,5762.34,640.62,10267.55,3179.99,7366.8,6893.81,3318.2,2155.49,25937.21,1837.23,3024.39,10778.61,13424.58,17222.83,3130.24,17094.35,1152.01
2022/10/2,144645.33,116375,6762.8,29297.25,18583.13,1702.15,3639.66,10652.41,45728.87,27468.73,1405.21,12273,1005.04,5866.94,647.11,10308.57,3567.6,7436.9,6991.09,3375.46,2232.84,27116.11,1867.62,3073.575286,11090.01199,13702.28,17740.05,3145.81,17314.65,1039.54
2022/10/9,137290.73,112072,6758.8,29643.67,18326.35,1682.4,3583.07,10321.39,45443.35,26672.49,1397.23,12437.81,990.66,5931.92,630.58,10329.34,3626.96,7382.5,6858.79,3381.73,2212.55,27090.76,1872.68,3071.99,11121.71,13128.12,16587.69,3039.61,17185.7,1061.39
2022/10/16,138944.8,119929,6676.8,31083.02,18860.95,1742.24,3752.75,10859.72,47120.08,27977.11,1411.62,12730.9,1050.57,6035.39,652.46,10418.6,3934.63,7545.6,6969.73,3476.63,2213.12,26890.58,1887.95,3038.93,10918.97,12819.2,16211.12,2969.95,17576.3,1010.57
2022/10/23,147845.41,114539,6785.7,32861.34,19471.19,1846.92,3901.06,11102.45,49086.3,28101.97,1508.7,13243.33,1113.75,6273.05,667.52,10772.37,3878.98,7916.5,7047.67,3613.02,2268.4,27105.2,1933.82,2915.93,10401.84,12788.42,14863.06,3059.19,17786.8,1029.49
2022/10/30,151263.25,118155,6892.5,32404.8,19449.81,1799.87,3770.55,10475.25,51173.75,28195.64,1601.27,13459.85,1094.3,6416.44,671.88,10787.77,4216.98,7942.7,7334.84,3688.33,2348.43,27199.74,1914.47,3070.8,11187.43,13026.71,16161.14,3130.11,18117.15,997.92
2022/11/6,150413.34,112253,7158,33749.18,20111.51,1882.74,3992.93,11323.33,51959.2,29273.19,1690.38,14224.86,1158.24,6594.62,702.91,11127.15,4455.53,8098.1,7318.04,3868.5,2483.16,28263.57,1981.04,3087.29,11139.77,14007.56,17325.66,3228.33,18349.7,948.86
2022/11/13,157253.59,108870,7151.8,33747.14,19980.91,1849.73,3965.34,11146.06,51569.72,27866.02,1707.23,14431.86,1147.03,6644.46,712.55,11045.49,4526.73,8127.8,7385.52,3924.84,2444.48,27899.77,1885.09,3097.24,11180.43,14504.99,17992.54,3272.23,18307.65,971.2
2022/11/20,163716.94,108977,7259.5,34346.83,20383.77,1869.19,4026.12,11226.36,51668.64,28144.53,1755.69,14541.38,1141.07,6712.48,722.93,11168.03,4874.34,8416.6,7486.67,3962.41,2437.86,28283.03,1879.21,3101.69,10904.27,14778.51,17573.58,3244.55,18512.75,967.49
2022/11/27,169691.73,111924,7301.5,34428.95,20485.66,1892.84,4071.7,11461.5,51234.37,28411.68,1733.46,14529.39,1107.55,6742.25,731.04,11198.13,4962.97,8382.6,7556.23,3977.9,2434.33,27777.9,1874.88,3156.14,11219.79,14970.68,18675.35,3259.14,18696.1,1092.99
2022/12/4,171177.89,107520,7213.2,33475.6,19947.07,1796.66,3934.38,11004.62,50466.25,27701.24,1730.16,14370.72,1099.12,6677.64,724.17,11068.3,5005.3,8289.2,7476.63,3942.62,2389.04,27901.01,1847.23,3206.95,11501.58,14705.43,19900.87,3245.97,18496.6,1065.08
2022/12/11,165109.56,102856,7148.7,32920,19443.28,1763.42,3852.36,10705.41,49630.15,27371.07,1741.3,13893.07,1038.63,6452.63,700,10770.38,5214.29,8112.5,7332.12,3804.02,2360.02,27527.12,1820.54,3167.86,11295.03,14528.55,19450.67,3240.81,18269,1064.07
2022/12/18,187784.05,109698,7107.7,33204.26,19506.65,1760.93,3844.82,10497.86,50578.09,27767.8,1780.27,13940.93,963.51,6504.9,701.06,10804.68,5454.79,8269.1,7473.01,3817.01,2313.69,26235.25,1785.96,3045.87,10849.64,14271.63,19593.06,3257.7,17806.8,1034.13
2022/12/25,202085.13,109735,7038.7,33147.28,19384.92,1761.25,3839.5,10466.48,48463.86,27612.62,1792.01,13923.59,970.6,6473.76,689.01,10729.4,5509.16,8229.1,7451.74,3793.62,2236.4,26094.5,1796.92,3089.26,11015.99,14137.69,19781.41,3251.32,18105.3,1005.19
2023/1/1,213794.25,108964,7109.6,33629.79,19814.51,1792.8,3895.08,10569.29,51730.5,27016.71,1856.05,14610.02,942.73,6860.95,724.26,11144.54,5341.96,8701.1,7699.49,4017.83,2289.97,25973.85,1790.04,3157.64,11367.73,14373.34,20991.64,3276.72,17859.45,1057.4
2023/1/8,242154.5,110916,7328.1,34302.81,20360.1,1887.03,3999.09,11079.16,53576.72,27131.55,1923.44,15086.52,1010.4,7023.5,748.04,11290.79,4984.86,8881.7,7844.07,4150.8,2386.09,26119.52,1820.38,3195.31,11602.3,14824.13,21738.66,3293.75,17956.6,1069.86
2023/1/15,247679.98,112041,7452.2,33374.37,20503.21,1867.34,3972.61,11140.43,53947.04,27560.89,1892.32,15033.56,991.88,6995.99,738.64,11295.02,5490.34,8918.2,7770.59,4119.9,2395.26,26553.53,1830.67,3264.81,11980.62,14932.93,22044.65,3293.71,18027.65,1121.92
2023/1/22,254295.44,112316,7493.8,33977.55,20714.48,1911.46,4070.56,11621.71,54774.91,28356.41,1911.5,15150.03,992.37,7097.21,750.67,11332.3,5191.83,9060.2,7765.15,4178.01,2484.02,27382.56,1782.24,3268.023151,11857.83757,15459.82983,22688.9,3394.21,17604.35,1130.65
2023/1/29,239369.95,108523,7558.1,33925.06,20758.34,1985.53,4136.48,12006.96,54049.05,28296.64,1906.13,15476.43,1002.52,7233.94,763.86,11349.39,4997.63,9225.6,7901.8,4257.98,2480.4,27509.46,1833.96,3263.41,12054.29,15602.66,21660.47,3384.29,17854.05,1085.7
2023/2/5,249897.5,108078,7433.7,33869.4,20612.12,1918.81,4090.46,11718.12,52482.02,28445.89,1848.04,15307.98,971.95,7129.73,752.22,11130.46,4505.34,9117.4,7882.45,4197.94,2469.73,27670.98,1781.4,3260.67,11976.85,15586.65,21190.42,3360.69,17856.5,1048.74
2023/2/12,248979.38,109177,7346.8,33826.92,20515.24,1946.36,4079.09,11787.27,53789.64,27975.65,1859.26,15482,920.19,7347.72,765.04,11256.29,5026.83,9333,8004.36,4274.92,2451.21,27513.13,1802.4,3224.02,11715.77,15479.7,20719.81,3328.37,17944.2,1053.72
2023/2/19,248324.69,105798,7307,32817.05,20219.19,1890.49,3970.04,11394.94,52686.24,28063.05,1807.31,15209.74,914.16,7187.27,746.41,11181.77,5058.75,9201.5,7878.66,4178.82,2423.61,27453.48,1747.43,3267.16,11787.45,15503.79,20010.04,3282.3,17465.8,1030.42
2023/2/26,245865.17,103866,7283.6,33390.35,20581.58,1928.26,4045.64,11689.01,54182.27,28583.89,1841.85,15578.39,945.41,7348.12,760.57,11190.09,5212.38,9464.2,7947.11,4294.8,2432.07,27927.47,1742.62,3328.39,11851.92,15608.42,20567.54,3232.02,17594.35,1013.35
2023/3/5,236419.44,103618,7144.7,31909.96,19774.92,1772.7,3861.59,11138.89,52794.53,27891.05,1799.58,15427.97,942.75,7220.67,743.03,10765.26,5384.56,9285,7748.35,4229.53,2394.59,28143.97,1799.32,3230.08,11442.54,15526.2,19319.92,3177.43,17412.9,1047.2
2023/3/12,221740.27,101982,6994.8,31858.89,19387.72,1725.89,3916.64,11630.51,51925.61,26622.9,1678.16,14768.2,948.97,6925.4,722.43,10613.55,5136.44,8719.3,7335.4,4064.99,2395.69,27333.79,1725.5,3250.55,11278.05,15452.96,19518.59,3183.28,17100.05,1047.71
2023/3/19,219276.73,98829,6955.2,32238.15,19501.49,1734.92,3970.99,11823.96,52771.12,27359.21,1670.18,14957.23,977.75,7015.1,731.81,10634.04,5031.98,8792.5,7405.45,4130.62,2414.96,27385.25,1779.43,3265.65,11634.22,15914.7,19915.68,3212.64,16945.05,1051.42
2023/3/26,245716.17,101882,7177.8,33273.1,20099.89,1802.48,4109.31,12221.91,53904,27565.43,1758.56,15628.84,996.76,7322.39,756.18,11106.24,4812.93,9232.5,7631.74,4315.05,2476.86,28041.48,1739.11,3272.86,11726.4,15868.06,20400.11,3258.9,17359.75,1073.68
2023/4/2,252848.72,100822,7219,33485.35,20196.69,1754.46,4105.02,12087.96,53498.39,27189.35,1754.24,15597.89,974.52,7324.75,759.84,11230.07,4924.64,9312.3,7741.56,4309.45,2490.41,27518.31,1741.91,3327.65,11967.74,15836.5,20331.2,3300.48,17599.15,1078.88
2023/4/9,275717.41,106279,7361.6,33885.31,20579.91,1781.15,4137.64,12123.46,54460.06,27914.13,1854.27,15807.5,982.94,7519.61,761.4,11342.86,5092.88,9362.9,7871.91,4390.75,2571.49,28493.47,1740.01,3338.15,11800.09,15929.43,20438.81,3302.66,17828,1063.43
2023/4/16,290890.53,104367,7330.4,33809.03,20693.15,1791.51,4133.52,12072.46,54175.28,26599.1,1900.63,15881.66,1019.2,7577,762.19,11460.58,5012.34,9415.6,7914.13,4408.59,2544.4,28564.37,1712.47,3301.26,11450.43,15602.99,20075.73,3321.82,17624.05,1046.18
2023/4/23,297960,104432,7309.2,34098.95,20636.54,1768.99,4169.48,12226.58,55121.22,27461.56,1923.09,15922.38,1033.57,7491.5,758.49,11437.14,4617.93,9241,7870.57,4359.31,2501.53,28856.44,1751.19,3323.27,11338.67,15579.18,19894.57,3270.51,18065,1051.43
2023/4/30,297140.13,105148,7220,33674.31,20542.03,1759.88,4136.25,12235.41,54937.39,27733.99,1912.37,15961.02,1033.68,7432.93,750.48,11554.24,4400.76,9147.3,7778.38,4340.43,2500.94,29157.95,1784.38,3334.5,11180.87,15626.07,20049.31,3266.63,18069,1038.46
2023/5/7,321529.56,108464,7256.7,33300.62,20419.62,1740.85,4124.08,12284.74,54948.34,28503.15,1939.03,15913.82,1038.32,7414.85,752.99,11564.73,4795.61,9234.1,7754.62,4317.88,2475.42,29388.3,1802.68,3272.36,11005.64,15502.36,19627.24,3208.55,18314.8,1066.44
2023/5/14,338677.63,110745,7279.5,33426.43,20351.06,1773.72,4191.98,12657.9,54296.05,28869.3,1992.31,16275.38,1036.6,7491.96,767.1,11571.16,4501.73,9251.5,7756.87,4395.3,2537.79,30808.35,1825.5,3283.54,11091.36,16174.92,19450.57,3202.59,18203.4,1068.84
2023/5/21,341669.31,110906,7154.8,33093.34,19920.31,1773.02,4205.45,12975.69,54025.45,28559.98,1984.12,15983.97,1055.63,7319.18,767.86,11434.24,4580.67,9191.1,7627.2,4337.5,2558.81,30916.31,1768.31,3212.5,10909.65,16505.05,18746.92,3207.39,18499.35,1060.81
2023/5/28,352936.84,112558,7145.1,33762.76,20024.63,1830.91,4282.37,13240.77,53232.71,28874.59,2018.09,16051.23,1051.53,7270.69,764.92,11443.35,5114.97,9317.3,7607.28,4323.52,2601.36,31524.22,1729.35,3230.07,10998.08,16706.91,18949.94,3166.3,18534.1,1086.96
2023/6/4,381763.88,117019,7122.5,33877.24,19892.06,1865.71,4298.86,13259.14,54512.14,29092.66,2050.99,15949.84,1032.29,7213.14,759.32,11254.42,5626.49,9309.7,7562.36,4289.79,2641.16,32265.17,1794.25,3231.41,10793.93,16886.4,19389.95,3186.97,18563.4,1100.85
2023/6/11,409416.5,118758,7251.2,34300.76,19975.37,1875.47,4409.59,13689.57,54842.51,29425.4,2108.05,16357.63,1047.47,7388.65,772.72,11386.26,5475.48,9495,7642.72,4394.82,2625.79,33706.08,1820.1,3273.33,11306.53,17288.91,20040.37,3260.03,18826,1109.06
2023/6/18,420736.69,118977,7099.2,33728.69,19418.23,1821.63,4348.33,13492.52,53341.91,29150.2,2035,15829.94,1039.99,7163.42,756.6,11221.22,5582.75,9265.8,7461.87,4271.61,2570.1,32781.54,1787.57,3197.9,11058.63,17202.4,18889.97,3191.6,18665.5,1126.76
2023/6/25,426280.97,118087,7203.3,34405.99,20155.29,1888.73,4450.38,13787.92,53526.1,29662.83,2060.38,16147.9,982.94,7400.06,773.94,11280.29,5759.11,9593,7531.53,4399.09,2564.28,33189.04,1749.22,3202.06,11026.59,16915.54,18916.43,3205.91,19189.05,1123.13
2023/7/2,436732.59,118782,7156.3,34289.43,20103.89,1874.16,4446.82,13791.65,54039.66,29747.86,2015.11,15937.58,969.33,7310.81,769.89,11193.92,6106.76,9486.3,7442.1,4355,2558.42,32764.5,1779.07,3205.27,10968.12,16762.17,18506,3185.38,19452.8,1125.69
