"Americas_out_Americas","Europe_out_Americas","Asia_out_Americas","Americas_out_Europe","Europe_out_Europe","Asia_out_Europe","Americas_out_Asia","Europe_out_Asia","Asia_out_Asia"
13.0189717598731,12.1663939203556,9.0164572247118,7.4479381226593,17.7025404246564,7.282807823082,4.71285069174064,8.06731805691298,10.4235568451588
13.0678499138511,11.479339373991,9.34494838519431,8.73442623359851,17.7410171132591,8.13245704649629,8.27545333142163,9.8712022621006,11.4289329269827
13.0619931096693,9.18102285096657,8.9490463160097,9.24478580532191,17.0754094269868,7.87116283951709,7.49005184789587,7.08278094510399,12.1180491624447
13.0473267984506,9.37809962998512,9.51308685015578,9.17596905038243,16.5370168761898,7.90806042553343,6.78315574216413,7.76855953116339,10.9092410006513
13.3450211519841,9.40060248238572,9.66861186595653,8.46664376250855,16.5287839119646,7.40762831342585,6.27303819235137,6.55553461098711,12.1297955315861
13.7736558442118,8.80975095038447,9.5168424407562,8.47669775643572,16.4324426549509,7.7335423070518,8.51346500252656,7.6775223036971,13.0140880177962
14.1745505641963,9.41887828241647,9.79889106690392,8.18854506059758,16.0416317758085,7.03368913688261,9.36157691996,8.05108701218333,13.068033626206
13.606030247709,9.60669283069264,9.84516032669819,8.83004359680888,16.1374061475202,7.3254369071274,7.74482805244121,7.43861727443738,12.1646212565272
14.2538465357216,10.027942478393,9.88453531910188,9.53923993790447,16.0540882140785,7.72296168500203,7.22566407779992,6.36572620165572,13.3987662602921
13.9050263339489,9.72182587412177,10.0416661798307,9.68772106292211,15.8817839707443,7.32889514681719,8.57969145889486,7.83229858421898,13.3243964779462
14.0863703661128,9.74853184328538,9.74515989052059,9.92225181339673,15.7523950746646,7.30920007386302,8.58037569272866,6.34386057924972,13.1922150768838
13.960466490601,9.60159866117536,8.98580760088606,9.1444899674778,15.8654311027221,6.77316851231712,10.2926528425165,8.9009435416152,12.7686878546346
13.9308237228431,10.4828655380494,9.86750332327744,8.84513472771033,15.4661239883659,6.81002527400035,9.45567604864831,8.14007948428875,12.8923512747053
13.6918529494362,9.03686567688908,8.18361600468879,7.65881434612094,15.4020433399114,6.80482754613806,10.0979162798576,8.78619096922061,12.7664113631845
14.0422621636809,10.8031571396169,10.4898387638969,8.56197929928507,15.3983170241132,6.89391716426567,9.64370757275121,8.98010361046706,13.1917995972771
14.0373885084066,9.63213878141607,9.39609746818246,8.67109571245538,16.4095127400844,5.99410097182687,10.4593191537019,8.85491494140426,13.5232146261385
13.9723241440337,8.52462719466018,8.4644639288755,8.27192362754939,16.2098482322933,5.91958453108479,10.4809682134474,8.733487757072,13.4368621266106
14.1294481541741,9.19499708689311,9.40094994435115,9.15914687363438,16.2287215582607,6.95703341696579,10.5337730987869,8.5385292390428,13.2755529601625
13.8756162237209,9.65206758213921,9.91525342039714,8.90409036082228,16.1465948074461,6.60921902928269,10.4146077925385,8.48632282071164,13.5494857265195
14.3210111982014,8.97808418907514,9.46489937294578,7.73564125337119,16.4988540679052,6.50696081904579,9.87966712391999,8.20236690121361,13.5661608309584
14.0901651398388,8.97647435084229,10.6762329703664,8.27090006620221,16.7651511550874,6.38621051380176,9.86199831555972,7.89847141474016,13.9212660866213
13.8218711868498,8.90915894506165,10.3129322842381,6.5760515661248,16.6556881580293,6.47038753552594,9.40600615777428,8.03107203225815,14.1841812234341
13.6199670783604,9.11546687993663,10.3896235174205,8.1706589389107,16.1462941610802,7.359090775428,8.76389179492791,7.48874799760486,13.8335270691638
13.1999079462768,9.64751457064475,9.54007658561661,8.43688177830729,16.1865367081137,7.63132720139822,9.0784895600027,8.15282084264167,13.6075061140504
13.2727612609651,9.39598842381829,10.4446254409035,8.78122589613708,16.8260246799404,7.33837529832922,9.78888399261443,8.27207701822017,14.0991040438599
13.9295366541856,9.92882491770537,9.71475836786561,8.66512559399277,17.0749759570314,6.43408517265327,9.71570604349052,7.71652666723376,14.0210091514857
13.0535817570816,9.38311811116992,10.3434278327245,6.98925806771465,17.0780329812869,5.4543077181655,8.64737622580686,7.62437845968895,14.0489133949732
13.2433059535422,8.96947537505622,9.78201903791261,6.47518345716497,16.7943817622527,5.6684742697624,8.9231350406369,7.5413331924917,14.2719906475107
13.5194245774491,9.58109519078181,9.78777062522182,8.00198045812159,16.4585401931607,6.1809756821719,7.66750910845482,6.79864079953203,13.3981535844797
13.166284716832,9.70833151094151,10.6116775615753,8.43773520777569,16.4972716560249,6.32945419977968,8.21554330265786,7.35533679093088,13.5815645163722
12.6935570545122,9.51989304092286,11.0689233394602,5.52158219669855,16.9901754924661,5.63263560344572,8.61931657110616,8.0149475336046,13.1576645779786
12.6498881389489,9.15046826244289,10.7443091165244,8.6309456592209,16.1256458885128,7.42871641041926,8.46284620031579,7.64559788760543,13.184865809445
13.3301287213776,10.0266540542626,11.1712609544861,9.14826442123007,16.1989440740729,7.65844078931619,8.44611616757993,7.81505323427042,13.195991486752
12.9904797990126,9.78099043605685,10.6887388356941,6.77568965051132,16.3702832435482,6.62966474162763,9.09963808713364,8.332954153887,13.2040686788725
13.148670550879,10.0274442522575,10.6037855206353,8.37647196388341,16.4035542626438,7.43057647692915,8.89138711628126,8.39693956100747,13.0214805405188
12.9137472553291,10.035323778258,10.5189935172493,8.92916211044147,16.6157594777387,7.86917643785579,8.7159306343245,8.50623636785516,13.1632051873288
11.6467754517082,9.17236656401298,9.57115621548796,9.01656309146695,15.7356963619672,8.79321067337157,8.9953247567363,9.3221210325687,12.7723182519267
11.4805000942708,8.33011210276896,8.61067798797787,9.50399841796364,15.4105646105687,9.18647847152659,8.81760539519326,9.24418695184293,12.1587199132661
11.3581088078429,7.60365315061946,9.3244527437906,8.29816196120643,15.1960654940749,8.54565665840681,7.99963953917217,8.09183002242494,11.2200909830191
12.4738549465205,7.85421496098176,9.19550443086695,7.73773801804256,15.101988164984,8.21130995404903,8.31406621292791,9.00677362777457,12.6523074313454
11.6772621093661,5.74616456593411,8.55908815708169,7.56913607101843,14.893530507554,9.0164943956057,8.69778945275021,9.34856022566101,12.8495423644281
11.8573808564247,6.66804181531172,9.04828487835337,7.20557564138869,15.061277555586,8.76895579600089,8.82707785685731,9.62134131737548,12.7725072757119
11.7813798034149,6.73010908896954,8.86498909198353,5.85241649156972,14.9948772467611,7.74332408214104,8.62795649031689,9.14880728847975,13.3494293505829
12.1907598071227,7.35144091103002,9.5287748456698,6.52170173467906,15.1006930195122,8.62711819666622,8.52343624855696,8.58512400766763,12.8284201534705
11.8066967395594,7.45131850435983,9.45130499449124,7.04565641596067,14.8369274675372,8.7145237658171,8.46389106236373,8.2199977643777,12.6836282508444
11.098886261015,6.52796431015137,8.87364348283562,7.37033432486306,14.666181956871,8.79862073214218,8.51525869819476,8.32883514344135,13.2743091008667
11.2697205352476,6.79669430295286,8.7972218071668,7.31094311726467,14.73371230363,8.3371605602318,7.99186741988927,7.98059217848557,13.0835106045213
11.3714227249067,7.46570847711826,8.66052237879217,7.80106748777052,14.6799642206743,8.95370890396569,8.89121786349756,8.96493185538515,13.3757723658327
11.0363128014909,6.36729948154361,8.93990364975339,9.0873599409352,14.4308431549307,9.30859752305242,9.25402093893191,9.81001341726495,13.5689539903975
11.3970719634453,6.20379240936364,8.12334630502495,8.91031027163769,14.6909629625065,9.34764116148469,8.68566246547283,9.26818297541027,13.3049531853443
11.0046374859546,6.72560741355428,8.14527209317233,7.80025802937729,15.3883100659005,7.97393484845183,7.79778931804093,8.30829154461586,12.8412418091114
11.5018492416974,7.37466120790608,8.95085820380856,7.89027625554726,15.5212948196765,8.33284709929309,8.21131234188786,7.89032700064446,13.2893165018462
12.6267182591606,8.20763473891982,10.3633559769749,8.52850311611307,15.1312033887084,8.78206566601223,7.94745633153257,7.91361347544049,13.1331915151325
11.392117573211,7.19514279552601,9.63474914073305,8.92218307822892,15.4784313386216,8.48971901350253,8.4414048416377,7.65849506401113,12.3132084382506
11.644370357985,7.33113176454468,9.5203947794788,9.25562699793332,15.6185269133048,8.91369341651927,8.98809335027469,8.14538329327168,12.6313035698938
12.5036219751148,8.55202476521983,11.1876090366979,8.86158377382003,15.6263757231153,8.94222503723614,7.54447039701694,7.8321856050473,12.9511007151565
11.2748199827529,6.7628404276143,8.8955060977168,7.45721030726126,15.8760206155159,7.37025632757921,7.79678725360092,7.65912768289023,13.1161308647486
11.6434855043468,6.74264386626254,8.61019801311996,8.50225140471891,15.8772378322726,8.09583142622338,6.56450820782022,6.6718790448495,13.2879999696654
11.4969475752992,6.6415647904641,8.62177021928473,9.32213650687634,14.864312160416,8.02344679330839,7.28529702141536,7.15214211415307,13.5786741950228
12.37427559725,7.5733567385401,8.61167620435871,9.18257660586284,15.6754485009886,9.1361365111296,6.74656934394628,6.86821865590126,13.2988730782777
13.1003995119228,7.95183058433067,9.33694813387278,8.42993715777529,15.471299023725,8.98393981576326,5.26082101668401,4.31116314276147,11.1217853881905
12.6576082481305,7.25942720233992,8.46993992925464,8.25149839013135,15.5644242582593,9.0660329888144,7.11650335933856,7.19744945057751,13.5235284709179
13.096669719626,9.39778875334433,8.6828723842127,8.39204075870697,15.7656663441671,9.0452662498854,7.48891151199928,7.44702053482242,13.5674272569866
12.5815473922291,8.04897018456429,7.25924956404587,8.25726517607076,15.5092014740457,8.71234510266057,6.86793434694121,7.12645037719486,13.347887867641
12.5865925000057,9.12591906073964,7.59748029318221,8.4617893839069,14.9212557355382,7.72043491407395,6.89699428472985,7.74999210231781,12.8910518782669
13.1609324241683,9.92793923393521,8.60522057134263,9.06961536744368,16.8255742980756,8.11380232980516,6.13860943781897,6.65364537078366,12.3276314050999
12.1452956096735,9.24217631906631,7.76432249189107,7.7909044932126,16.3095955005852,8.87648768604514,6.80708433549465,6.53586223442507,12.7590488992892
11.6777597198033,9.95863425732006,7.88697111103795,8.68245481416473,16.4628935142391,9.12407752480001,6.8792519652107,7.85697067537543,12.7054803412458
12.3171265613698,9.66234079287194,8.90889515021376,7.98540295274439,16.5164505542705,9.06060212189918,5.20676532563025,6.10099326290079,12.662367042624
11.9333726778469,8.91597634129492,7.85261735577174,7.70324266685069,16.3219440623385,8.47791772677888,6.06894420274776,6.03068687903957,12.3084926879862
12.4508697548201,9.15884444936635,8.42268947729068,7.71843209279356,14.9850170645458,9.02186329351927,6.58543479402814,7.52674732779323,11.7975119244914
12.5026696140003,10.0393563256344,8.7197308999639,8.57978769076627,15.8127715578949,9.93957822794554,5.26352355515907,6.30373746808783,11.7437021278356
12.7952572921034,10.2458688778382,8.61354609257483,8.20564557456996,15.6173533164139,9.16363755635318,5.81627040402377,7.61201797989024,11.7941034176388
12.061496321194,8.04582092244352,6.9779928293196,7.85737503527781,15.0369981796209,9.17410903837981,5.50015381569956,5.80184583316198,11.3263127142419
13.1579600742263,9.16073730259474,7.90407781453507,7.31241897373287,14.7284324978579,8.14539244005989,6.84145705316187,6.39725675888436,11.3844285022704
12.9169775449985,9.64149469899233,8.51171684641688,7.76836818016527,15.0561497732848,8.55698826642485,5.92043452055704,5.59472638146076,11.0826578651325
12.1697883013483,8.79761530462958,8.0782661287294,7.9937717087671,15.2391305718776,8.16633211459109,6.87842395906673,5.72706021161706,11.2074082035378
12.136073320254,8.57065499071978,7.50915715437551,8.79271244359922,15.0848299763098,9.03783236348949,6.01178810260619,5.33130214320484,11.32231277886
11.9760668926162,8.39686500286369,7.53458134071054,7.47828268170433,14.2949963386207,7.71788114041523,5.8565341766004,5.13215353683905,11.2518509858408
11.7052369119963,8.23326823850339,6.88769117307884,6.41651456630807,13.6248749780276,7.39917113294485,6.19670506720282,6.13274559645031,11.6562657655267
12.3736284156769,8.41188324503904,6.92359838798439,8.22916665341103,14.6752290343592,8.07804120316649,7.14225634272123,7.34007219868995,12.1646072859246
12.213473082397,8.16714975216933,7.59107727917412,6.71287578876338,13.588294788766,7.85468546356124,5.46660220902189,5.57266771386282,11.8541153706361
12.0807196072375,8.25226016842457,7.37776768541816,6.32216591656835,13.610259176607,6.70019918649512,6.29572965574509,6.25274707259844,11.4082890136549
12.3320262898923,8.17793509779649,7.24126876958492,7.85663099691448,13.8512842470865,8.2919299572034,6.20026057730594,6.43057462279332,11.5620945570489
12.550990423022,8.28058915150917,7.64784356301512,7.84562172114796,13.7916879610133,7.67372448510449,6.49417627915081,6.38783827917797,11.6006858054781
12.8054544590924,8.2358649062854,8.24873401632657,7.94469889880706,13.9026453480325,8.131478443769,6.1181839527995,5.76800062858334,11.2131864663717
12.3665433659986,7.73730275793966,6.85624208582982,7.29707900190538,13.2580951963345,8.6961596227032,5.94532022991058,5.52448648972487,11.6037810803529
12.7331086740507,8.4297680926557,8.23427356463929,6.52916381508851,13.5327349856946,7.74275409922179,6.78046676432146,7.54098580734864,11.593077374504
13.2304259496136,8.89860179962995,8.35724382382765,6.81625697749958,13.4702685224342,8.52144085369696,7.16918017736201,8.0020270704248,11.4932391758142
13.8568187860402,8.75791042093226,9.37160989435416,7.89484476670458,13.6899844043833,9.36385291707654,7.4467210215859,8.49265286601906,11.445521933856
13.927098015673,9.06963172906315,9.10580739085972,6.96715992405988,14.1170552022904,8.22101974043395,7.1864193085644,8.25407590606316,11.620814176023
13.6286769198828,8.71831444344622,8.9608693309032,7.74451473278662,13.7939466086287,9.15313039151816,7.23756497687779,8.27120663850339,11.8187276013737
13.6726562078641,9.24691898386423,9.18951895208139,7.22169513577764,14.4349125618847,8.08338507027677,7.18284240607959,8.51707943569886,11.9321785627447
12.6939674781821,8.73484203339621,8.68952404283675,8.30877734704176,13.9573117702758,8.6032665312005,8.75174575292014,8.55418605242319,12.228598766095
13.2657514815288,9.26813505826627,9.0954881301345,8.48811382385125,13.8727813424123,8.59862665548225,8.87282683456541,8.20229859702882,11.9848870908197
12.4288125015671,8.69996313361961,8.67578892692475,8.45111630756479,13.5589253020095,8.51509712055323,8.60252508031744,7.99961192323506,11.8434225761773
12.2417734791887,8.71219038943953,8.54403891396952,9.06670682324494,14.4293878472453,8.96133681069302,8.68308581324939,8.11275321444862,11.9913891633151
13.0930475713323,9.85632361074421,9.79472016382989,7.58972615908903,14.2478231424758,7.33597159893303,7.51785030410695,7.42075556669775,12.7367039401709
12.6348013419045,9.38271079743871,9.53877821852629,8.27720395806188,14.010243864078,8.45639094758797,8.4322885121285,7.53202856693631,12.3050140697646
12.8670390107628,9.08463570607778,9.07653122118549,8.80600517623514,14.2652234741182,8.67778307990626,8.58202702161504,7.58986564407444,12.0973605211631
13.1645923321895,8.94062790687572,8.87187636343566,7.26088031747243,13.8606837378714,8.18653526087015,9.07344541496247,7.59571369752037,11.5536467802746
13.1405947467364,8.55767589170472,9.12904167766343,8.21102042236805,13.7138791974388,8.21399089163847,8.92561720570635,7.60911838545807,11.6743749383092
13.1804061491055,8.72807008801304,8.70129750400592,6.71324629627174,14.2438084700613,8.08863563133779,8.12858022208229,7.55810316408851,11.4398802031683
12.9804453469553,8.38068181745674,8.46652777188694,7.28802476467619,13.767459404205,8.26646485861732,7.7229595409322,7.95779399200292,11.7802894645864
13.4065811453392,8.96815528560905,8.82717083095723,7.39010536638255,14.0039731075938,8.11907724201312,8.30203785184719,8.04320316712943,12.0693767169357
13.2611002069077,9.29334103000003,9.58676775495891,5.46911349899747,13.9005859681185,5.75570277465814,7.00063873570652,7.7857037433184,12.7166290312735
12.667743730162,9.36630033546112,8.48317207038031,7.76191818312518,13.7691642045258,8.01972523578101,6.32342899990648,8.39169338378501,12.3769916116714
12.6669787315405,8.91085012225724,8.25183737076561,7.5444207863875,14.4215037217722,7.50170436743082,6.77496994562673,8.02445568197329,12.7188762971765
12.6875984338747,9.00621073273621,8.35749125273782,6.82452123148202,13.9278674307297,6.76585898538778,7.44226791481193,8.7150084342108,12.5400518998503
12.5117685082262,8.31730791177988,8.30779921376246,7.72480925400988,13.7040321502234,8.28273165570012,7.2080375350816,7.33839950397632,13.1187560710338
12.6664742643045,7.8813233483083,7.72919282203681,7.40539563094419,14.0768845784319,7.24814276833124,6.87972674347732,7.40596729410739,12.89733458745
12.7499521617572,8.24361880271186,7.51558011554939,5.15659630773147,13.7556326509193,5.17576451266221,7.08363259945623,7.46944449981573,12.8982633690029
12.6661364064514,8.07634134988483,8.01991741613375,6.8151900389516,14.2722535975926,6.79257935375457,5.31112611857516,7.53379716058184,12.225334823088
13.0712465873527,7.78823661612093,8.13380590962639,5.53550099930816,14.3149062567907,5.49690631487005,5.32218201343356,7.55317812878643,12.5429126670853
11.3942617942118,7.44703558929769,7.31986723352086,5.78622732886873,14.4819985781665,6.17095835173125,8.31252562120596,7.81160534489252,12.4999169204681
12.1046968707196,7.31217915794262,7.38957599687692,6.44146749488959,14.2260907216801,6.16936991151066,7.03806995341578,7.5383015424858,12.0271242747137
11.7805672831618,7.35760639099187,8.12830765696244,5.80824914841968,14.0668048359247,5.3374465656601,8.11910828325951,8.01534896335051,12.4001588445268
13.0655784287209,7.30192935868908,8.38841331046537,6.68711102153347,14.4377133327247,7.59939098740379,7.7219349121518,7.35682787378576,12.5551961334851
13.05510115322,7.23503452219569,8.10718836649636,6.10701432153051,14.8615912390599,5.86872404202281,7.27455765207365,7.87736276463451,12.8418546849798
13.2023794046985,7.55372307492267,8.86416358855626,5.6842301274621,15.3614063901825,5.90443132506949,6.88679066070993,8.41628793110467,12.9976027571999
12.6558225647881,6.83029912825429,8.2367583549443,6.06529583202034,15.264743947314,5.73905036670325,7.13069952671368,6.51431835125801,12.8408606405253
12.5067985560724,8.54868055753053,9.5794361413428,5.99324891157547,15.0315877713055,5.71815139970045,8.86231775879061,7.70780650701432,13.3141116234595
12.2718303518057,8.70634361935581,9.62146221042786,6.72797524672191,14.4528252872107,7.06119293630174,7.886505616969,6.59836090737077,12.98507802367
12.7830973359319,9.69974610480639,8.94523428522809,7.86535309827882,14.4548656125346,6.47968898233013,7.48135043609499,7.64555491388534,13.2905021770122
12.7918645437778,8.60444266012286,9.55102294388561,7.34066439774712,14.7506129406452,6.51798173615026,6.73804782707561,6.84010786650569,12.9667984041457
12.700850485021,9.24272270222098,9.11551252696423,7.64028612856236,14.89750160453,6.659027986205,7.91464706459252,7.1304886633787,12.9283535130824
12.4020608559393,8.39442593599223,9.35103843588382,8.65642507518834,15.306711236012,7.66567998447552,8.44845638293615,7.78809663407604,14.0899410740702
12.0855542020604,8.1295020543579,9.36221530611533,8.98310183098394,15.1209743471359,8.51903757163456,8.95270992111688,7.44177216407058,14.180791569564
12.4751422103922,8.58970153289696,10.0168992946162,8.70462672499018,15.3003840952051,7.91216236149973,9.02570392554549,7.88970168442696,14.2104700353376
12.0189371110337,9.90280624508008,10.1515403375947,8.55290806334086,15.6903770957038,7.41692016855508,9.15131197204697,7.36421549899914,13.3293820913627
12.3289597589481,9.71574339896156,9.93585573880174,8.49501554009222,15.8510886325027,8.06419824895108,9.48690108349471,7.69546080470062,13.1525670247685
11.8172656363758,9.74727730552017,9.3425197182673,8.73393443450554,15.7220780063983,7.51170853544802,7.71465334647941,6.75632814930518,12.1913458114513
11.7379560196639,10.2619392104674,9.71499929769318,8.91786514749235,15.97770630179,7.67243658140346,8.4583433124991,6.74108989475419,12.5200153455874
11.242656566413,9.64372276407046,9.25642432699517,7.87793436368724,15.9629277828773,6.42463605859516,8.74866390022881,6.39652732260751,12.7312382545599
11.0650101271582,10.11828783488,9.80417773837744,8.61696289306463,16.0898010120793,7.50785187621977,9.17101597190215,6.43541104683824,13.1973061977289
11.9222685544849,10.412462733417,10.1652562818755,8.7182892819665,15.9864418560989,6.96548795466355,10.0692567731986,6.90457296528627,13.3661115333599
10.8679856776935,9.39364799787947,8.90652104074016,9.36184985471714,16.3395363662869,8.04402079838949,8.37689625732245,6.22683975134546,12.5435718386821
11.6839840145186,10.4065033622835,10.1299527547081,8.96088267090535,16.4675029849668,8.07962388288757,8.64752497392528,5.83406286645649,12.7869514761271
11.5866163390861,10.629171701611,10.2758554804373,8.19386022295146,15.9991991633956,7.84667623678385,9.2220882667657,6.47373539046399,13.7107380970351
10.963715811792,9.38128525527829,9.25687854579311,7.31847932630259,16.6068129399688,6.69273989698872,9.55233864293407,6.82499740914932,13.8320902313552
11.7070408385553,10.176342429862,10.5258895866572,8.18658267930691,16.1731953299858,8.52265402346104,9.64661104227388,7.0488612672062,13.6401894825337
11.6622532881517,9.80962815944709,9.49164370576763,8.31506708056242,16.2164350996624,8.28285395510821,8.76972629464194,6.52410067451528,13.4048960634206
10.9645269265261,10.7516610628559,8.98372560302467,7.8081256398517,16.387461982684,7.39259070428917,9.13061979960222,7.16434640009189,13.1644808590399
11.0323113390899,10.3095488389412,8.42511395742112,8.78208759233418,16.5613580756807,8.19668012900095,9.52189003460599,7.06512016830193,13.3840843117112
11.5460636109864,9.72173612536679,9.62473782995556,8.51544308967266,16.4317015166343,8.07986813908776,9.52066271786771,7.42368836673068,13.6374823490359
11.2398960971257,10.3826673537942,7.90181752269497,8.82205143006284,16.3535958017751,8.05095967603952,7.99302843992901,6.51807241531038,12.3561287494276
11.4205636878248,10.328703723605,7.82011919206439,9.17893522587548,15.9992310352302,8.8152210208886,8.66209460818453,6.90520086935798,12.4460990454816
12.0129928305986,9.96101556955533,8.99257495239844,9.00806029013136,15.694072804013,8.51991334829538,8.87139018077624,6.92183742998935,12.7640334754037
11.3113628048075,10.0753907726922,7.01952240033803,9.22911189901937,15.7443461720558,9.11128599595098,7.11332829743226,6.77856871593035,11.9539249416702
12.2276765134155,9.91075174798007,7.87829553278254,9.05739284792148,16.0384921490585,8.97689905487972,6.93856138535828,6.57119573966239,12.1740402738727
12.2971589962021,10.5484707979195,7.46427944845406,9.75248921691375,15.360228722794,9.58790001323235,8.02400213641331,6.91047133804187,11.9097595646455
11.7934619858236,9.99071066871993,6.630584403567,9.61265195934067,16.0072440184551,9.34559292679335,8.17288046335134,7.02487272926995,12.6455307330482
12.8846188280583,10.6248894359266,8.88051742090796,9.5700432322207,15.6330393282784,9.42594877130948,6.97013138268607,6.22064991020207,12.0082999379402
12.2861106371931,10.5650478230973,8.65948618815343,9.22649758471805,15.7036188047674,8.58156506988866,6.32159722183986,6.71792434240131,9.76484699690674
13.5381302108588,9.81211080730737,8.91237436208094,8.78283618603627,16.1159516355096,7.46854617868989,7.80378594038891,6.94194927690134,10.562440780101
13.7908101551833,9.97239054176113,9.27635432785495,9.59530489982909,16.0891906343629,8.64635391311194,8.20484567825675,7.25688308539622,12.0112763780626
13.3750835894818,9.72078238731187,9.01978582589202,8.99580800809995,16.2710991890954,7.94825568053722,8.34335189561671,8.35254616927196,12.1866705445571
13.5778768170712,9.30170137442258,7.9259876840281,8.45981585174475,16.6521087034088,7.81636028425047,8.13879844332452,8.75156623486491,11.6953068712641
13.7230956386399,9.57807512399708,8.20135681222328,8.46286827619652,16.7833166302313,7.54912176043837,7.86171839369226,8.51447170627866,10.982521480736
12.5273371530707,9.28957231205989,7.36527847331356,8.04529064309588,16.1185958991017,7.58431676419758,7.90057633759577,8.08367176452927,11.0461369152151
11.4448746052775,9.26279161708327,7.65006798788575,8.42994488494285,16.462519595069,7.7954752199528,7.3511366271393,8.13690870102564,11.3660214729363
12.6848110336367,9.143588092126,8.23339447469625,7.65970396983098,15.6521351920498,5.73003895235949,7.14636666551086,6.82219724721029,11.2301952915525
13.1914281482163,9.37404993656165,8.02858386558372,7.1934989871171,15.6157454226782,6.11538896301525,7.13018305685682,7.65884184117171,12.2594551191448
13.33359764913,8.98850108832037,7.68282053715274,6.21362556564999,14.818127791464,3.97069944749243,7.46680463885628,7.59486678535911,12.40423410775
12.8094581026638,8.25709237581789,6.85543391227088,7.11051932591834,15.7494474650218,5.55115825867154,7.93130452588044,7.25665352970992,11.6803259096356
12.3739220323405,9.80495017547099,6.89661078380176,7.81207650591271,15.1016630363611,5.60444590189056,6.67891026169788,6.43523946970779,10.676721007863
12.4703523742348,9.9602880538685,6.32951113650951,7.94115488831795,15.1052877389286,5.66969923812266,6.35465762813217,6.06352848663329,10.6403243113062
12.559012950537,9.41419209183827,6.75203087062049,8.62314648322035,14.7956747136929,6.80313377414791,5.95828512874088,5.9678826649839,10.5198755987533
12.4876357943687,10.4574888720801,7.48113246951596,6.93268011510224,14.7410121258684,5.75819577847244,6.11252341681039,6.65566141567178,10.437881784396
12.5157683827657,10.5355761312637,7.05823465095009,6.70618266745579,15.8365553150328,5.12513410384074,5.95902776501829,6.15182621595171,9.4177662841504
12.0821443326118,10.6790483597123,7.22583228676575,7.18953987665662,14.6214439229552,5.12572497472999,6.57631742515528,6.41668186541705,10.3038940031061
11.2862177957899,9.4149435049588,5.75606642375474,8.10526627829786,15.4414182577133,6.58206474766995,5.23504762352039,5.32210433575809,9.34732542174334
11.1951423175534,9.82772930938892,6.23897437246269,7.1585748281787,15.3413986306331,7.49014619253954,4.84125883301646,6.02152774774335,8.9996730828784
10.9636769044984,9.68550030303698,5.58854664278772,7.07122243296103,15.3104019414377,7.25580481796297,7.86747192020233,7.80041733824209,10.7401372956837
10.9376659118321,10.2463707047319,6.57684072735517,7.65089895418749,14.2252918736074,6.91331185807675,4.99565667670181,5.89637290281521,8.86202164111924
11.6041273319431,10.5406634149868,7.43398227617289,6.72671802770505,14.1240201010363,5.99738690265482,6.88594287079038,7.33018963299738,9.93990813007688
12.099119298363,10.3713386848664,6.55270456851974,7.34404418228523,14.5602308163094,6.06261227140248,7.5432669896742,7.13932199167285,9.60789347263448
11.9669874204158,10.1338860642582,6.23633169269465,7.16368910233456,14.9559036771739,7.44710623190514,7.54654038059028,7.70697104656251,10.2992746935983
12.0468484967488,11.1665628965621,7.58835455709076,7.81513027808176,14.3669687113289,7.38229714056158,7.49132967160487,5.86738560990634,9.72070629492422
11.7653851499319,10.0797174851977,6.92119146695243,8.64565398720167,14.9382279103058,8.36280441855155,7.78498241418148,6.50074913413053,10.0782657860672
11.7459464401051,9.99020625708767,7.05525815342698,7.1131510722283,14.6966881494407,7.0257492227409,5.98203098909875,5.17499452749507,8.9171063231532
11.9086966297428,10.055726393318,6.97891507314808,8.1377137537468,14.351506036039,8.36416060119662,6.01154894924316,5.56223794269758,9.30102721379752
10.9001210294397,9.76359672867418,6.06335225855354,7.32995312968405,14.4397116633483,7.07289932635965,5.78159815468051,6.28531778843985,9.41463539048391
11.7464306733986,10.9059684335765,7.49864120804911,6.14215156454,14.3207051275108,5.37947465164793,7.16385013157215,6.53902030140694,9.48837853315963
11.3537978028477,9.89999654034141,6.56959361420185,7.18960220559751,14.2431491535266,6.11652549038329,6.73664441763188,6.1077216605436,9.36829536988849
11.470587247377,10.3507587803039,6.58509134107903,7.07435484022929,13.9477184525155,7.13085537148271,5.41541372131526,5.43720604367826,8.48201427667898
11.5102004681998,10.4963873553743,7.19276291378719,8.96518372444521,13.9484824760242,9.00565687687659,5.33163519556756,5.66229687542172,8.66308451425691
11.7042884388758,11.6095659867541,7.59483763202761,7.69316008224957,14.0343169047779,7.33257830956329,6.03644098732135,6.07315727406413,8.51270779840221
10.8704093477427,11.0728750691177,5.37501312619391,7.0994002350363,13.8209294325334,6.21909825251766,4.63349704661312,4.60863008935026,8.73909364803188
10.9404397702055,11.28645130409,6.38537425391638,8.5352891034649,14.146013531702,6.93063752217153,6.48906199768555,6.13718159164376,8.18496081171055
11.149320356032,11.1501694289105,5.97280342265294,8.69631966568287,14.2632386203452,7.10153779180891,6.13934545261058,5.75628399941164,9.24648442953598
10.2462695495059,11.4333833621639,6.58293021799259,8.68061259429003,14.4311120034636,7.00321595538294,6.43153036970338,6.36653046827319,10.3381547897942
11.0439530741035,11.2535516210312,6.76156606173753,10.7325717060609,14.6590158207746,8.0895933831824,8.04321968943666,7.40396542925628,11.6551685341082
10.5855671228275,11.3043147580596,6.86984144883145,9.14530985856832,14.8526805491352,6.94518945656246,6.528114248382,6.45699768865391,10.7236522302215
10.7702933833683,11.477310739714,6.8326227471575,10.0646171861611,14.7617469356627,7.30129390426486,5.82796765107563,5.80102012740968,9.43430676430986
10.9032455205107,11.5423413705386,7.39902977513907,9.33887265153148,13.8953105105713,6.10917105050354,7.0480430749098,6.49993362242222,10.5532797592974
10.5020364136467,10.4685876225734,6.82859036562755,8.95856743140652,14.8570312068639,5.76594801424821,6.49059311106906,6.09435478755907,10.3722467643695
10.1543087615431,10.2444157786215,6.02177609015911,8.96099493460872,14.6429874908863,5.888397904387,6.50737986001537,6.35561736303021,10.584720232426
10.8009404449921,10.855104723427,6.24513739095994,9.72320998360898,14.490154559642,7.71208214938984,6.13174746478232,6.24128657968369,10.2104379007319
10.3235342792262,10.3688768838287,6.92478729145702,9.59710313421424,13.1806572142359,6.18133639639808,6.17788971953444,6.37061661572133,10.38436939132
11.1734950714896,9.72163076105358,8.58166889531634,9.80570224545936,15.3906684100408,8.6344495771128,6.460489097474,6.55291445546292,10.5019672974948
10.6081811202972,10.3266715894272,7.9383615051705,9.80834578355799,15.6203589482039,8.62782037403493,6.22720563206366,6.4747375802156,10.5746770999209
10.622238237136,10.3027951600833,8.16565315910788,10.174757931214,15.3983773305291,8.74655523515054,5.84792769933129,6.07921710217153,10.1054167807657
11.6502878006373,9.71160499917992,7.52213274053634,10.1819816564428,15.0734031847096,8.58944050558618,4.78553162749209,5.47099795423261,9.73163036786363
11.3807756064979,9.3092578647943,7.30092680485336,10.7562098915066,15.2549699230828,9.46149298076807,6.08092258449784,6.16949249170201,11.4082828676081
11.4031294794991,9.75063661801014,7.51012575016219,8.72086302653397,15.4309848415776,7.46509824604029,6.54268543236519,6.48343239499289,11.4574060644495
10.1051785800357,8.25544907212709,6.35622978615801,9.5739454810722,15.1891457090897,8.5799303399129,6.91487396490511,6.77762307730525,12.3220590471458
11.5041253432167,9.24383793735994,6.93710386324659,9.48866593202042,15.4713835419645,8.59896936143207,6.99745803361322,7.06567512048183,12.2356097788317
11.893887459596,8.95881408261315,6.82581563869682,9.3552771935759,15.4222571612691,8.58948659905401,6.17190650573575,6.21259958761309,11.7705107089161
12.0825982762447,8.53908635358237,6.99654987063069,8.90453479061598,15.8925934910397,7.84964783335016,7.53927724470391,7.11646649541296,12.6902329146864
11.520012158446,8.83950009522437,8.001352851094,8.88142676120644,15.8381962184717,7.53339405403328,7.57850669739439,6.51968835346182,11.7309065124116
11.5695393717287,8.98561836649618,8.91540399858457,9.8922650230922,15.2371031478514,9.09259932762915,7.9029637894707,8.08031902619586,12.6632632709072
11.9611215105145,8.44342337356358,8.22329603992006,9.65035916405146,14.9867674856004,8.38930281042218,8.4487214531277,8.66471661106915,13.289036026156
11.6859080600313,8.20182594980972,7.54082192221043,8.35761966102174,14.7793957960985,7.26732845153547,7.64011814413687,6.84475143316476,11.3536615394797
11.0561725103071,9.112781702602,7.50025970950927,7.7410504750906,14.8381057710464,6.90597392142355,8.50352805036053,8.09093336386013,13.3298539308928
10.8161393410938,7.9034294594082,8.53114877251315,8.49784402369959,14.9417004057011,8.00404050500803,8.73873164491542,8.58983003340146,13.5385745869647
10.3630087122004,7.62642301802869,7.56335563988362,9.28466809443676,15.8948940773681,9.40099326560447,9.21906971317402,8.38415019712625,14.3319100162277
11.6822488252449,8.56914431469503,8.46168827083788,8.98833263930957,15.9958484278417,9.31480791105674,8.57249131582379,8.5121548013647,14.1444829852991
11.4190463583433,9.15945343806904,8.72098149308131,8.2065681787925,15.7346988625246,7.49273608205477,8.29690404667222,8.31034374265536,13.5329018755806
10.9728644039567,9.95192082342407,8.33696310074274,9.09777439791847,16.4120927833016,8.33063099153406,8.45040367102587,8.50823649616243,13.4771426650279
10.415900721421,10.3697859053567,7.59803731152425,9.19083186726298,16.5643327841893,8.72029017339172,6.97765474809237,6.65243808237533,12.1220766746943
10.5900033721934,10.4325608816841,8.08047064976271,8.76353160082759,16.4974525273525,7.83942707624806,6.24186566201885,6.22023031383773,10.0079594535261
10.7297960204354,9.42100551715137,8.0128659179022,8.27423744719195,16.9458416288134,7.48152766559543,6.95106624157987,6.63098651377077,11.8185260511182
11.1275551734888,9.77217737797968,7.56924268875673,8.98077263002076,15.986234334811,7.96849774804075,8.18377948502974,7.96880643277354,13.2673558760892
11.5508663329612,9.8410131990339,8.43746174588302,8.87581293947504,16.2826455929333,7.93969542864202,8.66592407712435,8.33672372156627,13.106827851959
11.1601186271419,10.1150500572404,7.74961635857453,9.12044495121157,16.6878802784054,8.71130695726101,7.89529359138771,6.91564220103675,11.9638842379265
11.5093549929339,9.67837933549722,8.28462178048489,8.68151010584014,16.9518430937074,8.32833690093143,8.05248857165587,7.13683808519288,11.7851044130502
10.9638440343791,8.08893952707512,7.67066976871752,8.23845323972174,16.8141327153665,8.19228959369948,9.02220062202904,8.25413433189727,12.862195041806
11.3525414798561,8.96774217545262,8.78169614413496,8.47357690282592,16.6809726215459,8.5450926652479,7.69496336777164,8.18537694766593,11.4319992466514
12.2369227541862,9.40800925578292,9.5014017241425,7.4814391090801,17.3319709723369,7.29611047953911,8.40549140407435,7.86486188536375,11.5896462341978
12.97383239709,9.71981808612347,11.2740025571475,8.19468461217617,17.0897015862818,7.82023539881083,7.55296392851132,7.69735795440116,11.3396399422378
12.2141524589139,10.4181524895914,9.55783818905071,7.22492188818667,16.7832500608692,7.30145339641434,7.39321754654224,9.4556371695147,10.6969016069531
11.5907913204648,10.5123456582287,9.45017897792722,7.11063618234279,16.302100375706,7.72161743531189,7.00195567930112,7.32541606774262,11.0291277315276
12.3224668791836,10.3999530463176,10.154820482256,7.61214122127481,16.6253567402686,8.37509577920608,6.21168849627355,6.08952928731826,11.1226386733161
12.3531688013751,9.90583342711937,10.2763779099803,7.38236085412302,16.4188382303287,8.27776635137493,6.29853948018506,6.97847435367286,10.9373913202626
12.2755230727414,10.4905269130087,9.05887993003782,7.78285916016291,16.4587188296735,8.10686395799555,6.6790479989121,7.43057061654845,11.4436785554596
11.3284466423782,9.37683404563842,7.72532837965698,7.82372998492059,16.1570924025825,8.65691400074714,7.5660509438548,7.68823841437806,11.301456129183
12.7501662801251,9.4161236106307,9.36478644336898,8.09051098862114,16.11741835825,8.70597344930441,8.09519315508582,8.67128366969262,11.7568175426878
11.3231075992949,9.68821310588234,7.97607136429975,8.10553255591634,16.5473539071999,9.04723414998392,7.75307397931749,7.98781277118244,11.2218941486453
12.5175480606528,9.65777896254257,9.19062934743387,7.61897796977124,16.5095252466803,9.08645733148955,8.05756141178381,8.08002960889258,11.1631534145568
13.0285629107282,9.95314517060979,10.1411371449402,7.90907751563781,16.9021967763079,8.49865862781125,7.55049518020585,8.44688091703977,11.7251238403067
13.0193882523552,10.3929594610918,10.1417961254428,8.020317638809,16.8592761066105,9.17572297459472,8.12676019886446,9.09089690421075,12.5822827301225
13.1430734094908,10.701990262539,10.2907296743128,8.23213905587272,16.9050464433451,9.32442203437656,8.1505463026366,8.3888557188196,12.4479805837935
13.1210083977773,10.5919993846198,10.9730425499895,7.33240494918093,16.8604171948287,9.47699365521787,8.49218920376635,9.66995855625409,12.8446516153221
12.7115375991091,10.4806162120499,10.7087039033467,6.98679248442047,16.5001640301946,9.02466901958728,7.5567902262738,9.21984802164776,10.8245893625076
12.834920503952,10.5742539554022,10.95198693888,5.77394827510459,15.0711470256385,8.62991115462876,7.78034135641018,9.41109392161212,11.1396222170238
12.043107067339,9.52974928213852,11.0764121882998,6.17770583354023,15.1713555016607,8.50708249247536,7.4534054963356,8.88955502434715,10.6180620859623
12.9184277789706,8.50884629218363,10.1966006086237,6.28640020895158,15.273227572633,8.45065945958346,8.52597044231107,9.977374562961,11.5277246939847
12.7783004047291,8.86158110143412,10.8904436158848,4.73048647743429,13.5249641844322,6.36552684684128,8.01001684762449,8.7148362219128,10.1995263656963
11.3710273318347,8.32816179463146,9.40705614889325,5.18526941685995,14.3312886526956,6.86461916808432,8.53923736589403,9.16141001965665,11.043969474884
11.5472905658848,8.72777909734701,9.90661365966208,6.07037686615942,13.6769770612716,7.49284918541511,8.15901644385784,7.87051088850106,10.1007546196239
12.9058178116555,8.43297334884302,11.0021939036819,5.24525323665934,12.672365665742,6.32615402291756,8.08909810272756,9.06841371145132,11.0907599101141
13.4600784420323,8.59013463726328,10.8413457708022,4.83118478672018,14.2628151384318,6.86971379360209,7.95025119400847,9.46546912438855,11.2817412090008
13.3341592094084,8.7317242262136,10.5407156870267,5.76801693802453,14.6999192423298,6.84972172583118,7.55129816117465,9.53568639720804,11.6783867113531
13.1479170928131,8.86548301946055,10.4587342608188,5.3790790692763,14.2752495738793,7.06929884038894,6.57066271253395,7.39488610680362,9.98995805550131
11.6822971928354,9.46427821799671,10.1011715868594,5.37026052842723,14.9005200315188,6.99711009820982,6.76774856697425,8.18269972076986,10.1207735392367
12.6710135690389,9.18286430070941,9.60548866557335,5.51634850587479,14.7546365189204,7.09441478920703,5.45566398160434,6.98103461848931,8.97799996036329
13.1291354143502,9.20659685971305,9.81381771718032,5.04544794991594,14.8780993218949,7.10117020035456,7.48525153655795,7.67943303289636,10.1042513106067
13.4729972936363,9.49685295208378,10.1709067301239,5.19507500163476,14.0183373584185,7.54600380839823,7.30856377958292,7.52937791805664,9.8895267707669
12.5816689982465,9.46940096035593,9.14981891855169,5.24002542671799,14.875327334212,7.64316898012255,7.24298463481743,8.20032624814099,10.0961411994703
12.5219697064322,9.71301287700655,9.07047522036947,4.05645245876561,13.7347132976252,6.97744759306452,6.17042816555328,7.74189744644304,10.088897441563
10.817246585406,10.4082011472276,7.11875299378694,4.94478639634442,13.9839390866187,8.13482282517223,7.30755230333519,8.35114620528883,11.7530736164419
13.8698901325035,9.26314375594623,10.1838692402758,5.2532375872843,15.0030070221854,9.10940962875617,6.66414144313728,8.18247392661742,11.7307869776463
13.648683809866,9.15957531316639,9.65739552572981,5.37509548806408,14.580874129266,9.10887709568054,6.73744317145959,8.36174572757291,11.5304444322495
11.9596074608134,9.69518270159718,8.94450374071873,5.53877704419541,14.6692486548542,8.0383342319161,7.09949969139286,8.48632256895274,11.6604943372297
13.6889461985143,9.71895151163446,10.465828891901,4.94791862399155,14.9763821250174,8.64246544370057,6.80136391151575,8.99906323923123,11.89680543918
13.8371400944304,9.18036982869678,10.5777453777874,4.80881492093289,14.534824491923,8.43225343624501,5.29799389187262,7.41692643000104,10.8248171311051
11.3375743792008,8.91092157108473,8.32530445856909,5.59031966987625,14.2704024602614,6.45022275270086,7.55984191315045,8.58055879593267,11.1533091322806
12.1280034847723,9.38225920784684,8.17252734038727,6.10140814167283,14.6650087388372,7.25946664915276,7.7511877351207,8.42873790830227,11.0426710543677
13.1900688454548,9.73511761727507,8.84790914857295,5.44736821370454,14.1976816312703,5.83014072735475,8.18120620032157,8.59929619920861,11.0805430574407
12.0677539129123,9.76810883555415,7.73722242252657,5.17798125459116,14.3152864509946,5.59047712531524,6.10683077499732,6.26564194595916,11.0241380037367
11.7799924354143,9.76153656618508,7.29389197856269,5.7244727787057,14.4165208540279,6.07395706672187,6.01832331641912,6.40892336020994,11.3924872990992
12.3320260141096,8.89670403761075,6.92581931850585,6.03656754342181,15.0030839958822,6.53998582253916,4.55350217442548,5.93958239341947,9.71456374018913
13.0853569363361,9.09616297119462,8.21890826759231,6.53530159931009,14.4319560800507,6.97395744393497,4.68453319005619,5.53758305077622,11.9331742914465
11.6626180863744,8.84829879149831,6.56422421783874,5.68662763560239,13.9158584750769,6.50412733319261,5.28076409519367,6.70575923837386,12.0583654547504
12.3512866453335,9.06509778722106,6.70814691357477,6.27133764726378,14.3770956806016,6.63183439066152,4.9178056994253,5.30193472401641,11.3864262016212
12.4571111653725,8.66599438417873,7.50104752594418,6.94738819981067,14.2279229313852,6.57403954269903,5.1103614149326,5.29441515223214,12.0766928555198
11.2577261364676,8.49609360540177,7.01927861321333,6.71599101680228,13.4790955125089,6.02235632138695,4.97425057844539,5.32022448817265,12.7163962632429
12.2076008736231,8.64080112002506,6.88233858961808,6.59029933614706,14.0092096979492,6.05965568168065,6.50827963306072,5.6267074980401,13.0406049426135
11.4815906170488,8.84326580119863,6.40952845814772,5.18223528790579,12.9650538485984,5.4481542252251,5.58849658742799,5.6956891339521,13.5839852960096
10.5066379251572,9.16021564785645,6.68282717217095,4.85380621997881,14.1453850561503,4.2237012162605,5.95467526136431,5.4157869882676,14.0444657011617
11.7942482883758,9.13432899535233,7.14533506764035,5.59587489748373,13.6915440661996,5.14142996872388,6.4172722694532,6.02935752726806,14.316065771804
11.2941357150874,8.36545384097115,6.78105910313376,6.92650696646031,14.4485720743839,6.47116386331778,7.47929839616523,6.23051183757743,14.1376627845932
11.3115325639907,8.81326929193222,7.77540312433626,6.24236078287375,13.9699157953702,5.85699406265153,6.62169513982081,5.45969502770491,13.7734765243732
11.4457242615774,9.29502074852396,7.59981502874851,6.17484151554026,14.1683994404331,5.32960122832853,6.86076992327199,5.87460025151259,13.330042028977
11.3388607890437,9.38013783421528,6.67690573925952,5.96722392343864,13.8075634023711,5.52521062281491,5.81821773153184,4.79824143801604,13.101890252246
12.938133364335,9.1908604482937,8.66372774016089,6.03966174650165,13.9890368314117,4.84822395167723,5.69765803160754,4.6989407023363,13.0024958712891
12.9480671573586,9.29532921232539,8.74699959352615,5.55484330838416,14.1540591144043,5.3199035010077,6.035205672555,5.10633889538215,13.2100716915116
13.5727413891579,8.66572721716714,8.7359893157973,6.46740904586548,13.5968707888123,4.95414022690868,6.32372317950793,4.75149192496235,13.2528970135266
13.745167777889,8.24140071095505,8.05973577845104,6.28558755085518,13.2694625995333,5.40926594237027,7.62320282605217,5.55345420119517,14.3964400766372
13.0913669785018,8.59314070623895,8.73835166939898,7.25528330938505,13.7594712088209,5.41798313831986,6.87378224889841,4.83139204331806,13.2526450704572
13.3424970171109,8.9787950532807,8.88581176514857,7.05323980678071,14.2241481305282,5.46579665776307,7.30868138444006,5.88767462387009,15.0365011921191
13.4971857723105,9.42195278924659,8.45361939118541,6.62087801275009,14.7583585249669,5.79050055862273,6.33815075187715,5.16216856667305,14.5054127480603
13.1458770609382,8.98782884788343,7.85914133837857,7.04746540875677,15.5075356686104,6.90315567311138,6.83807842260376,5.80675507859242,15.2916782306776
12.8019396603034,9.562233781641,8.25260779573676,6.85335482895392,14.9193390639026,6.93777408232741,6.99832655398544,6.12177410570561,15.6978293802669
13.3545158183704,9.14275499083961,8.48882669976612,6.78958400643672,14.5341885298884,6.96904252777461,6.59650042558259,6.16581504120382,15.5375749645235
13.9833135249243,9.09369327668978,8.98473088914048,6.28825773638632,14.3476242268463,6.45085453279683,6.75545654648308,5.68268768587424,14.920557203044
14.0237475743347,9.23557982476464,9.29523124043848,6.34575515822622,14.763109564277,6.77234414268576,6.38881939336965,6.09605546671574,15.0650652315794
13.7056391853455,9.35407101517684,9.20642160754624,6.57019943775441,14.8997127722223,7.19892598878498,6.3550351156486,5.32851323012097,15.34733875064
13.9517360124541,9.30354557798339,8.94435765114429,6.89186369607529,14.9147441354831,7.15779505974719,6.98591511881257,5.96686179882884,15.84651693667
13.0626863493643,10.0851110991946,9.05126457160909,6.45470460476648,14.7996535687639,6.41636601557568,5.79546461884635,5.62400517277204,15.5271327789189
13.0252641348693,10.1125191529296,9.37395963173223,6.62680845319357,14.8000086979937,6.58543093276458,7.04241368463775,6.32815845648209,15.7367290713769
12.6799300677477,10.1625770245145,8.65140344909194,6.63437688996748,15.5251501615864,6.64470884606397,6.63066190503934,5.97312959658101,14.4047097509376
12.925917002021,9.68335854874349,7.40781873154786,6.45661887798842,15.295214140841,6.67844326162026,8.25706197160441,7.24479393505995,15.842570115278
11.5878035741563,10.5704659812609,7.99131426552187,6.42351327072762,15.6321881456239,6.15454580119361,7.10819000158708,6.35196668213567,14.6178068901019
12.4214358713092,10.9698409275794,9.01375877938534,6.40752527550034,15.3307275965412,5.91627758646047,6.87654050668771,5.83863747700496,15.6703872413189
12.2512604129358,10.7340806546367,8.61394477402772,6.95357064475717,15.7281204777183,6.42513790764709,6.07866817548092,5.47101650488563,15.081152709257
12.3872667658488,10.9280137845201,8.99726723851182,6.30553594919828,15.709947507957,6.29175113041464,6.08603847233938,5.89888559686255,14.866647788497
12.619363243875,11.0519525414137,9.23578931549792,6.85858908080633,15.9427723311961,6.14008260052498,5.65489774033236,5.29224120757914,14.9261118516979
11.6762587420144,10.8147854706098,7.81670133130315,6.94552263334119,15.3396033686856,6.2010016506639,5.98238363055229,5.91963253551994,14.4684720812838
12.4549829034847,10.4187195281269,9.19475919682868,6.70126311472377,15.2764318693713,6.12878182862859,6.99521858513939,6.6661956094113,14.9830159973717
11.2285690102205,10.6183680175526,7.33481518671638,6.87006685849285,15.0291142302923,6.25226500475725,6.05088812569671,6.04082392701385,15.7454106558826
11.2139094100271,10.5857996302016,7.08874246543594,7.13142707785847,15.1290882894692,6.05220284049428,6.2284370735052,6.56184774056495,15.0617251469784
11.5565340126515,10.2084135236215,7.40300417339736,7.5245798156667,14.9613696504335,6.54556295673281,6.97060554040058,6.5605749092445,16.4773101563392
11.8638564408205,10.4500913015566,7.71728988595963,7.06483537827887,14.5677633149896,6.28160494171955,6.72603459541175,6.60640250402748,15.0393265771303
11.7385765444871,10.5755392023666,7.53470880739399,7.1355682892505,14.593437091356,6.18470104788505,6.38800649494857,6.17140756526977,15.6543213061184
11.2580545250737,10.2029769606329,6.60806900521249,7.163298866088,14.6328106662919,6.12045913590929,5.82155480185736,5.86784382767955,15.448808934001
11.4445666263845,10.5012622879876,6.72978894669334,7.52972755387688,14.9391059435192,7.01575112528433,6.92740699269455,6.85031479029391,14.5684494449465
11.1552572986095,10.5840948818124,6.2503290950205,7.38741537936559,14.8592256445186,7.01419796863515,7.51723681074202,8.05854781824892,14.5499877745898
12.0463261286476,10.5252693723334,7.67958905486069,7.54052053715507,14.9670979862265,7.31852591057884,6.69649036247028,7.20174639566634,15.1628101160533
12.2393646298588,10.8891525781896,8.72046505157083,7.53995465653085,15.061892343361,7.07847520504396,7.7174145173897,7.84211759180992,14.6512935654388
11.087819001378,10.7790248390711,6.64168673719971,7.1137993495375,14.4413898654171,6.79452274207664,7.78469092407793,7.60377605403327,13.8543944476759
12.2423451068881,11.3677151771846,8.81700446597698,7.61668353302585,14.4360517095381,7.11170935378889,7.4180904692822,7.83100245186591,13.9049460607343
11.1646531927022,11.5209316436422,7.45113465383691,8.0382042515136,15.0227673781607,7.1370205361717,6.83469951469286,7.08322346386105,13.411906893178
11.2526094899989,10.835818529176,6.00725627514975,8.24024053534385,14.0997415194133,7.68321507563518,6.55555067115133,7.46376718841103,13.8428747386371
12.0115354577395,10.9228340937517,8.26225264962158,7.88650400422149,13.8285467763983,7.75729567001243,6.85730377999998,7.76616474611029,13.053535621999
11.2238896208006,11.0399905365914,6.52169690913511,7.53216912600846,14.3050953365999,7.41224751968572,6.89156909881119,7.94969376627858,12.8999184314051
11.2977443493645,10.9664868158436,7.1627297557269,8.61425485083965,14.4472853225655,8.62443045165035,6.7607123240831,7.86209574282311,12.6770926270043
11.1478920688655,10.8721072011316,6.80460595221535,8.03949677702376,14.2480564719327,7.58297086829071,6.75929930281086,8.14742999678386,12.9226233497397
11.5886947269473,10.519872148354,6.62105517128435,8.47523393979191,13.9573644333445,8.48430971603123,6.88297199546251,8.24812410187342,12.593534422683
10.3156364781123,9.00858399127518,5.93016211997171,8.83006163070398,14.2405049879315,8.35427450895548,6.43282567058249,7.26049059740424,12.7053238328326
11.9711542921048,9.66915229385367,6.63389654168011,8.60850002910123,13.9100009329417,7.85939747452558,6.57041033559233,7.81613065689599,12.6427135575023
11.7905511384183,8.77070434748644,5.80346900317884,7.67825983272534,13.9496795466658,7.47488688968907,6.17256902372264,7.57243884925052,12.4770109823169
11.9501767815222,8.78318271756139,5.80650404680336,8.05905567924187,14.5652443334162,7.512682058532,6.09041616475602,7.84256550838887,12.2894879336065
11.729216195039,8.30445002838981,6.0805173037818,7.76581169312159,14.8622742965996,7.76411088976371,6.17021160536766,7.95864858855779,12.4159610049705
12.0538718326712,8.18835746103121,6.34261392544093,7.73755465406989,14.9663133248626,7.57513411366877,6.18939849764525,8.25591551527376,12.5669607109485
11.8466285294541,8.22267060277935,6.64978568729646,7.61595704883876,15.2486420067574,7.44574388865749,5.52552680692705,8.26958348192603,12.5995522189584
11.786706312103,7.93334751686456,6.24254376738067,7.51563354476564,15.1526832217309,7.83248499042573,5.43713531534713,8.24049435057244,12.3920429843855
12.4155508290513,7.8851133855428,6.57927083481353,8.23241393413592,14.8625293330244,7.25961406212939,6.01761372894776,8.11807447199251,12.6352901746706
12.9081400497115,7.72136831102647,6.87364640062528,7.99336172481737,13.9997205301496,7.18318968237376,5.02930318550778,7.60980237322813,12.7069817707572
13.0474875073654,6.44325432101086,5.22555480827403,8.0683937684284,13.8953223694485,8.17352758290783,5.97124296471722,7.7687120780826,12.8666734642854
12.4782729828856,8.85394789760958,6.8231037077517,7.56178520161238,13.6958151356665,7.15494824964526,6.61882489094022,8.20878721303401,12.1693350958558
12.5949744346999,9.1281184663155,6.7008129101652,7.93060708912807,13.9196448933244,7.2057634963093,6.374206974981,7.83041151082842,12.0831428511139
12.6291470226745,9.45339640088794,6.98151754105719,7.23698155813554,14.1014973747877,7.0413871002548,5.82752789866775,7.64276775394175,12.3324258652774
11.8317259203563,9.00280877619556,6.06676556641649,7.58170005824047,13.7729281136572,7.24941176379456,5.65930728551468,7.1013378161286,12.2917117741546
13.7837800541506,7.36386229023409,6.22154259695978,6.90547841183564,15.1748368939397,6.97934204901324,6.5394476592933,8.4041029971971,12.1520021584439
12.873662893736,7.87250407980751,8.37397742270342,7.89804477268295,14.5809669684468,7.8761125402688,6.12800065677572,7.80431222783215,12.0157138918938
13.1371465133068,7.725796687706,7.98139680205438,7.71710256776874,14.8004847649415,8.10104762238248,7.52083269289379,8.98579660412101,12.9730598851292
13.8139630145736,7.49817900032732,7.96897256567769,7.65001756753751,15.3087573271718,9.3000517520605,7.15154376784395,8.37511202198303,12.7936077070258
13.1192267053406,8.438414769833,8.43445930553617,6.06843925160838,15.4014244443341,8.08510910711238,7.28436536607104,9.32030510532691,12.0082015139318
13.184413675956,8.08402278535339,7.97300535470852,6.73380731100889,15.1893299770809,8.3315340630652,6.97377990636163,9.16841606694256,12.0987711290347
14.5135047312793,7.31044870319371,7.91833810654229,7.36007092772399,15.5799154097489,8.78747427388685,8.14811168867257,9.7606374875464,12.4358039409088
13.7921218787691,7.7156277311064,9.14039330978754,6.30189533454371,15.2589676236799,8.27066351148842,7.59206731714401,9.5892458067846,12.3436301758837
13.5859576303403,7.64392458364381,8.74403658207977,6.80742491330357,14.7489569351398,9.22465800073687,7.58549848445277,9.44820844461338,12.0212580532242
13.6937906837217,7.5609290862428,8.84257229921794,6.67205078024209,14.7390521425055,8.54087268600335,7.1511939569399,8.76294503968466,12.096495697598
14.0292311254592,7.08096204296329,9.11437399983772,6.12710217661654,14.5205064468159,8.13675237072366,7.85104448739971,9.58091443902896,12.5676204905844
14.5733114946517,7.69710324061774,9.94576730023184,6.03106457470718,14.2698743431878,8.06620820059646,6.34593545269937,8.37247430481129,12.2973568022182
14.4454973571672,7.0402068538672,9.41640586145697,7.28726980950138,14.3093334083792,8.23068286403002,6.48411943416266,8.22458859523836,12.1943743860875
14.1540026934025,6.83710295183827,9.50320957501187,7.42660225936781,14.2379083470342,8.48651555428633,6.8165169489371,8.20927428227914,12.3854962114886
14.2814419581966,6.15250429724996,8.57334378294468,7.10059191863348,14.2012861478013,7.48148864890894,6.16300658832033,8.71395718531283,11.5624336808001
14.7858310822614,7.8491749934314,10.1456145625599,7.31457314993189,14.7383859322011,7.3403701488876,7.22576309559911,8.71965750023541,12.5655060805932
14.6277563400135,7.36131906630529,9.65506795415068,7.66344379210061,14.4937458148577,7.72894967421162,7.58891827931524,8.70625032087064,12.641862663621
15.2488163713308,7.05197965115666,9.66606685033587,9.27594135812907,15.0113164467948,9.59069711929125,6.55625896582678,8.13959392646589,12.5415165542121
15.194446465837,6.59692258448771,9.56693104475228,7.26675870713817,13.998459316832,6.76842341232897,6.87799164671537,7.77811852590193,13.2056684628237
15.3673541783243,7.30355048872304,10.0543657067727,7.65928489556656,14.633158615893,8.82275794753284,7.06874146575328,8.04993027583478,12.792687148015
15.1381164852901,6.79700963804533,10.3042214807685,8.54662360830481,14.9345604199851,9.24545099662093,7.87473244010115,8.60264033886225,12.8295318153641
15.5367313823518,7.21144397398914,10.297707268922,7.81692130328877,14.5327853738346,8.42445501680129,8.02398947006927,8.68725444512622,12.7265063239078
14.1876557132064,5.28752593770853,8.20529126275208,7.92990590878509,14.6353877493708,7.88717695070692,8.19471772338032,8.04153395758019,11.7758336121226
14.3898882461399,7.60807411694155,10.0385594151662,8.46913555162584,15.1159517407009,7.66885406870859,6.68965890599706,8.13084312204887,11.1389773855138
14.0805969856374,7.39239956593415,9.65031999818977,8.69485892479529,15.0636181367402,7.4710717056496,7.53704172003554,7.34190360335246,11.6081522864387
14.3113849877512,8.3410027612654,9.75620743447838,9.01813668439137,15.4946962092753,7.82375759946321,6.73190760002322,6.63793846474938,11.726177099762
14.4943794833548,7.91176946141087,8.69495191057857,7.95708946319133,15.1158535217533,5.91698326876311,6.47841156719772,7.76179213498612,12.0457707446995
14.3064411011799,8.1436863983838,8.60915170829782,8.61963522395719,15.4728478314088,7.12049461884274,7.39004990718007,8.7020252542541,11.8859682291446
13.9714236044604,7.96408311961324,8.35994935960557,8.65087914520534,15.8503800220496,6.83623018535974,7.2664819755085,7.42655701398336,12.068559685157
14.1449475255162,8.84784735533796,9.49201126786408,8.73377256088596,15.944288772951,6.89814086388599,7.33584414196138,6.84458248848896,11.5222684975315
13.9422651760895,8.85969856989578,8.85786229441607,8.78614430304836,15.8530274336073,6.91130307163363,7.62386811098341,6.9495037094997,11.5392002238488
13.8802218057955,7.83411313102553,7.17979709821385,8.74274690433447,15.6406969482812,7.36443310067079,8.79415021552069,8.1791477924612,13.242600386081
13.7744844378981,9.04962601491387,8.85621453571213,8.53807633827063,15.5219149622823,7.22736461929861,9.07513214586289,8.51011128447439,13.250712941915
14.5453889668052,8.29891550307643,7.39044786320486,8.46113220717077,15.5597126432249,6.8795292150074,7.63575048917974,7.52338031985475,13.51343533064
13.736325782961,9.17709705042693,10.0064354599556,8.0482540691686,15.4124688032972,7.27680841897252,8.01941334766879,8.12864876007323,14.8207252387841
13.5481149074658,7.89796312065004,8.63305322910704,9.31137893317451,15.3063088932251,8.37998864322092,8.64706016546428,8.52418882975141,14.1847753446817
12.8618670249666,7.3700811663687,8.41554754858535,9.36124164466631,15.4712245129905,8.63471175996256,9.18325708792529,8.88835216899027,14.3999965916057
13.463584073438,8.19955320699703,8.83922812569171,8.4018770132183,14.5004615637153,6.76184868958001,8.88150207181653,8.72670531221447,15.0162130985911
12.0448475422421,7.7083367022673,8.60655741053575,7.94220393052973,15.2006277074767,5.54449574979049,8.91064864859293,8.42510508189639,15.0295022341123
13.4162731639746,9.69238644534952,10.2263992927332,8.49097946938318,15.4690672725172,6.13631775416316,8.23972144781823,8.15678000593808,14.5364521998038
12.9162403627811,8.92373131501801,9.33039502479732,9.11243030319431,15.4938368158336,7.81447741372968,7.70999272923577,7.47471286451235,13.5575685103436
12.2779231482946,8.63820711509997,9.12473055303143,8.80902499087569,15.4567501408048,7.66491692498255,7.76134093634671,7.82287159831571,13.6893569430604
12.2619010596137,9.49195304588771,9.86361942681004,10.4369794259399,15.0249936105357,9.0489334669437,7.96399094607009,7.16569299107326,13.8488847941455
10.8387355639361,7.52002279843466,8.44301000992432,9.93861695194529,15.4019703761466,9.03555577597229,7.73357561481199,7.76654427000287,14.1004748858987
9.77120208798115,7.49664375680202,8.0681956224039,9.07189920950208,15.7183995244314,9.07284772920396,7.48092477366005,7.61777153115447,14.1142083566219
11.3573895990794,8.63337380947596,9.14483947399198,9.75716168581696,15.7619230195539,9.52166659722336,7.62600883809866,7.67720218350938,14.2346280941094
10.3110173912701,8.55263498865883,10.2278056590812,9.1787162857629,15.9682017518389,9.52739053476481,7.38625469761705,7.50469394932381,13.6414402906428
10.9481755721322,8.48178884897808,9.0572189130339,9.07929958313069,15.401359376805,10.6103522421305,8.60702079884695,9.88091891145593,14.4155469344742
10.5979300459642,9.92254508188178,10.7940397429565,8.29918297214233,15.083295883699,10.0355053771412,7.57159718212807,10.0646454640268,13.5796725533942
9.74668103191844,9.25747336399207,10.8044417437567,8.26203790135964,15.0723357601627,9.9045004183936,9.02362708171138,10.9403152164461,13.4728566518777
11.2412625740709,12.1524524223541,12.7386428036896,8.08938864111289,15.1503472292352,9.86880582409418,9.36925939185443,10.8554651202727,13.2280021845647
10.1433436739308,10.5145032068646,10.5402898366036,7.19768192909722,15.2932331187587,9.35423552530725,8.10795050856325,10.3117963979985,12.6039735886325
10.4844597372808,10.6775500128174,11.0818998573842,7.22823250308762,14.946644980019,9.21533661559164,9.49718786364203,11.167141308244,13.8151986038773
10.0930149376236,9.74664278128726,11.1864812561886,6.75502030479571,15.0483366503491,8.7535370465341,8.16321223629204,10.3125748064026,12.8220373064159
10.6177077056062,9.87745665135879,11.4722907881834,7.29885998824893,15.1736143845348,9.36619532876023,8.40495008972974,10.29978040834,13.2678139934043
10.5615496189084,10.5275507867092,10.2663362784722,7.11665884616642,15.332171285408,9.09532200442323,8.76700803326386,10.7319736321408,13.1957248938012
9.71375694623431,9.06160377278371,9.08399111591094,7.75255666048481,15.1640645577508,8.96272947503104,7.43520512699092,9.63297611184096,11.5339737453919
10.2681967842544,10.7974174909796,11.047050282722,7.79847619679604,15.0610192098416,9.10556790122519,9.23814883136421,10.8079361708014,13.373854728346
9.19092059744025,8.35976676873564,9.2699737208152,7.81791277776353,15.082844895125,9.44906806178781,8.19896996784816,10.391507739725,13.2814241249756
9.5028832966113,7.97813423655477,7.54705836970312,7.30281538238047,14.8464923799634,7.84547971600407,6.89026807465908,9.61212889020913,11.1676279812972
10.142023041712,9.62607232620238,8.50825377835271,7.22729777111828,14.8143374410826,7.72966593805171,8.64487523244952,10.0136653654355,13.8540704891995
10.3771043697885,9.57130553934125,8.04790902040657,7.99109139365147,14.9234003711762,8.58777231991272,9.52382110318236,9.57603219439403,13.907056035279
10.1282090109992,8.83097687939159,7.88521340779829,7.49905200037205,14.6274559001013,7.56305700764309,9.25171325699867,9.4785569480424,13.7801341824728
10.5570853763214,9.89685089382821,9.08953079204182,7.49980008978269,15.3189331301106,7.80033628808566,9.69483940427522,10.3475625347272,13.9030199331205
10.4151220417851,9.90518511099913,8.83889220014633,7.66879269026786,15.4963956298463,8.10076074477438,9.5537928944927,9.46149050228372,14.0152213513905
10.1918332990742,9.08937832512063,7.09704301777738,7.55949684559564,15.4345619958707,8.07726370859931,8.2629526816323,8.92338462644987,12.5723997370468
10.8046517585568,8.99045667521569,9.69815462867826,7.89881625187678,15.3926675726707,8.37566527716521,9.74874767099925,9.67542452543336,14.0687004984229
11.4555147109978,9.58006155064067,10.4194721818377,7.63664176815297,15.3311734867544,8.5848746338728,9.8869243960412,9.70091820749145,13.8057147818498
11.3185678444048,10.3807977719852,10.2258884427887,7.40129903869399,15.4856382943205,8.41982872990297,8.30168526545113,9.24108383220998,14.0894432128386
10.522128713093,10.0416034952862,8.45661269826839,5.69290294787123,14.0216354506015,6.43935332184954,9.16287386737732,9.82356654453323,13.4998361027354
10.6853706096896,9.32397576982648,8.67835744173367,7.40509161927147,14.8882313607299,8.32568586016476,9.58410018557535,9.702393216311,13.6941872232796
11.0591764152687,9.73126401181971,10.4220160984794,6.20470150690713,14.5709105174494,6.85487446141392,9.78675798526949,9.39378300438995,13.0986404551044
11.1271179259233,8.99857569906232,8.00975031307066,7.04347741680467,14.1581794929981,7.31819403103254,9.0096513712299,8.74489642514485,12.8711132823858
12.3230686483115,9.51492654246326,11.3134999536307,7.52465125264564,14.6671023678656,8.20790248540737,9.45557572670672,8.84238638187794,13.0409541341887
11.1631355546634,9.1652862748676,8.37856928769928,6.99916356533214,14.8859629219259,7.58004592544983,9.68566167132917,8.92482898817907,12.9146461309725
11.6093765683344,9.46883833582735,10.2278722202117,6.20851907744985,14.7043334392904,6.68185954721497,8.51899057462715,7.84895681965775,13.043306091891
11.6176486289375,9.18085873446572,9.52425161075878,6.7195681960207,13.3117987868713,6.55725576817116,7.1803685114202,7.66494432634696,12.9363565753324
12.4261717306805,9.26098714562071,10.8317572186866,6.64752570903224,14.3301450466467,8.43302072127336,6.8986548310247,7.74048799683343,12.0195428049235
12.0538407944125,9.11471971442517,10.7532892310853,6.00849880744615,14.6380235837586,8.52482522786536,8.5290496171975,9.29467354444794,12.7269837224533
10.871899064767,9.02491137362043,9.87303131245681,5.72631250528021,13.415000883976,7.50443827572589,8.30665402195241,9.20650206175858,13.0969706200357
10.9386731782995,7.90195788306251,8.96580538309261,5.28808633722882,13.6770600535051,7.50794576629047,7.20679091176001,8.91257989957646,12.8763811321362
11.5561511853538,9.45439314991792,9.9940337562105,6.5089266078387,14.6251548214164,9.61135159215666,6.16925979771646,7.94528981712356,13.8238692988904
10.8022659316824,7.55269408028016,8.83456862098233,5.94544573933693,13.8537670984814,8.68113088687686,6.24855220846575,7.57360504185502,14.0882645873114
10.5498507085261,9.74412986941682,10.4904384787673,6.19064942856574,13.5317338267401,8.75311723359293,8.08801439446213,8.74373063928953,14.039255141686
10.7511860048093,8.82344919319642,10.5760989864224,6.44934654073702,13.4931937799578,8.48041115936207,5.89319205072912,7.53278395266119,14.3298234214498
10.2357373114002,9.26712265951946,8.99698308985368,6.90394920031276,13.1794156653895,8.69897104000161,4.55390062774719,6.39789785992315,11.7421692618081
11.7784666310181,9.52126352973511,10.1708524476605,6.53180886798989,13.4413402732709,8.95436228398973,5.6904416265465,7.73840911213342,14.1716749701282
10.6809715953503,8.41274057168581,8.83312937199708,6.47298343033113,13.8416990917057,8.84621407363561,5.50065375203048,7.99423879656048,13.7493497425244
11.4462029597069,8.07644189977274,8.5024589823982,6.91803139467358,13.3135582187819,8.95125781455006,4.90852947584494,6.95897424842834,13.8640749892523
11.9416364009376,8.82641422526075,9.39137953625715,8.3470297413387,13.8669662388164,8.98246946489597,5.92030091053738,6.58640461121369,13.9588062518278
11.5105710434205,8.25598618880813,8.61791251132267,7.50274409268142,14.2434583704639,7.84336282346187,6.67615857629143,8.04824764230767,13.4536483552377
10.8775771706063,8.80972985268331,8.66069906540583,7.35123292666949,14.0857321965621,7.88704874754152,5.86205228373484,6.92678409352755,13.026740865676
11.4558301192352,8.37845742631865,8.58824475683629,6.53258208274259,13.9109232909888,7.40584582387942,5.1354402686093,6.39523590123273,12.6789820054321
11.3263153866557,9.12855288493992,8.27120899623882,7.95122696700392,13.7338456785452,7.67165279892032,6.61097991235458,8.18273140839693,13.0709705660958
10.59327259276,9.00590228416658,7.81546028685179,6.84593205069798,13.4750340594553,7.59279742291526,6.08830111807129,6.00794708801805,14.0404970770413
11.3524752503681,9.19426792985265,9.44227460949852,8.55561294121587,13.3987436385494,9.85855010595464,8.00981979088152,7.59967173585994,14.0727929999826
10.2336997354077,8.49181006832324,8.30779816903374,7.60515605666977,13.0926641809886,8.34954586790509,7.21485914317781,6.62618754767205,14.361447158536
11.6049946383193,8.850168922238,9.23241551411938,6.82581430473334,12.4773846014377,7.14385271513947,8.58647907201971,7.99854591153119,13.698767651682
11.7078672197652,7.84153399345366,7.90106106797574,6.75158856909822,12.0846595177531,6.56281547561733,8.19728690719856,7.03259545195682,13.5666208133433
12.0584567131236,8.16265434723183,8.79972687118623,8.39566008873482,13.6353097013339,9.65241241617864,7.76226498612828,6.64183494457603,13.8162015047274
11.4889424403907,7.38635923361647,8.29491468729785,7.81344868158031,12.2595838074734,6.50896914097636,9.19254168213157,7.81509187455413,13.5294738697176
12.6861146589595,8.07555815505887,8.66264482744674,8.04644158895997,12.2080894267385,6.86067477428104,8.84240235242166,7.52173823305117,13.9825882528361
12.8566667371878,8.19338695093127,8.49064209146367,8.01316319451079,12.8699324092138,6.90759793210639,9.51276744210299,8.26288067049472,13.809014716079
11.570074938522,8.39295925480872,7.18867509840253,8.88617538882328,13.8427068297862,8.44125397993659,8.43541862995436,6.5612233638153,13.0701496454693
11.6587769330454,6.74417742479486,7.01301037097248,8.55034861329604,13.907344942489,7.7082924938391,8.96813176394659,7.2003998169069,13.6482148274664
12.0858919251064,7.46858719858882,6.08832598458541,9.25418818968553,13.925717070048,8.40963454295799,8.83321122749434,7.817728198935,13.3683982665047
13.3025597384719,7.67148854213051,7.09517161188987,9.7171237726963,13.1370898025813,8.02477156684077,7.27278574104165,5.89018515714588,14.2599811985111
12.7567834393782,7.33164774879859,5.66799547130088,9.50103854337656,13.0020329298903,7.93910506599963,7.52188707435152,6.39018270268486,13.6066240820136
12.0831310178513,7.02777763613244,6.04733996320717,7.241913762409,13.520642213256,6.72656770164105,6.78104115235968,5.9280180626409,13.066797578593
12.2418572795492,5.93889697800269,5.13995376300012,6.68425316548035,12.7881968993843,6.02709508425531,7.51265797468467,6.53962852944472,14.2292385235981
13.0242575136606,7.43818666153731,7.05991488096174,8.06231049066472,12.979336925822,7.67040250870394,6.78057135284947,6.16873633993582,13.3470065394613
11.8623160910488,5.25592148705912,5.28658870075633,6.45537708108466,12.00481611714,5.86417819906027,6.5175426501062,5.73908997501098,12.8911749089193
12.4316265279366,6.60627811078049,6.10452084754589,7.42958358828458,11.6766653243149,6.00898543953076,7.18027833967601,5.83037847565545,15.0150813318432
12.5105064410937,6.75989217641828,6.25689852566147,5.88304787178812,12.1176981785307,6.1966756102734,7.00320815543559,5.72336869575993,15.2108350192415
12.4664181072528,6.84365839931457,6.46654552235264,6.27481603731965,12.0741176503012,6.45731272585272,7.61567936170943,5.97616440150363,15.2011628063723
12.0576278139948,5.52706873757359,5.62498038016938,6.70414466510236,12.7393286676934,6.8359936286239,6.66514067852949,6.0581859521595,15.6385889274782
12.6216207790654,6.8393604609649,6.29798211920433,6.69218314492753,13.0661980185724,7.10386377301972,7.05077744217727,6.74550070430643,14.3248271608223
12.7609278832037,6.94105003415163,6.78485380802017,5.81503268051653,12.3625042694921,6.00433794556421,6.61648755988072,7.64495635979011,15.2509165519144
12.9752850645346,7.34362969067719,7.26228542429508,7.96285811463798,13.1609628651953,8.09585201283041,7.20608428700954,7.63565418087124,15.3377476599287
12.9205993434407,6.72071775483851,6.59426049305196,6.754903574744,13.0858275948262,6.58120343243945,6.58295867504879,6.44670339789753,15.4914723404799
12.5615355464753,8.05835254029156,8.08615327377909,6.3665681387081,12.9657009041292,6.26662752044103,6.61740779584469,6.40236954576388,15.2300318625919
12.1651144010016,6.85831777861741,7.13419509989495,6.15550898878783,12.2777459360679,6.40689789331613,6.27331816478181,6.49201614461013,14.8604546110439
12.5805400464844,7.61453810925266,7.89264577845388,5.5697684671368,12.359189450117,6.11701437565749,6.88650091076428,6.39197672697951,15.0148356977092
12.6214198878544,6.64874319386608,6.92426472097137,6.62939767444834,13.1810364326927,6.81799075075647,8.32581459039564,7.48789427163989,14.8106883706868
12.9807015114388,7.31625767996336,7.78579323624006,6.40137465436496,12.3024490853757,5.01967739939797,7.04303696999467,7.11379542115212,14.8939635212032
13.7188051779752,7.02174012395239,7.64674541308648,6.91852800030353,13.9983238178868,7.14782987933915,7.22203768682635,6.98776830258269,15.2898767182617
13.592150699948,6.52328175003766,7.05842521649344,6.18890895658328,14.255314052875,7.19993153549937,7.70494698988736,6.53111069051536,15.1751979796222
14.0552056958643,6.55930726062574,6.42036164094034,6.68265295988565,14.1907323674661,7.59775165217724,7.54118071596687,6.68510869916523,14.8316050354533
13.5241916076936,7.50086792894273,6.94357228014272,7.22712873836875,14.4303001801961,7.88652007927606,6.57534439673044,6.18019158120306,15.0124782422638
13.4850170105983,6.18191843476171,6.65021532766816,6.9064606972862,14.0796022810124,6.95649777344163,8.27563000716294,6.84411538245306,14.2149790136197
12.8428448867176,5.68915869884819,5.50278434275617,7.17442641068801,13.7079555744607,7.0243530821891,7.77085376078558,7.20146629426077,14.540515777782
13.8004167692424,7.01455175095462,6.38992309758156,8.4508390065741,14.7879118434585,7.8935390069353,7.54225171239106,6.6099359773573,14.0036040041325
13.6936723697123,7.0228124674956,6.42579327437114,8.30056791114304,14.7144600071835,7.84738717772326,6.87553744156307,6.32792316056071,13.8764457950814
13.614540017867,6.92668267561946,6.36363550375536,8.23249315743534,14.7267497382608,7.89244209831141,6.95951037615151,6.16343452722807,13.8042853018789
13.9827817270445,6.71107994597511,6.38140116554193,8.08261359876979,14.5519189653071,8.22919467496982,7.42114611837834,5.9999679154128,13.5490240618254
13.9115269244165,7.22677008956631,6.65706856049199,8.83459009581688,14.0786206236759,9.30920579355916,7.77948792774597,6.53734748941498,14.2317542423136
14.337420201426,7.51252536161296,6.93263967806066,8.7509134111595,14.0642268102717,9.22709749578033,7.87907254669496,6.33348421380934,13.9098152758347
14.4999671134709,7.51990567477271,6.68920096420166,8.09918124409768,14.2189236309126,8.47648792157567,7.63034963130309,5.86984173023015,13.8495930603547
14.5122060460908,7.34519654548851,6.46124681939225,8.11952024066596,14.3571804575377,8.20957267707435,7.71286437340161,6.42823232619063,13.6389271079469
13.2275928929906,5.39235197682224,4.96810290064955,8.14165825736756,14.5038985945693,8.44703019552661,7.54284545145258,6.30826776729022,13.8372419354926
14.5967175916915,5.89980057308087,5.34900855005673,7.71409876932455,14.2603975563619,8.06729165457954,7.34089547404097,6.59441813784953,13.9000110739702
13.2190020158103,6.19292970945606,6.57378925962089,7.86664007816959,14.5480092721498,8.01777121541551,7.17657507924241,5.82260771415957,13.7542861844492
13.5141861506411,5.73009708022907,5.82806756903228,7.41119036852047,14.451670095737,7.79874099599815,6.6737017499905,5.82888495287685,13.2074799525186
12.9489679309202,5.56620961554627,5.57157891671438,7.81861730837105,14.2740987590154,8.26970853786071,7.20679283998145,6.56599975149946,12.8261076060897
12.8949403462257,5.54142447387883,5.7009031847694,7.5092752015658,14.2477843904743,8.23548512431935,6.86260559628682,6.45804637863688,12.6322646467381
11.9191288389237,3.95828000045311,4.61961965101746,7.75441807033007,13.9555431077742,8.50287122020231,6.0205933692605,6.18290335741075,11.6733784457358
11.9073819319915,4.43718739205945,3.96435362582998,7.22701839837422,14.1195573994663,8.57186366927925,5.6098339256693,5.42999580597503,12.19941021474
12.0052167078422,4.45851298902355,3.51446829636215,7.35675049959765,13.8721894690724,8.6778131067573,5.59861533886763,6.28359231233245,11.1560355611191
11.9256569851263,4.30675041012268,3.39143467666712,7.22213392023458,14.1843144663254,8.55406424466819,5.61463330813362,5.56824338977448,11.2575191392819
12.0070936776306,4.60201396774354,3.29695138245988,6.41131720149234,13.9211061562794,8.12785379094056,5.86582860541131,6.43455778574701,11.7809768036807
10.5332867612607,4.04412017742291,2.94193867797852,6.29015222147936,13.9826826678658,7.6896159087723,6.19838801022894,6.95734357459003,11.7598076978382
10.5439423702073,4.32789695215605,3.49206137327661,6.86983153523355,14.3456240645332,8.65958341731266,6.5827702557815,6.81166691627558,12.3391044861406
11.4755793125626,5.03463356330463,3.65296145341901,5.13847385827364,13.677278471366,7.08082339675647,5.49462926331206,7.40783593878522,11.5930741933434
9.74859216791052,7.33321113270837,5.79820543573817,5.91227911733238,14.6890219814536,8.78660715244092,7.43276455557005,8.20742707720026,12.0966662465838
11.8902287487477,8.86624300206082,8.4037885550905,6.03469845955448,14.857977364811,8.44699882834874,7.17248383774224,8.68110387834179,11.6909667212542
11.3044267698359,8.65595450847539,7.57470174861476,5.97354025648968,14.5734527027266,8.57462458283165,7.76819235143608,8.55318973408586,12.062807761937
11.812308187302,10.5314931074428,8.66563054044962,6.91269539264624,13.8907828823424,8.2017396053233,7.18925425323827,7.6088196270762,11.7973297000876
9.82821850870395,7.03745145937927,6.14761027597855,6.98058022994137,14.506236114845,9.26006742784283,6.96240601685197,7.39891477595584,11.7530536084033
9.29488100458691,8.28239943517767,6.43886761712829,7.47102045432441,15.3712874123363,8.70701221845041,7.83725054461016,8.43972800760701,12.2560965322985
11.6079506004377,8.37287596692914,6.20053576464472,7.45177456230769,14.6191707054737,8.9222833533974,7.45248583767607,7.66294139696419,12.422720448755
9.57991155387822,7.64053264910048,6.50212766028377,8.17021790242891,15.5604904051278,9.02099542570729,6.26397356575546,5.55724407404145,11.2465795933038
10.3871690176834,8.59370924570074,7.14656879796689,7.61534106297949,15.8531299339007,8.82035051732797,7.80308035282354,7.04165691272502,11.9901863411421
10.6831502467927,8.95378105966754,7.78716157378752,7.54719487998047,14.8883018785517,7.9603762352861,8.13537200421851,8.09903475799163,11.8949348131745
10.5461549530408,8.91127288762299,8.36079098946043,8.23556119213388,15.7414026473495,9.72521253058747,8.53444102825277,7.64282285198712,12.8199726984314
10.1835533732811,8.78614426157483,8.05884519223611,6.90552264494046,16.1205459323648,8.53937324489498,8.06827780668688,8.21013527022734,12.7530252824341
9.28682490147429,6.71511668509215,6.35845214692503,6.95708341416695,15.746473541266,9.3308035270881,7.930433369696,7.96001250360699,12.7673556912009
9.59628044027676,7.6494989623073,7.91878127013595,7.43637955165978,15.6648803151406,10.225656639844,7.39104638783492,7.39991670266308,12.2543786947383
10.7760341653626,8.97428777419561,6.68286231608608,8.70292022555292,16.0672210531719,8.81283535363449,6.74192255735758,7.42570596943639,11.7336845738343
10.5279897488556,8.59884669808049,6.81134278105744,7.20669685931932,16.7020647001474,8.43283217174102,7.08281300085527,7.97491196713333,11.5054418888417
9.6428989583379,8.40986039323272,7.56667380459483,6.80703348120511,17.1612434039214,7.2965221198233,8.22348500400856,8.49599472252009,11.8882050635302
14.3266259728142,6.60137431442343,8.41789564799917,5.6824454403711,18.2550918491981,6.73486834231665,8.80248783420472,6.4259188343668,13.0034621166829
14.3570707152231,7.03382724694784,8.78405537626953,6.79415626935327,18.3376828921856,7.92507023514747,10.3745544796414,7.00395747062227,13.5609901599554
13.4717582668894,7.01525364160254,10.6083792640396,7.3522385352571,18.2452140315763,7.37860434509368,9.81392092235774,6.7965656547517,13.1319306095333
13.5710816630828,5.98226574345181,7.76417579790588,6.43793423199561,17.8488693233289,6.62637675509646,9.43766632538378,7.75777135738694,14.0080780289595
14.0998431966462,7.89933608401482,9.85343570224242,7.33802091383826,17.8782305136234,7.80209327469131,9.39735841746609,7.35565671914901,13.3369198503113
13.7624498615846,8.16172756609881,10.8766422095915,8.79422342547281,17.7762769566558,8.64970015333292,9.48799233086165,6.58282205493825,12.955396899102
13.6581486690298,8.06682783282966,9.84741444618212,8.3698382565718,17.5606821238934,8.2273721779381,9.67854586288991,6.84605720114376,12.3357086287139
13.7424720984354,8.07976389312848,9.40635660848702,8.52112232787391,17.2118796252988,9.18250016538653,9.49802079195639,8.92424923311351,11.8726447087819
13.0399490900695,6.41586725633986,7.71199723023872,7.69868486841945,18.1021537702914,6.94566514726972,7.67810016146184,6.03545045710726,9.72931379241099
13.6433201357148,7.83650100231,7.89869410110807,8.49644265634113,17.939545066517,7.81536439350384,8.56143842088375,8.10068277056044,12.4589273320894
13.8985846610357,9.67915694424986,10.7921775380242,8.67219314216615,17.5519328819647,8.75684877824611,7.8714478689785,9.24526357397617,11.9004805347289
13.2398994138765,8.06516993493526,9.61158554855695,7.75610152565264,16.9129271545303,7.71990192529265,7.35680481093561,4.9109105718305,10.8168591603023
13.3206271852949,8.54689246941176,9.71500013952256,8.92087709805002,17.3372128041241,8.15028361592554,6.57356332310001,6.89137066822308,10.4147671410053
13.0192667650018,8.0765531827483,9.59254955988011,8.46293547130496,17.0261228348264,7.75608015782386,8.06827781416124,5.61974122419341,12.8310313926017
13.5172848873034,7.26725439834341,6.70915867713882,8.84054098062003,17.909839536063,8.35798577022965,8.28933014403381,6.5848150666929,11.9760285244739
13.9922564489342,7.67203814222589,8.52306275313372,8.90365950229529,17.7321952048746,8.13525246801552,8.12628697447752,6.40773826449217,12.1079038491629
13.9825668930041,6.70147211388144,7.23976679348656,9.38227637001269,17.446734543314,8.46186711811493,7.87214819683386,6.83917778203663,11.0209698181166
13.3671399128358,8.07567702199417,8.57289421614551,8.71485563714384,17.280143595099,7.6142752748085,7.37886840342842,6.12160698820476,11.3707509058013
14.488958784165,8.13033073378661,8.11959216661878,8.58780886068341,17.9082146394004,7.60420016681283,5.93755899882677,6.16399870545541,11.5072499234167
14.4743374980452,9.36618612687453,10.0274677128879,8.8231575857111,17.8590832206466,7.74459300010996,7.5345762144408,5.95323808378789,11.5579242423511
13.093469133819,7.71713604114904,8.55752445855766,8.89903257268155,17.2842494492043,8.58357237453414,7.35389007130459,5.60534295758275,11.6278328299471
14.4578117055253,8.20781574148826,8.45617154988227,6.89588763175638,17.193215483427,6.8244044692271,8.01454662563498,6.7261120474646,11.7285073166827
14.2044908983842,9.5011562622618,9.47881062336054,8.55557715162541,16.8588254632897,7.45423622689999,7.89564986086494,7.49099384575837,11.879563947703
14.2770589550132,9.92194406029135,9.98004941578222,7.97915091504985,16.9032463778682,6.24574293487609,7.80079774103687,6.31849283174617,12.0974453388393
14.3630230821362,9.41400934584662,9.26843240606312,7.5247888331215,16.9656051910055,6.13246036148484,8.07499015450757,8.37063286916111,12.2478760369386
14.1569279809782,8.03582575315721,8.39840055591807,7.33400129110544,16.7326898992293,5.69611061596403,6.73433230579552,6.66449034971583,10.3342362955456
14.1550568743844,8.32498977933416,9.18491000217874,7.54400831846639,16.6591877122876,6.3296600704134,7.63851850708656,7.43529421730259,10.4550593514727
14.2131594304342,8.60449567800953,10.1572590641819,8.1546005226749,16.4823539286293,7.20681682327214,7.98199192333515,7.08324125833769,11.0222001201442
14.0269577182656,8.15725880991218,8.90595181680333,8.25382482917095,16.7888355042159,7.46070788592729,6.77303278497295,6.6165284248082,10.4926348558132
14.0545399640424,8.40330807565689,8.87253063568109,8.50130867923999,16.6462967006774,8.32093343737357,6.73891891315079,5.787729467758,10.4440272164258
14.2565800930902,8.0583286208053,9.59435501079171,8.15427256737493,16.770989653545,7.4311200222606,7.64174403091381,7.28559248832489,10.3635910461589
14.6235075509833,8.02908678226149,9.11579923507739,7.32822249334651,16.6868706797359,6.22329887879429,7.24195908050778,6.91168694430325,10.5427163518876
13.819836769994,8.07303019359064,9.88085555401435,8.31041363697185,16.2445176305204,7.24281414270254,6.50965244122557,5.97849286972782,9.68932517316191
13.804624069227,8.07783125363536,10.7084454430846,8.19774819164438,16.0398592037399,6.9479066641361,6.69661260413042,7.23826141720181,10.8370470850299
14.135592788652,8.55512683222048,10.4891992659321,7.73033007739225,15.7194034511533,6.20170727585985,7.57525985890399,7.17365156979096,10.4514509721919
13.8932696992682,8.21135138301273,10.0490984473777,7.79005833976355,15.6710575674686,6.71832330623237,7.80962419555891,7.1205681275681,10.4814195116764
13.6980173867865,7.72509522636287,9.41581109755624,8.40798416614587,15.6971800929584,6.94980716568058,7.31362176754018,6.1067159727959,10.0717537926166
14.295792219112,7.93100586439183,9.11003446828119,8.86803721894347,15.6873718949092,7.68396666917406,7.93543806028204,5.98349333659863,10.4410801675149
14.1122836892088,7.93341685186615,9.85111588174358,9.04357987969015,15.9661043671379,7.96443740398093,7.56719953708865,5.59707789495679,11.1873317748278
14.2106689808103,7.90880352416557,9.62240302690437,8.49863744520525,15.8773087648172,7.2692987186334,7.35230145286513,6.05521992911381,10.1369140191601
14.3902629810569,7.8266846281126,9.28346982074254,7.86321460760129,16.2281540432727,6.05779524511404,7.80426535327316,7.26291335350266,11.5003620781135
14.6427281754608,7.57821357676553,10.6410624921288,8.3991402405561,16.0047417320205,6.92969060984574,8.3677715531142,6.05772088282204,10.179570992024
14.56768535331,8.03508594646991,9.66714240931734,9.39832511986602,16.1813674707373,8.18451008768102,7.63239890647705,5.60467560805292,9.17324473646864
14.4589809656683,7.24911133178692,6.95248016818603,8.65100796794325,16.003658724266,6.72189578900396,8.42287058024435,6.07364226118508,10.3361272400513
14.5470731610097,7.93161921130024,11.3197318678629,9.44921414514808,16.467992685635,8.69394113038584,7.46200352036933,7.33653858676411,8.59634180029323
14.382925704775,7.45929643607597,7.84118625461428,8.99851776322082,15.8435838837048,7.11501675968591,7.34571464528863,8.22788441370499,11.2543416144779
14.4353178383163,7.0237633642817,7.96939314076587,9.26982997950856,15.9186373868658,7.92325949531821,9.09381050470147,8.90518658398273,11.9280862924512
14.927842024622,8.28525539406751,10.1883018299879,8.06847601683506,16.1011859715493,6.60227324011532,7.78012629068023,5.37427600037564,9.85117637907451
11.0634954624349,10.3282751116158,8.49438777941591,4.90580297975413,16.0860428780114,3.52513338372305,3.53879914607531,5.89710134842404,7.80930286755149
11.8920786279509,10.3672901408655,8.84634972730381,7.29020589088531,15.9843901739463,5.78924252041611,5.60287293097543,7.14379954923029,10.4930918252342
11.0805987541014,9.64475102684302,6.80605601486991,8.25574268947016,15.9898294627368,6.94424582151157,6.93500086231071,8.21226048275239,10.1427929222946
12.824649002757,10.6941194134652,10.7543548119245,9.19353432258582,15.9479618321272,7.21180685139683,7.88120436463948,8.95998491810456,11.61945157774
11.4127849898123,8.8269547689646,7.97133950047126,7.04475564151617,15.7677567963101,6.28011969625182,5.71801725915973,9.67392110829428,10.7974819188877
11.3708333912866,8.57006926774309,8.50222684172438,7.11634959429503,15.5465925285359,7.26330048234628,4.81396299972684,10.2287354733603,9.93545211759138
11.5775531068274,10.239515830524,8.21559212468991,6.76337533488243,15.5802311351461,6.85413868112761,5.58375279301924,7.9468975681585,10.3777064244404
11.0903007750679,9.18570142177959,7.41627660796256,5.97982251857547,15.2152570376915,5.66887473345652,7.14020572624166,9.39579533609259,10.8756314227666
12.863687194062,10.1318046550278,8.89795762201288,7.37896803888504,15.3881686197565,6.71993804784269,6.12145097377242,8.94446488376876,9.79070035453079
10.4634551223723,9.73790980742277,6.01018238604378,7.10526373035603,15.1758847415829,6.30212077556252,5.65877574224252,7.84697989954657,10.2398861413896
11.5608334135462,9.91789510614966,5.87844523871027,6.58557283525732,15.0011976561664,5.867926599075,6.46232554102844,8.33977741669455,10.4177652087392
12.1719256296785,10.0862617546735,7.12131377647043,6.19479175883315,14.9920005933632,6.49943100083023,6.25138636746819,8.80777608370061,11.8532419174934
12.2240809999512,9.4153865201092,7.07561977553738,7.89960694463974,15.2969499061317,7.13585401689148,4.79920582671787,8.40499362608662,9.55572906646199
12.5516861721925,10.8482081672181,7.90687096519312,7.81343782281972,15.2698426226239,7.31163267667385,5.86957149614493,8.98287676515303,10.2297198475691
12.7859765148077,10.0820623263436,7.13360944385727,6.93047440748641,15.1229836597491,6.80437308926788,5.4230725058844,7.74957665546751,10.4186912434066
12.7065391821492,9.62801675336733,7.4356130702301,7.43917431407414,15.2664369722787,7.27148217082236,5.42402269272786,7.5119336603439,10.5969740146241
12.4662205955258,9.71138152143509,7.66321019464374,7.45503034054624,14.9329636555543,7.38599958374267,5.12337984554168,7.94038275855061,10.8799355130518
11.7798471729677,10.1629444835814,7.05076485035365,7.50982949224695,15.0564408493069,6.40644989799147,5.12912987646426,7.5966014561342,10.8296147024935
12.2952534212971,10.2369922992232,7.71785823019791,7.86232015579368,15.2526588129402,6.58934464645899,5.08201178547505,7.5404350533003,11.3607405100149
12.0822239951093,9.73318030740137,6.94655179747015,9.24241461330876,14.6682997165777,7.60282725117873,4.81038009784788,6.22255444590131,11.3683305465624
11.5988847081079,9.57733494488177,6.305576335593,9.44634931639879,14.4336020910009,8.06340874160788,5.67262099841821,7.17169580397507,11.5790960234409
12.3250909932817,9.85726871168709,8.11904088397269,9.49220243052017,14.4404376336927,7.54754680466421,5.46494237928421,5.36287036675129,11.583974949829
11.8340151103934,9.64110463044936,7.51622220680334,9.88854410755691,14.8645734560274,7.64109655273287,6.58849972861418,6.56618281862832,12.5946126131458
12.9461115502633,9.8537990834578,8.09248778306289,9.78881261965721,14.79297134119,7.30280843401426,5.88032195157752,6.59015021421336,13.6879386792126
12.6026788195408,9.75477272715757,8.51093470639333,9.60765334936959,15.313199904285,8.03055827687587,5.91747613150314,6.33321321108557,11.7801546281036
11.562892258472,11.2966097463049,10.1957375752162,9.19041130279075,14.325597402004,7.50430608126103,6.56468238478343,6.82546510637579,12.2229558370754
11.6964634457304,11.4443657145382,9.81385575248159,10.6494779626816,14.3950648634221,8.57285011615118,6.0399821020785,7.53172599296448,11.6883467280654
11.4554327568996,11.858007331884,9.71920000592233,10.9433766716592,13.8549376524536,8.82325901857739,6.50278861760992,5.46246494278865,11.871878970535
10.9644015129006,11.5702327916792,9.85708194146467,11.3279228525388,14.0496309853474,9.06783185013813,6.92613847219048,7.3822082730556,11.6799148255457
10.9712916383773,11.3508844804795,9.67400665614323,11.5056423881374,13.5057832989003,9.06642824797135,5.93155515939741,5.27865183948772,11.0842219338761
11.0202088228051,11.814184733983,9.67419183951894,11.8005255729088,13.4788525803613,9.35370184039979,7.15774105482609,7.9855934232743,11.8153451649768
11.0755106369063,10.7564850972641,9.91006836518526,11.5240052987203,13.2396262589605,9.15471493150713,6.95516479530616,7.65903434178189,12.718553882796
11.2202445792791,10.8407506860761,10.3797502320414,12.287492267789,13.8070720512375,9.79205160456664,6.59123889455784,5.7678415033818,11.3508661588188
11.0675594312733,10.5121590636053,10.3462225525125,11.8034565932371,12.9058129160171,9.0190646198986,5.61089749523461,6.07416300605734,12.1929357176569
10.2178199619926,9.77111346030236,9.89242167172569,12.0937373392805,13.4877267213398,9.97654507731094,5.64872353227492,6.23269372820986,12.2189824643071
10.3442722158736,10.8291062796993,9.73407436750556,12.0278250945824,13.6638310819589,10.1702596781739,5.34602061015571,6.20023395912895,11.5126942712027
11.4414451903355,10.9634055411469,10.1204906233946,12.2169948197464,13.8300206125459,10.1021337356503,6.37618985432877,5.53321588484583,10.9267573717511
11.4577524845621,10.8754263231263,9.6340400981512,12.5893318076522,13.2886679577447,10.5637632670395,7.61486027602989,7.20867077225535,12.0659328815715
10.9172462127033,10.4386573566191,9.97023025705797,12.3917789550679,12.5870142437184,10.1447765472811,7.55583075971153,6.47650417905511,13.5410958490469
11.2591941972835,10.1098783746375,9.71724869242641,12.0745802108013,12.3041064797925,9.8230639819719,7.78140467488295,6.32316507791602,13.690385712374
10.7629383615792,9.56541397612949,7.98593382658153,10.650869061547,14.2905579441208,9.85369325874301,7.17345474692849,6.39441426766976,13.0147652249819
10.4516906081585,9.0524512600735,9.31305801193677,10.4301182158972,14.4649147968627,9.92153212170842,7.54836953542653,5.53795773240389,11.5133020112967
12.153053501276,9.91868964445107,9.77616347680444,10.5962485147284,13.8909950681681,9.69740194852534,7.41279384328498,5.42723050277308,13.3598025116906
12.267091844096,9.66034939020027,10.2455462512097,10.7690924318223,14.6220158251447,9.84112400708394,7.69195131260975,4.89280535754821,12.7017770725672
12.8623640082708,9.62098899814024,10.0317041279771,10.4275614635122,14.4879105327095,9.42324969300135,8.68490238232891,6.25545305384703,13.9053546428914
12.1476785865004,8.51019268017594,9.45175276636769,10.668303449744,14.6224816471441,9.58697367260645,8.9249247422766,5.01285392213171,13.5387031274631
12.7977259945612,8.96143729950093,10.1386771125445,11.7988622481595,14.8582259383479,9.80724058021488,9.4463587305135,4.86366451306821,14.9168758183789
11.1007150657712,8.05464001432067,8.69205481124121,11.2232143610414,14.3231535239822,9.62484449038952,9.61170503948811,5.30493403673127,15.1271399289003
11.4967836552684,6.09283432791305,7.69648250180502,10.7871337639581,14.8055092785341,9.8604563167995,9.88891601355965,5.38236815229065,14.6782966629401
12.4352502862784,7.84431746882625,10.0221681367567,9.67517873381104,13.7596708872267,9.13968121956259,9.91744649871767,6.15973034581583,14.8067729405835
12.0260305640915,6.39991310249875,9.0946409325909,9.08554689383338,14.3017397243852,8.63575468695705,10.3133330159695,6.39764352561673,15.159105009267
11.0303901415748,7.12537717266591,8.63116013001959,9.39612719141258,14.2521694256833,8.80624332003327,9.12724457840001,5.28490545644201,14.6530353874678
11.2932092112199,7.27606658149379,8.61341412472173,8.59012164510495,13.6240537801519,8.86191656928539,10.1232250337439,6.3059131855696,15.1166244746089
12.2773780755194,6.93861145087758,8.83985232253281,7.18659147418255,14.3914924365337,7.15848702472405,9.72139516974045,5.92254602814068,14.9634194560945
12.9348113689229,6.30416744644251,9.85772406966123,6.18196719767101,16.7532376827211,7.51863477810556,9.56726844125554,6.27604693414284,14.7068882533111
11.7462280177329,6.36177302880477,8.55240656717616,5.42902638689615,16.5637718222094,6.86370246624453,8.91182626138129,5.78037774330566,15.3241382744369
11.9003825023324,5.4162744521338,7.50738457030313,6.02924684695344,16.478693486492,6.86023605634286,9.99801540400321,6.67640049805312,14.7654037482478
10.3180707959015,4.84404825525866,6.41516119015506,5.92546010781694,16.9215310244321,7.4095337130293,8.22397233312599,5.81241041637786,13.8625591386831
10.8291441888349,5.35307651437972,5.24732556947893,6.49735452824848,16.5159399835563,8.13325866476322,9.07410650461087,6.85063719152069,14.1366479344394
10.6586592128852,4.906648463743,4.67451524556927,5.8986312075302,15.5074332891252,7.05136175705709,8.85576663843675,6.77528480603836,14.3388582877269
11.5744288071687,6.03500083206135,6.28762764225423,4.63734033158503,16.4471830922564,5.66683544673756,7.15287662294517,5.85283678975454,12.01143852719
11.5571809959129,4.65429344157977,4.93953662324148,6.0535899751351,15.0965642406358,7.15922018314651,8.50187291228461,6.92161179625785,13.1735918133748
11.246205147071,5.35459432528057,4.82841304467196,6.35991296339654,14.8983014391643,7.86964771553589,8.58455932453504,6.9592406536022,12.7095613298037
11.5787797089182,5.67665369770086,5.36801249317959,6.81817084674798,14.7992806277576,6.65375932401163,8.17026558011101,6.64006715058232,12.4975569560173
10.5067538031692,5.98745221192245,5.20507608118799,6.10169395524705,16.1279395508642,7.029740009668,7.35221363804363,5.88933982290321,13.1622765573155
10.9637696774611,5.88228439497623,5.39765208796186,7.33961930742905,15.1082647383018,8.14660381647254,7.55586250750183,6.68804429686527,14.4198291954222
10.7209575096456,5.80161139946127,5.23257435954245,6.42334204910658,13.9629234243603,6.55750515138518,8.05101250549591,6.51426430694776,12.8675279870635
10.8579439247456,6.80181308638777,6.26297368852049,6.27674053625844,14.904786947441,6.96039370962507,8.07769542794698,7.73810162886271,14.0169391631437
10.8703702241703,7.45565391132951,5.74186956878515,7.14952236797742,15.4501893506608,7.76879938946447,8.04086603161659,7.49847354403088,13.785553041587
12.4622605748542,7.25862803221778,7.10817915424574,6.17924976761825,16.7278913633083,6.54853704153585,8.46051534876739,7.99855474868447,14.0308628828783
11.8432874702139,7.87747084228764,6.76963693579295,7.03856981582539,15.5523306524867,7.91962039678305,7.67626836012156,6.86917622181291,13.2766305508981
12.3048190746461,7.03708935613215,7.16508526368433,7.22672600839781,15.241749514732,8.07345020126247,7.14242732527514,5.94553992047285,12.4727105763943
11.1834973951991,8.44898301324872,7.42496961852367,7.76891072133567,15.3112916421389,8.17226968664805,8.14512350680261,7.2611457559913,13.0676454960944
12.1253785586589,8.0761926020696,7.02320909709629,6.07081538112903,15.2387031858564,6.04208221442022,7.61861594607,8.28706695082201,14.2746644277005
11.591877115361,7.16991854919517,6.5513273223095,6.49184348410049,16.6668245980581,6.90855032713292,7.82626156222111,8.63000653453786,14.6149365740017
11.846945576791,7.6226196795131,7.88749519774174,6.83937963167605,15.1271533472897,6.73750429623535,6.36593853768724,6.78503731021957,12.94565356136
10.6068523264728,7.96033050497806,7.40680293287379,7.00314107528889,16.1506697880184,7.35764329033387,7.87888413034139,7.2680109513994,13.4510371807754
10.777800363037,9.07193354889437,8.18712226876552,6.9784236043046,15.047564658995,7.40426553222548,9.46016315990939,8.43377110863232,14.3741276984628
10.2451336966629,8.1206476109539,7.66755695764486,7.02928940816208,15.0913948757668,7.39472649961123,7.79391096326589,7.2436506441795,13.3910249641614
10.8677518326863,8.43083970494373,6.63541369178369,6.50842112808364,14.9470020045284,6.42174253185016,7.94888847849088,7.77011792149549,14.8241910473807
11.8273929776202,8.77103470102295,7.49902014484724,7.42421766891006,15.6275419873092,7.22293888639326,8.66262524162168,7.76563162113538,13.5953141350909
11.4645000397421,9.15929600445662,7.23727728514944,6.49305431136161,14.9540388525937,6.14776022843963,8.25730948434317,6.63786281794067,13.0540364505744
11.5557151842845,9.0687689352922,6.22767518569905,6.58851564273983,15.0095382268435,5.78207941602053,7.50426827085511,6.9937799321365,13.2798413776911
12.2635136546899,8.90160728370815,7.40545053857539,8.16600502411397,16.7168280289643,7.6055447721777,7.92409496768328,8.07626512607711,14.5992604977518
11.5455257821647,7.79678619963883,6.77558193287387,6.78036879399781,16.2091141827139,7.12028183493153,7.40387804626387,6.56092203505443,15.8307280873035
12.1701338179935,8.1106682883005,7.47961032072159,6.34442179273611,16.9950869546596,5.20638461697954,8.19831090684499,7.52575919787305,15.6199717143524
12.907802402222,7.80479976445349,8.65560969132502,7.2229217848739,16.4555246701576,6.29711714662697,6.67803161266054,5.47258939758722,13.3884087522573
12.1252356913323,8.39869061765886,8.93048078814719,7.56569970934724,15.8693455567812,7.53900107176132,7.59602383033524,6.22238988609361,14.8439908197775
12.8746578010413,7.67737038400182,8.19713459248019,8.45663113101445,15.6656838913315,7.76821856651734,8.02345390099528,6.21685883701678,14.6958846086781
12.8391276965827,7.93550931827491,9.80356077800532,8.49651257504501,15.1854832908129,7.44350396579627,8.82731578025428,7.04453364882952,14.9557078106305
11.5749554639459,6.8489195593165,8.84907625740354,6.09319157013484,16.6066425741441,5.49940071232866,7.47756062252147,5.6500350042581,13.9652796891346
11.4467533370014,6.31357219490755,7.85804533049468,8.00649432716105,15.7999207071548,6.29723632896503,7.39897767366606,7.17769256263595,14.1231782354197
11.6007299721404,7.0711914898392,6.5818986957427,7.46194372485708,15.6250118680152,5.84857496695337,6.6280841682815,6.53434954609246,14.2505135980818
11.6922926480461,6.74881705809321,6.53874523230263,7.90471375009102,15.9890973063686,5.86224592143698,7.18208780467898,6.46837523183389,14.7779698113387
12.4494835684733,7.7291232923078,9.13684431954302,7.96705153620648,16.0129389853368,6.47831170711504,7.07981600787685,6.53482112960921,13.9464031792856
13.4212684042616,7.74640674507449,10.4725123647834,7.02171434287909,15.9011323755525,5.16865162732581,7.0206108070724,6.98249703489948,14.5689929995153
12.8613717765314,6.90177083460249,7.7708842811657,7.79205957655041,15.9659384537927,6.62769994392047,7.74858682021416,8.30357103109835,14.6200280038079
13.0039646265824,7.32484296377558,7.31111831063532,7.09668019047831,15.5073555655972,5.48564700028905,8.12272459621998,7.58044853877965,14.0134141497989
13.4932029935426,7.0170382103225,6.90523895973632,7.41471114801774,15.7564911776207,5.3959898614009,8.2539415501765,6.25879558752249,13.4678747018865
13.0260198230708,6.76911583644439,6.05261487956265,6.18823943297104,14.024021937945,5.39899238316793,9.18672774485765,7.60013121395392,15.176451870066
13.5172637177951,6.62530869547075,7.47488627961635,6.04871025777126,14.3315749357648,4.84754600771411,8.5189771726037,6.25309768958249,14.5449358657388
13.3542328949971,6.81819972613154,7.4017700836342,8.63609856396361,14.1765270938374,5.43472908031318,7.34505410319489,6.75148274098031,14.6735483061448
13.2842404954256,6.63915968898934,7.718180924914,9.61601294573129,13.0846150326462,8.02244214607807,6.71730833798232,5.11115022668163,13.9606832351678
12.8815215717233,6.92993160825754,7.74012485409658,10.2652104620442,12.7432997343003,8.35877485610553,8.15153229090976,6.34381776563117,14.268351612801
12.9766997323633,7.44833713928535,7.7588344713264,9.6006168709744,12.6920652354383,7.48536802088481,7.43320634614851,5.33332979692346,14.2506111376226
12.7909320844176,6.66248114873057,6.70510472500786,9.42359321777274,12.7943182201114,7.20366666105119,7.27393078467382,5.61471219167927,14.4348598660843
12.4545339104154,7.29978049952186,6.70683524880205,9.82878819573383,12.4472571808018,7.72957867171936,8.94431706110244,6.42327692902552,14.6653656483621
12.923711926865,6.40486696882397,6.62433962110848,10.0211219512299,12.5372021181266,6.34344758565899,7.63877606800626,5.63104512562301,13.8668678079988
12.4095318252276,8.40284567580976,6.66457705563979,8.46759264667308,13.4862207299783,5.85625887136289,6.92505797438476,5.75967814756418,13.8836838636252
11.8676474748131,7.46638220912693,5.82499221074886,7.708207053393,14.0157420163999,5.36213706243515,7.11531703576388,5.15714104650529,13.993956841832
12.8642809338251,8.11501973605396,7.48649378012101,7.83541996313916,13.9265609437131,5.59397297231274,7.60050139854395,6.25603719612499,13.5832252217577
12.6019974613902,7.3350144351693,6.62770683811469,8.83628079672618,13.6486968843153,5.62139214202578,8.58240050226625,6.29958014418508,13.762310355129
12.4965672795318,6.87753185087644,6.13668069039726,8.59368262236721,13.6312648231058,5.73822290824676,8.39362075278789,7.24879656020986,13.3995349034851
13.0112911540235,7.12625807637251,6.58853780921943,10.2863870303628,13.3873712852612,7.75587568387246,7.81375282889509,4.89263761899894,11.2350414432437
13.8467468562176,9.15458806319681,8.5996451651185,10.6114494046538,14.0720704936018,7.40880697240885,8.48018542690379,5.13021601842831,13.0336623033613
13.4225273960336,6.79878888834072,6.23547689839746,10.1307739284457,13.2589156085437,6.82969412315539,7.77654432390112,5.4944769366803,12.8257472007582
13.7348037300451,6.81675013618279,6.72512568023181,9.49865011580922,13.9322737663836,6.12783073114043,8.29913758877278,6.24365438404343,13.3888913365875
13.5161440375621,6.45255758104248,5.86135926316026,10.3063095624986,14.2237741082196,7.50612656396411,7.62983788501182,5.76551443026866,12.5870549530743
13.1625159426452,6.89959302305526,6.55312870019855,9.75788702260266,14.4032359939611,5.66536878018225,6.53389238486275,5.13205622887224,11.3784627584358
13.0126298467831,6.80835622144751,6.29115917609993,10.8344535754848,14.7429746033544,7.3194451814549,9.1174799072587,7.12486829452465,13.4037227184292
14.1925468323488,7.18127028529031,6.25677386265897,10.2382568998505,14.3328344954591,7.57044343238958,7.58529651949252,6.36125404161363,12.0665418656241
13.7763952544037,7.99748940252907,7.09226040771428,10.4262846888722,15.3650337210037,6.53631037334309,9.29453316272865,7.52746002129359,12.5140102927192
13.5790023358224,6.9899760325793,6.0794995079447,10.479192736595,14.9462048440213,6.90418188311697,9.52413364179535,7.22233471238663,11.989041191037
14.344667049656,9.01542288116845,7.98814263956273,9.9864130965778,15.4670897425807,6.17873377475185,9.23421272523021,7.49087185220295,13.0902883535362
14.586191864735,8.50607071225087,8.19828864997043,8.97772838652701,14.7851355972414,7.06597170070736,9.5304649176065,7.4628542402365,13.1044936730257
