"Merval","IBOVESPA","AXJO","DJI","GSPTSE","RUT","SPX","IXIC","MXX","SPCLXIGPA","WIG20","GDAXI","IRTS","FCHI","AEX","SSMI","XU100","IBEX","FTSE","STOXX50E","KS11","N225","TA35","SSEC","SZI","TWII","HK50","STI","NSEI","VNI30"
0.941027716141071,2.12944452822493,1.2793942078029,0.983646927408037,1.11187580514968,2.12352111690902,1.67522950466888,0.777528661139062,1.44490681959624,0.0914158208840263,0.822693545800371,3.08632978644556,3.87959300013866,6.07160996407566,2.12276634334969,0.448298404588439,1.61579500921786,3.97405211417653,1.42399617734613,5.66753044368007,0.378933053823835,3.14726239127972,1.21850394658775,1.08073442487461,1.35224165983542,1.21371417881294,2.7588240426017,0.104124497015465,1.32703377048021,0.601115454333935
1.00575230388573,2.13891516589183,1.75364017945514,0.737710151552386,1.45265648755339,1.90758332717431,1.89336508582652,0.995616517359816,1.93078141673339,0.271791346100855,1.56197135410216,2.65753066611591,2.80914671297976,5.57657736245149,1.77263837253121,0.478561771773091,1.98028046417585,4.89392453030382,1.1407514701248,5.3325475737893,0.143033487194026,3.11390110131119,1.49824680495281,1.18420658599043,0.974530819120397,0.415130809607365,2.71789894610534,0.411764995838424,1.64057056377948,0.614578332568896
0.491669166469107,2.96229129647375,3.09224924684851,1.42025857908173,1.2495685503481,2.50154310358161,2.50163535154121,1.97462741553534,0.956073397983462,0.556574335443197,0.900564635939503,1.72161354214072,2.88889777342702,5.18195860871771,1.9625480348226,0.481639598721529,0.409530292927768,3.25009147389277,1.8993273456424,4.19386463971661,0.124920953698792,3.9493144421593,1.59627587420509,3.00499373550481,0.89360646600678,1.40659761478,0.969780175786759,0.021849772018136,1.06270655213895,1.0386908942428
0.961228035806097,3.11827001696469,2.51614499730488,1.20200406634499,1.49426682863035,2.69754929006385,2.48238651466556,2.36764247011895,0.772492411369761,1.09119505418884,0.341747286418518,1.91043631789938,3.22311020603792,4.83158885919205,1.88541875256111,0.218490835556646,0.558454843933545,3.61558110657233,1.59718122287146,4.18606014637688,0.195957322160113,3.76659782735094,1.19787950374361,2.97471345870779,0.698924947091979,1.84585505377779,1.68721333544159,0.00177102430380359,0.941194615256568,0.418470517713988
0.878526017089802,2.59589615006426,2.47126796011247,1.33767892557473,1.90077191896139,2.76780076479338,2.52598271163094,2.14857832295142,0.631855584890703,1.01090149358118,0.138766987718894,1.41221861825856,2.63199800798043,4.71135893671211,2.05952052349736,0.0837640804638847,0.139054983589209,4.38003074198661,1.60204927212775,3.8321318931835,0.133372626675053,4.596309995004,0.328895268951732,3.72696115672239,1.38419937498995,2.24890204958066,1.14206578883867,0.364076549078008,1.13836450450334,0.673744360316948
0.270649005145289,2.4552192595541,2.90920927133677,1.29603591001416,1.56854528880082,2.73764418676552,2.82536447592429,2.30131988535529,0.515843176444482,1.52523284072106,0.260399108711949,2.00659479975566,0.891411614002453,4.6537710691975,2.48843668260247,0.0446956961821376,0.433362265947403,3.2267664221508,2.33070271996786,4.17792563909971,0.394235785674373,3.49076998797597,0.819881057994147,3.11204573974935,1.85457474130852,2.75576790526287,0.864933334746059,0.446260939365262,0.595650169028752,1.03825134325493
0.48915181880192,2.52371339408541,2.98282609404648,1.16251032741911,1.72623895885606,2.72163901078843,2.69397375648927,2.32398453340351,0.854164956943096,1.47725810302524,0.169770575810799,1.86646658825269,0.793272631722912,4.48227279115187,2.61070359527589,0.0592752581484651,0.910309758869364,3.23079462617947,2.04956240950808,3.92529617397083,0.462240791802153,3.22747471299979,0.447899565663561,3.25267450468187,1.81497798002967,2.89088670054677,0.86877688974699,0.341817470128976,0.516203544645417,0.928282141426436
0.652315511051161,2.03146541599044,2.84856605124873,1.05868946274323,1.57072281735644,2.46462248473577,2.8941492099712,2.17137816832565,0.251901090479585,0.997497854591113,0.379033917183353,1.96959650447424,1.8105228936283,4.69564137737216,2.71028853939934,0.00331578229442909,0.595442486527624,2.92960738495972,2.08180945992191,3.97736932131724,0.014342978886309,2.96164964079205,0.538234666054863,3.22182588140253,1.80551766274471,2.56419019608335,0.881691159177134,0.339831468129749,0.781953589505097,1.00835303105629
0.557679540344826,2.06766355930366,2.96306269983336,1.25104981696889,1.50984974977768,2.91767911275372,2.87381633201621,2.14945631875056,0.383452842486323,1.67171406148089,0.269605310803094,1.95027769779764,0.6127510729664,4.70346854241187,2.86824866593413,0.582886937654407,0.686159387728286,2.87265251006662,1.99511580780994,3.7993949133437,0.0617651216694048,3.78352469525275,0.14289440583388,3.50669383912456,2.17583012684378,2.41184341475651,0.958010868837252,0.759182375399564,0.548995158030467,1.13401693724164
1.00245769701694,2.53216790235272,3.26680757676619,0.958842809028848,1.51830567282703,2.89801922683211,2.542928342371,2.00916964590796,0.486588204225634,2.06176992704469,0.293029441842869,2.17131640398165,0.964254037215594,4.59526178888643,2.69150043060609,0.559479282073565,0.463575026134155,2.63789488350397,1.85930580902876,3.89525853702869,0.142643605960433,4.20964911404383,0.0212418155282805,3.34091775727353,1.5738097962414,2.23619137288791,1.23134955199054,0.0639205888980904,0.357493717886169,1.07093476363972
0.555082270491638,2.93701807509013,3.8803469878749,1.23336520614074,1.2486506598953,2.89249757269639,2.75498874595677,2.12415980672577,0.55165609763749,2.26760278756102,0.0352624489409053,1.48481264530868,0.997469678951658,4.8358772675308,2.43038886587855,0.858145922287475,0.927842246265438,2.57751617582583,1.95488976184079,3.73818154830202,0.502391330318852,3.75940525969183,0.412794681217418,2.47608847134982,1.65821619619503,3.09382835374981,1.44164685295431,0.352978377937291,0.291468774125518,0.980235927674525
1.18371037562982,2.63773238865927,3.25911087706048,1.48410355789384,1.61133806883545,2.33599918224599,2.59225269060846,2.22932331056798,0.731488405275211,2.89958566463565,0.718470314633862,2.08277450102991,0.642204072900032,5.07219868074191,2.4977407682701,1.2214503867811,0.596367789386839,2.28333244400725,2.41024642574603,4.25193204291446,0.527574435985047,3.72942806067861,0.210089803223026,2.43590020647845,1.19926036434362,2.35924222377153,1.01488309744472,0.312279919212412,0.26585871820642,1.50504497072763
0.570047194349105,2.38798816460575,3.75321703286889,1.12552919878501,1.5347437842229,2.17505420731805,2.46469587079796,2.17624849782888,1.27122502223331,3.01869759286126,0.534255107223514,1.77800471353625,0.494119998331591,5.02974388096695,2.66947815931663,1.23598532093552,0.682739616186827,2.49999998239653,2.43096513316163,4.3635351795035,0.933560681965883,3.90040921958035,0.558392016549792,2.11327861821438,1.1110924146877,2.44552730174955,1.11144341203502,0.556628943668332,0.812206352483575,1.50584322587029
1.1803807090878,1.95342100703641,3.37637064666854,1.12422334010502,1.98757836228411,2.21261234497754,2.76019542729921,2.58680884633946,1.18363189700151,2.96218870039835,0.494563254906862,1.87780756502426,0.641913578981463,4.7174345121947,2.90154143828461,1.09269637205286,0.767263041468026,2.80388156183317,2.31548344038495,4.05535586101729,0.751926384820159,3.26846872567518,0.181439228561618,2.36191874194432,1.32161357676062,2.90050877120847,0.894183016521135,0.471712207388922,0.608599657008089,1.60562822224212
0.695740856425801,2.24836817247819,3.33926763392219,0.900916818013847,1.57153003616429,2.13845035475159,2.32486521144349,2.28283269779193,1.13460162021375,3.68485488835363,0.0557638014450876,2.10007210755616,0.921424897435283,5.01024407825058,2.92040643526579,1.07277989492671,0.387284828229559,2.45337037127873,2.07437537230714,4.42444933347717,0.991379909690376,3.51390827169611,0.784019297245763,2.2800252159931,1.2861363731098,3.02285196866145,1.30673951555982,0.39943541590583,0.565766077565478,1.7235250881978
1.69522465604593,2.15108895816291,3.62823396730643,1.23973607234877,1.30993540537023,2.24458018565173,2.37515513806048,2.36036915063284,0.951294664683237,3.63570491383697,0.0772677230688098,1.98100657047796,1.17001449737946,5.13445069428296,2.89261982658827,1.20468215844023,0.0845965226223542,2.38238289907742,2.64043264802529,4.2181789948112,1.1619674174942,3.29158296715775,0.701346409234646,2.11198069366048,0.983079705772432,2.6915061346843,1.52642957732195,0.199039981615016,0.590125288244607,1.87124997905792
1.93556902693105,2.29432867319585,3.80765766195122,1.26655459402749,0.76308826458858,1.92811541859338,2.56013668586271,2.54778382240554,1.01702342692616,3.03808200009915,0.454325206648105,2.19623622870644,0.96713648721425,5.10145158950024,2.72759709457211,1.05778855129029,0.00655868623338558,2.32722279225881,2.34046123412889,4.43883721620769,1.36928622124808,3.09211721180082,0.400209947212708,1.93324341387476,0.980892871753804,2.49079035708834,1.43851234659206,0.0409702931201768,0.909327742011267,2.02242614298208
1.82875160005568,2.6141477057833,3.50269167143592,1.12697953280759,0.768464597259385,2.00905858507204,2.2818121721441,2.59471264693416,1.1880677253295,3.52376616131497,0.0760716051236717,2.10717185991946,1.31737391276113,4.71125283373235,2.41134595937369,1.10007219002707,0.140028371852328,2.5002858776431,2.3219228720356,4.08893269324879,1.06744355156404,3.27019530374394,0.00621416559348544,1.96912628045114,0.893388592848955,3.15133605299042,1.51750563867876,0.0493559449665332,1.0781743487614,1.72840420112516
1.54829568855958,3.00175578899007,3.38545240932333,1.07874852854195,0.886531455534347,2.11359307725279,2.34136699171824,2.54434713188032,1.22981443957604,3.67596209615548,0.162303755552495,1.93915298985957,1.42069990893673,4.79766286212117,2.50910719981764,1.24444245908938,0.0464556111305849,2.51852832717218,2.22727734550521,4.2343272264239,1.22689512751844,3.27659642506607,0.255048929332989,1.92556712093371,0.856453761921241,3.53947481926531,2.16091068937896,0.113278579405829,0.7118301785065,1.76371355617424
1.96880878810904,2.86857701799038,3.48119396146235,1.26259284647048,0.882324799930937,1.74012689376888,2.48613906210198,2.48083985676077,1.61129337791877,3.57422743487928,0.0188839745348045,1.8892038099371,1.84757256800282,4.47763891742164,2.87738057883338,1.03503673770611,0.266627148639631,2.52844803193173,2.11668650040096,3.98178430873273,0.624375813852907,3.62386385594025,0.155935666110658,2.27245553265714,0.891204854037244,3.06722437746364,1.58440474954324,0.0345351381284181,0.957480347619307,1.95863759474511
2.00944477513741,2.98913347329473,3.55536200715722,1.26878193691493,0.776499497910319,1.28902114754586,2.36605043842845,2.368173092876,1.61364229422104,3.78231514258618,0.476097584022367,1.98112161117078,1.79468378253739,4.42765265845054,2.88529146048224,1.47049993615341,0.0816612164663199,2.29013840078968,2.41478110861267,4.06137706662898,0.501216083483344,3.63606900083601,0.707997984865904,2.30155258558436,1.32045424981062,3.10743588767109,2.03836882501194,0.00235681936272595,0.450053130903383,2.20642975598967
1.46761348639718,2.92252840239883,3.05959052317,1.71984094325155,0.934532024740991,1.3815436263195,2.48160940356824,2.42780841214987,1.16280337703196,4.013832611807,0.0577410155116754,1.46131951988404,2.12456932232097,4.49646160823057,2.86555639137375,1.87518470005413,1.04208120249949,3.64865333653709,2.55185932156595,4.04829009981273,0.516946912134063,4.77775969821352,0.246671050061868,2.34605872925104,1.01906974608949,3.63270816078113,2.16417263214168,0.397624094748328,0.355696288609459,2.21222686044928
1.70188749645654,2.82730319378101,2.87941446268147,1.61628248981823,0.575646928305748,1.34832447991727,2.31905505781616,2.53738457432925,1.15107094896272,3.6421809502238,0.0142662596828455,1.70128031901252,1.68285870253912,4.56674115934741,2.98890621634547,1.683716838214,1.2452807961216,2.99299503109662,2.38177733002276,4.10353843601483,0.255477790056913,4.62183402798044,0.374613911204783,2.55730956609021,0.931396665292941,3.49956539089647,1.5940493418584,0.195613101273396,0.137435032213241,2.1893685504095
1.33734678419205,2.91828899715766,2.85013957199762,1.66640067015551,0.78363017787425,1.41900710776346,2.29053481545132,2.46572315892038,1.25527189409922,3.75119660880475,0.127595933496891,1.5598540256194,2.20950099932257,4.50164427768517,2.87988590395772,1.50847506310669,1.39385072193841,3.62336353607611,2.42379527540311,4.04952096675606,0.126679004862055,4.57740104029664,0.468578959385369,2.0564007498799,1.21483234674645,4.12107350332557,1.94994849650964,0.259120565713965,0.291386947031564,1.98262757755545
0.945385340500339,3.03728362112108,2.98449858545842,1.94976615250291,1.0225283529651,1.18050251446001,2.45586409481374,2.39702110846605,0.876952744467634,4.11911144734859,0.11973492514813,1.99644097085748,2.11991909874688,4.430274660984,2.94644198904927,1.56477694581593,1.81811541551506,3.39380779148431,2.27790241437282,4.05565185148329,1.14872835500217,3.60871068670359,0.0840575473580955,2.44760007030353,1.18121311094488,4.53759594985671,1.62772173433784,0.512673498723527,0.440667091913272,2.18816152846986
0.300690880144875,3.80879815625607,3.06822494574144,2.10978981231043,0.874938762284862,1.25118785628331,2.4201856760271,2.16678411843466,0.955446302520454,4.54802522829041,0.0767572144406914,1.93627750714773,2.15132126058137,4.41251519794634,3.09338687288066,1.58138817934381,1.63201150261343,3.74950802086877,2.50455886045528,4.13238582483429,0.733237886433259,3.25562700786693,0.794774155301764,2.49888298228946,0.687798094447255,4.04905255538149,1.78995153255367,1.10541422200815,0.797275345957963,1.85557406044505
0.432355114165645,3.47829309832464,2.98485598289636,1.67017844195967,0.49258711937653,1.48866327838111,2.43723750389885,2.28680115898224,1.56615605803758,3.89252456610869,0.0146125291224228,1.7690111637198,2.32267978787764,4.37959651744927,3.34796401561853,1.99085329997572,1.04426922895581,4.13784105229949,2.2774048370537,4.4460360408286,1.22564146026919,3.88779059755097,0.630641276363545,3.09460495611565,0.696427635615786,3.90511493374702,2.04296794997279,0.934872479485875,1.01355751038009,1.99126211201102
0.118049463870871,3.60645642610465,3.15079553466371,2.11179691952025,0.929948740462964,1.45799110284353,2.55050041712873,2.45628397065941,1.48124833119233,4.01357334341083,0.461078986030336,1.43560022591788,2.13025086543724,4.35430078169651,3.21220795871581,1.80923469898687,1.24525669218522,4.02192700375486,2.01804908424477,4.24207762418493,1.64106727484409,3.96903127893901,0.974080518908474,2.40570261527239,0.991605248214708,3.84135809605321,1.7856733008944,0.69355414390986,1.25557251144138,1.82116617038377
0.0259207092163372,3.13557759881482,3.46533755747291,1.86549365664502,0.519271605939036,1.86544727254263,2.49781896456518,2.40341924215991,1.1636137257195,3.68679223562409,0.1857203529278,1.49469781665142,2.1680476749186,4.12629405697131,3.23794350844139,1.59294591984182,1.10369281194365,3.67150158650915,2.09772602504314,4.23891867529537,0.990139553803991,3.0591352240794,0.547381196374263,2.87076867254134,0.812805539638862,3.95011823374502,1.8257524955803,1.18846338967591,1.45413273310405,1.93162128496022
0.731051863772865,3.45384460372311,3.25270424699715,1.81728043344381,0.536771358424379,1.68725130014512,2.5067015764397,2.26146424575344,0.914483746931028,3.67513074972531,0.280217889084122,1.01019166624,1.60294518018953,4.36891078730412,3.25926143083425,1.80990708667051,0.698334889685229,4.03149737175725,2.16632225356272,4.29137047041691,1.24835142508337,3.18773597580317,0.820413154442891,2.8300259049242,0.799571736481746,3.74279902967449,1.67605001571393,0.969030898487275,1.8738957797708,2.81558943972582
0.676929057598258,3.10441742923193,3.57424898891615,1.84784629159204,0.729366669170275,1.20777554730003,2.31510702372971,2.63749050130878,1.05970471407263,2.97402657775822,0.393425784177964,1.22006993055119,1.62013944321444,4.64521196867786,3.65394173608363,1.8445537032601,0.572161233432216,4.15908318805797,2.31865546142903,4.40925831721965,0.761178225614009,3.44049859526435,0.910706063933858,3.37155524728766,1.20963634404008,3.4589041073915,1.65668759490288,1.25304293026858,1.31028424377903,2.51929334331882
0.516736437917705,3.78286010792482,3.55527889434036,1.7755502563087,0.474422898039175,1.22138166346459,2.09828655927086,2.49703930936422,0.817305163851261,3.14825149461019,0.501728724145195,1.36327390593018,1.1688432774086,4.27305311461824,3.17332432035451,2.03768243104715,0.0676322632733438,3.24260436145623,2.46438924384412,3.97861767947785,0.651675773246447,3.44737022406555,0.526202380560965,3.31042104957672,1.21980973508687,3.47201663597864,1.56342072343947,1.42404928744107,1.79644566191872,2.18655975132045
0.0594232003797411,3.3434985756674,3.82817881699444,1.67098469526384,0.440418350417489,1.36095259799279,2.2740450016931,2.39384870578364,0.368618586607668,3.29076739656592,0.525777039889385,0.746659308760643,1.93420483492673,4.19189781997724,3.12077286286969,2.05726587228822,0.262390227346223,3.28988985362098,2.18952623871431,3.7598700584974,0.275343092297643,3.97356507215016,0.0232520712356193,3.37137887455412,0.832808757168494,3.54183769985494,1.36822330877052,1.83832933607141,1.53882081899384,1.37954786195111
0.462476820542178,2.89455902134556,4.02112364758851,1.56625901582899,0.549688875246848,1.48157351395605,2.26892436232576,2.52500495208405,0.180041453639559,2.65684382260789,0.309354213152916,0.711908229861035,2.15214721219636,4.01040797262536,3.28536947360484,2.19026250400114,0.456700371929706,3.71662741024803,2.03061042800692,3.95291189554545,0.974553295285527,4.18644807191111,0.713171937333671,3.69145218430389,0.648984747533664,2.65479296475131,1.10429198083183,1.54917554743267,1.17691661718968,1.41822951370474
0.471895690332635,3.31626395200571,3.78107968644965,1.68415990798735,0.209524470956362,1.64370091232686,2.22143039218169,2.35028715775837,0.14398676734621,2.22662502829215,0.177242483501901,0.58261728313584,1.98998690785209,4.17957688286024,3.61035259932301,2.65958297687277,0.208689520052389,2.89353061004592,1.95599080337001,3.71189455313638,0.442253919623812,3.75843384251988,0.613140953025298,3.57660268572734,0.60458234439161,2.76267872591079,1.1890256449487,1.38724542326106,0.954125171917368,1.85766522265992
0.293784184949811,3.19884712431277,4.33309228012666,1.9302650507739,0.626692644762987,1.60909496163087,2.43743123818031,2.63374705769356,0.152255442515458,2.85154513683559,0.334978466428412,0.354104864663755,2.89056539624232,3.93018291142452,3.66908810412576,2.27856790360801,0.138164743075644,3.1394273437908,1.80851955010909,3.55600022692848,0.151885095831796,3.61653432551476,0.776627559906606,3.46650329517376,0.705162057470604,2.3046635549298,1.19764627389871,1.00970473854635,1.33619437325546,2.26524857945915
0.206566708340526,2.89066395302024,3.72947394075632,2.04110700193091,0.660062820128457,1.94284279987319,2.17079043837101,2.10452639790455,1.08670109119757,2.62909570581701,0.132960091434415,0.36499855860484,1.41817963681957,3.65744694128346,3.3021233255842,2.68843977332856,0.545714815624112,2.27620114978956,2.20604229259061,3.4899829481987,0.0419508548196351,3.76484959208011,0.908474664591093,3.68456147738782,0.968940573560952,2.08423388907062,0.236748387078139,1.52870513261133,2.24917894808388,2.12664424596348
0.350311548225781,3.41772734982222,3.93737282845058,1.54067426166017,0.822447428050674,2.36413181407684,2.25533591274633,2.3846436673417,1.44168177483203,2.41655033998477,0.0365271467036383,0.276195975931919,1.42391103169795,3.3142069000449,2.9874011137289,2.50410608362737,0.931911956359859,1.88171384397499,2.54694486861337,3.12509483249225,0.235011342411223,3.86378697534796,0.724611098757119,3.34662634336199,1.45443295692497,2.10795002287483,0.330207869139988,1.82610752278784,2.10910075119495,1.53958424384852
1.15841106427787,3.55265124954537,4.0181676871535,1.4540464487144,0.479158743875624,2.77807818404209,2.16979193710019,2.86814754254902,0.980824918756286,1.51375666133658,0.0589659616875309,0.230950126878367,1.75278012388977,3.7253404465158,2.50851754604293,2.8890869211604,0.0748418550171838,1.79945426330225,2.49007579205725,3.37436677538662,0.0280751350075574,3.90388539316428,0.660554815375515,3.53027480184969,1.56163999544196,1.00249030083846,1.20333993008864,1.59183249729155,3.35999868247179,1.44365215102176
1.08984027623378,4.9972165048361,3.40718378540875,1.31414662120873,0.432798131755771,2.78333095985587,1.93890763802492,2.36474581060835,0.973053451738071,1.57919645899448,0.394048495057875,0.0343779721623211,1.34600295477734,3.68466238715304,2.84272312484746,2.83802973140755,0.304940432823663,2.14826196991823,2.65873736143034,3.21738445713543,0.278194073524558,3.3794240284466,1.11715874682302,3.37777739892019,1.6688574233719,1.69535256715862,1.10633102578963,1.73488500071626,3.64206228478234,2.04723705530831
0.374785499931036,4.36538908370229,3.17517338675718,1.11373833520743,0.291817263087946,2.69121153661888,1.86596016242422,2.22842431962126,1.37874208575056,1.29395968437282,0.913839343521707,0.376736614855669,2.02674274183418,3.29582462439434,2.40759052575094,2.44031972863944,0.113925854065911,2.425967594019,2.37788099366102,2.87907733806537,1.19975508403927,3.30893636451172,0.810616495579753,3.22388583606618,1.32137533159839,1.80177737933834,1.87113129821627,2.25592935376012,3.485751565161,0.856158073795344
0.368845510845843,3.21711295137137,2.91006784378318,1.22285426044412,0.545614279199249,2.25328475887634,2.21667082914884,2.30770042897658,1.75552566751104,1.20038002191546,1.33816260422964,0.212271395315437,2.38168889151152,3.31269990850801,2.35044231956962,2.67332796472988,0.288156128229562,1.88970930195996,2.44758224174509,2.93373840634511,1.32256131438032,3.17684227114652,0.446074781983543,2.95142055374863,1.36610326423874,1.57517303381058,1.48433266952145,2.66854305263016,3.27355496911435,0.997778847142146
0.303457932232387,3.32864722516186,3.07845433966551,1.260218466602,0.233127941815571,2.31532480719936,1.8472212332259,1.95179472493251,1.6794991923121,0.974958975947673,1.20663017537327,0.45736346980662,0.98579300679022,2.96064821345884,2.30879159588826,2.60344805087004,1.65733575920789,2.05855685315138,2.56153106454005,3.46229453247836,1.43494403595497,3.12878386172832,1.13269590577263,3.30312157526556,1.20038735092917,2.02687733620944,1.51108509531892,2.69497964756932,2.83979160595953,1.59029119087537
0.572649595041483,3.77977483018329,2.85323173646668,1.27754093203335,0.077389256911117,1.82896921905758,2.10885761923876,1.75385857490829,1.5842588387552,1.08893644767272,0.973323178212501,0.489946804254033,1.288077096675,3.02020405519584,2.72956462635116,2.47193553915297,1.92937117266201,1.96034245052214,2.29787811975482,3.14331642602256,1.27484342386385,3.19729423080781,1.09493282401581,3.12486068772596,1.60172888139627,2.31390468675764,1.43803835392427,2.54071542878822,2.50664088976425,1.63547208106784
0.306753690982361,3.88131247032654,3.39260049258023,1.15349136510265,0.167980670055253,1.90315539155119,1.880649647218,2.03119121397108,1.58959624217275,0.442681179181488,0.871009568769371,0.648947427708758,1.43326132281563,2.79970067371394,2.57375670866169,2.44422352765493,0.696113872367216,1.99941233003826,2.26578092849829,3.07392463436461,1.45029232515349,3.40628119879254,1.08453770924259,3.15708901749161,1.26483928473344,2.02944927440134,1.61587860655031,2.47590164604318,2.80037907981591,0.647134832023787
0.260835093215277,2.52464256013535,3.01079575847945,1.03626499182344,0.146473380414062,2.07295344233234,1.68396816034806,2.28582798544795,1.7450638815168,0.599174936004653,1.01830812510285,0.71615224258985,1.09606732160584,2.63855720742528,2.36161424850713,3.03260157881404,0.288488768457973,1.87315251252416,2.45730870051121,3.39327744984393,0.763285397123778,3.5916119866273,0.761066531982077,3.05684928160283,1.24059397548484,2.10157001765522,1.88338040043474,3.07699569548177,2.71615182655846,0.800101579526165
0.00398826929789527,2.84529774159291,2.74323967851537,1.0447787701165,0.0753673936473891,2.11359403280357,1.88746610075227,2.39074090263503,1.49671101088946,1.02577939949637,1.00373791137689,0.573726578947041,1.09416357732169,2.61558035613509,2.45469711892078,2.77686756104953,0.410789627627819,1.8525748461949,2.36146657597548,3.33223833353505,1.01207416241536,3.73629903929486,0.609295925637597,2.89685162971654,1.24162209867571,2.38045671121006,1.5271211086951,2.58711073135789,2.43452420789823,0.840208695292753
0.247880514620252,2.78697426649004,2.75102139728848,1.34482434716711,0.0570349729577512,2.13829200355435,1.93973986173493,2.44664825756376,1.33681369479086,0.977362418423576,1.43263621447945,0.577106509215131,1.94920758890839,2.59169344385811,2.47615891682602,2.86249296842319,0.683897946116295,1.66672231882702,2.35901683982854,2.9798379803669,1.23289503496447,3.97028350606525,0.585409913395514,2.82390144820949,1.13790665209651,2.26631532472275,1.51037473022306,2.70299504041151,2.10250439086166,0.928342528774898
0.85589852150557,2.75732276543566,2.98844671589952,1.77726533675006,0.501791805000406,2.62330367138743,2.54742326566338,2.39787741565403,1.75043313980698,0.574986069272011,0.784727860137514,0.697453083552508,0.03255250209254,2.33261331429967,2.32488684507742,2.9987205567553,0.279288734627255,1.25156663740187,2.43782408450746,2.68507873893343,1.38175695840526,3.60727739341634,1.06702024532094,2.7791703881301,0.298434187001388,1.91127831191483,2.36444997700714,2.26078476241045,2.10522365751012,0.96374139197521
0.520437658812309,2.93729751196332,2.79548777967779,1.53029438531136,0.730143905451349,2.59855872225577,2.21228917069789,2.47274645052745,1.69936905337213,0.575562885148454,0.57025168801156,0.676751879936164,0.400093913962,2.40652984659885,2.65051307024363,2.91937820675891,0.110329692062695,1.35461789315145,2.34721817302742,2.83032133200881,1.03704995279204,3.68856248181951,0.70282171536807,2.38735863892792,0.589516594566613,2.24926335079489,2.15563913978632,2.36465975867282,2.1776744927835,1.06297534607968
0.136676259156446,2.36669254305308,2.31235433460751,1.30058938628436,0.725836224411362,2.44787626370688,2.05729084539708,2.54061960461685,1.73391926341605,0.0987137413610327,0.576595619707474,0.741502105952866,0.996183745495498,2.28193406449578,2.73128178101443,2.59041942203103,0.829730020989547,2.47414952156449,2.66953793227085,3.56040698022867,0.67729727875776,3.64586417036199,0.281315672993842,1.88252219928895,1.47591560630385,1.07292366376178,3.54091399293848,1.69176902298068,2.40886722957455,0.718974633085745
0.0898812107677522,2.62702840302883,2.57968484288503,0.769698601003288,0.827364431709937,2.27247208066959,1.64730568757327,2.26471688453267,2.19234222559511,0.332476376794949,1.09446812151353,0.728021475770297,0.437923645881302,2.61086655523197,2.97253021763694,2.66832471574954,0.340509647836624,2.42547020685861,2.35571565164646,3.22990301378645,0.649292188096793,3.4371880208567,0.00414967167416037,2.23546165412364,1.3365670935549,1.25274721349579,3.12854589834785,1.63394906030926,2.86992556904464,0.693125220001373
0.37725565844014,3.31552441749809,3.00697704569564,0.737587312705514,1.03310684750346,2.13278843678625,1.6211941482307,2.1382115259244,2.54908029668306,0.896503254312258,0.833386768137275,1.05562434469628,0.134969527985822,2.82338044852159,2.90598925633394,2.993771153072,0.623256919086854,1.91673802022223,2.34812251425888,3.24963991743572,0.75798462547843,3.33759264194868,0.294449225391703,1.52322943872433,1.12591176836497,0.515906536875145,3.48210403325944,2.43975296337738,3.56576812458766,0.940117145078008
0.329613226710701,3.474810370877,2.76429686119697,0.564291377518376,1.50861406524228,1.77012498768913,1.49666611307267,1.83368533651175,3.06714260361265,0.913032688851335,0.791592389996327,1.04058915562847,0.376404861096608,2.64763381334834,2.76554885182386,2.44420771549639,0.236103423490524,2.24321082310191,2.6598913648383,3.49966038488328,1.36937418033228,3.33439860544529,0.248640737504612,1.57508342771752,1.22486989873141,0.34114575818105,2.58298525264642,1.41269734708951,3.11817894733271,0.830829519476446
0.499506446095514,3.34709130685584,2.6972422417884,0.714612116140417,0.954121701379761,1.8692254184053,1.50574493666475,1.80548457614576,2.93367929463705,0.614770567711711,0.54021795378285,1.20038128588953,0.647098424056264,2.63532662596837,3.19580904778621,2.35560960989374,0.384951613793151,2.1703461019502,2.24818875109523,3.47698212020666,1.34864706399671,3.25642743165842,0.075404546398547,1.60382873579349,1.12810092578176,0.659231111287274,2.8229243108357,1.35192110376768,3.23287022466541,1.20278922953877
0.256800084528459,3.22376331697006,2.74122596127513,0.75532384187459,0.665330074282937,1.58036115364701,1.26648333647504,1.70420563001432,2.50463768464572,0.783398055866978,0.612246919733267,1.75184819913927,0.73303750007049,2.49799219795292,3.27903063327118,2.34274637085847,0.0790314821993996,2.11332227524489,2.02938478670283,3.75198107582413,1.54473493831338,3.41865679094097,0.144842471948927,1.84241652454859,1.32166518194994,0.366621393079981,3.32788239555697,1.76647873024069,3.26626931616357,1.38545218874294
0.459562053250303,2.26476842104011,2.84013777120659,0.642887137052658,0.589721337195967,1.74745738780716,1.08095321431645,1.33345638407562,2.60080540727674,0.700040953322404,0.438204824735098,1.62159740530181,1.04357268742916,2.45374192045924,2.85521065247764,1.9112252767762,0.278810850868019,2.35501044264158,1.84071428378125,3.88242478756047,1.4230521281464,3.11858644099337,0.223176771251592,1.80489573291893,1.04299770840137,0.0319662098886139,3.23961383356347,1.89049256098333,3.16565803083412,0.905211744993874
0.129608515998591,2.28439428296619,2.73923395519119,1.09418015186249,0.956825636133661,2.25258532854859,1.50146020066539,1.90351759902481,2.37585292562174,0.0117268993483517,0.670027006228587,1.48882083057654,0.557612756359786,2.27323077746083,2.82114999780826,2.13272347172837,0.0494649103132351,3.11184294552478,2.0774839922682,3.73603565421911,1.619797798992,2.35997616702939,0.0367563737781929,2.14649150397403,0.801157716464527,0.497977894140827,3.59640604259415,2.09435825041988,3.07191341621769,0.694844621576919
0.393844590287224,2.88218622994493,2.81176001127087,0.914353701120641,1.34911029705407,1.96139510207125,1.3487898775446,2.06338147332595,1.95548070788735,0.339598247811835,0.504043115095842,1.10791028386882,0.0542453797240577,2.39827871269175,3.00004735888737,2.45447766185352,0.299182104604037,2.53209092685386,2.15806738393468,3.26265046215004,1.28183853273186,2.04158066922677,0.0326744561159039,2.01764829963967,0.750113816333051,0.733347989830392,3.94213404634176,2.55812789768249,3.14047918553358,0.861574212154852
0.422442625762483,2.92146038846973,2.8069820854798,1.29657291419183,1.30087394611098,1.32209551364554,1.6960655838657,1.75385031496326,2.03825700490745,0.146531120424084,0.929377148094491,1.16779329596616,0.00898498750415777,2.30289565767756,3.51550611719106,2.64484284501529,0.407797527853163,2.27394636782501,2.2965408877002,3.50686220406168,1.00033501403342,1.81422447766814,0.0262564635005646,1.92295507946515,0.563725932412174,0.973875133356151,3.68309693434091,2.46677589424089,2.88044614665913,0.981951023394113
0.659023622991197,4.11240873530305,2.88353908732212,1.17625840820841,1.21522350345631,1.66220419015742,1.59905627160609,1.75071371861292,1.3706676536087,0.00229273060699202,1.23056225709573,1.24294616979837,0.419511630996451,2.75109603398288,3.11358668319429,3.18101717085994,0.0943837212828325,2.05120278634569,1.86431603953136,3.57957941177624,0.657364185149998,2.33040661892802,0.153716602819725,1.78127196809414,0.142683340664725,0.4680583988769,3.90595150756949,2.41281334463924,2.6719905193671,0.735484866798966
0.420598932759213,3.24795802867903,2.89966912118985,1.20075890001306,1.11270453581922,1.48468823937488,1.59690308669371,1.42678423479014,2.00139164046138,0.495507911325416,1.1541736428761,1.19703033972267,0.0116144514354738,2.63363418153747,3.1677995600734,2.73936728717891,0.367334805585934,2.2844342944437,1.87078904916482,3.68813774593281,1.00220105679404,2.14690196419582,0.0549128665759023,1.99438791447466,0.714886556453163,0.927919652826461,3.43081551666174,2.44958751943256,2.55784033333326,0.962949472813932
0.49768950378844,3.47385635787297,3.41283881908349,0.588259827840999,0.834491007463555,1.15408252531391,1.2671894962075,1.24924908911329,1.90992285199974,0.781303410175548,0.592033089967601,1.10057040675008,0.484605156248064,2.87998205012376,3.26961569739463,3.90876811638059,0.144596095898442,1.69751120657943,2.65358801706005,4.05759939412893,0.948912654749494,1.16161968647389,0.0980835749041102,1.43166978607202,0.781716947449018,1.18284898471409,4.11485506747225,2.40123201180921,3.39942815203087,0.721985921134014
0.0566104994501612,3.99391261153566,2.73086544558515,0.69690254257407,1.0496539007591,1.24915050274052,1.09746802438559,0.993858108353937,1.71164739128048,1.2775427784212,0.663288904251547,1.27994059781563,0.557450418176563,2.73721160642228,3.18993536476849,3.46979606451811,0.391725093040936,2.28404125849829,2.43860818080222,3.71674889962103,1.00065625582909,1.0932303976964,0.125307199694428,1.79942501061882,1.00985412671304,1.21170166094542,4.22953718598527,1.91495788522914,3.12817278624603,0.53099291643985
0.227790728503743,3.73968335764849,3.07371826954635,0.978096748270231,1.63855955632876,1.89807863694931,1.25547006343807,0.904348869207413,0.781085035844532,1.75692608315317,0.566165195513674,0.837866928927914,0.453939677184787,3.04989842752434,3.2363227119002,4.67124174320041,0.287283520367814,2.44387086952264,2.24667389845296,3.72604771105202,0.29662691794291,1.07023984422495,0.24882553219127,1.63811360162657,1.36763809024769,0.923705812871593,3.35488150230934,2.23140584940174,3.35327164762308,0.213463671497866
0.233598177735256,4.09509429177193,3.06419606448746,0.546188108637988,1.46925621048043,2.00050337050089,1.18042076800035,0.51705510095114,0.847177460940551,2.02214179138979,2.06410667822868,1.77772649001661,0.583949195048825,2.93059395344468,3.00853957990296,5.1525501196382,0.769946839025329,2.43020443332434,2.21941965320637,3.60211710441644,1.06275106102707,0.993534113890078,0.922945776769887,1.78621293526445,1.20471384946808,1.11738496799646,3.28687240247708,1.82377764550965,2.73610475956118,0.333242153645333
0.287466613177327,3.55500840198226,1.78950801124425,0.59478935144426,0.280667437769986,2.24630375096171,1.52895264112153,0.558594909858717,0.832476481185562,1.19573103510292,2.09527451288786,2.03914782402617,0.529270823147865,3.39569338449978,2.98607370544214,4.5323991877835,0.816165331112745,1.17934080665665,1.5799380693908,4.06462189212769,2.27517462639689,1.20892299248325,1.7996998829601,1.48734592237271,1.02143978484097,1.00238280345468,3.4968410170335,2.20950170978083,3.04138588163087,0.33134630785351
0.330100340708371,2.32592770427297,1.51830059890238,0.411786361671505,0.727756932258771,2.56012630758696,1.35589133950633,1.0030902808763,0.496992501335634,1.26388625494257,2.58590511376007,2.25998019395545,0.0826267563775352,3.36065572121287,3.30099734706522,3.08383166666217,1.10991789866003,1.37746134272021,1.62138364102729,4.45843954360185,2.05461091052783,1.5155624279446,1.03757965933441,1.36618984998943,0.922789086674129,1.73157401118065,2.78111238755775,2.3701305001207,3.68609761584979,0.245764182041646
0.177946651918237,2.45949014452837,1.60048600442471,0.445648365168686,0.617610765517685,2.43946690135713,1.32998800514074,1.00915692239013,0.373777806544976,1.27099322192551,2.39284713323077,2.57569208511292,0.0862100402701501,3.26576134529634,3.19843793335344,3.06250702319555,1.04032178761519,1.37186816635607,1.60344022700301,4.11347820268587,1.69884747044444,1.40924931062795,1.50422422452791,1.21121828158456,1.18328483608402,1.7319679504595,2.53430637552262,2.93597250757271,3.71506152493708,0.100478778015942
0.256365424963011,2.78719747758283,1.69104309556176,0.619104786430091,0.0592496164801296,3.18849220035341,1.57175848618654,1.17821509893371,0.102204539056684,1.02928054001567,2.22387335659836,2.51338877962591,0.0391862084862255,3.27417813663996,2.68709662010028,3.1705485731979,0.992813923921812,1.46038623046638,0.998798409967288,4.51511168791656,1.65125068436781,1.3687005431142,0.775597906354312,1.74585950040254,1.3379332307615,2.17091987547115,2.78070323089615,2.45763449661398,3.02902785969896,0.505377333079263
0.303787138003619,2.35968362646089,1.46662692234814,0.779375546397459,0.113858494491404,2.53775567968468,1.58346389623766,0.704743855790729,0.373585037722172,1.47292172536864,2.7423072357993,2.76611676607772,0.245936857625963,3.52084533282723,2.63874427021039,2.50956071599165,0.740486616181914,1.62042477142249,1.25040343896669,4.40220848791693,2.03673609762307,1.49580816367285,1.34261600848304,1.71640651137464,1.91069442759778,1.60830101752109,2.46601076852317,2.01898328221755,2.68230724273524,0.758371069818531
0.529172013779694,2.22448237542087,1.68350501638429,0.570807225486261,0.410777393355434,2.07865783112277,1.10379768531272,0.292967510555842,0.140671143274286,1.56317836197832,2.82128414651132,2.80047876015,0.253940823251079,3.64934876328407,2.81760139805445,2.79629993362601,0.704252885330068,1.78716754745959,0.710431583728767,4.31445236942802,1.17596228727769,1.10662647281033,2.0286520739135,2.52807496783548,2.07254704974816,1.55401417129233,3.53238043453677,2.3143045148185,2.22886594121727,0.702406630009935
0.872079022563745,1.94118262465567,1.62228500477969,0.989663606760648,0.730755559655136,1.90130491024987,1.1832065555302,0.0203259663997132,0.370899269683825,2.13616033202195,2.82643264968103,2.80493382856458,0.967109408875953,3.93464346983672,3.00278485750062,2.43810819415311,0.771917163721903,1.20077962794049,0.961429099343011,4.47255615198345,1.21125378553353,0.718130513941477,1.58988694308935,2.23605101724922,2.5777979589987,1.71617437339477,3.35334008427144,1.89419985266044,2.04913665125819,0.524764614308598
1.91123206413375,3.16254481442279,0.979224450787855,0.891863053823841,0.335975578673743,2.76918790268368,1.64334347903314,0.929059134628189,0.066433373474664,2.16025909717984,2.69733505489391,2.72123316648643,0.984359477796286,3.16655106469286,1.87489738164384,1.80638554540175,0.100539869659287,1.72596872275733,1.00883943231917,3.6312343266642,1.19151824561432,0.467139168338268,1.35759387653956,2.42424171648312,2.2700135977187,1.74061436128555,3.88653685074851,2.43542626624737,1.44834652075212,0.222179932552578
3.15746837495979,3.16720236257161,0.43916469134491,0.505736546230906,0.283976079855407,2.44672216117511,1.40813447010138,1.03727295884849,0.00735454563639762,2.07932626728016,3.14509070963675,2.87787598056663,0.926110618499981,3.28289476624099,2.09452291908607,2.1656440244229,0.0725207117628851,1.49535684698951,1.34123684520438,3.40135932006087,1.17753118840784,0.573021063122131,1.09339798960364,2.80423282801013,2.31739505740064,1.60620392106406,3.64060785811094,2.51776650506466,1.77878693975629,0.264494961000269
1.77255849357352,2.90024943577035,0.909041703611417,0.656390484097089,0.47803883970604,2.38109541906739,1.49452135749501,0.68918337878312,0.0150738395389508,1.91927172931722,3.09745789191768,2.96092364239864,0.941748970885959,3.34580567526061,1.84178643264288,1.81692794886597,0.128417989287079,1.38116548768811,1.36168398656869,3.54311509669192,1.16839428003891,0.928054289322045,1.07146047950669,2.73334846978385,1.90096493279073,1.69218879445927,3.61114863957283,2.52925442777027,1.62381982703498,0.149910921607112
2.04116591363645,3.50598964101119,1.01031713646418,0.775616817333403,0.562071836254556,2.58443759179485,1.52932829824409,0.939416737337978,0.021455571901508,1.59076109294574,2.69553608615349,2.99652670998388,0.919247103863115,3.49453672666438,1.70921470980349,1.81633710756552,0.164345779080899,1.23436262012051,0.931784793192486,3.59199014746676,1.29856699681811,1.27139134800803,0.974162610729313,2.61892514538687,1.70045409982892,1.97451443351139,3.64139179141316,2.23186673886722,1.58746241522861,0.138130960802643
2.08440342683788,2.58969016123191,0.977404328414295,0.292068105421622,0.503107902550553,2.77447843871998,1.681547925215,1.30300124668222,0.199099751266307,1.46483002734777,2.82445841036212,2.54601809617933,0.894540848532261,3.16051363022096,2.12300763892615,2.46151034399816,0.41637192631913,0.960561378039789,1.19594280243091,3.13256364966849,1.6004015504071,1.32837887272456,0.905118860833301,1.91587105927062,1.64580165413156,2.57707528523208,2.70470798244176,2.16814635190663,1.36043109103854,0.2280658903992
2.21345885718142,2.54420496003012,0.912106418619995,0.247899494662053,0.592265323130051,2.8476663138764,1.51233706558706,1.30256741592992,0.0622482717324784,1.48745907199693,2.87423431506712,2.96925126895561,1.18829390391369,3.19833491819119,1.93955876607447,2.00200396910902,0.41857687182452,1.28398126376973,1.19479614052489,3.08613376912765,1.27450363875463,1.30616693793556,1.17913507412475,1.71022763256449,1.60834741402144,2.62842753989107,2.75836080501406,1.86203926379283,1.81288186123544,0.0198513209767737
1.96677782885643,1.99395686278449,1.29301967166466,0.332942134015493,0.528924043264755,3.23570497567794,1.42593190133167,1.16449878112059,0.186039983665364,1.79104045958009,3.54958943408334,2.29218589728324,1.11034422129721,3.16771071814371,2.0850831906601,1.70053650561365,0.44443389912432,1.44144448857944,0.96943645338682,3.16232631931064,1.45173386251718,1.82535888868224,1.49719550428194,1.60890726074491,1.5987009490529,2.72058474590071,2.89102390393696,1.98021584758287,1.6958029028696,0.137104818920561
2.06712672331519,1.71690033367575,1.00185302132221,0.154526254086204,0.698299538296499,2.58009078420869,1.74598408666062,1.24363489802524,0.203438914494969,1.70514714466108,2.88399197257545,1.91672503083924,0.701724206904012,3.62260739765914,2.37810404052455,1.59897257414182,0.546293048029471,1.0006517868797,1.21553349852238,3.38447250013254,1.51799790877654,1.77648177097037,0.733410021584714,1.95279169036533,1.66558449955215,2.83949652251098,2.07840874946383,1.84428783179456,1.90878946065121,0.48118090477979
2.2730884966143,1.36140983234858,1.64493587240627,0.54584175522782,0.571829455446959,3.07056049668357,1.76256370898208,0.982601274273528,0.0017876417891018,1.98578329277744,3.14202361119024,2.03239663727577,0.825422569713583,3.26424251643944,2.20833735034975,1.47203838337659,0.866238266646589,1.64631433679575,1.39185478677458,3.09760575023869,1.29249338225716,1.39952698179989,1.49685455031229,1.77577684544329,1.77717945797701,3.33820068281914,3.19323229646856,1.58752913347188,1.98100385030619,0.347304905648306
2.24462687850483,1.33983526353876,1.02361125502409,0.126257888091672,0.193527920852604,3.12131061870588,1.58746139443285,1.60051058370426,0.146249100103812,2.24193011318705,3.04936870634444,2.12898072323561,0.761154839031578,3.23659395679501,2.17266650457956,1.5821875111673,0.655130402650534,1.51996799158604,1.40728095534914,3.4089632125996,1.20787432680744,1.34041389106626,1.39972259491291,2.07495624506131,1.67236248722165,3.28941022790741,2.85181817850008,1.52340428627228,2.07199094408281,0.151018207626341
2.01191971971785,1.47506617504724,0.921536332209594,0.00470660926693129,0.501236129385441,2.94506530925554,1.72387312452341,1.3398965972688,0.210088598868747,2.2032221514787,2.56641758963817,2.05570635996048,0.92331665019268,3.66399109422103,1.97671895701432,1.12340578031334,1.03567182620756,1.28012409063664,1.45621204461173,3.33083655941545,1.57932571832681,1.7145860125053,1.3794469895722,1.77773944333528,1.74570641766926,2.82484501416416,2.61263111851764,1.8762040026996,1.67669755415004,0.133434619645356
2.09381238515167,1.75198807723519,1.15274322449999,0.306714781989261,0.634189524659369,2.81616767774983,1.54447948535667,2.00567220887102,0.433681974812836,2.11319689719016,2.48443560702623,1.62388485545091,1.42669125975697,3.67773382959061,2.0222014811086,1.5090339995867,1.01784631268132,2.13145357394552,1.01435940578533,3.68806506915188,1.64178338716896,1.47524266342712,1.03582914111643,1.98458285079454,1.70195048456294,3.27615388488555,2.79797097491291,1.61273147577455,1.14065644544352,0.160875844155725
2.61812393034464,1.39965149609594,1.48783877970422,0.0947147248981951,0.524257177047822,2.62045595761891,1.65607131333834,1.81802112841047,0.484876336494799,2.31277036778945,2.76259469392874,1.68662335592233,1.53722426269288,3.34957835928639,1.70202624673343,1.1280885422342,0.932933498284889,2.37454362922744,1.07474611958044,3.61917855473555,1.32179500578768,1.57836421388852,1.19457899493964,2.37944480914056,1.25899275276632,2.58796783547309,3.06292398078933,1.27846074448829,1.18645871175997,0.44698449213344
2.6913952679394,1.44230674125255,1.76450634830937,0.203734053656832,0.859100884124718,2.94865164245027,1.685715260436,1.57242584315779,0.436832274088532,1.9970467551064,2.49557522797845,1.91151832478031,1.56134251590533,3.31009592879924,1.81497181352011,0.885035951681364,0.750443739612676,2.35568104239721,0.916197071395124,3.39028106256974,1.87059992354291,1.31768627913627,1.01809359703919,2.10444064046746,1.54131633440742,3.58667365981251,2.61047526644636,1.87163484582943,1.00548921535058,0.683805539242691
1.61634398367718,0.828475722996024,1.41109866224366,0.0722744516916826,1.03206521069794,3.23650523166956,1.68056215418534,1.80007824372117,0.273881180632646,2.05249151958373,2.3824119539696,1.72745363037474,1.79801631686148,3.46188043695297,1.98815141477912,0.701517364917227,1.23523212361892,2.77820213227806,1.08714936915188,3.38547016204417,1.71125033444124,1.81716928048391,0.843364192401905,2.47625613979473,1.74484184492801,2.53348419863038,2.85958249478182,1.50888110134994,1.04072432185217,0.225698251420222
1.25898367813296,1.64566336373522,1.30744616643453,0.254938605646584,1.83167104040909,3.15185905162039,1.66581970251886,1.84408265029782,0.464084583357819,1.66969221504207,2.60461704168172,2.2215771565759,2.07517699632487,3.05742033257148,2.17035580071292,1.03998842209716,0.870230455741842,2.06806194247834,1.06387826595858,3.64171468752526,0.950331461518662,2.07232696090184,1.26414063507239,2.27099234081503,1.8320165842941,2.24948319195802,2.25166898646072,0.951288721949154,0.883531326793565,0.899554840127737
1.52306311517093,1.5434538892805,1.51988164808909,0.191558308754657,1.7597383255557,3.17494057726631,1.52043111196184,1.71223420546434,0.552074374741644,1.39589395962879,1.95110307864668,2.09798961768706,1.88112270721609,2.74805040202774,2.2130972406898,1.08902311363462,0.928712892084164,2.73078445468329,1.07903988511529,2.91537210479185,0.952761207618558,2.29067708418954,1.68927304673206,2.87291558795373,1.82707922039688,3.27726422469597,2.27830442364256,0.583905796134013,0.987409654339845,0.155944430894139
1.74692294151686,1.48502192255866,1.27968293568861,0.321056907748379,1.48346416452263,3.12711682498107,1.61420364050864,1.44992613281843,0.744896801867652,1.62543879180855,2.41535064375713,1.90356208751023,2.42546070525074,3.11082680436234,2.23328683934923,1.19244899411723,0.511546965058207,2.77010063132571,1.31839148736225,2.75651512853965,1.32819268719198,2.10796276220995,1.36775548810656,2.66289342306007,1.87668510386137,2.0452978300832,3.00710480917724,0.951633640614892,0.824960338088215,0.170305721002975
1.55528529258218,1.51283652817612,1.23928894997312,0.277164961110201,1.60406589372672,2.93512216519152,1.54599243400187,1.45895216415087,0.42919633839351,1.62106879810497,2.35120058623716,1.67989335445345,2.1838658407206,2.94654677539791,2.48179031184528,1.32894194826777,0.356408172951838,2.74402378219061,1.06909543013199,2.76391890734328,1.22639558184969,2.50555491439356,1.49847822592549,2.76717559647058,2.03443160323475,2.34051827824901,2.66013681620648,0.673208423395114,0.948046839601151,0.41257693118652
1.85130590876492,1.57855951642088,1.28114191383761,0.499110210448522,1.73276406567286,2.99381960982486,1.602740180336,1.31462433313374,0.87329773374203,1.42961787981043,3.01204399320483,1.3050883016088,2.36414094207076,2.91501638398168,2.51582210403168,1.20104020238674,0.525772256775583,2.92675635148754,1.17523415361978,2.91506290588728,1.15453248889373,2.13451096553753,1.50778493025426,2.70457220830959,1.94966119415048,2.22758447145339,2.95953380370949,0.977712122560862,0.745416989654755,0.0956450576785665
1.53485774899909,1.6891312515927,1.74690997533531,0.0325550796327263,2.11584028250176,3.36547754216519,1.30543352476024,1.4936553795304,0.8201585181039,1.35725046194874,2.84336035344553,0.699975144057795,2.60628692545602,3.06555639627351,2.60911885916984,0.885630733370045,0.577769301117174,3.51346332430324,1.12450786329084,2.67433263568897,1.81051082898357,0.647548369436265,2.44036443693164,2.82726397784834,2.28839609358191,2.30771893036373,1.98628575867647,0.338995950736209,0.689168522316855,0.208474586256721
1.67905362177701,1.48828583817918,1.35234263933497,0.305972084438472,1.92471960587841,3.18544209512412,1.49503467633987,1.59244681978658,0.992019534818191,1.48677818714728,2.915813953009,0.348786555818919,2.14962677229119,2.88132898318791,2.59784313760304,1.13926393081569,0.908803025583018,3.63439291653388,0.870221937739125,2.57028980080199,1.97051697665749,0.492674010320832,2.08272358218764,2.8465786673036,1.92587903435955,2.26016798496833,1.99537281215742,0.873493259471669,1.27349978027166,0.637844976594287
1.57921676927628,1.43815964795739,1.49910655312485,0.0430036571481005,1.7128648413971,3.45813514554691,1.41995946918771,1.48313678509859,0.960359837715565,1.65733719579183,2.97724464893259,0.430832614614854,2.39416648740093,2.82723894682723,2.60244658237968,1.24050675138336,0.800189489921526,3.6219978641609,1.04572788258171,2.4685661109298,1.86255295358332,0.299559397019643,2.22730970950384,2.98791340503794,1.97010122993953,2.0463037670073,2.10903155858494,0.63045993991792,1.25662946989326,0.665658709414451
1.70549934283547,1.24817985121471,1.74230026533482,0.124298850185926,1.92963863473269,3.13337981418586,1.42040547610985,1.31232819629392,1.15225955613664,1.71585816648395,3.21077641130059,0.295112617598537,2.50441831676462,2.65281344998624,2.45909220100451,1.31660303786306,1.1263080663549,4.10828414261141,1.35515920044865,2.48824856937848,1.78103993284708,0.162590905738639,2.11784528121043,3.33641512963899,1.8778015759384,1.82730024153935,2.34748172329747,0.781073330277744,0.982434220850562,0.654908275659339
1.78118890614189,1.32032537592021,1.65030679498425,0.703842971197526,1.92824964622091,2.90289518766729,1.35100158082577,1.16545263729038,0.720747622042899,1.48287559368415,2.89404784900242,0.320846614118301,2.36702269539331,2.74942901644623,2.15636451485285,1.2145896453983,1.07691939981815,3.70240461980682,1.14305898688156,3.03757635741232,1.90342401951383,0.233162441643296,1.86110251906812,3.30706016905997,1.8898931057038,2.02837921886859,2.7935052607971,0.874615325915682,1.16368608224664,0.706341520177119
1.7009911114208,1.27820496416585,1.51447363473306,0.48487190012871,1.80250365172253,2.85641990159364,1.41969520958001,1.24127571383679,1.28953455061888,1.67325313808984,2.94072632739136,0.427565107641687,2.28673806729867,2.77279266233359,2.29283765617162,1.33638314142439,1.15649723380451,4.04249207626053,1.19985064995349,2.45313628401449,1.89557796756183,0.0307211282507804,2.00691836414362,3.51859041465932,1.98855161788182,2.18528275323298,2.45635713700929,0.905227893765573,1.25636306390219,0.985138120649224
1.70022627780395,1.22369319267809,1.63323947433679,0.298982915192057,1.77925919851672,3.34433612049107,1.28876743587592,1.22652850852356,1.22777924417427,1.97690053257057,3.11055784769265,0.458690579240765,2.32161327559544,2.92564532114335,2.0993901186318,1.19085086478032,1.15892885378264,3.77343133513982,1.39848779681186,2.49227255680104,1.85982922490543,0.0244359308721728,2.02651174692334,3.24877776217034,1.89683960799846,2.04864238671759,2.45872361943648,0.662959081994576,0.979560292124495,0.657836734912192
2.23703298982067,1.13648953915515,1.46349909360363,0.560365611715436,1.91543518008462,3.34427048826873,1.41194316631631,1.37403241607822,1.56306208340879,2.26624031005738,3.17696079163029,0.472156911142259,2.2304682169802,2.96533530345419,1.99352113800539,1.27715249473461,1.31437383761036,4.10673308738082,1.14554701200662,2.48716498072467,1.79432938892835,0.471928812126429,1.22485816418246,3.31874149737354,1.41513410994004,2.43841233450437,2.87350134945224,1.02480293848465,0.237565103522829,0.75056008144975
2.57956840653466,0.848429597960571,1.46348133578017,0.462568001699906,1.59235753723526,3.49848633537725,1.14397232443132,1.10938410638914,1.53465938995987,2.53128254927795,3.10358893727853,0.326370598966374,1.90988250500578,3.19157698775485,1.95818350727838,1.18839324248966,1.1174803185308,3.93617771672667,0.941110238514416,2.63396922060219,1.6271298881321,0.131090703128119,1.45910731937714,3.30864106879238,1.48051430755267,2.96303301881674,2.83281266088625,1.18302135448372,0.362820627464636,0.708133527745644
2.71881667620761,0.75431454102155,1.74958071020991,0.288179759573492,2.03984272420187,3.27401731954193,1.35284758647976,1.00449627054313,1.56792211579337,2.26498961747643,4.18122075773689,0.0441761319241381,1.86978374257939,3.54832888550874,1.59050451167982,0.86050995512104,1.10188042827602,4.17921561721673,1.16115226466092,2.62357225690119,2.01379413836684,0.0634566120036246,1.528405281353,3.0120092227164,1.92758334284585,2.84411886886516,3.09541052452741,1.26870685015236,0.17117667205263,1.38313465962112
2.79660200964095,1.04437558410309,1.7439145585848,0.185789827008978,2.03447866002702,2.85125454698154,1.13477323023689,1.05494392902774,0.930937866780523,2.24483668701988,3.47087268584293,0.287159136343843,1.95691893345644,3.27368141961942,1.58068594542058,1.33545786556733,1.03698926966113,4.54465138791364,1.11199064349722,2.54066209480654,1.8917048066894,0.41459038421051,1.05066887296598,2.96400664760338,1.64618975023738,2.92989464640873,3.52253371731875,1.46597289176955,0.482915800379061,1.50562756981918
2.63091390845493,1.20234214378896,1.51263481725623,0.0828124432409486,2.05058342373729,3.20831362471561,1.08459672626541,1.46267961547037,1.37308106967047,2.30522867865391,3.65534431609132,0.128744072499457,2.20616601554389,3.16081693303142,1.37602599225909,1.08891125415756,1.07554253264708,4.53647452171576,1.02211336368769,2.45068841380804,1.75554702491364,0.326665693401951,0.8919079975287,3.00905253280943,1.34101918257138,2.41998873908053,3.06615887768921,1.47829871897314,0.702753004757263,1.27661334899671
2.23357551791288,1.69668789482272,2.04269521204886,0.73548747739789,1.84589116165114,2.28831081501182,1.3186610903548,0.932147834800366,1.00616507255085,1.72053213939193,4.13261243084408,0.0902890671784645,2.74855946111888,3.59108003591721,0.741842461169646,1.29952216661935,0.907157793537146,3.84151153822721,1.58487634184043,2.68276544941627,1.2985954225971,0.917664487669791,0.905013364991741,2.63937467156635,1.75749209723424,2.55796365047352,3.282129980703,1.55352515836886,0.830624264300844,1.65961245626076
2.33282217826398,1.39874975189394,1.92567867144178,0.41056550321471,1.29187392511832,2.4268449711618,1.13123699769835,0.992357164501576,0.320438129724724,2.12987001543129,4.1122437642019,0.20321393184636,3.44180118995276,3.34388662963132,1.11955719625608,1.24146671079704,0.399914717037541,4.46199414124859,1.75515930863299,2.36361943696879,2.39403681702861,1.21246018063283,0.987036626699519,2.3523698902421,1.93726613154315,2.48345916382806,2.83253344507567,0.849611065052627,0.558594686802664,1.2644700141034
1.76955822353402,1.56819165495562,2.15158857296483,0.268858840071963,1.66808328399014,2.56200812131553,1.0441552464083,1.18916219958091,0.598800916643669,2.34447020205471,3.88875830428529,0.00357483076973331,3.02849676368339,3.18629860453543,1.19138048308345,0.776811719698614,0.805914963781601,4.29512484521533,1.76359480796215,2.43437597885748,1.73762463828315,1.54223230502616,1.48702387672488,2.70390098529963,2.02116138348298,2.31639702433532,2.50188234868725,1.42345838730021,0.502944519442824,1.58383403473499
1.86867410484842,1.75655164890912,1.48586947197688,0.337684930773185,1.6933348466834,2.76962288668896,1.17936145243327,1.32730103735338,0.684036949392274,1.96817080718814,3.34724758159804,0.0162371587702798,3.20801377811873,3.25268062523506,0.689252284583246,0.8771784780496,0.466384761865357,4.61710980654366,1.67215329846063,2.84828839311974,1.67322882976228,1.63916650901534,1.1246057698193,2.69160387617764,1.66341080194086,2.02484748090634,2.45883707290477,1.46638090822096,0.440963710286841,1.24517132279643
2.10740089496961,1.44182602296844,1.75010203539861,0.274876619763319,1.66449737413217,2.60561424772679,1.0340449198895,1.20222790919555,0.767415307927298,2.33010836562999,2.46214989697812,0.543738807450461,2.88931895042365,2.99786004459102,1.37144424664049,0.796648481939668,0.748824060343896,3.94818464157746,1.78003944607318,2.4209487630761,2.15012061043577,2.22961472978276,1.05648793971504,3.03546289900575,1.95562468732746,2.4113768378355,2.39409054011896,1.61407293785987,0.0473394029633622,1.51153270565934
1.97600373454122,1.25975610221427,1.49277599843967,0.021716330679416,2.13711594917813,2.82829480391339,0.87683151665003,1.2782460336468,0.66674369346603,2.46158736734675,2.26822448575506,1.04557688380947,2.9266424978871,3.04379182948501,1.22880711719998,0.47161539242141,0.658676363035809,3.85543978190847,1.75944300748802,2.7113602142819,2.32791760805539,2.22632981583539,1.71357480276598,3.20553463977955,1.9571168945489,2.34062064442659,2.14803789287667,1.48343732662111,0.138793019613858,1.44159119397122
1.98823033754061,1.59148151419234,1.78518861220516,0.197524800261938,2.35283751410215,2.56215851691632,1.27326914281739,1.33932630372432,0.858165052801928,2.18954365074926,2.59336613815626,0.580768253451531,3.33293964284203,3.25257139996762,1.03124387949456,0.454771911959346,0.289089032246398,4.08487205227958,1.85236926046283,3.1384674176526,2.45126459118423,1.53615893510164,1.61427807848895,2.6986997249507,1.92254365935801,2.33232216900304,2.79522752016732,1.6653697902316,0.194339057173496,1.4641306959927
2.00272830535657,1.78618565967888,1.60696144509148,0.271624487747819,2.41556850393821,2.03264617886654,1.34541590365016,1.35528545931232,0.931601045443824,1.53307417909819,2.51804724913172,1.42249337843168,4.01986456004591,2.92997899748206,1.47158077153722,0.0559473021778031,0.71478526452214,3.89812820515533,2.44949791249064,2.4494537245946,2.11947150467856,1.43738386815375,1.70540598108143,2.70017492200024,1.7200766948098,2.46655733544921,2.55337247634841,1.76714512163877,0.120256506948093,1.41620295421536
2.41440854480166,1.37449904297537,1.55932129555216,0.516220758466359,2.37899172869054,2.11121570021457,1.18596761736036,1.73640231475057,0.424677764171736,1.26122668688021,1.35823214033559,0.357926100395613,5.20405365786731,2.99915622107967,1.34521473771949,0.852664274075716,0.0894472591722712,4.65293038087446,1.74114140395322,3.03280884725924,2.05532975063041,1.63493206694343,1.58899481801152,2.64050431861763,1.75867446046816,1.9724241411199,3.34678943884664,1.26765918077086,0.348580122360349,1.53840526549652
2.51983625550794,1.70537931146665,2.34968863324011,0.454440441871148,2.50274555041681,2.05107185889838,1.26642897005381,2.2935598713489,0.784105161434208,1.97634686635154,1.34822730290795,0.416986413818109,3.4743913309086,2.95847923392294,1.18672396010983,0.670473348982035,0.157130302556172,5.68305462131144,1.73680243210047,2.53262086716546,1.92324209156826,1.96171446393972,1.54503765048031,2.59119575525657,1.80125724661999,2.35938381315464,3.31923492961169,1.00970795442149,0.252200112986205,1.92297857141121
2.7791671659317,1.81839296187006,1.99486491445594,0.847033665226374,2.60860025844749,2.16052370360596,1.26397260907308,1.40073357636585,0.0154157598109945,1.91798801913644,1.61313685677844,0.00594011239956509,3.61364278246052,3.02242642693014,0.456261484079094,0.317515063868419,0.686591215786995,5.05645180242993,1.00116032828175,2.77808163116562,1.95994919441523,1.81841014147899,1.41352269813611,1.91773424375023,1.39733167564041,2.15773847725226,3.5102992886035,0.559227497694243,0.162141193070972,1.62843386729439
2.92209378574975,1.31046994986768,2.15296999017908,0.71083433000251,2.19404224692701,2.33086973150629,1.1634327430912,1.50480361186348,0.449128437721724,2.48467056945055,1.58377657241055,0.252279122070399,3.90841695026726,2.58402593900362,0.674389104733438,0.615562514395935,0.00497929841509712,5.43881119321168,1.44543198984647,2.77389235640941,1.81187313574533,2.0955609877265,1.36220305748689,2.37980673381613,1.85159984280491,2.06729993703672,3.60403659766562,0.770612738906226,0.568448846029776,1.32988098198442
2.55367067210544,1.57103959590075,2.12187439527918,0.70748524312651,2.55918856156828,2.15397922778414,1.07379271615619,1.33555759843368,0.192836155260857,2.72432484394994,1.92144888891692,0.380689226097125,3.28211154251077,2.52285333260748,0.961130514559257,0.576779444725828,0.224454913753079,4.61955285355048,1.52019056051086,2.49150759693898,1.7319833416255,2.14738745900785,1.42594049318989,2.14474872486238,1.91565488102465,2.01632379681998,3.72219692482263,0.590798082813856,0.952194597872736,0.956383488786547
2.6323492104338,1.6981908225219,2.28727592371141,0.731835923214517,2.33289132691948,2.19241325686783,1.20211827067983,1.3814412069084,0.402001369790648,2.47304198670879,1.21101490071398,0.197621043828214,3.86705139977156,2.54044649859783,0.933561972515014,0.357032833060515,0.47431043828321,4.76715808988555,2.03612508902739,2.55636869991247,1.48207519834482,1.6017685305696,1.17231959253909,2.10729369242267,1.62189467537542,1.93314196870653,3.86817377862879,0.953532039374709,0.560899750006811,0.927499240819685
2.45976938634685,1.8265794854026,1.75865433920976,0.925555949393921,1.90327327715792,2.25324549542641,1.56978577371401,1.52308847597652,1.05450555577557,2.08380003353001,1.31105315521096,0.314669946603493,3.95907407037007,2.38568193277939,0.975181958871658,0.721230914589643,0.405748556759085,4.35835052597677,2.27516620171991,2.45537423079568,1.47085900628704,1.52188791111254,1.35612338801976,2.12213552502994,1.78800823937914,2.17637511931548,3.80791115050563,0.582229620724185,0.633613733094784,1.06811142086491
2.62280178083655,2.10231369968252,1.87060599653251,1.06498688677857,1.70436009449203,2.40359516240419,1.50354470041581,1.7531665103026,0.296172076797098,2.50920196180223,1.3451754209814,0.516681547727348,2.33178796381103,2.16075841390893,1.41663200331739,0.178643453424274,0.596084429401799,4.42473613913015,2.30352423893021,2.50998248580728,1.5667385684129,1.81817614037656,1.84872640417803,2.5835491911951,2.27806717211524,1.33633441736767,3.14331272263081,1.00335969034343,0.77304822254745,0.471471247342112
2.58924686183407,1.68119813316494,2.35803265075362,0.998676210895096,2.44454230776524,1.47698837175291,0.757412366117913,0.56843305744207,0.926473688544741,2.83865302982076,1.5106491025205,0.825446260835081,2.52132019448412,2.67000494695214,1.80241293944794,0.370264278017277,0.775024440584031,4.85214445417355,2.32299482446191,3.09065278181341,2.29191076534298,1.88795510914658,1.95512698352839,2.16609531651735,2.40033651706985,1.3696533616324,2.5986431447841,0.393469147919534,1.74748555382516,0.689906954274175
2.49051831195013,1.55864980370778,3.0678439510082,0.858698560530477,2.17067479320251,1.56873650353471,0.651253855222023,1.08472099906203,0.808819686801437,2.64911644227927,1.41557946358768,1.09335693790654,1.95165563442037,2.82516942930941,2.24246290720585,0.25181043377159,0.611297294776887,3.86938206025854,2.18917170497105,3.39797649771903,1.85361475509663,1.92277276652612,2.23816274835579,2.24255472959996,1.80308872966443,1.73728523734339,2.85630748876112,0.609433915049083,1.67978687303818,0.595286563422321
2.83437420567091,0.922480007459674,2.65165915461351,1.40558700380571,1.84739489721824,1.76097417460488,1.0929415507397,1.6357721551431,0.74742703051525,2.59092993590813,1.58147026453069,0.683109186603278,2.02938361599306,2.64604672928749,2.47190978178826,0.393482044192112,0.828096264491703,3.68999816673733,2.17584451061825,3.00232824185764,1.8018473150794,1.85610940881944,2.1807550758404,2.4695074143718,2.45167906885983,1.38533369667351,2.10601868221197,0.914824797135478,1.13540236414493,0.836516218839003
2.95940690183624,1.19218000489169,2.48643874950403,1.47442008020117,1.7676139862116,1.90876449409316,1.28965709941247,1.39933835118091,1.01194887622036,2.98051658875949,1.64304635583414,1.1249469935176,1.9812371041457,2.48788863129328,2.82691453186975,0.192467218882457,0.656506494671547,3.56161423461197,2.22240022650286,3.11227668052031,1.9474112510002,1.72811327192795,2.7436675676809,2.47389283254361,2.1551497173327,1.41425224968372,2.37375951461257,0.753587610049658,1.09792623140912,0.690992035824479
3.01927149513607,1.52223075057966,2.94303813826543,0.897923603584622,2.06126834090661,2.20980365901156,0.922105564015918,1.15086478143743,1.1698450784492,3.45480924469155,1.44920111088881,0.960750030003467,2.25939133587877,3.161953376057,2.36058220718109,0.171618555442511,0.146340450449028,3.78004330654752,1.87793983705613,3.18816698696108,1.9532066131195,1.78791970179403,2.0644914555884,2.68532339596404,1.88395832110318,1.03850643793124,2.78542414231,1.57802385369878,1.05600648210826,0.764081891583095
2.73514768735567,2.01951231020075,2.62129351831939,0.971738563828318,2.34850535367294,2.55706868157895,0.946051857510306,1.47970668363718,0.972657463210285,3.52358015070519,1.30257825467687,0.816894258783942,1.96003416291098,2.57538124240405,2.62277969299692,0.363338811318506,0.613458241436514,3.55170144248387,2.02116656393825,3.07209721029348,2.30559224258415,1.79895376293365,1.54869599689489,2.79363437078037,1.97451857934316,1.32310621291408,2.88194428127741,1.39623489213335,1.07212601832647,0.85286416577893
2.64280359517197,1.87704600432147,2.63422167686232,1.57797057009518,2.08788572982647,2.48478209656751,1.2078097957899,1.55228360103613,1.4187986411627,3.87488619991177,1.10015984060229,1.16103880995147,2.08754938312459,2.57029765468368,2.35451838117705,0.647679333192537,0.0780832223384622,3.51233314125131,2.11311665819917,3.17937930945351,2.31473911489536,1.97763907146446,1.51536783324337,2.84303963797209,1.95806258756526,1.52180673522181,2.32981783104844,1.64709635575113,1.03577449346928,1.10774147622164
2.13162149154023,1.91641943292433,2.21389461812488,1.52416154055479,1.73598700263072,2.81702240530052,0.982699069881629,1.68663165913151,1.19330286714666,3.9499318391961,1.68356331219721,1.2152719405421,2.73138431298856,2.21212621695887,1.80613339633939,0.368848373786357,0.138219298181535,3.55431378769897,1.77336277209251,3.30314267040534,2.74106841337295,1.23730804386741,1.47750629446124,2.61918649054693,1.49072187406267,1.71503114458256,1.95646077949742,1.65424992150264,0.468001095692082,1.33353267517034
1.99478027525707,2.56750955282466,2.40593067109687,1.52948761676789,1.27100351585989,1.95597544140113,1.0252899042262,1.40936133104848,1.10003911680927,2.93050536561106,2.27670280164178,1.25179282210344,3.33796351661866,2.39706933113437,1.77014541694088,0.217050522098372,0.888048793814839,3.53771736879786,1.87339953318586,3.24285321005723,3.42666202441115,1.54644460900068,0.427308630754089,2.28835849065851,1.43292712343343,0.784805664269577,1.45163821911949,1.58517501692703,0.495853689185274,0.941134262439479
1.96949838200924,2.51047290691995,2.9634017115941,1.60518673123508,1.51097071801535,2.05542390703243,1.0118320503276,1.57357524725853,1.22910676939945,2.51529713869232,2.39486553933693,0.981249451848691,3.28988990581518,2.74003717841889,1.43604549511158,0.203457082269666,0.97372430140645,3.26450288214683,1.75013628113172,3.03019405625641,3.16485513611126,1.70465049023009,0.0447528452933824,2.28003557145425,0.974318671918358,0.916125411740971,1.49555305452142,1.87299482776372,0.689921088890762,0.464849456592417
1.94231505422191,2.57093533220572,1.90424343067021,1.88197871278263,1.12389854318465,2.1539572492226,1.28161316718252,1.75698856910239,1.50471424535214,2.61058936843466,2.63059767353755,0.992092916957211,3.49859328890692,2.40010569442072,1.32288597047662,0.442538547266051,1.09997569358326,3.64350223707151,1.85228199728734,3.11697737176516,2.65029892309411,1.86324197344417,0.214171319761895,2.18023138354794,1.37434740211561,0.288345393099019,1.47415446552104,1.83831117454405,0.339028122632845,0.823499759599887
1.52531001171481,2.95038073739024,2.67025762914718,1.80094075863118,1.04468125659286,2.61341999848096,1.08948124968505,1.82952027447167,0.312412034784533,3.15300325480588,0.521297932934504,0.774352484046085,4.02464041156304,1.65576004189872,2.37463342797724,0.436193909311208,1.2097053073394,3.8152071907617,2.2329772465714,2.35868061949713,3.21418865972857,0.945191714670987,1.33123025976759,1.89591214038609,1.24967628901148,0.914192383237923,1.86243702481332,2.29566243520156,0.129159915007935,1.22051947440815
1.64514609465631,3.15037811768071,2.52071545776258,1.66170285582144,0.865765429362386,2.99796821479784,1.04520084659364,1.44161933596744,0.41680632960692,3.10606052172853,0.788990358952546,0.396417681313675,4.11754206794035,1.79870721370574,2.65167994413652,0.515050696661365,1.22323694372632,4.03289688312531,2.0976302706394,2.51712186900358,3.16652591369385,0.6905068810424,1.05015474072931,1.69095209491681,1.41273412270616,1.62002140024529,1.80653456393521,1.91425411407338,0.291213877080751,1.14861209762646
1.4039888208343,3.16538768199923,2.36580782423142,1.78092544225059,1.42921254647858,2.54026995544928,1.12422279431795,1.471705375565,0.325525436789612,3.42963276122113,0.521376396023238,0.423416810480315,3.93744679664059,2.06356872432859,2.90357369786574,0.556033035346674,1.61746244740847,3.7392209743627,2.24844339971969,2.51414904099072,3.08882108115815,0.921497234458623,1.26087432412783,1.76773986245877,1.06420361264566,1.87240050389587,2.01113010409744,2.0080995465244,0.494033614772544,1.1309302748353
2.34987975402861,3.40486149585438,2.36130165942411,1.93758863716288,1.36388164678746,2.36599461592275,1.23114111019162,1.59315570822256,0.0558356024665204,3.26291277415204,0.911336417981298,0.824753503614528,3.85369623655649,1.8179542292846,2.55163794750016,0.698446696134923,1.78938675615333,3.61969324872665,2.51521315231881,2.5676240838421,3.12692863339876,0.68417889723977,1.47564767908437,1.57873573216102,0.999511070587914,1.66283144038451,1.85269300374668,2.01522277007191,0.345114795909973,1.19335163089034
1.43769957531983,3.37937996804585,1.87416957830917,2.07021883006081,1.35262559781239,2.51162803345524,1.57295896871132,2.01825313103815,0.128119575607155,2.29389101502687,0.161391829893342,0.932052238188713,3.76219334784988,1.95159215025385,2.54671869670257,1.00771419177064,1.5316201127276,3.39097800615667,2.47895546239747,2.42700825369089,2.70274582733383,0.642123310086058,1.09986840332533,1.33776952158338,0.892616651458548,2.09577094867094,2.11705455444318,1.8002518016494,0.0618597215836603,1.25098114375213
1.3377921525658,3.10253695418625,2.49376781042817,2.07258127490159,1.20158054832013,2.39927127150425,1.40427144780142,1.93445990719804,0.041601967537015,2.59132575957492,0.0269350521816739,0.940570329293705,3.98460220350597,1.87395530063284,2.82716470184727,1.04194487998918,1.58172806785852,3.27962569603337,2.51004090554261,2.46845193409375,3.09436520991441,0.378073090400638,1.53671353485588,1.26309112761489,0.817040960116189,1.97774982866115,2.31264248230305,1.95659746066687,0.180939359438828,1.1708228710363
1.12293794226395,3.21633712413449,2.35422245531511,1.88126552734394,1.32561023482261,2.39964055193728,1.22906782941594,1.97826586899613,0.237197065399615,2.40485353981825,0.0247139881509067,0.829954144884691,4.26317590292362,1.84035900102616,2.89575016641692,0.543662985012546,1.47951019608792,3.49588131510825,2.56535921170739,2.34852666164676,2.95496482711466,0.078537521605726,1.65593575041608,1.21114794729856,0.732326604169205,2.2911269281946,2.28744469815655,2.23785785932981,0.296378220522609,0.867087665200703
0.879441613244731,3.43560127258482,1.86631823508856,2.0001781991612,1.60727246446719,2.36355854471352,1.29956866069122,1.97386503351437,0.041729833773331,2.32789837999905,0.252732001305825,1.23745763210587,4.19303338083037,1.84164005922915,2.21237273718202,0.79958600390307,1.2224853778323,3.8287741758207,3.01385496701632,2.2959052856957,3.27231499131361,0.0753203667219886,0.949223815876966,1.09841743550649,0.780733159711827,2.70877962102326,1.97057291459109,1.75675325293176,0.082419211356208,1.07078061305852
0.704901450250258,3.49400445064654,2.14881063189291,1.82373788193913,1.4263233966584,2.35474553750091,1.26999201692203,2.18106085255235,0.00865610625259979,2.63200016606269,0.0707225006308847,1.23829668653095,4.20733556932952,1.71760130606101,2.81230700480644,0.448925478398613,1.2914926739356,3.28773974197145,2.83950843047275,2.3067486864929,3.42001723850196,0.158672142186034,1.20149550868974,1.20415911747054,0.680304352431304,2.37948165688113,1.93521844111643,2.4851611508709,0.480274057968467,1.18622193245653
0.747522872723587,3.65903268870328,1.86198009035512,1.7628220159809,1.249942717297,2.51780633812607,1.34340736986253,2.19667051411549,0.0633805790634431,2.68031832795893,0.121121165475229,1.37364348492299,4.47302900966457,1.82289513007004,2.66317920481102,0.478736139398431,1.25294685273879,3.12869026751616,2.72311144689471,2.29355375523721,3.27382270575638,0.466062180619868,1.17281568323382,1.14707689245948,0.678558931689741,2.40439936590282,2.04012298797991,2.32691163923676,0.861865184510878,1.10253242580356
0.334687254294923,3.52301534040243,2.56700195899787,1.80410543057108,1.95280672849207,1.9225003972559,1.23610412685816,2.27283199374341,0.278932218764816,2.57268845278467,0.451916394874794,1.34921727361818,5.85842267069806,2.21834711528391,2.59611968021237,0.105701987338907,1.60736919303987,3.07887468830334,2.61397223957752,2.69958213761977,2.88369285588297,0.485577701161904,1.17169814798796,1.50656753255015,0.7839768202824,2.80505583845962,1.71442679555733,1.95899920900863,0.333114036173967,0.962536165410928
0.191169182643064,4.16359460072987,2.05211612960677,1.55360486099436,2.20187820342546,1.8387253093105,1.40243401590985,2.19267208374819,0.125344539134282,2.58493206958858,0.45303529622311,1.60669170329711,5.57841961629645,2.21745972775012,2.52927627302737,0.26056272796208,1.03527886681996,3.1837817428212,2.42446213794993,2.41392168092422,3.3432816709691,0.5424343960128,0.903259249024821,0.81979218417253,0.855478807143657,2.69052120749444,1.725164520466,2.00288977507937,0.354839971191268,0.808427557597075
0.109268842682026,4.6120280829158,1.84520487315719,1.57917831453704,1.7337700746515,2.4602618246642,1.26124463016605,2.10460820246086,0.313807024482791,2.59563049052888,0.410936468730804,1.55756049177595,4.67806700630192,2.35860440146806,2.97363767449597,0.371847130061967,1.11514030551221,2.50192095150278,2.46935874008609,2.52583478557319,3.3997605093871,0.94857557364587,0.750782931961112,0.587801606841689,0.905623008421162,2.29441879227947,1.70576052950998,1.82294591018653,0.499587674110203,0.912517137097422
0.22870410786163,4.60353935239688,1.2314336684826,1.44307376536773,1.700740567481,2.16077913852627,1.34813223120418,2.40731067439912,0.322930048271519,2.5013548326564,0.260899945469675,1.99710445640227,5.37572165356331,2.45703127846707,2.86725312855097,0.121304585581842,0.711327834924422,2.62522599145965,2.2295107300646,2.65984723935179,2.86747201783237,0.92288718803673,0.66022740548491,0.765048995839501,1.42111953349194,2.49351859883077,1.31879741821522,1.91539463230103,0.782174131162721,0.579859010628456
0.0724765852789868,4.85217433662193,1.39961268311081,1.44757908318293,1.84942511571546,2.37311889356211,1.47753869392807,2.84660964931974,0.44100703975075,2.51068035659979,0.27904038976028,1.67345431056965,5.25128826590823,2.02278097447426,2.82160329479747,0.228948400330519,0.468553137346793,2.5343001494613,1.98686378613942,2.47160195592553,2.23969665285545,0.549390713352798,0.774233657621629,0.999629247115804,1.25670132804128,2.44517572085335,1.75905212968446,1.85148395385409,0.805738059305817,0.569197827008635
0.282623595767835,5.04814764020828,1.53638421182835,1.41409215500099,1.82144468707685,2.3313435155954,1.42586709679131,2.81685796426979,0.406519089837602,2.57220976036361,0.033752854850379,1.75869359771055,4.46563379738992,2.0266043025951,3.07325012681784,0.365012394581882,0.791854417155383,2.47758428725819,1.90914798446853,2.70507267150771,2.28381649642623,0.522097099438362,1.16458164612711,1.00355541204613,1.21318267954811,2.63069811703138,1.71813379453076,1.5884121901531,0.792042059010407,0.276338344940967
0.304811427516251,4.50982764505422,0.83564011180557,1.24388553851199,1.39337796937926,2.43127012315161,1.39840560995442,3.18214593556041,0.520846481325673,1.93834805160704,0.114710596514769,1.44131187091128,5.85057024322754,2.06726490679198,2.73254294822704,0.197757662622958,0.897031113490351,2.55182550825518,1.85367454528564,2.38213251664908,2.29815561015962,0.208352245751387,0.828842957581406,0.931160569010596,1.52379839941502,2.25952901666564,1.7265904512378,1.81540433689142,1.17402120590639,0.35566143698223
0.0908442064362081,5.03123748874744,1.23480604382249,1.16556549404976,1.62122887275798,2.5719413149754,1.38703122078973,3.01102144221671,0.886141262918393,2.12604536177482,0.158080921575055,1.35655386844659,5.23718367826862,1.76388168311047,2.77417200946858,0.559820466077348,0.958146616096768,2.57279670948267,1.94181981793251,2.42914201301768,2.60351656453393,0.163296422873889,0.929511690325583,1.13308619646971,1.4607588950098,2.40338486301865,1.99851272908171,1.80187612977117,1.38353181056347,0.0573128694748747
0.609372895741046,5.20347694490944,1.69472868698396,1.18846304674703,1.89205884366625,2.74945687607834,1.27647302126056,3.17743764106745,0.813785351596224,2.08627320387376,0.154284629625842,1.76341746008989,5.15634511089856,1.73688230589571,2.74360265476114,0.0516094137236163,1.14554214774763,1.81914954350564,2.29328086451439,2.28851173720245,2.35746806113914,0.0153722376620693,0.777643508249975,1.34539884742945,0.502493448520385,1.85771900264853,2.31112114229998,1.64256766961724,1.79222433335054,0.125752503704977
0.598566594653181,4.95333556401721,2.05190059817195,1.32913149269709,1.61810165210282,2.70860179418544,1.48520569336209,3.16955696834238,0.59959912950156,2.39959038410756,0.733189056358391,1.75860846907676,5.62835170329094,1.97077635897317,2.9266529300652,0.0278968074379173,1.51661582169625,2.26968193833889,2.30610693986741,2.3266621269882,2.33442983670033,0.204687016498045,1.3854092815396,1.27737046854074,1.51439015511943,1.76119154768227,1.7235880825084,1.71096974723148,1.51031913066301,0.126227680390653
0.142538665508961,4.48446051049863,1.86393068227208,1.06435689198121,1.76544324417395,2.61979731507131,1.30220115979885,2.80702408568374,0.944806811675448,2.74463089385451,0.0183599514360629,1.79980400702021,4.30483751089471,2.04752652731056,2.82727458306646,0.0214881825194941,1.55745581262548,2.7581010538722,2.33176962964605,2.23815596755351,2.76904543942647,0.846689754150866,0.717704190093488,1.50224885868122,1.46488692425934,1.99721881062006,2.74637127510263,1.65037578031399,1.73147993493799,0.31200305744339
0.535832075301139,4.37104628999533,1.62162589593984,0.671102291321016,1.66221860065103,2.49209106208994,1.09037418666183,2.58431158278135,0.710956569108215,2.5673268319848,0.497935562594759,2.0599293342582,4.6891182807149,1.9438631949827,3.617227192201,0.384764278217766,1.46462238299742,2.99212862853588,1.97057585387944,2.48869668985788,2.41791188585051,1.35950568763893,1.00641536543259,1.55007142437218,1.06152348941446,2.10815220477152,2.5816901588953,0.76111418644886,1.52542845752979,0.235762521060777
0.116436200722071,3.81802320782265,1.76081866634922,0.917727727254932,2.21210952908055,3.38749213355823,0.903027010564923,3.03477350751846,0.160894166887113,2.42804196699382,1.24705036872213,2.91641775804023,4.09050845329468,2.42492724924478,3.1631691119198,0.262966238721274,1.05364154340115,2.12139833164327,2.11486863966656,2.72072457107766,1.780049284007,1.30363803179715,0.264051103056285,1.83347347400107,0.484081984074802,1.76081547333658,1.92448760740982,0.378550885908345,0.910750947021385,0.554716306830777
0.924743280616085,3.81359583221941,1.38650915940707,0.931876100418734,3.2532293244442,3.51739073217831,1.20863200571131,3.25408449762764,0.795659375279477,2.09616254677189,1.57496860166883,2.8559699641258,3.19586713667581,2.41914768283016,3.02240778006265,0.657176853725293,2.03940433871756,2.17702890259916,2.30206775504278,2.414549904837,2.5336851087076,1.72288279662954,0.409051468911033,1.71986562147953,0.650156526375864,1.28344352699843,1.8321944742967,0.080308704911439,0.496113601046449,0.601661749400128
0.724897414517525,3.83841214690436,1.58903841162955,0.907250135248189,3.34037597145473,3.28496641309234,1.15763776769591,2.80224870906724,0.847661812885754,2.06735502609785,2.22998255488728,2.4351597404052,3.20529986033902,2.54318861014004,3.43354171311686,0.506426046932588,1.95006805484761,2.10440331288869,2.1814362862657,2.54398857606052,2.76002280109992,1.98165586112769,0.190047816084923,1.39289199626351,0.877239757400977,1.42852720162379,1.78804902559395,0.130295395847254,0.30306561408289,0.5680845972305
0.244778524353195,4.05166219756278,1.2145156742356,1.050126156604,3.0671578791563,3.54015370197778,1.30969303914016,3.19443122052798,0.346873912118893,2.30368663516497,2.54018858460563,2.09558292998244,4.33476122647963,2.58013806166158,3.16618979923564,0.560512881659928,1.94148913590846,2.20213156461143,2.62701624901416,2.43555633309981,2.64769786877012,2.10441707671739,0.120834927498769,1.26854335972216,0.73479855927963,1.09440512082528,1.30688736476603,0.22880382468425,0.928385850586678,0.372296305646762
0.419635872009476,4.15327559272244,1.153907787308,1.20286601885609,2.98922610548349,3.21362818580211,1.30750271549123,3.02901612756032,0.368723896755647,2.32373439628075,2.60625927892077,2.05671083986148,4.06863721253515,2.43060340779383,3.70230007852093,0.699328396057247,1.92608646616031,2.35892348207299,2.64673004210503,2.32291781417183,2.49135584550944,2.5189500047696,0.13094531724983,1.09043405684462,0.369092339339044,1.27807169918617,1.95119155645497,0.0811605666525948,1.08229424528337,0.478325381857662
0.795719063828669,2.75876745546534,1.85753770169214,0.917480870124615,2.14749627235906,3.15412260949791,1.24534086226371,2.95493510297999,1.45319649078444,1.78258028317102,1.93487407077648,1.8583796009121,4.59730651995268,2.13605370343514,3.17071538836512,0.851305529648107,1.6872458452373,2.7685765841483,2.61807924485277,2.62654193282843,2.44974562412716,1.99335342333972,0.0907274151711705,1.00915656075876,0.232428730989413,1.53429603446009,2.14812151692846,0.507197458814258,1.62430966536001,0.782845392487219
0.253330576010862,3.16952732474286,1.7848129623994,1.2977226343815,2.19087338781528,3.04941233270712,1.60852367539582,2.75068182368598,0.589150661717993,2.3261435570866,1.18178892834255,1.41613342651217,5.57787161717506,1.76069357580627,2.91796269014075,1.27450162304633,0.642182298965211,2.42979421691075,2.59558908690646,2.06915865082952,2.3524538438511,1.02774234347637,0.312720347163879,0.64623239436562,1.06653985206019,1.37615354842407,1.82651512708876,1.18595607287047,0.61964159006453,1.19953248466574
0.00680766425589994,3.48638953761059,2.51359011453192,0.765626580562528,2.20595687763742,2.51807049768717,1.03188507099443,2.37513930350362,1.26939594287688,2.57604249847075,0.0541044968418337,1.20944388331152,4.86776064993737,1.79128372879171,3.3349757782642,1.04482447046991,0.348962167200097,2.08205698021721,2.50259437802296,2.72634910655029,2.63788602377069,0.155396503575703,0.0369994084235044,1.10029839551004,0.956793521618041,1.41873207101483,2.12784647502752,2.0769384774581,0.923938242812836,1.1231339279563
0.572835646215439,3.38783156902686,1.39530454744974,0.695155536260295,2.00765784141459,2.38175157897435,1.10554942660505,2.12785216413453,2.27448638884463,3.14680756649481,0.358892275930086,1.82983260313797,5.10664945457156,1.83422480834492,3.72935762620371,1.40002515847171,0.242715859718595,2.21741424399907,2.68890814328036,2.68521822823566,2.35317040469012,0.359262172211425,0.310125758294857,0.335150263984575,1.87267395955461,0.908393712421069,1.50394497885615,2.76794041635829,0.595879523889756,1.14665458050959
0.584378228470488,4.10676637477383,1.7391309759468,1.02995760282323,1.7401512224567,2.08026229825906,1.23771892075194,2.26181082312201,2.3924964727905,3.24268284444457,0.0914784317839872,2.24912949975789,4.53308354525702,2.12771480673585,3.69346525141884,1.08232207258455,0.088305364212036,1.54821669423567,2.45771559317954,3.29566693143321,2.73317070377533,1.19354376283965,0.0943857806035335,0.637411542834805,1.52365883323397,1.47216417308542,1.96206423427606,2.58325764654478,0.494754889430201,0.676971990345508
0.954280555507195,5.14076666185276,1.85656593487616,1.13579417380997,1.91784124238533,1.73598477671626,1.41476924568646,2.11024000157871,1.97909674185764,1.87553647181578,0.351932605285081,1.78550604419463,4.60994764298378,2.26557179363966,3.1952782917373,1.5241198158813,0.638255348015815,2.73969117726978,2.28490169574292,3.04442560085519,2.6340076565179,1.44685551301146,0.288793892590225,0.88178913376329,1.85948957048625,0.785700467981248,1.02370658576176,3.17843490274941,0.0535455589118052,0.854728151153226
0.559169920237503,5.07372533983249,1.98945968251379,0.979917100974381,1.75247762292808,1.3965996489273,1.41059269071665,1.90017296144172,1.92084107451073,2.08522904637816,0.044542097209506,1.99382274901712,4.51521773271627,2.44665353655313,2.92164785846282,1.54036014594617,0.406834670576613,2.80270236165521,2.12541921578924,3.54847395161147,2.54824536908581,1.50893197928057,0.39639952198193,0.713659906325892,1.94231378794684,1.18898900948193,1.40106978881881,2.96854158814479,0.179910038317024,0.643505368860112
0.440044648892095,5.12360968193394,2.07753408921378,0.957481311540453,1.53999124440101,1.37821832916822,1.4093784744766,2.20231883764727,1.63913764947842,1.90339522796522,0.298277586172788,1.7281628748786,4.44768769102078,2.28773648879915,2.67189055840115,1.41225121938421,0.435583481315033,3.02268165993729,2.30207444188902,3.61410183117443,2.98654008133552,1.26005280818684,0.0802293808321098,1.00170899130356,1.74099191211824,1.12235452288582,1.55588040671069,2.91879005050767,0.307300321972997,0.629842713481737
0.258563287585931,5.32053130706889,2.11816911489292,0.838701569190142,1.72640596449621,1.26796174169583,1.32883327728114,2.23284364710748,1.69374006195943,1.97509720774299,0.453475527089355,1.7283140550896,4.24247554887959,2.43950041724018,2.76902455459213,1.79472536158762,0.221559963499064,3.32825791511527,2.34152257329365,3.07016571277183,3.11549383025776,1.30774883254239,0.101439776814172,0.874688785570025,2.33732143385091,1.14068806003781,1.52096681736768,2.9705346950381,0.0259162423472743,0.774828829930669
0.782099887812352,4.00802992382479,0.88008637305436,0.918278790356186,1.94602435729956,1.24576187039276,1.4616911189877,2.30613804848193,1.21249072137411,1.42697033674489,0.446743932323088,2.3404538349856,5.93361555378272,1.81904795406999,2.24076233628633,1.61991820778338,1.01397076534804,1.47294199048655,2.68718456393421,3.43314985000682,2.21584611570099,0.74134160164855,0.373154970944011,1.30256989260123,1.30211318956996,1.2620830975898,0.572692210171205,2.43479419272791,0.590549132804367,1.35979617071296
0.777586262794433,3.34916364898907,0.839308252792519,0.866078501381654,1.84638081405062,1.10022715069088,1.39546513229416,2.0600319288241,1.27265878805828,1.87187245645057,0.492673434919723,2.50922268933931,6.35793923292285,1.94556159396477,2.55160765082395,1.482582439644,1.79375366170221,1.48144555152239,1.9991908123681,3.86062626105277,2.14486536690878,0.684541809531687,0.968878438267863,1.2364442284852,1.38669486355061,1.18602373232237,0.264797755679323,2.16313779058934,0.769844259948235,1.16114202108071
0.106171028741767,3.25924591474898,0.87087001354727,1.56492752996404,2.23953279615864,1.6588609102134,1.72695728696007,2.43523730499526,0.583516704339523,1.99452921716564,0.0500511602855285,2.42338178540264,6.3861632596591,1.43481870787324,1.98279703394474,1.03539491279619,1.47230215842625,1.73234280075076,2.56610159626478,3.42610457631309,2.63693805016687,0.329185899163197,0.508763398512804,1.70910423144162,1.04444922368936,2.10130564156844,0.763115019222076,1.98763763145504,0.614666814531145,1.07332557818837
0.397787228238996,2.89096553252154,0.832447098391183,1.64839367120579,1.6368111329137,2.0195353763211,1.83318829844799,2.23552961929508,0.469844560289275,2.81661331189496,0.0179558054737011,2.16434917544548,7.11923603725688,1.27155346308839,1.97861315949021,1.18029502753406,1.41896931796726,2.16130581969626,3.09868605476328,3.06576383569822,2.5383781088236,0.0385392385962151,0.423607105645239,1.38166285213089,1.47989742485865,2.00609572880211,0.847114854328191,2.16084931998051,1.89482126859097,1.15257602569864
0.387594818298874,2.14168711164631,0.358941655176259,2.05929515821919,1.46731483756182,1.65079764526901,1.76584517882979,1.70999541284999,0.664760207419777,2.31604973511074,0.092528484693962,2.36414121128584,7.13350353556034,1.59055114459572,1.85369902842306,0.907695098298838,1.84970267929019,2.30846024424286,2.81639951441664,3.10144144962435,2.81380558536497,0.290599221388769,0.633578971479648,1.33719961846332,0.988714036275533,1.570030111784,1.30045340064063,2.48140052999826,1.846906897381,0.999927322854291
0.610522863938434,2.62159074534047,0.365976202877821,2.15216928047068,1.56183043499455,1.83013211516636,1.88307239188153,1.89864936337871,1.131849077959,2.49376415705407,0.281457151657923,2.70568502566065,7.21500231974535,1.43648997324409,1.9665386444578,0.93942867491992,1.74630104096802,2.18017157098575,2.56164715709034,3.31444254553132,2.00792491392042,0.617138646276786,1.74122768211141,1.08586703298236,1.53349612218286,1.24053413196242,1.08415379182062,3.17186616796952,1.73347669877264,0.909465373001984
0.62613690509192,1.95562192218428,0.679337427106321,2.11764199474882,1.42190333169486,1.48775954479539,1.91170500809655,1.71190721502332,1.27370511707476,2.57695387115181,0.643663066859188,2.54522990923455,6.38401671755021,1.47103944809754,2.00237509902104,1.35477769666823,1.54674884238751,2.07451466791424,2.70923735079064,3.08317654956144,1.66626819311542,0.0955804088522752,1.84452329513814,1.06342669830088,1.25540248615138,1.26035177282042,1.21045800626336,3.02805175492407,1.99939272711929,1.1071574498176
0.923704105767743,3.42106733569657,0.829618279473015,1.30959868059688,1.59140916901843,1.28222221768426,1.62430416274004,1.60874215202523,1.27928629528059,2.51076315577467,0.286206258863147,2.6619443388591,6.3080199492406,1.56329565608831,2.35421907821914,1.18360833079114,1.9606623863884,1.49901816649481,2.97967409898952,3.46646440625108,0.862819878295613,0.802890959838645,1.52284674575971,1.19730088870808,1.23437353381812,1.02185413191263,1.98088200039707,2.84270370604019,1.72770618988115,0.162897128462041
1.65605600621425,2.91414477701667,1.2823788966563,1.4896928640746,1.81688108149543,1.52753310142098,1.84385658908955,1.37210638780794,0.830878342347659,2.5666030734128,0.0178653342618868,2.77798462680027,5.32157117902138,1.78643920125468,2.77391775501279,1.81255007855955,2.33802690379709,1.7779287340998,3.30287892306221,3.31151779043446,1.08510817969111,0.371876183688553,1.4192820609906,1.169875767248,1.323055146713,0.839897364918357,1.83489951575996,2.18724499597071,2.01689904985851,0.291554940536768
0.988407747248481,3.37068290979966,0.662105481347425,1.24227572714797,1.7278585103858,1.10886583442415,1.59904126259017,1.42339718362952,1.50880313514614,2.51927915916639,0.055541036455691,2.7943492084156,5.36917806535573,1.63226798750414,2.35583032611726,1.51632843970909,2.47615084749878,1.96024887892386,3.36350795282836,3.21040396958055,0.604550962085304,0.296184888657664,1.29909470248604,1.15528779326672,1.1541717363179,0.500228956136916,2.35446840972478,2.78434659346685,1.87541549603024,0.555877119360805
1.79410045145397,2.66834616585807,1.48431492061394,1.61924266479065,1.68572375170698,1.36112838767493,1.63134483454763,1.0149191376468,1.01109560279448,2.44673591813846,0.358025888220058,3.20160102836233,5.1617943860642,1.90101831672198,2.94287504132589,2.18963275403298,1.27558109867212,1.39133271858651,3.32727887585822,3.64362943748544,1.21925155773839,0.435422685159756,1.48048082983544,1.40130832413952,1.32616307988358,0.232087660644911,2.25723623751489,2.86681642293355,2.04788947384676,0.550156078087266
1.5519343769954,2.85188237864607,1.79293162976447,1.48977569768379,1.60635180720577,1.25509576435742,1.52150992243806,1.11045161672714,0.723697533184662,2.57671607464584,0.394972455221721,2.92325185435212,4.54797560819356,2.00336031353898,3.19148463307056,2.28304386736435,1.5646763203531,1.23448044203012,3.40858839476827,3.24179628487548,1.04791714465537,0.748500960059183,1.29386918266003,1.11317367435154,1.03342556271463,0.0439566711943814,2.39770255207047,2.97652433701754,1.94483189812133,0.491739243325761
1.62614457679471,2.4618461381782,0.957308676670786,1.05250914630215,1.21064007629961,1.00218441150129,1.4709880088029,1.12167660864526,1.24496804082317,3.13081681599459,1.05729037440602,2.46021921874892,5.16273985144572,1.87923379250984,2.20921016625671,1.96777336484474,2.37605961617371,1.57419302431939,3.21163657724552,3.28461130983953,0.608894466127353,0.526113375765133,0.650611392961574,0.936491064829655,0.856768981155196,0.00659432100829532,2.77049123674827,2.34338081356796,1.96372618829518,0.617975408576096
1.89083288822693,2.47919746443457,1.15715763675334,0.938406467241621,0.890566310992126,1.08854806523421,1.37357219381319,1.13896076062705,1.29285681411286,2.94367126494961,0.864566335967711,2.46305561149168,5.50909927904639,1.93231146018252,2.31852692702376,1.72103829159601,1.47071805371651,1.7564888351348,3.1212435651742,3.22693517474078,0.984876483682231,0.347889767130146,1.06734836284808,1.23248949037472,0.805089547288777,0.11808240501834,2.99091082765678,2.35240909742273,1.91734004202457,0.455773404905183
1.07652624533431,2.37558718895127,0.059709892992045,0.78248362360184,0.927245755161064,1.58045829929392,1.25541458613689,1.35831607511882,0.926977468569316,2.87054077496049,1.04634230413098,2.23082579521531,6.0136374053345,1.74472612399439,2.24747286502408,1.77025370501759,3.38722350282161,1.59663563126387,2.77766393544506,2.62497131235975,0.863535321429739,0.959628248636639,0.575346691062543,1.08484058844097,0.784276618589348,0.23744021047149,2.58049717382593,2.04836999375306,0.814601422297846,0.706221631775004
1.36945670897603,2.7299013236322,0.66844863533915,1.17458380079674,0.945030025083997,1.5128896376074,1.44366197016074,0.955228743553622,1.01462864723233,2.4918590215861,0.632688915985807,2.34582172583192,5.94690548667193,1.72394134816044,2.04347086345456,1.90645209064447,2.57524302073046,1.6299160974044,3.07954417971486,3.51216074161337,1.24908885603339,0.384394186743209,0.419081858856398,1.3909909938092,0.657224520581293,0.219786492511429,2.42918668009866,2.4288180629297,1.16247030040412,0.458470623359281
1.46935737230897,2.86084759854035,0.981520807150622,1.28296386161782,0.683720515543629,1.53602787202902,1.30709898131974,0.979752411061257,1.14267364053385,2.75031289827087,0.858697809693246,2.28833578964431,6.03770158703992,1.72567306276237,2.26902684594303,1.77303943343972,1.99642830094252,1.67939060299505,3.04215942102071,3.49860028911965,1.48134962740328,0.135109901463134,0.552912380604285,1.45811585267902,0.612354273276195,0.288051773637043,2.44319800687677,2.43838212879907,0.87171038229384,0.430881791828288
1.0563932764063,3.00819690747033,0.66567371257632,0.973593353081292,0.781480459009367,1.50659076049042,1.14679921800811,1.12817615053246,1.39106396913877,3.22291846742003,0.940214955814353,2.17809097003085,5.82401066149347,1.70958251103635,1.91067513304895,1.88022373431041,2.61704920665264,1.70866896976901,2.88367004049942,2.85838535261177,0.960251556094999,0.618070016625634,0.0407119420164961,1.10022362200422,0.82897098053868,0.171085151287381,2.12116977078242,2.52769346207274,1.44723292791838,0.584248773947589
1.23688525900085,2.74992507497017,1.3089587675592,0.645958138957494,0.778066313123153,1.55522121718365,1.12540102299963,0.899619879673235,1.46389396862281,3.13257985500516,0.950084602677343,2.37050024111373,5.78373689967211,1.99953238518413,2.3471820610032,1.63901581114534,2.02973921843854,1.4252701010948,3.09239353528441,2.92884599236142,1.04690887471853,0.657415267872827,0.197786420328856,1.40940758328445,0.928939995970552,0.0180405168073799,1.86426331972964,2.7355699625224,1.53970287208596,0.229685689156588
0.948018090352884,3.19977008131309,1.27698332350612,0.538558059527734,0.84750725413663,1.29923850829772,0.832712076331713,0.594651981695702,1.45293810355898,3.08177063568511,1.1394800130879,2.53412815862338,5.74728843563776,1.7242034565095,2.0332655002619,1.92180296717487,2.12686328283226,2.52098591331546,3.16695467365293,3.51000572933205,1.57554475852144,0.7770610990262,0.600619582906614,1.33224297715268,1.04432362605798,0.31390998037619,1.49167703058174,2.75432521932273,0.937558840509819,0.235654481262474
1.00331761638766,2.91144390701712,1.36501326820712,0.832405847580146,0.729769872650696,1.60265595914105,1.06080473720818,0.588306713923687,1.00194925150112,3.46353273591572,1.1308549033852,1.94169788795651,5.14683929044471,1.70744488585074,2.47945940894013,2.50537213734898,2.62480126334046,1.7846067707851,3.02016221930274,3.22984229985451,1.4739220721198,0.692395817178455,0.295050914302537,1.35009330638301,0.996932616407424,0.55600306012371,2.00673690067298,2.92398982209876,1.33605743708765,0.357359123160175
0.855322270707376,3.54536393374629,1.45605925941935,0.818205933093899,0.725480479662436,1.73900411989535,1.00013107701417,0.438848141421108,1.08680437838046,3.22912891267484,1.40130356890073,2.1421072340239,5.59154176346163,2.09532605362219,1.89099430461235,3.02075314182961,2.02093442058706,1.73308843748268,3.08976625726931,3.34554704416854,1.57706003535308,0.351387870788108,0.200487466653882,1.58948443817428,1.39329674637632,0.180581129352289,1.69106240889733,2.68991508774182,1.41055642489944,0.146577556293759
0.930413979116682,2.65539494832269,1.70276833213455,0.793782897824708,0.719141787305112,1.56085079710265,0.977250839700018,0.396332363416181,1.11849974369054,3.34715314692504,0.94796262908306,2.13471027863461,5.47371627588577,2.01938264134747,2.17126684623016,3.00099263050548,1.8178211418027,1.56137333602498,3.15265545957377,3.23993499922444,1.57420833295077,0.360711302325909,0.442852318995321,1.52638276859314,1.44802683512386,0.000308682918146917,1.79287082874802,2.83459578618877,1.47697513349154,0.286175102687366
0.51891691430228,2.74837430887688,1.44955048451607,0.802385419065703,0.500779867437402,1.99614019609635,1.09559550714008,0.471923746235262,1.15141888070867,3.63024131443633,1.0533405545426,2.18819505853299,5.75442860375728,2.15515395200114,2.03453520771873,2.34744138695093,1.9195352194108,1.33798795787192,3.18037057755421,2.90071107071107,1.0868516508697,0.572677831440336,0.498563573474856,1.97285934477583,1.38880433850228,0.550208075907079,2.1185471686713,3.21578405020475,1.94128846014968,0.437935548847816
0.91923269204294,2.429889035098,1.74568040367566,0.984428670161535,1.08539570932434,1.86532957969383,1.04776761598235,0.222085132253044,1.22258950830115,4.23538354792195,1.18402095805361,2.46540694222846,5.55289130183637,2.14682433770587,2.13646310806153,2.79191205671644,1.03666718214398,1.8617449448916,3.14256722565916,2.80473970155799,1.43960244571173,0.253298955950227,0.157473938629132,1.96147760563357,1.80873483316917,0.372794173361894,1.9046307248902,3.31938670020998,1.4193476741255,1.01899691041147
1.18758924305088,2.35232528780578,2.12218072533312,0.957008356583269,0.850049694936321,1.925066501295,1.21311177864149,0.583556167204835,1.05030486841023,3.61534111151955,1.18636067322219,2.26632165042541,5.24184376517985,2.13308980651315,1.85483446832988,3.05925140039918,1.11969177988161,2.06959290856601,3.1032374667744,3.12027204898006,1.77603211230204,0.301393609536901,0.06724693828381,1.76122392856082,1.69228561131658,0.283530989598697,1.99673157226954,3.2896835804628,1.47745863638774,0.3202494979562
1.14037462913441,1.7382389024334,1.83066993199163,1.38002664687087,0.719029975212826,1.32051722496842,1.03073856135869,0.0241614878442544,1.12965613803598,4.1085861627495,0.788645011648997,2.42983874370323,4.76606795665757,2.44096722845906,1.94186970056843,3.11808281263686,1.01716861912715,2.92645436550493,3.39744884685102,2.77081462827127,1.75373500086623,0.413221912952075,0.577624398856506,1.57330344879669,1.12543598050443,0.177793209165179,2.00374525182058,3.09113618357184,0.859925823780659,0.610545814515716
1.06340321700382,2.05830189472678,1.50581168151327,1.46365696438898,0.738663061775008,1.67195801799673,1.18207148273974,0.0243295554824192,0.879109709149012,4.45828203273941,1.02537804563012,2.47919336735749,4.39173326689084,2.2462165059816,1.95438633085051,3.07581169844939,1.01880265810272,2.89979175120738,3.25345401603,2.68190422911922,1.08720669443699,0.580432831667972,0.715376722880139,1.80604735788315,1.25300318301981,0.242077632540116,2.23735227808937,3.23698850582851,0.955511250750718,0.891509180817599
0.461871187616652,2.34655937781871,1.78528796066159,1.30436989620719,0.668700253992461,2.32236965472031,1.09501543856646,0.0850027333126606,1.14615647811111,4.01345334198409,0.74364574896569,2.53575133218101,3.81035122245458,1.92566084163681,2.18996795303043,2.51308910461112,1.72671323385819,2.39025706633219,3.16431788285284,2.78681844667685,0.996811063800272,0.902005990378051,0.298006645348263,1.58376940146068,1.28135706521413,0.129471487596611,2.55435065537482,3.510920519309,0.989891215015339,0.911379959945085
0.404879124823438,2.36197905993543,1.52506703396632,1.27969168776443,0.68621023570472,2.14429756656746,0.88557304891645,0.344825918535828,1.2918596277653,3.77271726530755,0.628272253092745,2.59965470522714,3.87786460942071,1.76907379745817,2.24199713355167,2.68332965074051,1.92039446401717,2.65300761066993,3.3036883903935,2.48250415447532,1.20230404656783,0.94620448960599,0.571050987326836,1.46335560050125,0.993666173424562,0.185259485031137,2.31025873874245,3.49045676365703,1.05627030913793,0.643057957265301
0.418643569353754,2.21892723161615,1.15959278577422,1.69949322071388,0.724157036452706,2.02670799714567,1.06638433885514,0.204828883687179,1.6765002303501,3.84337656784069,0.19735188308851,2.88375766446482,4.09968200132361,1.92719972860116,2.10350210732654,2.85313538798511,1.30934727341395,2.44339497464925,3.23056119007808,2.84793502939778,1.60422780118794,0.930815105615008,0.328240058823479,1.80189583475741,1.679824874562,0.508151246398001,1.88940258503025,3.39745244099266,0.486750334983909,0.868199254302746
0.303047839416823,2.79625730749324,1.61201566661972,1.68721406079883,1.14480596859626,2.12624670238007,1.45923918993663,0.386108572843492,2.1369618500055,3.68112298169717,0.190900881368298,2.32834297389699,3.72816358968138,1.83809291475445,2.23133323147609,2.77500060529933,1.42671291244006,2.02893410773439,3.23535763328033,2.47760172567973,1.64131552413131,0.8873459058576,0.504512223207691,1.32965191662532,1.2074048911527,0.0522035378608106,1.9109980998449,3.54875779698655,0.868980964758503,0.337550532267973
0.399048378202034,2.33543291433445,1.50613887406094,1.94130977760287,0.148182205536125,1.66080116129686,1.27771939741615,0.0693002568490862,2.20722488200192,3.23873792297227,0.319343362085122,3.15899014379084,3.48410645961028,2.20379766422115,2.41399575393625,2.87264416528663,1.25286091955492,1.5017058450217,3.31165798090656,2.89533231454647,1.7094669077684,1.25615029514253,0.666534811427723,1.28742436093393,1.32425088854647,0.368913528306159,1.94860844157779,3.81383926259242,0.00845935961935796,0.525002465853928
0.384332381377925,2.1505599289552,1.49711298679686,1.87966469162411,0.116186471797402,1.32187662514733,1.33340645534253,0.0341003999267409,2.09642239693595,3.28359825056152,0.491036672193922,3.01783601406612,3.41323353169759,2.17231759019893,2.46272747767241,2.97986669956547,1.19584044671609,2.25698003159572,3.35946994359637,2.90077883985079,1.30125965311815,1.35966191316068,0.460092941936216,1.47284555221976,1.24294318273261,0.10847678447167,2.18351964173652,3.85204677264422,0.264353084998538,0.0475244734591675
0.237031181756144,1.70044427275831,1.27965549451134,1.55561798581192,0.097092758697794,1.03968687778251,1.33742018848035,0.0931616151129342,1.41650515974183,3.46476065299981,0.26645645317149,2.75025903591303,2.45696900710499,2.44552574198257,2.39791642768909,3.11401593043224,1.29035350181961,2.17579227289942,3.37651250925224,3.16769760752082,1.57740210987312,1.39240520047109,0.0820708945357862,1.13885107362731,1.77183411198986,0.688774414800927,2.31164250314598,3.90723270758792,0.530623700283333,0.986333199132281
0.310143938042759,1.47470794375519,1.36196430786071,1.58889956673529,0.408811124365645,1.82553963652003,1.23588008299987,0.543584074536071,1.79524231299942,3.45847306727663,0.122663307125385,2.61131829648667,2.25284808919778,2.36659002310034,1.77482304643454,3.14860726912539,1.03963822927252,2.07579299391347,3.28253064522069,2.89675382601778,1.39989354983019,1.17490436555596,0.163849141219873,1.51725014985821,2.10416594720982,0.108385312120247,2.39623362639915,3.16952174760033,0.365761181869307,0.999539017619354
0.219077451869419,1.69865101188908,1.26745110642598,1.71374488548037,0.321040198664268,1.96011669428918,1.52003560544385,0.539410576726922,1.5520820325578,3.41145828265466,0.385037996428356,2.4608907108444,2.18940087163347,2.25085684543056,2.1847022492138,3.07337732201086,0.89018575855207,1.96254269851245,3.26015711698343,2.76686764387993,1.35092058539791,0.926720586445894,0.0186467439340513,1.54632588307469,1.90245423192699,0.327696626402316,2.6164659814037,3.74103053482661,0.789291659995387,1.00488090924982
0.817490610146538,1.22191850623878,1.10274161454965,1.75215683505408,0.664627103422887,2.27119587097796,1.47202788981401,0.708211410082574,1.19615065716771,2.71259505502285,0.23845090803407,2.93845059691948,2.11972100288492,2.60524044928038,2.06762659963788,2.90681326272943,0.981144172943579,2.53938321809788,3.26277118421658,3.52402836744769,1.48055602569451,1.53143789052525,0.623255349910911,1.58142609049714,2.13806787637211,0.0799973708990183,1.83242434595275,3.21716072862432,0.544203118178103,0.731197498853833
0.621254446844807,1.40952063953786,0.366915883926685,1.80426370953208,0.294892111229775,2.16039013881272,1.38295988570061,0.64841049628763,1.27695921819231,2.53002013607751,0.644557178664478,2.96669448508025,2.14045658389494,2.26410835558196,2.19324689788828,3.20124333866947,1.00394996790077,1.81932310307135,3.73998520919995,3.0476658460866,1.72069632215679,1.51576042901199,0.0807923365745131,1.42392349427257,2.18830282389825,0.00229497221625365,1.67261021714546,3.12740991506819,0.527262473439371,0.537162310746318
0.868784760562902,2.66222171924199,0.227008019533419,1.82754130293078,0.688861140241786,2.20553833858588,1.20163010475818,0.77403405972617,0.840063807804138,2.58604288821499,0.761431509703792,3.06886001444303,2.6256248121003,2.54714125205223,2.70591429345368,2.98794808154537,1.08542337302195,1.54137799519185,3.18407463194578,3.06230276044148,1.91308505099995,1.27328476860385,0.162745912677223,1.81734557378286,2.25056906594511,0.12865218203091,1.84118037160286,3.42069839349431,0.0270928299606337,0.165736938271715
1.278112025093,2.55650556569768,0.227658015318692,1.86385437859054,0.794329827952581,2.55214429726694,1.34208873141138,0.547785743366615,0.998215858027356,2.31584438657639,1.01160106174099,2.94421369816806,2.01925900266777,2.67027772066804,2.46234477788571,3.07614115227302,0.772547520402529,1.57090083852973,3.0250727213541,3.23389319051394,2.36670501436194,1.43155197232778,0.288540616482964,1.77130206150932,2.19932986113254,0.219785274527537,1.58640350936927,3.08946668153931,0.37895143781555,0.261541232056713
1.22476681648745,2.32985936597968,0.132714765187565,2.11134464055282,0.469813189246338,2.85280962346983,1.43967526562913,0.76482992172147,0.44399054083915,2.67728479927567,1.63935058996923,3.27861163697502,1.80102683941247,2.70267015096029,2.56107626694034,2.63081669768484,0.409925638459297,1.80323963676559,2.86720013764431,3.41125393427411,1.99997828513505,1.08004200260435,0.115618043150166,1.327007205015,2.23661382156276,0.141920469135966,2.04050124245097,2.63403769844565,0.215509871475875,0.176431879395587
1.5432837093338,1.14976298335013,0.296425936014033,2.1479859957157,0.23930110187582,3.29974995329913,1.51697683327323,0.726303485750553,0.265946794329386,2.22121793357514,2.2336992179302,3.40830363952623,1.53221117756513,2.98822701229206,2.36220444506769,1.9349184270529,0.673047601245385,1.48292465243933,2.18845014711717,3.79014073628193,1.5263482755651,1.03508068469153,0.207954633952498,1.30534668767603,1.76277539023382,0.776396893902921,1.7926938802956,2.40995269979322,0.473097199372934,0.150948689286842
1.45891383510309,1.00067933440833,0.459809502631843,2.13500635611744,0.0944639702491419,3.18866048392034,1.14893753310512,0.339045048455054,0.291279618078954,2.50430083834246,0.672908633770356,3.31974309534169,2.18726659852384,2.72028871918891,2.61434963648429,1.97754701397632,0.319032142545668,1.10923708759373,1.79504893844495,3.24490932395447,1.62332010399043,2.09151542889504,0.41439941284234,0.867730021854132,1.4557224821404,1.1306489148298,1.85725577935491,3.42119529262987,1.08740073277694,0.139569464448645
1.84547333784793,1.20072196053786,0.738613576928479,1.7384454573542,0.127738735000582,3.46453224058995,0.918671615784104,0.299507037489684,1.42991309693961,2.69394476454565,1.21189129783959,2.91033212128199,2.24407464324083,2.74400050533892,2.83514354876805,2.55253190635769,0.335282898140563,0.525646915700245,1.81402044889947,3.02234677767094,1.72722462730357,2.08768395470331,0.14551129354244,0.464404448319507,0.846117316586112,0.540602712052343,2.27670227436868,3.15679735085246,0.892800532452432,0.334813321750676
2.20960007000774,0.821864988456721,0.474156515254094,1.71745360543508,0.331309328426683,3.33141991147168,0.994677188384262,0.671988992753024,1.44963486332808,2.50928678721772,1.26570330856936,2.64789377071927,2.54603916748542,2.70443384539044,2.67403508996852,2.50334299741337,0.000639678358978468,1.30969060933756,2.37627543095326,2.70377134487345,1.1880088778221,2.24075943743904,0.202442914573963,0.460097829291844,0.957404625399115,0.589002942703665,3.08722152009141,2.54644329733701,1.10186165870321,0.403440714987462
1.54529418515214,0.604946073536571,0.759713813361461,1.73751424254628,0.0634748382225057,3.34088267537636,1.05136267662933,0.343539589464729,1.21864807758189,2.5756834059301,1.142687199174,2.46995911455494,3.00241073082934,2.78557114865134,3.01104905462125,2.63066195087858,0.0570724725353168,0.687951522833253,2.61632316734009,2.79665907976902,1.38989608042389,2.05169709247896,0.16612748069683,0.474474956997791,0.71012538204358,0.536355556600025,2.49939549777492,2.95014292522501,0.522846773892484,0.0713366802072722
1.30975835067267,0.484385881543421,0.381170454961053,1.82072156482988,0.309418659431039,3.58256955895729,0.981595360978175,0.253634297289304,1.08908075886823,2.8597415760354,1.11951313711053,2.61666433607808,2.24419774027423,2.76899820798889,2.73716862965633,2.23377658535579,0.255689127731122,0.950472973657696,2.40106336740847,2.73036582086506,1.37539570595925,2.7326540125006,0.0488632586403016,0.494383431583018,0.868483275830363,0.801804410458896,2.67085472727007,2.99596116382519,0.412767609360702,0.30552803872019
1.73375379557986,0.890213407103081,0.92685816260426,1.96912839931449,0.297760491032203,2.99028740261625,0.884514646108138,0.250753357045154,1.39710735176306,2.47039611488949,1.1376435090394,2.58290516160397,1.95813269152499,3.11993790267053,2.84265082473234,1.98878383508423,0.0949908260145644,1.3432003731577,2.27923130678863,3.05555149445685,1.8067784200175,1.69267395637908,0.291705978662493,0.457083246944858,1.26752620690147,0.735385831548332,2.86819694493476,3.3037976668604,1.06196880811417,0.671022331514385
1.89623165063682,0.746023885831213,1.25102755016338,1.76235464249238,0.517448570209445,3.81412926457686,0.83744293205967,0.585040404412474,1.77809522785582,2.2928622117883,1.57257370151995,2.52193775834533,1.88148566607053,3.20222113770289,2.75699300601233,2.76164664081068,0.140455402055976,1.62783480540525,2.54677297497725,3.35390499268784,2.02239975370072,2.02419136285523,0.229874022928136,0.766945095486553,1.31716194593507,0.783825145650877,3.07763911446223,3.21107411411456,1.56097754189767,0.602323352398846
1.90368146798075,1.31379879983852,0.522610678193233,1.29350885203863,0.942307570804872,3.88302977009276,0.619207149243682,0.791426508958321,1.62904631682181,1.88118449434203,1.49500995576616,2.46483018774799,1.12628129399903,3.46919167672771,3.41301278405263,2.70986594057543,0.19593274250391,2.37023658061476,2.67828020825619,3.33461367395038,1.85440644469811,1.20753904797543,0.234392619161877,0.849741049301456,2.02351111315007,1.26233507196775,3.13325126902577,3.08082838441978,1.10403580545522,0.597058146783035
1.83869149488811,0.832753801745367,1.18968932354574,1.15588998085657,0.485538187398534,3.53725833896106,0.270821094005795,0.653604805313879,1.52106056798858,1.75233629198669,1.61193910972214,2.62447520200653,0.937417563825464,4.04363958419565,3.67701802574701,2.6777694354395,0.191233610952719,2.3223628280201,2.6304347292701,3.99069564572262,2.05046736072223,1.36226093625245,0.369042511734853,1.03060116835097,2.14284361395595,1.29545240036321,3.27513961555507,2.7820840379646,1.66032602797338,0.713259779284281
1.38001249066252,1.61015798716157,1.28276223178532,1.37097348065562,0.896568691420341,3.81515397520888,0.647885053842873,0.606153338157169,1.34056698642252,1.81053418564172,1.44588075484082,2.97221833079053,2.67950524448098,3.69364945392434,3.77018731345756,2.70674844883926,0.813206441936852,1.57456626888556,2.73326068657508,3.54384473292403,1.72645494918671,1.65866230436171,0.0040433572416252,0.716319596179856,2.06861407560036,1.29010985803661,2.43916341799878,2.2472801596507,1.17880553200068,1.31465842763678
2.23699494673306,1.82446742481239,1.67890180399201,1.94416322684012,0.386421859909748,3.30826849258556,1.09396496115152,0.850799513990917,1.29020578476648,1.05124127129609,2.11753061436195,3.33901259877386,3.61629832087693,4.04449243140953,3.29150378388251,2.73493257064959,0.70154042495852,1.35730468088005,2.85879649806168,3.53680785802488,1.48556994604001,1.04805442299659,0.304398064297741,0.593715610823622,1.53872480236219,0.0637090001782714,2.07706699837245,1.73944523437885,1.06337315667474,1.18467393167903
1.79482189753084,1.78119689688969,1.8267758988274,1.61594026009861,0.441832083236814,3.04002632927862,0.786692248058104,0.718736530095735,0.829246753988239,1.27820206284306,2.12564669767187,3.50322502716339,2.14675532837198,3.8726489756139,3.30063732936651,2.58836951790911,0.401730543714062,1.7599130569388,2.9103416512074,3.76463719278585,1.71202526461242,1.57865361772849,0.484364262424075,0.394476625648323,1.4707401985047,0.24037265613828,2.30104735629909,1.80595142270289,0.678454910534222,1.20408923762567
1.70124390739632,1.51119906285584,1.17360416421367,1.65654011358674,0.652609318299817,3.9039694544059,0.562288473545279,0.386325406935329,0.392079859282473,1.45386763889176,2.33150612441577,3.86238369216043,1.65292220384252,3.92110691465639,3.01989706147615,2.49206586574825,0.211746396124103,1.85902998279978,2.64635214171655,3.89438629708953,1.82427787535248,1.29174210665639,0.249029679449777,0.677605161902561,1.67493305995071,0.232644232340895,2.49201208879936,1.61568726336224,0.49585190851263,1.26101474740939
1.7822041101352,1.78086530763349,1.41407533674487,1.61349665528238,0.759528706228935,3.61236017653472,0.640006399335644,0.673403103452526,0.453826180499601,1.52467742921781,2.38106654682165,3.82807241688436,1.61763804843857,3.84991798976728,3.16089123653709,2.41822951788899,0.289021142550539,1.83333436135213,2.78153570622553,3.78118236004082,1.65978437573443,1.25857912508902,0.153211002781766,0.698158287481178,1.60205026384828,0.0516564222997442,2.40796816160102,1.69911481395278,0.841906019647231,1.16634675171786
2.06516087268515,1.91885959128133,1.86237622238719,1.36863049144306,0.571816992632436,3.58912117144558,0.531038970191741,1.00665158254068,0.544530270355045,2.1880652095822,2.43463644187876,3.74088011496428,3.04016275159514,3.82843549302463,2.60153724433828,2.26895324103755,0.690785058882541,2.36132532666174,2.40580204576556,3.70537390828187,2.00579466568581,1.60356398746315,0.139141646873043,0.177557224418244,1.66876134905113,0.0545662592406198,1.96247512932614,2.05508034584893,1.23035524425555,1.41687555282231
2.02218419134335,1.86572204679477,1.80317185791014,1.45577976628355,0.61868624932546,3.86289832952435,0.566469516255776,1.07544176563126,0.680295935346387,2.13656250615378,1.85474657861601,3.51971733852396,3.0066271445398,3.8807372067178,2.68523156761965,2.08108749585239,0.524907433652718,2.35913734900796,2.39328560491338,3.80395951721905,2.1500526080995,1.38892915373192,0.132047614840613,0.0422029425109651,1.48011566411852,0.529405925585546,1.99652495652569,1.76287346639475,1.18842559218218,1.11483830715435
2.06581754153963,2.24705223820666,2.03232463321579,1.32922579940464,0.469007383646718,4.08380439510287,0.443704599766498,0.925057015628247,0.292913525532661,2.06918023745885,2.30572780942098,3.77018182290981,1.98993920230558,3.65600459965333,2.82363140786416,1.78621694308851,0.499825117803692,2.58000564569093,2.51560190757154,3.69139227213271,2.17092679160101,0.981595353208938,0.682111412517018,0.0208244020323736,1.80751615009964,0.806557750349329,2.35094813642702,1.6384090627609,1.41465720187758,1.06970372728347
2.05866430650419,2.06615056094005,2.49553446610861,0.961091263270887,0.168233220211224,4.25370016653137,0.23282887925004,0.970048369704062,0.344138391358005,2.11737054906864,1.63650743772647,3.33642617691704,3.63624602550724,3.80692951526601,2.26720597200502,1.8390528885973,0.108077044156813,3.32549052909456,2.11210178118845,3.49912638408796,1.87905378693579,0.583260825666039,0.168848449517774,0.115635928903771,1.73969988169343,0.509737162420324,2.63659232781541,1.87149222086859,1.19367459989483,0.485407483608722
2.32555827996297,1.51623591750016,2.65668011818823,1.07426064728657,0.0742443157247289,4.22004967223847,0.422819697946252,0.988609454560434,1.14855571130339,1.84261718832066,1.96329017782673,3.70481772255381,3.29333831001753,3.77402957389121,2.65514786236468,2.06204346490481,0.149256853319648,2.25693579174591,2.73386910144089,3.7665415207094,2.12397203367694,0.535840121273518,0.444754486929887,0.42078534907772,1.42769807501731,0.88564581073976,2.61207573541219,1.86610116286778,1.2156046105167,0.458885449569833
2.45163938992962,1.76575218332939,2.52663371497163,1.26916547653976,0.10186946483964,4.16280555676311,0.36298090503325,0.717947177267893,1.01382538091106,2.05141087705527,1.65002365309592,4.22497048922232,2.5780990421312,4.04077756069752,2.5776681529924,1.59196878519036,0.365823713772607,2.14290873011711,2.61365045567442,3.95095734399379,2.76934926136353,1.05272447904882,0.539820571955032,0.732979541374558,1.5638180451145,0.229809659080987,3.19717415789512,1.94016669341165,1.23401812231365,0.39537663857317
1.45199757396739,0.484680873487343,2.81627647938732,1.04170212111719,1.27239294358981,4.22594659800977,0.679419603663694,1.22545459710864,0.456260458324332,2.29829788548709,1.91687627983486,5.17665185383269,2.91453120667664,4.85100229055266,3.12082071538533,2.05569931518163,0.0680865660591592,2.28314123056658,2.75588865856093,3.86583956320535,2.22652963224176,0.340242766924767,0.719775159997946,0.403519346110594,1.44278762030324,0.321456960303481,2.63623757731856,1.0830448794724,1.06644270539915,0.482682640467565
1.76652856244176,0.517892883101864,1.88825460816746,1.88150548054214,0.854292346037287,3.16353516528991,1.2888729407458,1.42362935601654,1.11023525580243,2.30035409451389,1.47186091363736,3.759158157054,2.67668478708529,5.0595122220374,3.41273961911183,2.713710103395,0.59488649641347,1.75036623832328,2.57975497062847,3.68941309815943,2.85923441051489,1.60392834479306,0.291254385560673,0.0150550891436453,1.46871591068571,1.39892523393516,2.08154809057653,1.83499981337546,1.22179173690892,0.369049137710043
1.86715128336187,0.157794823068606,1.7972164786072,1.81326181601951,1.134381576692,3.43333053905888,1.23964576149778,1.27393128757009,1.47943244637772,1.95620556681769,1.77581829154765,3.65687893160373,2.57889333531188,4.64467834606401,3.32531840766108,2.53269539518211,0.602030024820151,1.85038406745705,2.46586365920852,3.77906597741273,3.38650298106966,1.68739289321096,0.000969256693336491,0.149031570906889,1.52999757139215,1.27655308129468,2.47782379568435,1.50109661947656,1.69926165235754,0.573539841245777
1.87265187769052,0.0222131897064766,1.76008609970814,1.46784146364535,1.05982515708433,3.23554880068562,1.01976443019993,1.28065652483428,1.74578376517861,1.98302890998457,1.90358029993507,3.72177068797858,2.47156122903056,4.61093122889706,3.2974645275435,2.28218925268796,0.552523956099569,1.9197273255533,2.32072602141448,3.75792166256145,3.34203847072475,1.78663460138,0.242360938687569,0.034407809642133,1.3728961058385,1.57517808613859,2.35682103590117,1.47223147662802,1.66825475413518,0.598056823097799
2.28340450337358,0.39131684283093,1.28626343728971,1.79312923166227,1.11781819023348,3.36054657920455,1.45092507151263,1.73825431856086,1.51910874792849,1.5036024388827,1.3563244422397,4.1310719204025,3.90482792585621,4.26975058880933,3.2674315037306,2.21314136701337,0.648660239608435,1.75683541217768,2.69745199252618,3.63743752463656,2.86575978314958,1.27468313017569,0.477699781855183,0.0107961878707495,0.970434322249516,1.53529668841161,2.95492965159719,1.37616396866127,1.11023081627782,0.553113938604547
1.82903450901993,0.281390841340489,1.05654244711922,1.79437147429734,0.789532686407616,3.37689667396918,1.2320494051562,1.17620632676387,1.91749096783923,1.63472166115494,1.35234163591132,3.55231257240658,3.89748887009471,4.43679247918787,2.98643357785128,1.48794106947619,0.846925035982418,2.19639916240139,2.31738851633731,3.65407536755202,2.55390504632147,1.50673891530156,0.217660993848417,0.292930302163697,0.98418141519439,1.80754064404609,2.47448984467657,0.766738470658529,1.1289103465791,0.450633407641011
2.14631679189727,0.368589501455067,2.0434125144293,1.61233139827917,0.808445591296722,3.3436389614629,1.10498907271595,1.45648507037075,2.05166499407851,2.0576439954153,1.51942325580494,3.97866071827169,3.42324514626045,4.31895064231381,3.22398873783515,1.63600587912355,1.5011211721121,2.4682320941636,2.21117723753586,3.73777647999166,2.88589355465686,1.76982484869716,0.165429566528778,0.895168849840777,0.464145222799473,1.69101667396202,2.51968504303647,0.277834100245747,1.42913015461741,1.0635079137813
1.80614106125259,0.351953533317092,2.20100971437066,1.82105675270363,0.461374997517337,3.0015938452859,1.25027592948204,1.65809306555968,1.89523092302977,1.92921038427439,1.10476811236827,3.22577544668652,4.64564496447717,4.15826073701535,3.4125711625931,1.74709220820035,1.39984484124556,2.9095180864885,2.27726342554647,3.67025327681767,2.54725683901777,1.9882579826139,0.28839212753613,0.756134726208875,0.68941865177752,1.88425284007679,2.52089122240186,0.903045651499673,1.22805925032142,0.782290522997762
1.72915886049975,0.108271486850988,2.24410427772622,2.02298057688249,0.53482032706704,3.02210816357141,1.17156612371975,1.32127027223213,1.89297618969964,2.17705422441996,1.0199126304047,2.86030682141373,3.9874068344479,4.16039026702449,3.50720566345272,1.80282903217678,1.14820307078879,2.61553519323134,2.38722022682667,3.74034835268458,2.30353488115563,1.84042224673866,0.321055645167851,1.11474131894671,0.511653329666312,1.85860806395385,2.54515113475182,0.936887839906115,1.33973869894428,0.868344503443828
1.65392286278968,0.232481352803978,2.48081586317741,1.75811681011611,1.58419994698956,2.84252766461688,0.958157094106444,1.08175099507341,2.09445420428644,1.76113480963344,0.702608138249594,2.5360372373295,3.61189017876266,4.46125014094197,3.78670441795579,1.60068758171514,1.28080116062869,3.6797258136094,2.87047987500712,4.08690235222158,2.48070632218611,1.82326404774813,0.157396534407796,0.940469321268714,0.177575100028432,1.65895728359177,3.10590659841604,0.699504156938817,1.45333601976719,1.45758414752989
1.45848577726529,0.587840266989365,2.39550711507875,1.56269459081042,1.05162429347103,2.67134952455079,0.80104935457856,1.01938386942745,1.9025688176361,2.26070405472908,0.696031004761167,2.94149227605577,3.59591632950581,4.20139278812679,3.67348073516691,1.82023525340981,1.68403116593523,3.69011426632505,3.0937544927519,3.94123448333431,2.55472603321777,1.46124362331978,0.115333687992588,1.56252406958439,0.247465646719189,1.93867172554413,3.58186402821481,0.564752585302788,1.3257994610092,2.06717418948452
1.62735711102897,0.320652406662947,2.1927671545563,1.19361120331129,1.28585525631108,2.41898186526987,0.67685009296177,1.2084506804441,1.74481860638212,2.13071575981932,0.992591012134778,3.01388768712062,3.59241654404281,4.27733525449781,3.48577862744463,1.53979632924225,1.692068819882,3.1170632895441,3.15924276106826,3.99195469796237,3.17345143595915,1.72899264906177,0.557132971633807,1.19373637166474,0.00481054855424951,1.83209953585667,2.91854472165107,0.0519386956494194,0.907444496205136,2.3541952459788
1.1354662151469,0.301202532425874,1.90590327327147,1.0115629848436,1.08999619544031,2.07846532681698,0.818429304705709,1.0296717930902,2.19595521297188,1.08430973925345,1.82809036845604,3.03799168444217,3.01835575408108,4.73449285395805,3.47434267699895,1.72325829895791,2.18520900923424,3.82150962708372,2.51722741212109,4.08368225404498,3.7061945296052,1.42133886548332,1.32332112211518,1.06872719949335,0.680001743984597,2.31173311302816,3.20846586173036,0.454748278762271,1.56757324075077,2.13045748205231
1.46662381500329,0.225983381992531,1.91657520207235,1.25001692066187,1.37124345384789,1.89548181540174,1.03915988723002,1.25413308531164,1.72867834539146,1.26567223710258,1.75305044929245,2.71183594909146,3.59489212298436,5.00642288661703,3.34937525572756,1.87298278051592,1.96681332488932,4.2119480478734,2.70745492833681,4.36952969991929,3.41333416521215,1.16241678064279,1.14332678349758,0.770993564993091,0.626533805378913,1.62747270715778,2.45325207339187,0.45544440951337,1.56077197133216,2.12439998951456
1.38551047598819,0.228881809654485,2.2561366128435,1.00185973513816,1.45685267870791,1.94007080287748,0.947838578174025,1.08490128415851,1.76169150662538,1.30584503620825,2.66504378382072,2.34790119672628,3.60308212631538,4.30839601961126,3.00391748761856,2.4449819118509,1.75676977206059,3.91956712295495,2.29079686829172,3.85219093211907,3.25946556992876,1.58218097378168,1.25025574906613,0.916818151364495,0.505569754896388,1.61526404432513,2.06540248220978,0.348755753163014,1.64009295333359,2.03617761611482
1.27228393672524,0.158609397681173,1.65357731228256,1.40963749531486,1.46856710139817,2.23801066677494,1.25570961559836,1.00213598020815,1.06837548385834,0.885760458635011,2.56544939542961,2.08161942368282,3.84395299589257,4.00931070657854,2.52110582856652,2.46147540898609,1.84522068847534,3.95648826503715,2.44756927800868,3.68213666002275,3.04100163807853,1.91437099146305,0.748136296863601,0.413829575456974,0.728862789615636,1.40420268823093,2.0443826383379,0.625508031118085,1.51471594882694,1.97045082840109
1.44319929504178,0.260701799389291,1.17007280031185,2.19387390015815,1.06041947535162,2.65668884479251,1.9397213391164,1.7223236941743,0.868523042465827,1.58188592524435,2.3970807437526,1.52542280890977,4.29481606682068,3.82301522654789,2.1473531781977,1.40600522712264,2.20498954204004,4.13159764483838,2.31530127922611,3.39748997662679,2.88610867566269,1.28167157852981,0.22182339179499,0.129034528574482,1.06874422373601,1.57768211460433,2.80626651783912,0.113977489141283,1.41335316220545,2.84035285055727
1.30854271043734,0.0427395281291865,0.402288022857906,1.82275311039394,0.858988123766142,2.57969003443302,1.68150582579093,1.67060869499967,0.981546622949461,0.881308979959044,2.32418581276966,1.32781303611336,3.54306918408735,3.74512047140301,2.09276130571158,1.30939033034508,1.33463156379045,3.89995759451359,2.55243819737966,3.64178685242982,2.90410606975573,1.92538266636751,0.681301479486703,0.279656437180352,1.15271939993076,0.696101892004726,2.30001298104816,0.343529312853582,0.684350569606117,3.12012776363702
1.28082548873501,0.157377592034608,0.0838337697988125,1.43794914095982,0.945339754156254,2.68619949600357,1.54498092239379,1.80264537268025,0.665155477693408,0.754090528420086,2.90318657591616,1.09806342126622,3.73379173461445,3.38156970217618,1.96461158813043,1.1767358160752,1.02490907100458,4.2267548543825,2.36332760810536,3.78535314445656,2.9514521756871,1.62492900924632,0.202600003036644,0.218150314786685,1.27151117708844,1.57218488007192,2.44700946700895,0.0297761230532415,0.402441456775675,2.9816627648106
2.11213030402721,0.0567903814875695,0.114943503513531,1.64372415557635,1.13980460373233,2.89928406802462,1.50592974404579,1.59486313753874,1.37739536859596,0.342074408703734,1.56780986879237,1.5875743443433,3.80932328395618,3.45729512527217,2.12604980820213,1.41808051951433,0.446597779533339,3.78381769839647,2.48336082881292,3.56006293847676,3.07805183117826,0.982462425381723,0.355420171441836,0.62728129417883,1.84327244929913,1.34820600349881,1.90808407571431,0.125296332126663,0.45986677831512,3.097250826705
1.18768574998969,0.106397338180378,0.178490364678604,2.06128640910164,0.898901431098795,2.51131603612404,1.90885162722847,1.30090057247308,1.15615211116634,0.868448729999461,2.00480801787668,1.21858852123488,3.20346049999623,3.44026912142267,2.08374320541919,1.30756471679328,0.584399445246924,3.64213457602875,2.65205732518049,3.61834315745639,3.21091215473911,0.956164485486493,0.663209682649401,0.0417419647513039,1.70339573755008,0.950843715891612,2.52693467323864,0.264747526881852,0.667371702545845,3.54999901607165
1.53415416838974,0.438410117151589,0.0516327077929903,2.03886625642634,1.31595088544648,2.4562704956642,1.94614026587427,1.38440309968706,1.56550447554439,0.9662943668288,2.81557377386352,0.874653055512828,2.91815762488509,3.54204555363787,1.87936360365146,1.0783768788645,0.21949945608286,4.49208036394712,2.73984312349145,3.61962165603053,2.64019332916721,1.44572693572643,0.808467329030136,0.0798699831390421,1.05778996445157,1.03819862698503,3.00972464577798,0.224117144638646,0.731422370563941,2.97724454711629
1.64114810470885,0.511636756430508,0.333510609411529,2.09196520715492,1.36159715692845,2.26156639338638,1.89151357572209,1.30702658408012,1.35977622961289,1.19224093604895,3.18503559471716,0.684390669157862,3.05214279797508,3.44342044935134,1.80155921625775,0.943876179878158,0.0184334276545196,4.46978045052172,3.01916311085753,3.46065435603361,3.08123683753616,1.10180878964056,1.06730938151817,0.0388056620510098,0.988631078545683,1.00391223803458,2.85374537108418,0.175955989047599,0.772888812488319,3.04770996038928
2.3251379274558,0.46185415635316,0.410809274817475,2.08831062404716,1.63726531166328,2.6193765203489,1.9145265281339,1.26269114818657,1.1028549189622,1.42888836069151,2.58857334875218,0.795373589829099,3.17954875667826,3.41152789608247,1.7766128200787,0.993122411284344,0.472550929189522,3.75289292740863,3.00317521442535,3.42035460953372,2.97257651129009,0.764145153584695,1.24668290256836,0.0244330386259613,0.947458758769366,0.907882985572,2.61803660583451,0.0744341109236073,0.665133684646784,2.67736203639435
2.0637697906963,0.825983240390961,0.669305550914906,1.82203094201101,1.14729772183526,2.09095078517781,1.78956321439235,1.47700502605356,0.907525927684343,0.944435217172716,3.02030211492517,0.373823542604458,3.30360734474143,3.33711814352511,1.83375798766561,1.23664680859816,0.406969598176445,3.81419489275416,3.70255177732753,3.45366744626923,2.78282625219705,0.812098130817374,1.38400973264394,0.204416345002226,1.01958275855093,0.937260478316088,2.1755119084701,0.0556145652300791,0.399742532571338,3.33655621676109
0.785528101304223,0.6647523448684,0.504977396371348,2.18063519778592,1.2988466253409,2.16331214350088,2.13536577705284,1.34604845185826,1.16280479343207,1.1892828269615,2.38886364690571,0.715270880339636,3.07960489426506,3.111136050572,1.48898204121525,1.10219629203478,0.55299942411315,3.80654655014466,3.93462442051808,3.05347781386565,1.82956762476795,1.04906492132047,1.32666927331509,0.449129915093414,0.953901976562944,1.20713635643022,2.20627372127103,0.0913447962786215,0.627418938280742,3.08305858527859
1.84151160539483,0.59894262696785,0.221375428482152,2.37051615534648,0.726186619439761,1.60840756980277,2.22653421087556,1.57630534302975,1.04781989818332,0.78130316656238,2.1099237745257,0.614991010039166,3.89983225251951,3.21365851272809,2.37990628102912,1.58691523662608,0.787021206109019,3.69947992587654,3.70067310918115,3.20306119335135,2.08934879629876,0.573056575647478,1.50524410752363,0.810402174266763,1.47900323166476,2.01231137460981,2.09105361492406,0.0568187013387749,0.0738676730466302,2.19320714929691
1.8708610011472,0.609262896321672,0.0185660908946527,2.34607713004652,0.587412208596642,1.37452673840139,2.23301884717316,1.53258720768591,0.971130685336644,0.926045430218146,0.957908140115731,0.80616929290161,3.77597692218385,2.9955878038901,2.31598282473509,1.82609488573549,0.737346028452816,3.75631326228309,3.57725411086546,3.30581767711381,1.82331123473084,0.290350923440877,1.72477524347051,1.05665196662384,1.09367264041479,2.07996291480711,1.99071484723089,0.18527009701724,0.102452606566727,2.04673641058387
1.83163383349081,0.241113140452797,0.493116089137605,2.29614387633965,0.66560892491165,1.6472772440785,2.24152335054983,1.71444535597766,0.811293820608994,1.12162717644483,2.37710346184723,0.418503354858697,3.63040692727596,2.95286745213701,2.19681179058089,1.73892938206062,0.998431996811338,3.70116202362788,3.71540606945673,3.28067673266263,2.08352614819241,0.925623750924073,1.54341197775686,0.627337028620268,1.16040647828576,1.75293772454852,1.72738552720605,0.0361656114049527,0.256437835234056,2.41098636966452
1.69214716531557,0.19596868782592,0.127297315723533,2.18039073460727,0.526215357085428,2.03141433849954,2.21761694834986,1.58939145124837,0.98559702459102,0.676056273424046,0.631964374994307,1.02137954575463,4.61216165916428,2.72675774094175,2.32121412762956,1.80018933075463,1.39471355197722,4.05478576840423,3.2230539183072,3.22229845808271,1.76886626581834,1.10612657336586,1.22031634173183,1.34237356435578,1.40044209328427,1.66533795131019,1.92430932108871,0.0707416148114549,0.169502834599285,2.70211366954423
1.83076327921291,0.371281089521174,1.22942797618154,1.6032752068571,0.529628854480121,2.07556814440448,1.66346708309952,1.46606508161167,0.972322951225864,0.348102926024673,1.15260455580542,0.507782260902495,4.03393432621654,2.81003192149294,1.96829552086269,2.34164168742865,1.32604547130114,4.1380438884184,2.99815852675601,3.15311743501462,1.64878936476502,1.41129705929765,1.15484526104454,0.15687820903796,1.39051366571282,1.30582588804228,1.56251178833196,0.0054875830867548,0.659145119072335,2.62342113121784
0.674867227438254,0.634258717598036,0.766908924566052,1.84381355352186,1.02260682624327,2.37292109804397,2.0225338325343,1.59906283120085,0.849607125029833,0.0650933292364623,2.01481312233359,0.588334728211671,2.84292770765378,2.69524970202349,1.90098229622473,1.35249418405207,1.13085120190971,4.1526513198049,3.23783522158896,3.17180275239074,1.87093858886417,1.70262517336868,1.09793781161245,0.650472641211088,1.3173075431421,1.84496518239628,2.4215872078083,0.137484389275851,0.282695285956847,3.18877535463033
0.996266602286186,0.768632004068187,1.18437572299168,1.73682308078409,1.02526593102076,2.45557953258441,2.02302854840056,1.71625099660736,0.905222095774591,0.0533945780380826,1.92976962754739,0.458822986223217,3.2182925477125,2.42916370185143,1.98559664871011,1.10961040457286,1.13087561952804,4.296066468078,3.33355071705638,2.91736794449041,1.2813010927723,1.95895353633678,1.06720163341786,0.72499375418644,2.11085711347214,2.43987216051675,2.34123341715087,0.220515929195328,0.160338548146448,2.37949412309944
0.842432979775732,0.887016342479441,0.561039688921979,1.59762660113333,1.46168409785566,1.90479003707333,1.98779407538182,1.63413059827093,0.665421561620451,0.311683317521907,1.73544325260954,0.400081257439166,4.43633768402457,2.52925244388274,2.00015216543209,0.995559309581505,1.54683362151813,3.97046396754742,3.11736732422028,3.04788784047218,1.86559478689128,1.57487744510046,0.407278183508335,0.25581328217187,2.15534407716826,2.24595796110921,2.35379307022178,0.00271248772113252,0.125096922302203,2.25090320764411
0.761010275417059,0.652458890842208,0.394178494345467,1.85613540511469,1.29363213468945,2.61730988633665,2.11347447471306,1.62265707403659,0.94084117220725,0.171273797163467,2.25893196356403,0.575821550122103,3.52568876808541,2.57364919607222,2.08842137055331,1.25922330498458,1.45665966831008,4.36236044704793,2.94616011135339,3.19597667980486,2.13578288782999,1.27664530823638,0.847307441479646,0.55759387415274,2.28787222909608,2.23886676052553,2.43039563804064,0.309687347929173,0.0677162498257834,2.73394634812249
0.549787360247129,0.391112846783264,0.429803681865456,1.97198239043815,1.64939718165771,2.35034000910786,2.29058751236481,1.64049503976308,1.19185973869763,0.324791004074184,1.53900736660267,0.834455188330767,4.05799235262444,2.50621520460025,2.04715243355098,1.09044865356723,1.9281208382514,3.78946226005683,2.77797912021225,3.14772413076282,2.20975879476715,1.03707968416372,0.850159349421361,0.606751092745763,2.58514540009077,2.4665118687964,2.50118669250592,0.169165065447561,0.0280716396440523,2.75193317154041
0.309249252871023,0.388767442478397,0.638388167734132,1.50381170290656,1.75157133353575,0.745289470322625,1.68955006255007,1.079970251646,1.08293866939316,1.22664028815502,2.60827566998704,1.05446981809535,4.42323198980158,2.70381486812444,1.38968638144604,1.42969675105049,1.2826048879116,3.4057189523467,3.09948690975528,3.40200792843847,1.62158802221993,0.679838594550428,0.873408271101473,0.451245241859536,1.29653391151275,2.80069855130138,2.23838914433212,0.895945602530332,0.652667511144268,1.92450425762056
0.462238800037556,0.612592875508228,1.00725236333416,1.57431379188026,1.60921741255888,0.920217760971345,1.85606519102656,1.48674475360536,0.87371847293521,1.34249034850538,2.93250778622464,1.14368423770612,3.72160816245369,2.20236815149518,1.57777404855518,1.45041856916137,0.914648141991221,3.73571176929795,3.31509834111883,2.83540081765723,1.3201059028345,0.523700986338733,0.894018637112788,0.447693452803189,0.603062405422138,2.03341069962758,2.10329956591988,0.865323913667921,0.428576549111955,1.98526377571013
0.383121529578595,0.678162443864307,1.22668938024649,1.65559263748905,1.53404155701866,0.889514188949535,2.00791538512676,1.59594913771673,0.860435179974171,1.29353394532987,2.86340840818756,0.600476262316909,2.7496733217411,2.63200949612299,2.06246693711712,1.11388041894115,0.863133052035763,3.70620034978792,3.19382390934611,3.40480880458029,1.45703544544402,0.329199429584234,0.809726849933041,0.353849927155648,0.19459161466816,2.35469786114452,2.21257490373971,0.798553975374794,0.967893415813833,1.37860748745104
0.0496791579772738,0.534684432894983,0.749891305562328,1.47798127790685,1.95859951950092,1.13566287706528,1.88309637832028,1.75443026596559,1.32326182791458,0.86116368023842,2.98764894419619,0.315577787443022,3.07683127995616,2.58714303940911,1.59815560619319,0.793480544177385,0.496726045583855,2.89297604584911,2.88763808744651,3.40982957824871,2.33406776275112,0.525266425372062,1.07145506503089,0.149549564695186,0.836264948209468,2.62909781577981,2.59254576879244,0.761945827145799,0.298161607859269,1.12711688160024
0.0357239537193761,0.703560548455534,0.699138078768397,1.40157136476598,2.15803424614832,1.41808976829885,1.80105675797408,1.25884306475515,1.46174727351999,1.0728207805499,2.64325836549919,0.104935139206644,3.64144693778476,2.40135862159882,1.44470353037378,0.720482900080521,0.870605730524978,2.94098099383527,3.11158889432067,3.21577360018586,2.3267760021691,0.888460952629833,0.940549832497943,0.0680612648507664,0.425960300089549,3.03245803713599,2.61464845484333,0.619666756001525,0.220554919201395,1.14478202160653
0.132121743735725,1.26841570622316,0.821025775053513,1.5724969914415,1.9367490434784,1.98131281105721,1.95541781930904,1.48823450122351,1.47208629151996,0.620808913037138,3.43225888098081,0.621782413997759,3.69046085850063,2.11350468879551,1.48433254189472,0.859963033837177,0.797787336516537,2.8154650391562,3.20630199003734,2.82937498942229,2.01328046397867,0.505605798506873,1.00577728283078,0.194118172641258,0.761561701778446,3.02094065963069,2.14797753372802,0.57431919823608,0.0175263471204294,0.874964803529621
0.0786602693168447,0.928832930732916,0.528256546384844,2.03029612699667,1.73092986069275,1.88127555689481,1.92592976994579,1.45868733835961,1.44323010049671,0.991989644075401,2.91272672049769,0.745576754299965,2.55065051234513,2.23250801125034,1.30464797249548,0.706527095563784,0.714282556359121,3.11458052297152,2.86003776701884,2.90709655355967,2.3959380006976,0.248550192552028,1.29862427402123,0.145857549459145,0.492429640275693,3.70402733122268,2.45860436154674,1.0394642158506,0.274774215031458,1.20360498932504
0.156007511427466,0.882536966987553,1.28512240049565,1.55640334588148,1.47697580734006,1.57335700306273,1.56472941245475,1.60585880168693,1.25449712132733,0.844180676924387,3.6732789586776,0.632526973211885,3.46752663002426,2.06689063508857,1.0620946213801,0.722731138726116,0.896302320560436,3.24427504879242,2.24890261306766,3.16986195639218,2.07979217203934,0.840536556029697,1.12691521476548,0.0696760310771332,0.620762940810501,3.82897611885316,2.31494499404934,0.760430028987724,0.0324349967444254,0.719000271710183
0.131227111123142,1.3911851184951,1.14018650773198,1.6404357340669,1.55623308041362,1.73156687650079,1.60676595518303,1.68158033934096,1.49956653053805,0.650961052251554,3.42115731115954,0.756003311002152,2.69547585058295,2.26993332787569,1.64861907525087,0.823626071689633,0.755863995201842,3.29435936372948,2.88323300583497,3.02957924223582,2.24739197101039,0.551153667639318,1.09610052964412,0.265224656223952,0.829165534870011,3.17994676819363,2.50026144989234,1.28340815558073,0.024061942439327,1.3600559246913
0.00783360951551175,1.28612279197375,1.36280357142408,2.38932087653759,1.87014443236106,1.21769094352643,2.51058579623615,2.29520883979176,1.54367627398662,0.70553918392863,2.50577831491283,1.45398914758383,2.17119219969236,1.87433014672768,1.84715060483133,0.785224673152767,0.535404567651811,2.67878836999542,2.71435983243596,3.25840332294117,2.72822019906277,0.409882722741533,0.590803708860996,0.102376030092746,1.15074939368231,3.02404125885293,2.76478436601764,1.57346567225723,0.284249712900241,1.87072612777295
0.360077559607442,1.87972881976884,1.13466871851353,2.27962382930866,1.51218632974394,1.04694560044448,2.07066524321903,1.49204033064049,1.30842456849706,0.459960161749862,3.03316429180022,1.25146771210931,2.5938845837607,2.31329040746264,2.09563864631524,1.47544224970244,0.64565645729212,2.76828129126391,2.59362647951169,3.15816652187097,1.51760051417724,1.4803720453634,0.141040000511627,0.213628190815421,0.726292847063225,3.21842623844472,3.32915552292483,1.61342924517004,0.12991977891547,1.33238801685794
0.0522800652143549,1.56561375516108,1.23118900878719,2.5580297843706,1.47017920380187,1.42749293368622,2.36161028129193,1.63673694854416,1.64692705294315,0.279586983008974,2.75773737402533,0.716325821910652,2.19216853755874,2.11313888499149,1.87345751530321,0.746090824482567,0.927095454626961,3.05298514762286,2.94796971697706,3.27241788012348,1.69311097829004,1.34488553342366,0.10180905225581,0.0139890656049901,1.03271326347864,2.40353010918491,3.26418279348165,1.92648639886595,0.572254322238366,1.91708354200109
0.357790095292835,2.40092801524137,1.13390148301475,2.4067927547911,1.55005473849591,0.673374426746667,2.32566255660215,1.14505853177081,1.31283356490299,0.0859028791006388,2.0310829357569,0.276921768383344,2.69826912394998,2.03032339370227,2.39339968564793,0.858137875988633,0.909344374998022,3.28571105395997,2.75745646684428,2.95446194095581,1.49516691527333,0.705063913670571,0.0646281485055634,0.436872614127971,1.37901916177606,2.21110177910808,3.3125626514662,2.27446922240415,1.04627856265489,1.53058160701462
0.0579348288426332,1.60530687489778,1.22348757539442,2.28037271140444,1.65780773126729,1.02111284112198,2.02359311597154,0.985786247471055,0.949169636828065,0.0476639044424809,1.95652623197408,1.16209757670079,4.21622193058239,1.78707076222237,2.07875300763955,0.488762220795291,0.81222102334964,2.84903770005893,3.15156536837621,3.33755372854696,1.47997105240549,0.219726864878163,0.448974623947088,0.0807319279099803,2.4396153657044,1.93187856980568,3.38806786277124,2.07426630753028,0.462582500152066,1.40998043304336
0.239270563983734,2.75621243023735,1.54783564919166,2.00572791504417,1.56728393193681,1.46422838322127,2.00585539965217,1.12932617008785,1.28368941051324,0.0614436513297566,2.41801727849845,1.22710396067029,3.50090743626555,1.54325626760368,2.03717205148403,0.943226558349514,0.826302351108845,3.25072203808866,2.51229964346276,3.12635144740129,1.28942723449035,0.295358253310994,0.100668782181575,0.0452228995297081,1.60012925296005,1.84728091363396,3.74869691538424,2.36951643885757,0.689161709752944,1.10472485444134
0.044165046218922,2.16794647501724,1.65806095872299,1.72339066438065,1.98491723409506,1.96308783324654,1.89630755648859,1.61124343537729,1.2095796748542,0.300555967626874,3.75471502687934,1.58687329342271,2.93221741641626,1.46090686779873,1.94579932758404,0.603593808998776,1.03705888521749,2.98809554793925,2.52020494478178,2.81069900445597,1.07352125821598,1.33153961465747,0.464000275634933,0.468491049132005,0.98394171276661,1.63464728085388,3.28233275216989,2.75023344705906,0.844104974832324,1.26195042809477
0.0206943269291844,2.2371922798761,1.31326693826492,1.85365074668794,1.53043026464497,1.7208234350945,1.92859780732082,1.78191587399302,1.09010288985903,0.454762800794403,3.11835817681367,1.52761535934303,3.0529036614947,1.72081147607697,2.06389978401953,0.908145537011577,0.697707076027819,2.49643408387071,2.54702517288933,3.20547890828412,1.14894269331065,1.31652922282157,0.483941576382561,0.494142541699639,0.992689543079464,1.94631354819326,3.47935514915896,2.21128284403915,0.73657799407521,0.965444344672574
0.358935157308995,2.04555702800601,0.997555642824398,2.06553916324824,1.75044486315052,2.02705740239249,1.84395209964424,1.61157550705856,0.674414307186774,0.538401247588012,2.57526381597862,1.63226911311078,3.91388443602498,1.81490907117108,1.91111132353027,0.930829538583588,0.965113213326544,2.70366082941303,2.6659548912011,2.75643209657991,0.75765244311004,1.38994165286835,0.649802860703868,0.270712579001569,0.842203653700227,1.62129494374608,3.48217432326783,2.1834525240097,0.287817153122336,0.586888952208675
0.325630903381514,3.13152706089518,0.705680963760587,1.72826132640602,2.14259661030296,1.80751280872251,1.81163889910406,1.27318325130268,1.16042823537318,0.494496343760335,2.45975614700096,1.72186264033638,3.95991150151308,1.64823306702552,1.78766867452549,1.23975579713427,1.04878938268803,2.65787528311393,2.68066693768221,2.87002883524018,1.24660406245604,1.11587525289758,0.814078211115723,0.645334656807634,0.957712339669322,1.75908721271909,2.88288881278002,2.14458236118243,0.867796168553367,0.687669792099898
0.816422254680398,3.27367326609548,0.842676153604675,1.89976657341604,2.24821576539782,1.97575229982626,1.83133754259481,1.81767948574131,1.2417104903735,0.695597412885505,3.06276577412753,1.90225376461897,2.44140337491803,1.83035888552903,1.88326731056486,1.35969888704212,1.09415336482473,2.71106240019448,2.41841088859081,3.24301419101778,1.23037307015647,1.33982306952582,0.717668954297054,0.744935126578873,0.626748321220033,1.93891897580244,3.29400656060162,2.40172708820575,0.570203464028251,0.491725240141205
0.848803499125481,2.8791207459716,0.635867459543794,2.02652454564207,2.35780603591664,2.03099058396598,1.90261102251697,1.45464761536713,1.10396692529748,0.621799052359604,3.0198778868597,1.83370093751178,2.66340926293845,1.70337600780887,1.97638777041616,1.2263928883151,1.06074656089791,2.76328714197944,2.46988832851707,3.11987298064073,1.23813057329335,1.65233017021619,0.755552692943269,0.755268619934229,0.751511569680171,1.99343787836233,3.19522114590178,2.29371170610725,0.731878479918141,0.511783763687749
1.45279529400937,2.42671236356056,1.1542730550155,2.16157630514571,2.21291165751119,2.61558613911261,2.24860711672028,2.51824296063955,1.12529855075805,0.471158374826867,3.23177913228474,2.07556708220925,1.95146361416315,1.29395925382984,2.04437192177747,1.01673548831708,1.38026988117795,2.67962774884495,1.99972094284346,2.9372895779714,1.17626654319741,0.39846015830915,1.00178038889713,0.571127721210638,0.994415288105926,2.53555022733793,2.72187579464275,3.23592332447726,0.612868845757292,0.20790169701765
1.9299146726731,2.60362904683564,0.437678980000922,2.31919031567449,2.95301415413521,3.05300586111778,2.39112127218275,2.09588602063211,1.11336032289938,0.143022622428897,2.38507565440738,2.04575638365695,1.69512624951104,1.47873414676793,2.26636955129425,1.19178266462562,1.24684673186082,2.60950095859353,2.36962298381024,3.08703295505031,1.62598409361557,0.308283856354418,0.721365514791736,1.03955834444139,0.529960774485663,2.60149803274992,2.58647966886305,3.61025042145409,0.957161124071238,0.150266548031083
1.38459440959003,2.35750912550607,1.42128774992329,2.21048377560063,2.50043096331502,2.26217588248796,2.01681568860804,2.4212228425617,1.47767830205077,0.684432958511691,3.32778180691835,1.93060318284963,1.8685807548831,1.5012203750167,1.93357299497563,1.01661186368274,1.8200073007353,2.74281657086756,1.79104170855445,2.89798307414328,0.783418929777047,0.0715617457964428,0.908422065779369,0.773860327797119,1.06095881865745,2.85044846843429,2.62105294333618,3.60045078408952,0.401919458193633,0.466117644305404
1.34446068536309,2.092553625598,1.25448562719777,2.02304574755405,2.72459960018815,2.41889846461415,1.95468818017199,1.92113008195209,1.39911378910772,0.972386802228265,3.71757951574936,1.80753432676046,2.16624659483685,1.48739299234867,2.49810691528028,0.946384596472895,1.69638408916646,2.43127283184883,1.86129714893784,2.98954501392554,0.662929717246373,0.34196817720912,0.635400498789261,0.573265303103884,0.852264924328238,3.01528209916041,3.14774896521459,3.30300941386641,0.927654269560374,0.749679144521792
1.31005661458908,2.06416574221478,1.23161861383612,1.88351925383378,2.42698728415058,2.38767313516831,1.85337764671813,1.58842695985641,1.63674642631705,0.883511434281402,4.01103326133522,2.2324694155602,2.18770667460456,1.62364267028791,2.62718856928725,1.15270677336885,2.32499779670917,1.69229932453987,1.89473577156653,2.71219457809802,0.872773332133538,0.194307702557948,0.851703261690298,0.754894234807317,1.22074139104653,2.89371204099541,2.93386886355199,3.01121336053477,1.02734129214821,1.46575664077388
0.437792660917547,2.53121344058452,1.09677476811214,2.29359605077071,2.18538053144066,2.45765666185077,2.0195310348709,1.78878102232013,0.586032709864129,0.887248352832105,2.09249036416103,2.33175386821862,1.53968021307364,2.15507547358525,3.08132068372597,0.199150119974796,1.58102126965075,2.42385102432157,2.243528575716,2.95306523644595,0.369645809496712,0.178184483032366,0.932658520234344,0.53132629037685,0.858743959709876,3.01277694635407,3.58066008385341,2.93500359382337,1.3984272297237,1.03332485236061
0.733251159059334,2.51078241552254,1.23956130994722,1.86958571912948,2.02828482938246,1.96968738273249,1.92096345187525,1.68793675738635,0.689330675197304,0.808475382594165,1.99177786421098,2.04596886210755,1.89535707381604,2.32188943324803,2.85913059466438,0.233301439848397,1.66986261311584,2.69410777933477,2.01345695757349,3.36708863360345,0.296134531489639,0.71253986317546,1.0208241361106,0.585091913671544,0.682485995772649,3.27749564774406,3.42709768321735,2.97306530154854,1.35726800688934,0.954689494157094
0.632394789132242,2.30765942863053,1.48901116673447,1.97918338844412,2.645526696969,2.23062819718191,1.83278135713569,1.64585051324497,0.0430341619315539,0.863571307422152,2.39266226924771,2.31552592179635,1.50240919119741,2.46729330628717,2.77589447322231,0.952480197315332,1.67589031131651,2.4625995826701,1.95755676510365,3.21730821404464,0.562393733592213,0.794977036223727,0.766164819890592,0.38037257107835,0.89305305263688,3.14308924701738,3.54623230000342,3.42997675870268,1.02950332853852,0.841799162079276
0.640287982772934,2.43223145140246,1.72720909358616,2.26516726808849,2.43171130886605,2.5322250908518,1.83590368526532,1.49596461234454,0.848671439948829,0.800088394960447,2.42569181600427,2.29213379888598,1.40072890628772,2.22787831071509,2.65775475463515,1.44127634176775,1.4686127115287,2.44861337374328,1.76397886063505,3.12986203894395,0.333079782917189,1.06772803147951,0.747607238771923,0.640771839375234,0.843103642466985,3.02670008752736,3.38591756578323,3.63825861517902,0.872188435649338,1.09593395197575
0.499616354653012,2.62469393055765,1.91297008359414,2.12739473126989,2.58921976866671,2.80373298893305,1.83119214453293,1.70623296422712,0.297811681250622,0.873393515498559,2.22395985641763,2.3761348324828,1.83994190162107,2.36266019060185,2.91496374100598,1.3474949284926,0.759613314116814,2.53989645111401,1.52234819833012,3.01927893801802,0.0518869371368198,0.703005201192835,0.68293090171034,0.742900484743742,1.05598106260284,2.88388517726111,3.1838195367647,3.7193352911871,1.36852604393121,1.37424317754465
0.519875745176672,2.62796267813636,1.76298348995582,2.18871666837256,2.30155603365149,2.81266484278301,1.80576879996476,1.68602784662905,0.241168247693333,0.818924121361321,2.22636653930619,2.46532078118688,1.70803392650626,2.09577299607002,2.57890347224884,1.3151778929896,0.927202267815104,2.55193919100708,1.7339442623425,2.94356405732307,0.18808432629996,1.03987967586029,0.769423207442273,0.723238027515871,0.847012532383746,2.8249008519319,3.57407681197009,3.72894180275558,1.26804129365709,1.66352341086114
0.784720264145573,2.67791985102459,1.87285470948896,2.01781979457297,2.40978388769759,2.76808939678378,1.90849539400805,2.0787792324252,0.0271399652717691,0.415664488103552,2.44618431317741,2.4011218312704,1.70564381812656,2.06580468908544,2.59402263743873,1.39215356915981,0.856301750942669,2.77148544011937,1.61259733587398,2.85840224011157,0.0231066873900707,1.10344436839398,0.897984897130186,0.495337969445219,0.912975294850623,2.67775970514551,3.46352868556652,3.79349330944165,1.17779604139788,1.42571404895689
0.673537275799081,2.56552008681021,1.62840270999729,1.70912907787808,1.83228978852734,3.04028810146744,1.97305186169029,2.21911038811581,0.335998124002072,0.84007587566891,2.3046103615889,2.43990537757027,1.85227149076021,2.0611226284557,2.49279751009983,1.64511258236491,0.570017726637606,2.71035672408065,1.95067915708959,3.41565819054038,0.0028906411285073,1.30591830708618,0.781545876598845,0.742510405220753,0.527758622464075,2.78186581837694,3.63121711735523,3.91244273071154,1.12846930224948,1.22146962446019
0.497360145334341,2.26611738494973,2.05169122678986,1.658370492332,1.81758206680901,3.16271402615759,1.75430642110693,1.95019077321679,0.206474705413646,0.224441789509075,2.55417102459857,2.68991010947618,1.62987330283567,2.08929706402371,2.59510708151415,1.98468789435389,0.423488477504637,2.89681833845863,1.63000356673986,3.34654272588041,0.032550159695724,1.73801460308664,0.992923093867434,1.09132114591413,0.146666355428658,2.70004280867888,3.57154163685306,3.89132391732093,0.979845956952106,0.716770124366349
0.239300729913929,2.40219241414514,2.17317688070778,1.36852591880898,1.77801613384021,3.05571617536624,1.67114026955983,1.73578475586395,0.0295533070500947,0.275052606662167,2.37578887743274,2.51919545107337,1.42195981014887,1.79390578120965,2.59326789896699,2.28343234924068,1.07037794717102,3.14643555583764,2.1393578056773,3.52136204930366,0.362969996131683,1.3646319500086,1.27739199756089,1.52830129552213,0.262336566692241,2.74848313595959,3.01751551114908,3.16305989099861,0.888313901563227,0.898484780586991
0.596596254793369,2.82241648681239,2.96993292177103,1.199589155522,1.97341652277009,2.6655052783347,1.25205111780056,1.6173794790607,0.254083778138492,0.775011980075574,2.62822137364285,2.91331986227477,1.712065372384,2.02290811554012,2.06029603938775,1.90614130736227,0.732749294629273,3.48407817688893,1.63384670727791,3.63238042926237,0.318020833045524,1.27162581591803,0.914656964966977,1.44138151574667,0.466502429333139,2.69827226896557,3.68207483957997,3.32909631343929,1.08366224093172,0.118573326500445
0.250456704732735,0.883956189255617,2.67132432159512,1.10241376843784,1.91375998252871,2.59750170786576,1.19815109151606,1.09540821191324,0.4241089780653,0.754291232284037,2.52110872938026,2.87633375942203,2.60110340409341,1.94776863720656,2.10637993929568,2.22151460606801,0.953046739352998,3.42961675184498,1.60867751540392,3.62064092349729,0.765675695237335,0.780646017134072,1.03089784000063,1.13833951036293,1.08355275426769,2.64429047054908,3.49306939963648,2.64766653387537,1.05020094123819,0.385878479412144
0.199977380635096,0.795428609456891,2.4496201362078,1.34219486394788,1.80586966181285,2.41877994062831,1.31507209093734,1.43257661508562,0.524615119088298,0.751572550191636,2.36826605842201,3.01149793395459,2.11782772634037,1.92245500138624,2.25173101505864,2.58663658114314,0.567318637031744,2.62570448636375,2.01338293019984,3.31221481148582,0.403184417736903,0.973212816346004,0.836579053312237,1.00938846510622,0.892179148975294,2.32204734781037,5.24484742017887,2.24629590596747,0.746933199533842,0.178428349957569
0.0105032123853494,0.704260070326047,2.36252054501117,1.02434586541661,2.08090753096872,2.48340941368677,1.1891995216249,1.38374352860923,0.576991823657895,0.691773366383696,2.46334008364923,2.39961256752295,2.03243642894404,2.3560176918336,2.28700776221885,2.9001973703028,0.206930094863386,2.59253245643188,2.07322522147982,3.2972013305906,0.815289980945843,1.06661930254423,1.24534950033664,1.52521508878251,0.474005368956816,2.18647330804188,5.51780190681858,2.14769648819734,0.672863086758792,0.576236695976756
0.0386560861359026,1.07699933285413,2.48389118122882,1.2343764950157,1.59782944086488,2.24487581094553,1.21514289433588,1.46804082503354,0.357220085061096,0.844465051304032,2.61592680405897,2.18904776992536,1.98613930095805,2.55305575854613,2.22988226482638,2.63874076879756,0.465439575321236,2.78163914822778,2.18136129410631,3.38978060983095,0.851092871572778,1.11846476625688,1.01926762209128,1.67033848387106,0.594431878196919,2.54161784180834,4.86309016290887,1.92250802366963,0.217443803741066,0.506614940725632
0.294909011538949,1.08967681948615,2.34540810766514,1.09570690828172,2.0136915574218,1.97216200774218,1.34071945562633,1.21285727073857,0.250360739037065,0.609384013971577,2.37990164403546,2.27357441147148,2.19188436977612,2.19146171587031,2.10636704910569,2.65458043639935,0.343298072269649,3.12699737874863,2.45277560387566,3.42214667540046,0.826495833039669,1.65760040818144,0.888252497334834,1.65979887873991,0.621129341029683,2.85839034082365,5.80786771390572,1.87174147470902,0.0214542922450058,0.70814298625123
0.0478280687184313,0.662938363131082,2.73530561811759,1.04803509168478,1.67586179848461,2.05120043327751,1.22266431205717,1.15846098693432,0.779267019079513,0.766883681060383,3.07170795115758,2.53048110330069,2.70805474180401,2.32480559094057,1.94454743178459,1.85739497308971,0.150970828167752,3.7045977134459,1.54427024719252,3.6818128026905,0.584269159897751,1.36686290350219,0.699530608133854,1.51864282124962,0.68253380602947,2.64575462461647,5.14961900418532,2.09382794781915,0.959312613987587,0.151499431303937
0.126836742297636,0.582921858241176,2.32998134895745,1.50058162792918,1.72656758264455,1.92865489120312,1.43538149806736,1.53036089097991,1.05147160254999,0.817065186450764,3.16028454176597,2.59004472167296,2.1374149382888,2.09789791637438,1.90757404193346,1.68659784906315,0.0673487663853179,3.54267490757518,1.32303420891095,3.33359882327548,0.507462467533235,1.80078499211399,0.884205347372957,1.58248179282613,0.46141285377259,2.77918837513465,4.81479481763642,1.91573695656199,0.461586153800226,0.0681674674132587
0.334039619507584,0.913638570475414,2.1372446473566,0.895465093482807,1.42854915872542,2.07689867220923,1.3493590504557,1.58458881125576,0.872913815654628,0.740275238557555,3.13060871436562,2.12666018577458,2.85622180245503,2.33801423774871,2.39449404186162,1.84580673799896,0.051918137714793,3.03742334548834,1.75758305256639,3.27140571974657,1.00507104365455,1.32235702386635,1.13381673593547,2.12565392062791,0.856246687864882,2.77485373148225,4.50178729138231,2.08899815109526,1.45322142447642,0.681845093420781
0.396404724534794,0.816673937875875,2.18228390841426,1.01569381051234,1.43469296139385,2.04235715093429,1.31631738973615,1.94135219760457,0.927224915754827,1.00962397813072,3.02304252640086,1.79398530533044,2.53769871206675,2.29028744243851,2.55765340493219,1.76292960714718,0.302123595787623,3.14541134979717,2.11113470820446,3.24059490241082,0.918916101203142,1.70549251095053,1.07503913452633,2.02762603334597,0.659772122588262,3.02130061110403,4.00620047318682,1.98830741927784,1.09028316800963,0.510287330761955
0.534254049961956,1.0026772774502,1.73024409266335,0.876091984092555,1.9384528425032,2.66188232375357,1.3335501413207,2.0486251655158,1.22318342088167,0.635454214729994,2.94823964698699,1.69726958622376,2.37605385028754,2.41986378995656,2.44050853250211,1.72294697859986,0.187824160104414,3.0878358631261,1.9206991170495,3.07917480393022,0.710733729455844,2.30092722179394,1.17039273146508,1.89767933429335,1.00798220260346,2.68672412455303,4.67383195632307,2.30211527258842,0.719447521756762,0.560652556043188
0.345727911944582,1.12171666042481,1.85373192957151,0.738947666430866,1.79805860245295,2.57405495277333,1.10187530474924,1.66573030167192,1.23031244803957,0.776917863152525,2.71105090017795,1.8808037628985,2.51293374129212,2.47856336881515,2.29760829787207,1.56531335684798,0.0941897987736991,3.24472864655837,1.89168045498049,3.22665853161598,0.992931348358002,1.784844636953,1.11103176151493,1.94136096818446,0.870777643530696,2.83085466203358,4.49745924245312,1.75881951872605,0.72670181241641,0.917992779720087
0.387754122331748,1.26921467106834,1.51857264131844,1.2124255068498,1.60539829738216,2.16371571620523,1.3115561773151,1.70163439798333,1.35985402419784,1.02209100974015,2.44103308253613,2.1462884213543,2.77647068580786,2.26845807538041,2.34108787867768,1.18844466189625,0.285128302932517,2.92567785181705,2.0352565005862,3.36933131959328,1.29211574091581,2.35234646450213,1.41733663298725,1.63746692765819,1.05558810154688,2.8647834119827,4.72789055015437,1.37220073895704,0.820727445543808,0.886685606775067
0.0787398039837518,1.54058990394685,1.47376597359736,0.701097565152367,1.5737998623591,2.3825671741227,1.18780971325459,1.52676151354209,1.1547042431573,0.694330626184398,3.09896755630046,2.03174760923225,2.52148204548354,2.60900131410599,2.69193634665916,1.23462379453134,0.0946141427059241,3.27154757373742,1.68245078175598,3.60786868417405,1.45917889829984,2.03312504139694,1.12955858516365,2.3206376404455,0.972010817657409,2.50945497129398,3.99669079518944,1.99906612439305,0.821423393943199,1.12703597660498
0.116421788407749,1.20152749684417,1.87197598751262,1.04603947122683,1.55531380830076,1.74434949546254,1.32528369931798,1.66984366498024,1.37654647428068,0.980892403973989,3.28921847790434,2.07738394923303,2.42358296032134,2.50989166679973,2.44943166658207,1.36784237479191,0.0794670734382649,3.28895666951312,1.90025479916255,3.26880471911452,1.77314407217141,1.97376928826723,0.845836588214451,1.68165623693098,0.826184329543103,2.52070442173899,3.91605373843912,1.86199317608222,0.663061117286064,0.945015505708026
0.160242815641447,1.68867910565227,1.82922514900678,1.11802497742333,1.2162427533497,1.98875671701725,1.25052985264365,1.51339495272581,1.23524175010528,0.570138361902492,3.18227515329568,2.3366521011727,2.19617269679767,2.61247032570848,2.61092641281806,2.31317671587822,0.650079151213623,3.93496768628658,2.07336520805693,3.6914881975586,1.23972737611675,0.991225259215065,1.04061990168093,2.71647152543504,0.217483566476124,1.91723617193009,3.35077502304384,1.92038083432022,0.498012121015423,1.17628816179717
0.0169084071925963,1.58387504727981,1.88590227076268,1.13671666753367,1.22229908124552,2.09042676736377,1.37324678807667,2.08294020396946,1.07673512694067,0.343509630941072,3.41333438317787,2.1068830260127,1.48566996414515,2.83096976229002,2.67893777086383,2.16988301441092,0.450590311374179,3.91522199250241,1.96401097099711,3.53393044011572,1.28526761041525,1.86241295619606,1.28845801619677,2.8063142774628,0.633225367676664,1.80601839127492,3.5329047191263,1.93626162567013,0.19592887706263,1.06857062067676
0.460295474434125,1.18199943822574,2.08529758053531,1.14579823992461,1.09965685010177,1.99433492244119,1.52896574260523,2.15147985397668,1.2760824668531,0.615905776172736,3.05507619023912,1.67016771511395,1.44581713681839,3.18622445952801,2.57663678167036,1.89670343282307,0.13677672189111,4.18920185219226,1.56653265381567,3.6709362802573,1.31103480865543,1.73467608805357,1.36923987810189,2.79530038283114,0.391973913657433,1.94017516395016,3.50249059741553,1.76814946998043,0.212449510350627,1.37163425017891
0.589670430086692,1.38251730721358,2.33139481711171,1.14967511214736,1.3067844590128,2.01490362967961,1.4534449343465,2.17722933542326,0.968442411105688,0.797964752109027,3.34254907906654,1.88173920206285,2.12756268603475,3.2681891043336,2.79902146983476,1.92418945942363,0.281086257414242,3.7274141682735,0.939928856272168,3.871196366407,1.46414177268907,1.52396661490342,1.2271596916646,2.51072932299467,0.748839053050496,1.84395182539158,3.29090103090205,1.62970957954524,0.260610959211199,1.1837203899192
0.302888544392923,1.10686725374029,1.62953671981212,0.883688737902575,1.27421829931093,1.63012097772608,1.4847703048439,1.81614271587391,1.63896960784037,1.11898143052375,3.15373609303145,2.18747695838525,1.34771421900166,3.47865429557268,2.6505381236926,1.76605328413377,0.121240737718074,3.96015538452799,1.16587440093903,4.09542482447053,1.41816085534814,1.87521887626526,1.48318204466429,2.61129622992502,0.79575178896559,1.65958301073472,3.79733565498709,1.75935625814181,0.209993556379529,0.963763957503419
0.228152997192573,1.07715908201412,1.41424229507772,0.867069628640332,1.59441195424576,2.01771776738787,1.47978797095107,1.95122616402158,1.42608891246337,1.04808609617475,3.5175816407184,1.79707862781193,2.53114272574282,3.26605351630333,2.5362878626147,2.48689670297854,0.216280803848992,4.16400268026037,1.31833104237787,3.53827520822696,1.70662076801391,1.78775338409815,1.30191666368845,3.2833482190077,1.02192830356904,1.12801348171322,3.0495821832173,1.62154527010684,0.91130954186592,0.526910545911894
0.534872037364413,1.28301299717073,1.74693328223498,0.802300070400284,0.915624676254459,2.8882443281946,1.5193245523829,2.20661639666179,1.03920226199753,0.876950003456532,3.68851986878415,1.66630493914055,2.91858477120338,3.31211938133682,2.35722367679129,2.26142001335528,0.734297696185453,4.3484654313485,1.20636239439638,3.38364316442796,1.24271738061421,1.95394307283572,1.64184220992977,2.9395443671147,1.08763672649211,0.78905030745434,2.30761103183689,1.43734606020902,1.02903065403029,0.404330610017291
0.436117740736814,0.963515998379847,1.46451364010151,0.950767869637317,0.772436396686158,2.70417570208739,1.63974962344175,2.03325492636021,1.37122247194734,0.825074292466686,3.64899883268518,1.43809321585719,2.53846500150332,3.22201278858879,2.29014272596029,2.34455426754612,0.0859265991241434,4.22273171280858,0.932638390645035,3.29601319382524,1.31666039522095,2.13957320032985,1.78058493893832,2.86288677653003,0.730199772664373,0.980448145071585,2.63335577723442,1.8726280108196,0.423225068418238,0.416125972395359
0.298648396373212,1.15101575661834,1.30456819243141,0.865570694539183,0.831072632063208,2.76888043823934,1.32952738570135,1.63562540180341,1.46301731557433,0.952656382109169,3.84791125986769,1.55454246944349,3.03920945509378,3.42883205214649,2.63303413694049,2.63586292320635,0.0508604716201199,4.18238023702898,0.822359560776023,3.54815968233543,1.45114083931479,1.67491759958631,1.88070231974852,3.04633457630699,0.444723171429083,1.2105590344678,2.14582460304257,2.37575004531495,0.595239362681331,0.423196733309073
0.260400488260592,1.18494582433581,1.72111876789254,0.721569178855588,0.719795150524023,2.88156200602424,1.35129382339933,1.7846921513047,1.00291375386269,0.864335422121881,3.80847611866558,1.27549554114356,3.03479936918894,3.37912722346743,2.50795896236198,2.61818533284612,0.178105803716822,3.8224867945227,0.866742762855482,3.4121736466355,1.57936440496085,1.53690173240717,1.64590172715912,2.77592740141028,0.686148281596354,1.62263163381786,2.23702144691707,2.09111553119785,0.753316620065385,0.100433957826872
0.381682740043676,1.20000938753724,1.25181047222854,0.783585489058568,0.936205795853298,3.19665988564003,1.3822839348332,1.80986838681124,1.02904001828447,0.833902974257647,4.04010796293128,1.19111627262766,2.95326341153722,3.39473290597299,2.55470429926191,2.53560137824371,0.115448004727057,4.09916208733518,0.862541693043179,3.3364339770674,1.56107260655586,1.85184722193307,1.86023377134536,2.99282235303769,0.556626617375219,1.37426466444152,2.34873900319362,1.99558387841915,0.99410857001243,0.0615842517883771
0.742716287427352,0.983171521367309,1.38928471850022,1.52159959838732,0.786261651379716,2.80867973325723,1.64135515951221,1.81767684951782,1.23143165545733,1.00238628804937,3.58617212051724,1.05536143422409,3.07770480933908,3.44985411656172,2.71489271549943,2.11464934666254,0.0676787472461139,3.35019118197908,1.47315248736514,3.22656479598065,1.45709318417205,2.25998887519945,1.26739061595306,2.92145300445257,0.771039684518392,0.76965431624986,2.06648432636963,2.20027174586239,1.13164928562378,0.083896698492399
0.740324980286086,0.792155126519743,1.58015583976488,1.30823730837403,0.764354418604039,2.66996802959968,1.69559821355403,1.89090427976066,1.02783296847698,0.408740929339601,3.56853161616559,1.47354773678899,2.98741861341702,3.36438547773233,2.45080845519851,2.20858881968319,0.199090632667804,3.04683926044388,1.14198165408494,3.08689014697718,1.64092239666481,1.81111039766266,1.34446269792269,2.75268009943021,0.873284035750482,1.49652358303266,2.01401758910956,2.23953498486611,0.717384748213322,0.213351734299991
0.670685307290482,0.809944656709671,1.83424194699301,1.58688184598906,1.06190253398702,2.85264364581378,1.90090867202492,2.02612750517976,1.65463609017167,0.81485873237022,3.72155026903276,1.29094456654649,3.13983190657082,3.3283177090074,2.69147994984071,1.73319726401232,0.469233675651726,2.73680158250092,1.4885879755165,3.05285540663741,1.59014932632413,2.06117797040441,1.29992899582242,2.6429619073551,0.897416759190551,0.777402863838702,1.15326829742957,2.53696566560132,0.484453671639695,0.306982742005038
0.612325744173288,0.646811231173533,1.75504076084217,1.65975566583112,0.977831233183337,2.92048732646209,2.03313915920637,1.65040556875413,1.81947412993718,0.624772497126561,3.68875189149561,1.2276573613597,3.12038640941194,3.52639827680194,2.85531751521361,1.69404688826058,0.517917216479061,2.81151877031212,1.40931158648921,3.30396720044606,1.61365655844527,2.02682088232526,1.36662349827436,2.90406744405211,1.0558481990495,0.773503799900588,1.37745317896719,2.41670095714456,0.577548831121935,0.33815110427986
0.706473879169126,0.998466041019469,1.62461768232218,1.96350609420635,1.16093764144698,2.63889396818258,2.0660977247976,1.6755985690735,1.51831899706575,0.828104673815413,3.62430990460987,1.56119547005118,2.75283910203707,3.75828567120267,2.92353169788349,1.76800643101283,0.546029829862574,2.69486646958111,1.14922818490589,3.51920428757434,1.58090635391094,1.96594950661572,1.45183025538888,2.81807221512976,1.2134767020826,0.490278949279079,1.40475980879134,2.50690277435088,0.507685293382084,0.178864921574938
0.14171476394193,0.429294358701177,1.45905266478331,2.06128414513994,0.88495072866305,2.47498357761917,2.19953767479555,1.82692220167229,1.43043336309994,1.05177021294059,3.69233877198124,1.90934898147913,2.44105984057418,3.65909823579778,2.94849222206166,2.00931057503846,0.668313256305062,2.64001600582169,0.987191434372005,3.61455446438947,1.769349762334,1.85574797658666,2.07371663252487,2.77944362840464,1.26728246837273,0.459599225073974,1.32629665024948,2.41012143407699,0.479766585038231,0.0156896827327591
0.129641389089663,0.589866658842423,1.31652727891376,2.07688708539597,0.633957720236464,2.96372579185458,2.02744249609776,2.02083720804768,1.66958841570904,0.823336051167445,3.2165923898468,1.88011098888668,2.32699472708302,3.82978127727652,3.33959437264022,2.02021328417559,0.898273896063819,2.97296897217164,0.465099684027484,3.53447318304525,1.67807926031474,1.74599852065505,2.36644943714637,2.98724937884867,1.36102039716806,0.419798922252651,1.15009861550206,2.33884545945464,0.244409674813409,0.0178774042464858
0.22684283074108,0.589759437563889,1.02575194889471,1.59443675017391,0.362346079882856,2.87024888390525,2.07207001278604,1.80778593767304,1.25513421263785,0.58445001138814,3.80564957193273,1.86370869169489,2.43129733850877,3.59988377194902,3.20204595629348,2.33461172198171,1.25970152167881,2.81957753133173,0.197760494541795,3.57719988932502,1.50662328607701,2.80999545109004,1.85051459496062,3.04083567252816,1.91987981083569,0.134450268537292,1.00231964092515,2.16781115974691,0.211436881714183,0.153061521398984
0.208921008708333,0.636487341270669,1.31333614332781,1.71504324669031,0.308861881188045,2.9925274180102,2.11406884717701,1.76715651095074,1.29550480067852,0.294079492136374,3.71305377635285,2.15006713700078,2.64577780556818,3.3967675577181,3.23041811921847,2.40429506131982,1.27015161320324,2.4984115592838,0.281573874856276,3.4188257302706,1.29499329428158,2.81551212917013,1.75282159944327,3.01661505702796,2.06293214640246,0.0110959758283956,1.08138483101684,2.09025551936584,0.314450916792094,0.0913960696134839
0.00410002736361227,0.189350945751911,1.82130472049549,1.74225622954989,0.204866811174698,4.29567621831522,2.19352362589685,1.88265654074304,1.40253207127718,0.0315033983745512,2.27953156954693,2.53708963203057,1.6374241348936,3.14160720610883,3.37845457199349,2.1345687687586,0.863783611820243,2.37852241241376,0.331642049327388,3.61547448309052,2.11912709076849,2.54309711100396,2.22699608717164,2.59638345385686,1.80836000545716,0.0173813008340051,1.62086600577297,2.15528509911901,0.290369703599025,0.528389512622637
0.443518309798151,0.701138268766503,1.89738174651458,1.90191060187226,0.648973399189767,3.52438095935593,2.37574543764356,2.41474232547065,1.3267527394104,0.370605865186442,1.88936892312717,2.27045431540221,0.937945616611029,2.87865014111952,2.58187426772018,2.60535300887629,1.22516075408217,2.82160430497373,0.768061830704545,3.53695970107122,1.51360135989896,2.77322242867798,3.07991331522265,2.342534815645,2.32186088025117,0.407428212071808,1.72744002031648,1.97147305942205,0.278636268285614,0.570702675068531
0.933782460533186,2.23768280657848,1.50085123843238,1.05227944221346,0.660997593101006,1.96878356739593,1.81988072835567,2.46388958126959,2.42315646136713,0.0466875891406855,1.15976138329296,1.94221759416986,0.716576540561574,2.95676378572548,2.72835045223931,2.49739907094144,0.902608443897284,3.23428960006049,0.786817666143473,3.15861004082724,1.66360294258655,2.29270641167008,2.2706139230155,1.83588975890213,2.49202152333408,0.988390392497713,1.88207914486644,2.28975962651435,0.697036192724148,0.311890487935737
0.63958134221016,1.68459724597648,1.89820894241315,1.1240405374049,0.433039718475821,1.26748138616296,1.79931263238997,2.29839403080186,2.78595274275789,0.36821809918805,1.89911642595725,2.14618125110854,1.36045333216317,3.15772769256392,2.61742105826082,2.51892454291871,0.810318298100825,3.5712734297168,0.703574576356495,3.41147816140472,1.97048737321847,1.64353245233912,2.14770160479774,2.40268226538949,2.20669656190272,0.522191776883246,1.89455663523362,2.33652577107687,1.25135319024118,0.394632857743019
0.492054531779945,1.26142242945048,1.90947962467044,0.93136203120905,0.405618106048326,1.34298544942508,1.77638398809525,2.41536004641713,2.52603154552732,0.122209066726076,1.78281513749408,1.98510420859873,1.16549062126291,3.08965370804224,2.7572191808748,2.46659046586506,1.02228777567504,3.9277360368632,0.990470681012905,3.38661481299277,1.94641450055971,1.4731216825097,2.05737803089286,2.30745149098161,2.25321737423076,0.565912140177145,2.02599243499798,2.32388254018426,1.4405491819609,0.510349251066771
0.6520289356673,1.46721121333302,1.980493341923,0.903255822882534,0.287231599640979,1.42574498497715,1.61658083729287,2.09940979095782,2.81677997567807,0.100289255080532,1.70597326783492,2.15712162054718,0.772466454501355,3.16794941971228,2.74657596991897,2.61218477544594,1.07493957424654,3.78605981482167,0.95856238840886,3.70930542887221,1.95496456217552,1.4955470914935,2.3530458224323,2.3991807795461,2.26002072022683,0.583330162841488,2.01168893809912,2.2756448606456,1.56649270872917,0.173286746897649
0.886488017946617,1.9272692173684,1.79299758735194,0.858636242555105,0.0652248633561987,1.44186515430197,1.49732035229112,1.9395410125976,2.0844813250981,0.230936213582605,1.46181369326721,2.2259053431753,1.27647749507764,3.17312180283031,2.45972430023408,2.45143746213448,1.22248420494531,3.95928957540388,1.04851558805777,3.55854333368736,2.10488758525508,1.57609685987916,2.84421299715028,2.28764443223874,1.63931248358389,0.406106485663095,2.04916851224937,2.35304306451687,1.60898226029574,0.127428912349678
0.278353351129849,1.72837304467137,1.75398595201446,0.803601524639054,0.17984259611483,1.7902253659976,1.69536481953973,1.76960825766346,4.4926594030197,0.0842958174744285,1.49494614076355,1.74940365178544,1.25117031319723,3.17957142814595,3.12770378872803,2.04304084443786,2.17768041601396,3.05522347488651,1.20486442309126,3.95905950570625,2.06737112614921,1.57511267737155,2.07279676030027,0.668153075616314,1.51870613151727,0.716499408537991,2.75434167159056,2.13521964571673,1.58792911167719,0.394497764780196
0.0599968646104942,1.1507110732841,1.90168605776227,0.855602052653664,0.146859848445459,1.62341351071382,1.71303877448282,1.76322302258304,3.86126191795936,0.834413361568601,1.03513296714779,1.71592829736139,0.909901385429339,3.20913512291206,3.26502942807869,2.13499201908827,1.7509125017551,2.69355913386273,1.33686580217595,3.72399010361882,2.34054143090825,1.54459029568536,2.29939379259503,0.784270664976928,1.26756184402578,1.31773184377335,2.52303241568735,2.28369379710332,2.04537732975942,0.70994130141081
0.0390061534225914,1.52144164953606,1.51012010364754,0.66156179951695,0.216801704352764,1.58940111545449,1.5612385981541,1.74935083550012,3.95582697159715,0.487570867633185,1.06217010290504,1.92458178438416,0.690067687324833,3.42397063880779,3.18670857339234,2.50387718442792,1.6298332938125,2.68430760832705,1.02708956676191,3.99781766104611,2.51532831056817,1.25071219599078,1.82151923638254,1.37366875221808,1.67565948357613,0.645828864419953,2.28274781152422,2.32889305037171,1.81501213457883,1.01481237160264
0.00136790328278993,1.78314512495292,1.74858288952092,1.205058219537,0.154911020117227,1.49025123260068,1.55881439094686,0.924113515520726,4.35135181820672,0.270103834500916,2.31233460211046,1.16700949971633,1.15577107534384,2.91919167769457,3.06629465457969,2.2342094488857,2.09012920303907,2.70903424017962,0.701712825698568,3.18188339147699,2.93751722557702,1.0518189172901,2.08061043964847,0.660237126755138,1.7897759090263,0.85250414433323,2.05748085295275,3.20902379777288,1.93106099845097,0.465160188665566
0.316203268306487,1.14011381568764,1.90853259201604,0.600495758231609,0.00663930018933187,1.52401928214329,1.65853629550071,1.31435700109629,3.80643084056802,0.111879371067317,2.27372799631184,1.80184499046312,1.60627384540624,3.12096863277239,2.6875622200253,2.13994767679268,2.17882235929835,3.16813422846305,0.60481545721604,4.09875041824734,2.2885535255236,0.828603435643839,2.26031294826678,1.74181289603246,2.50179680758282,1.93312265310396,1.73084970773123,2.57347767568078,1.18610266039624,0.318948636210632
0.395518999553005,1.09939649236738,1.85111306191915,0.950057506763931,0.224879145575112,1.51979418699382,1.6097722050994,1.094072752313,3.74303487828015,0.0306494822204783,2.29877305523542,1.64877916288295,1.38864859463618,3.24999435482333,2.45564537421359,2.34852592182754,1.97744585026713,3.2946919060077,0.631521562827539,4.04018483856457,2.35238244795219,0.748795355335676,2.2636419818854,1.63259764685863,2.66081223426009,2.03831355429877,1.6615478403631,2.42186060151547,1.06318212429298,0.0453143872242848
0.638330626812835,1.4137656774616,1.60765274973229,1.04147707387545,0.323043085885518,1.52409205616424,1.89323793608324,1.25257154322256,4.27967058107657,0.147475319320802,1.96991265910728,1.44325429153115,0.885023953057126,3.28158149130999,2.74841856389409,2.44555551736257,1.83054566009849,3.10324539993013,0.674832632873185,3.57797161686422,2.4542752526635,0.551552987800603,2.34458375743272,1.61615222604671,2.2537653806898,2.15681880993394,1.55748958488731,2.39682484990385,0.772963347547158,0.00814430328636588
0.918916839191424,1.05611281113781,1.90475286014584,0.791337100634026,0.302568998057067,1.49475071621249,1.64725249251388,1.2391980191466,3.54825170097096,0.086136269035811,1.95139645265785,1.45513231085409,1.17783294174376,3.25880472522646,2.57807470092552,2.31889065082325,1.53331171702693,3.08333775518851,0.925424681188457,4.10483011008058,2.65282667525602,0.93118984165376,2.48902790825845,1.63122668545546,2.3672050741788,2.25308147425208,1.78792037176929,2.05983074474701,0.656338384686692,0.263194825633366
0.779891120630931,1.10004270916233,1.95132498606785,1.02999023751724,0.319836546392743,1.48065032366343,1.68360661168407,1.25858566381777,3.51726810825398,0.14977778833382,1.86566224622317,1.47090473520126,1.06212701328772,3.38288297828272,2.4577034195574,2.25145083473323,1.50930007876835,3.31455997780691,0.93978059775617,4.03634166969514,2.80429033895577,0.669022554902046,2.53464094752415,1.57262769772023,2.34138187616144,2.14431567873827,1.73599533949668,1.91524592746472,0.66833471932547,0.488341756079886
0.641589999178451,1.08282098116659,1.87983131150631,0.923030745389176,0.211224975537619,1.63767179609012,1.71536725535666,1.38178198086353,3.67193588186798,0.0379948633675815,1.88741149823186,1.53710155206014,0.816508007287532,3.31226130899294,2.28019311209155,1.99714182988431,1.4729902534489,3.32255612580509,1.05665719293988,4.01895905743515,2.70463110115503,0.931125584881754,2.29209850302766,1.60898241229601,2.49342383781577,2.02242272521649,1.58364329498089,1.95994694121214,0.700813685823028,0.645558670987079
0.795020158829533,0.918780908351964,1.73872884370845,0.80644704034384,0.0819066342318064,1.46515618625016,1.44687096457067,1.30377054513688,3.82217021424921,0.403384664425918,1.71163171157915,1.55015270494031,0.728752879987389,3.04142547529329,2.50590251964577,2.17041056753127,1.49697414812074,2.93631966822507,1.04085549774373,3.82465344579508,2.38706824228595,1.43244553045996,2.733139654337,1.3750691334035,2.53560007767768,2.10681519568829,1.49890997268946,1.8310791811551,0.83660244335699,0.372367402343945
0.998613668266578,0.835569651504204,1.60966696164436,0.720859091054706,0.177707009738828,1.69992934513108,1.64914726769333,1.5465853173004,3.79725387389998,0.518064488734241,1.86145008338896,1.53265034579339,0.44192476586356,2.96733120989943,2.18523415551439,1.8086136366719,1.42437992023822,2.9137276901412,0.992122840167241,3.80841037838661,2.56611573348857,1.24794799742697,2.28358579008971,1.8367307490023,2.47447956959476,2.02926366975007,1.8004750305095,1.50390695752993,0.907584277350942,0.46658128137498
0.676989530499361,1.47156016086494,1.60459897007268,0.878218158417433,0.186771473172583,1.92615754049384,1.74750707024976,1.4686163672648,3.40572352299453,0.78366078110137,1.81331756345815,1.4445438363666,0.143823174104233,3.12947273151021,2.26515386852947,2.18270299469429,1.30382022562411,2.33615030788658,1.41850818228314,3.6756959617799,2.44778764264728,0.977019111766224,2.33753758568638,1.67512640934019,2.58697326950068,2.29587761137509,1.79102138294234,1.53555465033212,0.612254386685691,0.277425583300895
0.496323185783519,1.66290882854602,1.46901842943247,0.767686681572718,0.26343326687514,1.75497897902605,1.73003481633924,1.73159114376391,3.68568265948315,1.02079990169503,1.56358741099239,1.58833532935423,0.0212710121153851,3.02813215030789,2.36576857140849,2.27520090006733,1.30470047806023,2.38631644720111,1.2713972186797,3.37226485205085,2.27233905030694,1.21873320578474,2.10829534331474,1.61080741751537,2.50829032743925,2.32454127782773,1.69606548379181,1.56626695895266,0.799794529969595,0.155388124095908
0.816643665594267,2.25792447688477,1.1892258184296,1.33397813871238,0.383941917846472,2.63663312834578,1.8223565609743,1.34699016020101,3.55109858339226,1.14604203148909,2.16596882191583,1.80458920385512,0.0823636501646346,2.82027223243429,1.88431774698205,2.33497379563572,1.8363955342474,2.36627167708107,1.12401663792142,3.60351823859116,1.71363770809543,1.52224795314129,2.51110179633625,1.15999080766798,1.7981304815205,2.00779995159246,1.91570796090112,1.38918528266551,0.467909000755647,0.0608848542996183
0.623058140538719,1.6873660091062,1.59794162698388,0.993805931400042,0.491238227277679,2.25974261316133,1.6390198069551,0.979419491372271,3.57165257195302,1.07125823171751,1.75345169660231,1.63222721594759,0.623582847801832,3.01960518265744,1.96682648013563,2.40231141935227,1.32166207060258,2.43274970603919,1.17071422990909,3.75593225465091,2.05842047694786,1.08880643940737,2.01112148883999,1.00418312841336,2.28520554175874,2.05312715433105,2.07395520932972,1.21601881282072,0.489547605335579,0.0833368663432952
0.837612640843907,1.37604513431199,2.08307593953915,1.15022043590624,0.224007221051854,2.20649467005417,1.75698185629088,0.94264179547802,3.53960744985431,0.975171043016898,1.76739001967186,1.58775184991501,0.399544437216084,2.93323976168685,2.14885688796289,2.44427557758926,0.803080830300424,2.41082859096658,1.29217240332305,3.59051262789401,2.44384154569679,0.829813432936274,1.89794240538259,0.997783168927649,2.07117296853839,1.98773373305763,1.83575647589665,0.967342714906535,0.724597837743591,0.406416649847714
0.00528276438141583,1.97423649338931,1.9484612921653,0.915716183703049,0.616125136979522,2.02498874310876,1.74100871690823,1.01370915696089,4.23504024681746,0.722817452182652,1.14258090354558,1.72867102373727,1.03405033359121,2.72751154629169,2.03468943058927,3.00449650199311,0.386623895019289,2.19188942131543,1.30836012873721,2.94548990939775,2.38807515413405,1.7803267099998,2.35559755646113,0.420405733913373,1.82485020918665,2.20628789737435,1.21013758479006,1.15964860050126,1.39966223922627,1.04830318629447
0.119668373445677,1.4529809486657,2.22723989416659,0.8910104037881,1.08118039723216,1.89424600877021,1.62864875750968,1.27018412144686,4.51101943992824,0.654572329103798,1.11488179929858,1.58275141214003,0.360696848429149,2.66700427954412,2.24270369836762,3.12720794475612,0.0238252782820397,2.16372024936617,1.38766921149539,2.85171288529583,1.77166253309344,1.91927790907764,1.79658227544014,0.300959728191913,1.95981468794818,2.64392771883837,1.75382130064541,1.54510246962217,1.15055498892051,0.967130255096174
0.343252776173263,0.95046373584377,2.12777965199978,0.822155634862234,1.04649599350609,1.63524123381699,1.88427290164345,1.5126385829423,4.1119794021509,0.708032114057024,0.839017595916636,1.59305247868096,0.731674537902916,2.98594466282627,2.50870923092091,3.21990740127119,0.00861528662567248,1.88895266092987,1.68619483407964,3.01615081438666,1.83994357057292,1.70406300421028,2.0252115563858,0.673337326879333,2.24867695783721,2.80180291923257,1.43852576874356,1.32919956783838,1.85062729042197,1.23126626718314
0.282384785353221,1.50329350285031,1.7875642611398,0.739151773516806,0.920059274387829,2.00948618464734,1.79474119080136,1.15217771537791,3.83241581408665,0.844694167709598,0.844032015523811,1.57254707183585,0.731415438277145,2.90775969972856,2.30048856640109,3.08684847646405,0.108122461309862,1.91825458479197,1.49262967098874,2.86699682754999,2.05853055094764,1.71047917356219,2.11183215167441,0.978718675038731,2.53788122661921,2.70266157481582,1.54889214549704,1.16586956420734,1.97328044709381,1.27066248327966
0.196254563367028,0.96522887176321,1.95732338601966,1.16699126769223,0.941156941195354,2.24182736013977,1.91095611071264,1.01432964292951,3.89163133906032,0.855987231245074,1.14598302947975,1.4792845172487,0.735385700452313,2.95076080095034,1.94758126117576,2.8630474947772,0.0604120801752441,1.76584516216883,1.53030048179777,3.28278071983328,1.91333001492339,1.64853911534373,2.21837035752058,0.847612481530242,2.56128797147098,2.93425052863474,1.46246566007376,1.10402442027138,1.56230399406677,1.48861705000847
0.205995632804745,2.2652200488299,1.88442904035398,1.19937562675916,0.623640818023244,2.88923489534994,1.56290694428471,0.325268909929628,4.56487329310651,0.550590048951415,1.76414407050558,1.65803738245241,0.888217172797173,2.75828901153107,1.62922774378353,2.89447917569278,0.0624063458396834,1.84635207188005,1.33059909787396,3.24956368135544,1.43988557434118,1.48856442526559,2.08806568601838,0.634835204729382,1.88919391185645,2.76153700219202,0.873089783367187,1.22177795062724,1.4096913381506,1.10945506971718
0.576742584554336,1.56239834269817,1.41657186375398,0.741583967116358,0.963614364425361,2.53928404141176,1.49030314699505,0.21559470666567,4.17580274627336,0.297261414546634,1.67572996540591,2.08067750304543,0.986755282490619,2.89423610772999,2.18082763670589,3.28341646858925,0.0090097044461285,1.41341707122122,1.58546383390906,3.02033118851045,1.35263950983105,1.01841822464636,2.51323454371784,0.612459283284409,2.29186214502246,2.55066225354559,0.842975544018315,1.2908490881472,1.61938463872093,1.04666927367538
0.45570492450176,1.50468350829174,1.54525015237943,1.02919503748336,0.760410418865174,2.40527178318606,1.70487658137793,0.167929096083393,4.16546070786915,0.493311774751779,1.95088101353419,1.9419745311414,0.954356641205432,2.74426925647651,2.31375045995337,3.19196000811112,0.131751262477712,1.3431771388935,1.63290590202996,2.80867955885582,1.34812821369044,0.857105114234874,2.40111744979339,0.454216997469595,2.30423436571107,2.71519482096132,0.910106466811969,1.45714477061413,1.49823507954831,1.08993356881941
0.507102522093993,1.71548404620582,1.84943298075324,0.924185451421449,1.19117606265414,1.93548956250951,1.80720623540541,0.967159669863825,4.1030165674699,0.171463519363229,1.65926074514208,1.76653542791387,1.42531337034338,2.8898490309074,2.11324234692943,3.47746542900376,0.309220708049521,1.05830172995862,1.79323995851051,2.85130195495818,0.805299279022131,0.601754741099371,2.87494802363197,0.770686489880376,1.67287068981687,2.73936398406508,0.584779739177602,1.3988336514591,1.56140549994305,0.845105069328709
0.871823458738009,1.80247705117771,1.33462201500079,0.795455365815633,1.18632139623695,2.32642781592884,1.78151797739326,1.3411181052915,4.49024132929458,0.273805874511003,1.1981612569246,1.77171455490592,2.51342216073836,2.655876387019,2.38591858519544,2.96509910389066,0.0112559411395179,1.75454181124998,1.94927500215646,2.93325852371692,1.00885512988083,0.175882002499129,2.43685181614601,1.03038878695414,2.08889943897589,2.57008864761058,1.00384406263517,1.51655627541492,1.44121730996399,0.0471406523460245
0.594127345259536,1.90508794024173,1.63425633055127,0.719913818879376,1.11964260965898,2.24848259428075,1.74006690133332,1.08509261740641,4.24773848171066,0.128538738981729,1.38421156002055,2.07490705223456,1.43058905545244,2.62982428083866,2.2684279976698,3.1506667934371,0.754511884301065,1.83949754970349,2.23047405616623,3.24538229198198,1.21463900712961,0.186231101326373,2.89228856125687,0.635023936654642,1.78034703825199,2.20226384397583,1.38999831844852,1.29568431580362,2.12655673268174,0.0430675092935694
0.346573560247571,1.62089819665496,2.07834103216411,0.47503988835509,1.37565008976255,2.03498218118278,1.64550690573198,1.72558461059798,4.03537738179516,0.174510685227336,1.1630191305486,2.70254521039748,1.35876846385148,3.03641915911037,2.24257158424622,2.72752830807747,0.394547872271328,1.61335115094518,2.35061338605413,3.31123889617845,1.10651647736277,0.00482518139889838,2.74247073266871,0.695739527728023,1.36095468065812,2.42746614018076,1.55514250650705,0.788963583294026,2.53950456215213,0.0790000691352679
0.362906793685656,1.67577500677679,1.57640386812973,0.547938710123627,1.75933517246587,1.9498606229942,1.80044631333701,1.80665718652225,4.03642469570338,0.00733995260848953,1.73418818912987,2.82886387948944,1.56596145282156,2.88388257563285,2.10931598490489,2.96721210389531,0.143935293637135,1.46062420561191,2.56825788455837,3.06223755829846,0.87719403755337,0.3056569749872,2.38722535229551,0.56666525362734,1.05932004620022,2.68567188470926,1.92135337157055,0.631955041256789,1.9317426835323,0.615083609252863
0.545234901777696,1.83020926047343,1.56241643079939,0.397287553015524,1.62762380750176,1.83087749564051,1.70726002038836,1.62152315229687,4.1105410427013,0.0958958406698733,1.87111719729521,2.94538009017119,1.48967209009116,2.96762416478107,2.24807899113432,2.8478723687706,0.338963950040257,1.15435731102578,2.63861371605261,3.11440144272997,0.880658904300897,0.14185256656771,2.52142443546806,0.838985763507768,1.05339344667468,2.42987512189671,1.82739035867574,0.768260452398685,1.82656546332694,0.511314986276503
0.143179389462265,2.60846156232987,1.89601059129389,0.60520659319014,1.43436268344833,1.89373485899072,1.69460095283307,1.65408274291865,3.75025557301552,0.494250411866686,1.23287671150367,3.29978540980891,1.68083085952381,2.98042404510328,1.73175291337861,3.12684786380334,0.549730695193583,1.515076069934,2.32987399411582,3.1307101939519,0.892948239169227,0.17648086448095,2.95497213615923,0.741344332052805,1.65258450814964,2.46820808951577,1.82290451829179,0.568664251678454,1.85547140093472,0.00495386755657191
0.0326234956345641,1.92838370860941,1.79430571750205,0.146662560973606,1.44794257731884,1.8695458136191,1.62905641620579,1.65418665400012,3.64041653752711,0.434565390325361,1.43827605654498,3.35426211889976,1.82913866701065,3.11979009898492,2.10754988305919,2.91086382021128,0.769680332413097,1.4309792563901,2.32496360739746,3.27867543400967,0.803362062045258,0.409012118494144,2.75276733359516,0.911485102736115,1.55212253997796,2.79824269672025,1.75639196665433,0.297405106865909,1.78910290672717,0.431647586858988
0.408032883552871,3.02327842194214,0.933485009041611,0.405224965174583,1.27957428942883,2.54424552410176,1.51919164787278,1.5129202992747,3.79098057061639,0.781273343298757,0.897837863229889,3.39384005234637,1.82846548945469,3.25515433805862,2.42234789664235,3.03210188501698,0.964710052157205,1.58732278351524,1.78000834860027,3.64299655163518,0.318139362435371,0.540215556082826,2.65216056146654,0.780163435275374,1.40895599570365,1.9499489077422,2.48651970238282,0.0176525434520916,2.38727669927985,0.590302566163266
0.285679934163594,1.6764411392841,0.86428997234854,0.166257534141935,1.37551525358558,2.58192311541455,1.20454959101803,1.38160406964067,2.90730514282014,0.989911046517417,0.61082802327837,3.18387270629566,1.69449958085786,3.1881959549202,1.9399282863389,3.54214489580177,0.970150816932315,2.77499743318392,1.82340430386111,3.67631680569702,0.743988475910183,0.340502119338407,3.65069307699006,1.45024860110321,1.91073352773107,1.99494191110006,3.56638169094332,0.495477203560659,3.10979521663364,0.676906635988456
0.634592877866551,1.68226857425661,0.584976724221961,0.0911820333310925,1.67176221686994,2.89527009564133,1.70562316698782,2.01007780819321,2.87855538291986,0.709315940446366,0.883820759762719,2.99968702208973,1.4041489701526,2.76859793713119,1.45235786932724,3.56945234556478,1.22400203053911,2.61989347827207,2.50676252854792,3.07381533711479,0.47889000279611,0.145439062376461,3.09333505310853,0.959444353960596,1.33176323772395,2.34437197275541,3.13622591720888,0.337441403456831,3.2772347577842,0.66910550741243
0.0751755030382165,1.78066953230775,0.858376694874265,0.426951813951076,1.78199229481471,3.11055511857848,1.75190751454919,2.19700851451702,3.04905397566187,0.459119875113236,0.948654788637291,2.80389119404972,1.55441522897036,2.54130036368665,1.52232645048137,3.5415483289878,1.46849706108245,2.49460128649509,2.68826793613804,2.95818359052351,0.515260668055136,0.379833633598906,3.42407646438731,0.618590624341428,1.00647609039217,2.43066464513334,2.96620427352053,0.215537655104099,3.63967464377462,0.510928204638277
0.377899964794868,1.51787220523336,0.913866567712755,0.476681276605465,1.81903584509056,3.00273773301215,1.77484519609927,2.0421824396897,3.34375952794251,0.811127653975344,0.502025100406868,2.71723845094999,1.47929050623564,2.62970461331891,1.60952551036771,3.17515339971459,1.57459735394833,2.63813583887052,2.56800794872566,3.07949566473125,0.358263026425225,0.083522996540797,3.08465063012824,0.922283720149461,1.03430569740952,2.36938322700711,2.79442267118623,0.875229504041984,2.75919287835794,0.561183570182775
0.257921263932402,1.49957895636574,1.05082491004608,0.539132520623617,1.96509509279982,3.00967501789761,1.71733906571339,2.10513830967425,3.1568838142639,0.458841716926658,0.747820969172949,2.13449564757247,1.00537876519473,2.60097972860686,1.36940840388411,3.04570713520687,1.23982596238683,2.92269017967054,3.82808965907728,2.81910625377789,0.423294378883408,0.63178803895191,2.99968905448437,1.01734630202711,1.02997034222789,2.08566427818354,2.95878910294608,1.12968376701807,2.57831376912827,0.857606340436396
0.0966220110333203,1.04477216185695,1.5455921995549,0.0746211863144037,2.17345671444725,2.89719233384509,1.36738315612981,2.01860094096127,3.76246005455173,0.156479165730021,0.48235863461352,2.30598389556694,1.0589679202013,2.79174471066691,1.15889530004514,3.35971878339145,1.51347458693253,3.0912709289885,3.993851064406,3.1364316657164,0.158587500160319,0.722527565357428,2.97708214103662,1.00431838028134,0.928363078249125,2.39839034765482,2.9479710615783,0.819842473979685,2.50039517781133,1.14362881552789
0.359132139597539,0.913161543046456,1.42181097849511,0.0338025941649138,1.89833129209564,2.6282859898569,1.51729651188385,2.28618160334223,4.08091505275306,0.288010562120161,0.391227416693382,2.30755435512588,1.18320406324813,2.45028557480511,1.37352166569535,2.99021736826363,0.710977335013618,3.38114634500707,3.38543454295871,2.95321931629488,0.408784902610133,0.340941099579106,2.97079860407802,0.943941319702437,0.848574037785518,2.64185809204857,2.69074645535884,0.886648754502534,2.94546115001502,1.0388892548558
0.675981016369798,1.38099411004805,1.09575357808654,0.03126635127426,1.62090556970137,2.32058194036426,1.50886454820199,2.14585654177818,4.14076133397631,0.224645686673146,1.07774136388344,2.223631225537,1.02507153128152,2.60465944316248,1.30486991029549,2.7823508064775,0.853875164811919,3.64543196069915,3.62257600762165,2.96198979470941,0.0945537763715821,0.858186842212579,3.07702324977741,1.26201022464612,0.680086126822552,2.63363929186393,2.55212370465256,0.754981587047446,2.80832820874099,1.17857461009211
1.89619712726024,0.94552258712108,0.895392557560812,0.158022934249948,1.7156072432564,3.012025263335,1.31845087316932,2.42617565001646,3.74733469579235,0.516796254357176,1.13477005342089,1.82416683655123,1.45315624215017,2.25817246207429,1.03406236886994,2.41558771426113,2.29935512408386,3.11350218395501,2.76094027157512,2.42429243481818,0.261899452293928,0.262270635765385,2.9372454100199,1.60067439409065,0.00995744271427243,2.22806122845274,3.25856667858681,0.863303932731765,2.73018911951252,1.52132730363988
1.99471428979769,1.58159383077838,0.678213147919448,0.039301867023608,1.56163220741232,3.205393981345,1.4440544555273,2.36186587894098,2.96076996091277,0.114756571942274,1.26545179594119,1.66229470535539,1.15872827870051,2.41460923632771,1.06936736747671,2.45726304290378,1.81986223999933,3.38183671035177,2.52139248444615,2.55408404545617,0.4607467144607,0.181719309397428,2.95136803155467,1.83631620769904,0.114736098108262,2.12967963650447,3.15336844324467,0.783246887883023,2.66915291484159,1.49990997792223
1.74423171776991,0.776242764650514,0.453568086069383,0.182749958130463,1.60031279053219,3.71728778648614,1.41101737546727,2.50538765767963,2.74641827950762,0.323237088810671,0.516532168371666,1.59250743663444,2.43627451312145,2.28468786408847,1.13925930500522,2.51904318065162,1.67202616615168,3.54350332496251,2.60529178692173,2.25077898591169,0.169904214709536,0.610929102406436,3.07756872385341,1.92434395018841,0.410512555222934,2.1991684520397,3.15309836850108,0.917711566922689,2.30060839433538,1.7459917323746
1.89249820722641,1.65924880714471,1.216290781847,0.0746251408698268,1.84457505274813,3.75312200317662,1.64783507262645,2.54171748506235,2.96100639116259,0.376038115471562,0.78363126937499,1.41191559720331,1.67685748493431,2.26874667637892,1.46485869523046,2.62333205867565,1.91369331346207,3.11367961009792,2.41888016734809,2.40606490842895,0.101152297010322,0.717684858434433,3.57638737991208,1.9952477234856,0.14777431539364,2.34968783696996,3.30840055367156,1.20971805360803,2.28778380565132,1.90774836134015
2.13707274980421,0.372374743038115,0.816145050674899,0.511385398406891,1.89048299670373,3.09913406500912,1.60319339280893,1.75127596393875,2.42808038268334,0.499329343837141,0.655726198586545,1.26676025569024,2.65751469360472,2.72478625755342,0.934624704233987,2.68395624929318,2.22510302137029,3.29747040942743,1.88384153020172,2.53541919725499,0.0787089796742553,0.998880749289664,3.53022260937674,2.10956364318143,0.0352730728980445,2.49316063967094,3.37108071796937,2.30065927700012,2.36601313712232,2.82137376998246
1.30126939408799,1.92001471475414,0.0222077732241572,0.480316127046769,1.90468642008635,3.15969600168375,1.40788912025645,1.45663763896561,1.90073787695711,0.394928378801813,0.905121747847349,1.60283705578934,2.72625092589392,2.70223134606887,0.657419523711053,2.6944186405586,2.24336255554363,3.86986878671217,2.23976517797386,2.51979977930359,0.137930590508057,0.809952120412157,3.60809297029583,1.84726133754798,0.347864535675847,3.06354897467794,2.64843499817521,1.51243513485127,2.88084606417143,2.64278091752107
1.88952837614587,0.0896803238581141,0.285593852394129,0.607789633868526,1.73833409555103,2.17990623958033,1.33190478114654,1.05652506386919,1.49271279319276,0.514766872780835,1.2916299042751,2.00603426999689,3.53142878151836,3.28297001166889,1.41651262461757,2.56505416220206,1.52863156114895,3.98785235865225,2.59665775558297,3.0907446538812,0.376655227150429,1.33732156613793,4.56592421571216,1.76481759243926,0.740280888146709,2.96840708975357,1.66125936646661,2.1419351037794,2.34680526814005,3.63967064446232
2.28667102598879,0.109064566549162,1.27590851453339,0.70074922328307,1.90977350461008,2.52659982392114,1.44630875556807,1.22341255446523,1.54377842269337,0.692940772075524,2.05307819294435,1.97956429067492,3.37939258281938,3.13624729977446,1.92739281296468,2.74088359332129,1.50072414081811,3.55057430805951,3.18176838322061,3.13624603234527,0.596287861027609,1.38890155731968,4.89823392357272,2.23153166026754,2.01236708058409,2.09505177441923,1.08443180108572,1.10975487984058,1.68392974932651,3.99912671061884
1.87798002675728,0.639716999044623,1.67063234478017,0.202973188498091,2.12394136689281,2.08617021561861,0.705970619415236,1.0054137350147,1.85140304309844,0.575166611902454,2.28424763768573,2.53036903383002,3.58167918443758,3.75666458970684,1.79853468628708,2.75888297121301,1.32587818471913,3.4988476661771,3.64888824268442,3.67883523462777,0.567103109665797,0.86298600980203,4.01017685354004,2.20789496431065,0.950629182284879,2.58391308810887,1.22179067204548,0.714227014997262,2.21707540712812,4.26117722347266
2.36750867988731,0.293227103845761,1.41926195225126,0.450241817922389,1.71541399328006,2.42221326489488,0.39125780516193,0.997076550095662,1.65621068592026,0.589727070500198,2.38439135113783,2.04813760605102,4.0286237610318,3.76349015771948,1.78054341826584,2.53735263751635,2.22750766122899,2.91519852187316,3.4748367289497,3.54147222622064,0.7454569958433,0.67344405137191,4.41094902258736,1.6446774471708,1.49921657417187,2.86954269214419,1.49606906722537,0.730924745414886,1.97706286047211,3.54078154140162
2.23974439231797,0.39945587095431,1.44112986861423,0.513411620334278,2.07266010456235,2.26572816158859,0.399456562607705,0.845502227067674,1.50407547771976,0.0970323265285521,2.1396529933761,1.97195500495558,3.51159083883705,3.99269858576248,1.46984509084933,2.5169935440314,1.8652182154832,3.08423906636458,3.23738398857287,3.7183051780626,0.606569708020302,0.790224296404828,4.16632063989018,1.9122436874309,1.3168588140825,3.0412805746612,1.4549101925435,0.931829629341765,2.04207825185002,3.46327970935414
2.31145417229567,0.564414371652874,1.15514516224988,0.578451074357731,1.7238883374747,2.24914906074155,0.594795960838,0.81211134032464,1.51160137387476,0.0991514931218268,2.45113684180752,2.26972157799102,3.47288866736174,4.01040264570958,1.78947719488704,2.02283601861115,1.73793388663009,3.07018944623607,3.10058955376071,3.75187172259693,0.749705752000852,0.807945681837916,4.07927134515627,2.27055171022805,1.70055348317236,2.80185158862482,1.73168205632057,1.00328678014561,1.81574796399226,4.43345817708213
2.09161412100298,0.611680277829937,1.36147010736475,0.486587490729894,1.91478851929675,2.37822509490641,0.417063290442757,0.789273681123033,1.26696495822865,0.148779116646239,2.39119805222261,2.18498447358773,3.41775542675032,3.8351037853903,1.51101757285165,2.36718811744631,1.43106190132658,3.00932689644038,3.08914859412075,3.76020218557093,0.719569350876022,0.823554639789986,4.11621303893109,2.12973834019809,1.31437103344813,2.95505283865203,1.56706778801427,0.658808172506074,1.60877569720864,4.43460706460217
1.77890923472068,0.72227288679098,1.09504479367426,0.395524430973665,1.77903652604144,2.28298983710453,0.669613257493643,1.05166473072815,1.37895702393744,0.109505113179169,2.25259181744614,2.12473284922354,3.51790239158915,3.99943551662478,1.52700234562192,2.47964066213401,1.01416392278966,3.10183967372796,3.07873244346121,3.83274872297564,0.607452475301143,0.741812091996615,3.93359532999686,2.41598199256505,1.22507885432692,3.04284504497768,1.37947083483049,0.952892582804316,1.36910592873157,3.28515911291109
1.99291860427167,0.50761404465336,1.2382761809229,0.439206275047305,1.78423368692851,1.63474578294299,0.609871852849353,1.08342194536409,1.52696963554056,0.223453208903175,2.46257209909911,2.19649923462241,3.53405409659234,3.56142500599025,1.75942687812969,2.05747266882236,1.26388025597628,3.04418713446805,2.69772970621463,3.54790373488839,0.414048452315696,0.66011756255239,4.07407093137747,2.04374620522861,1.1599007246266,3.01532670637802,1.51164321437881,1.26747009918533,1.70068316818223,3.35282409418958
2.12647066724504,0.696974344284004,1.53442703805559,0.479593570145267,2.02681380649697,2.09277682389805,0.645723362481801,1.11646903050601,1.48337215536947,0.17629737717977,2.25073264201112,2.02165902568192,3.57911039225833,3.90461086011781,1.58557442115599,2.57804915791465,0.917101523772424,3.10550253928151,3.11013109494948,3.65986218248325,0.376319144453622,0.90043327593199,4.29490545605149,2.11896934506412,1.21028548988094,2.99435296198202,1.19219612437177,0.956601836547851,1.54017188623973,3.30366933995302
2.387623586461,0.683290590563019,1.20000825716459,0.10027396652191,1.41153818802112,2.25930149433272,1.00543749943714,1.33539830238654,1.43699413303095,0.507537732617113,2.63400694785563,2.15508760093763,3.16949710144374,3.57866851037704,1.38549946906879,2.65422590552599,0.970648831527303,3.2010662652165,2.45611215828985,3.69297865996276,1.0085359929698,0.792394267203735,4.04453934602133,2.82826503630136,0.147257173025599,2.69798458758891,1.54114455993198,1.16067862725178,1.62304813242953,3.65711133108256
0.878527071799744,0.753459755750312,0.16886389473525,1.07407633590975,2.38223368442521,1.81793894441082,1.90586441031945,2.0084402704026,1.68300794660968,0.70579478059058,2.73188477683267,2.74624326443364,2.10795762078928,3.25647344013539,1.73800896811144,3.07766382897504,0.398280485130362,3.3135476155794,2.87679124042558,3.71610667119901,0.924008195108382,0.142894360600309,2.45709881915046,2.70043345100863,1.67133594139011,1.97272200260629,1.57004551522901,1.08531436580774,1.20058251283834,3.75953078743392
0.892641752502747,0.412830507068415,1.42212520244397,1.62031846680075,2.45333888583017,1.98527696579438,2.50357709895262,2.01481622642534,2.47164433521124,0.341556402464671,1.70550874177555,2.93986489418646,1.25126046048126,3.40883014696494,2.28700484604921,4.20578272519947,0.138331810512564,3.39556509475151,3.38223970036281,4.09017895576973,1.3713587185088,1.88295192924429,2.0527132367569,5.09898768752831,2.54760062554236,2.72700886828187,2.6268333591464,1.34315977108166,0.396199570901703,2.32165718709012
0.871853353471515,0.0989670600339275,1.7680473377312,1.30724749875476,2.18388444317983,2.41892575415504,2.23319133644458,1.61707918686759,2.98480950177245,0.0799600072267056,2.3724775345235,3.17139344322652,1.82628026644892,3.09221543432714,2.24851331916907,3.62747642440211,0.0221749013509166,3.82864007120921,3.20551152817435,3.79587970461291,1.84000249624589,1.68598852134026,1.91772230882175,4.67920885338504,2.19109307680019,3.00196231128374,2.55101463739009,1.36957036464393,0.775592621015068,2.42423154282508
0.905416701511379,0.358461018200556,1.37448238008496,1.20913296051706,2.22703462853862,2.27665846342497,2.08678300021305,1.76818132137967,3.01150751223384,0.305940629903622,2.32904297956122,3.10293026626596,1.61450391884386,3.13344247308391,2.1337091936192,3.49347374796974,0.124515534355966,4.05333695703363,2.97232188790378,3.96333892824742,1.9569243013911,1.42030877689056,1.32055605753254,4.68885299237012,2.21281474050088,2.91972266800497,2.48374890169005,1.14425443115011,0.840090873310356,1.92808188375958
0.585313353826049,0.186845423751098,1.65510993297917,1.07779458693302,2.36368988520139,2.4874910216509,2.1836066311974,1.71715297054313,3.38814492743373,0.466934833590091,2.35652421153228,3.53467659611805,1.93430683600569,3.24809576918167,2.2416442030125,3.86129388628923,0.424694210630657,4.33332587577607,3.10626286684768,4.07455944610481,1.99826326278581,2.04582112044216,1.2732762763617,5.55400411658494,1.99689871156486,3.00256000793465,2.31379740459795,1.36255745975463,0.895179461805906,2.6714512084755
0.328597308563409,0.234280185159103,1.53263766482948,0.987680181178525,2.61802750922513,1.5965255435981,1.93093251524073,1.05590005414295,3.38885072534242,0.561121609224372,3.23239129653104,3.17197074749848,1.98592725584895,3.29552822862315,1.85591400684136,3.4387294501894,0.249395751419245,4.43378812820742,3.12427148561888,3.62087009122043,1.81522900754319,2.1145495935676,1.32022712844608,5.28802580123437,1.94303197693309,2.5559998070674,2.39261395395978,1.38848418320191,1.34839784360269,2.09155983833655
0.351575196805082,0.384764013371982,1.89834031136147,1.25472925769302,2.29294625625805,1.51994921303458,2.05214503645875,1.35536622601725,3.18294583900952,0.548820363028796,3.39510602948801,2.97721762147281,1.7909101578221,3.23163061137943,2.04825794202187,3.37804907480071,0.258006825217277,3.79364990038319,2.9818785801839,3.55716017919292,0.867038415009477,1.22923697192107,1.25959360446487,4.73431746335685,1.75051161343252,2.03028298179815,2.12190397683997,1.38333667143737,0.934383476396065,2.0278150421814
0.333036154064283,0.360174620748925,2.24731811512874,1.35195707080747,2.01375385782613,1.75691201677525,2.23464242130766,1.65030304160864,3.6661568652989,0.558200032876906,3.0156849901631,2.92524976407707,1.63261276391055,2.94452217863789,1.65137496574798,3.49847550233895,0.152685261516364,3.9970963221502,3.23511948076103,3.51332357033619,1.64700627368101,2.31440905165295,1.81391594632977,5.57185699331892,2.16968062646968,2.3080839349236,2.21983241651796,1.5670810932779,1.28512513379535,3.02439610231593
0.118816860018111,0.731868122030756,2.79511017539909,1.35594971852665,2.02636044974805,1.76376444408275,2.14902041174527,1.72493236133921,3.92314440343321,0.353065185226741,3.73986136415351,2.85539614579599,1.98833256196127,3.34628154593306,1.60918990465878,3.26540042342133,0.0125683123529351,4.01268165967684,2.71372267597819,3.57614098321602,1.35323559990615,1.68309835471588,2.19326385944574,5.63665211344831,1.44551238888613,2.18604902676294,2.53470380267338,1.60041231228627,1.13456709704784,3.22206670518932
0.263533412743269,0.204910801391791,1.8992428228235,1.44129020944666,1.82774360645337,1.36184256229819,2.19114910354527,1.81972354261836,2.89369264150832,0.182547551197312,3.57639869403941,2.99606532218311,1.56673000350439,3.65117542228673,1.48858197449816,4.02395274014242,0.0735167507725176,4.41474334715123,2.84420712607712,3.71251102089778,1.5855408645237,1.51808357324944,2.74173593480043,5.68205322371926,1.72999670320151,2.40607564098267,3.22175996400485,1.74449636696155,0.26965686866053,3.52385384572303
0.239105670027155,0.198423829392145,1.68338639678304,1.03210934879044,2.06599044895932,1.67324689975325,2.1442285858004,1.66826025337074,2.15605017276846,0.230816731239509,2.72028522613543,2.63002921854991,2.20630535650713,3.67959884216718,1.16080215185138,4.2364161982034,0.574767650304097,3.98689473991722,2.81921691168027,3.68395032100103,1.80548375058521,1.78632819690433,2.16327213264193,4.56475392983001,1.33363271402503,2.0731043872594,2.34380273317211,1.75594532971099,0.127921175630477,2.54457486978481
0.114251782108793,0.924352872353278,1.43459301344031,1.09378288908608,1.96695960520921,1.15414032435985,2.1577779490623,1.71735074456714,2.66132863737476,0.265405326150682,3.12307854291883,2.70162587859041,2.10069085364647,3.05009715472237,1.26213749846241,4.21621407960003,0.704408722939613,4.24594341583346,2.64238258817179,3.29899643541329,1.99228906299973,0.844362496134533,1.48705365930054,5.05469094227289,1.61227250621748,2.4037178737082,2.38788977591721,0.937709812756466,0.370363553600679,1.90086501243623
0.887223118203441,1.40229071961453,0.705779549306368,1.28064334681793,1.57598041932196,1.23862873740375,2.10911166450097,1.86825669779842,2.65809111495292,0.39599534305565,3.03404637599583,2.76980686801123,1.69916595941593,2.97204825831137,1.11087390569794,4.04224459192021,1.50347404247452,4.38122840338739,2.04109490236951,3.49706325528633,1.67589987801705,0.752099389857882,1.8720155085582,4.97905546663098,1.70757310249512,3.00339935434905,2.72547563426315,1.22967215901098,0.116724055645215,1.67948438811833
1.25168447801888,1.18812102428078,0.0188156899500211,1.38359626153516,1.52842363633053,1.31009875914447,2.37112756346704,1.42596358300495,3.21254371958205,0.027968862026901,3.22759159859089,2.30247352828127,1.51634115349549,2.84972264614097,1.06947016029609,3.91542907905286,2.41636618061697,3.56955101407177,1.52503414389678,3.27349654042542,1.69352653491089,1.13864523621354,1.92017801101584,4.22550393290624,1.56238523903617,2.69629669600138,2.76092891790926,1.41267085507324,0.401727182968866,1.22269605059982
0.914109817711967,1.14968987427785,0.59006322999287,1.46443117390124,1.59371609673465,1.66648219481527,2.16039214682726,0.746393964985499,3.3958601790297,0.159294069288878,3.3563041541893,2.55656878548658,1.25074277890098,2.83881087033656,1.15368244535215,3.19391526905375,2.4285778300787,3.85716703974218,1.60389630936346,3.45667722081474,2.23051688962261,0.836280498856764,2.02801296002162,5.17154992243725,2.31880951179083,2.40183569768702,2.54555978753134,1.68177199821448,0.00779415168067736,1.28721779098643
0.0691298431209492,0.925655226418398,0.0495330167084063,1.49963103823306,1.35147438304894,1.35591074878477,2.2148434845263,0.952199180052577,3.66254216308829,0.332394746373453,4.04447355339798,2.68660777349352,1.17324682040104,2.52503374116728,1.01598525203088,3.60276798037063,2.1585745950673,3.93345185758337,1.61143709238329,3.47780903321802,2.41489500445293,0.882566377975031,1.5695154985076,4.11114546683298,2.48283331552811,2.34738085214444,2.28479890192184,1.81961314145246,0.0660106230071299,0.329824080452
0.281996804780444,0.358085429507094,0.412409062238799,1.10791530692236,1.46454665804248,1.26315399154365,1.81381859983207,0.947377521029003,4.16566883173723,0.401632703882752,3.74060098143769,2.75161988682058,0.605173820196503,2.55651798443167,0.715233831465498,4.4792562093152,1.88961946246907,4.1972816840562,1.68755156365671,3.675125955238,2.4258238948398,1.59179834821909,1.6704268197625,5.64518949445706,2.71513026175408,2.03947675893057,2.58501961528355,1.50127331144872,0.462472096249282,0.531783230388863
0.459166205347421,0.077118724019831,0.221173353430729,1.36474933627658,1.31080674235628,1.05132236015281,1.76635503378091,0.508689054021658,3.78141143351349,0.260734024277025,3.6961834294833,2.57523585010928,0.587149397092981,2.31321416196059,0.808784453002144,4.38544206339931,1.61545498113735,4.18323793930356,1.5109384409876,3.29249712481029,2.04131390965893,1.48747826402645,2.06872667970177,4.73085277809518,2.9154287443234,1.80505966006046,2.86015230776056,1.52985529013125,0.505293509005257,0.191468107967181
0.730464764928888,0.0122720615531456,0.233751553973514,1.01362965810978,1.37746158041373,1.57275924061726,1.88192349083348,0.674653624654314,3.61681738756771,0.641894028591666,3.59042572067909,2.61103297267167,0.831503450871125,2.41042255393287,0.994900507045234,4.582101802192,2.38728720799805,4.23963582570618,1.49417472324095,3.33193081806747,2.60804103058303,1.54761423057058,1.25969419502972,5.88331624442081,3.3254184969728,1.45798615362835,2.01174495493725,1.58045740798734,0.407222177395424,0.210587873913512
0.381825726975047,0.353713150241828,0.602442488489017,1.24908832964122,1.09599181575767,1.27395587919901,1.66868102466403,0.417028952191612,2.95061814160599,0.574639838879361,3.32240699250182,2.19647131311391,0.78384203556934,2.42121062115494,0.79166554102514,4.55054923812696,2.51179635562368,4.34925935840953,1.5863623558036,3.3578025483797,2.56363124894806,1.24549852987066,1.42315806420259,5.4678307045721,3.208034718069,1.72516152885477,2.50385695666067,2.31155530412673,0.420487168664051,0.281163644969493
0.274864002788459,0.161609016129195,0.682150708336977,1.6210433641184,1.16206251981288,1.10866874625358,1.73958766110122,0.657617934697602,3.0426216801977,0.509575797485557,3.6743166398439,2.41347103930681,0.831060976346227,2.25992247764686,0.862527975570714,4.00383184097171,2.54771840760561,4.02033298527408,1.58214032702921,3.04467086308897,2.90245783731568,1.67869996530257,1.59238606880896,5.17446151852263,3.06447616241548,1.76118000723003,2.63366820563534,2.37526345884866,0.21524046251086,0.944105155207665
0.77642067472871,0.501276931873549,0.338716822107811,1.59313898260966,0.784179461554469,1.30314255562276,1.74957599899705,1.11401050988777,2.09122501476732,0.866499953001004,3.45095143254382,2.4208538672144,0.0409814686640971,2.03355758950961,1.20999446611774,4.07732018156103,1.82549735408729,4.21822130605549,1.11623736102008,3.273992409966,2.82396271191844,1.38950117063137,1.30351500881127,5.39412612543431,2.82463225218384,1.73146470694098,2.92268959735116,2.43937961503021,0.168362736076884,0.69688349143439
0.545598127529213,0.65086743569187,0.475552878113686,1.47199993350754,1.17142597775411,1.17017928638165,1.71024520380739,0.920269374036307,1.71145033468203,0.977955065657569,3.6264896801246,2.35093845149697,0.244801166192828,2.4226917887366,1.38635777430549,4.39247669992049,2.55338027770555,4.05160567894718,1.47488225161417,3.27348677389079,2.95977444847482,0.954252795925766,0.716393339580884,5.71409377772377,3.50914997060946,1.47171520707311,3.00562282283116,2.41933860912491,0.0370008773308095,0.245174634300653
1.00425703555767,0.36423034326412,0.158520155889498,1.76336127284002,0.947778602334653,0.797768205995596,1.85093102945624,1.08836779659122,1.9638780668758,0.592104291010463,3.74433387334687,2.59876334854505,0.186788751300736,1.95294829600635,1.33604296169638,3.45429207819456,1.89478429294874,3.9654860858075,1.19431197599127,3.006007218881,2.05427702369348,1.78631550159833,0.293704797850088,5.82428831174054,2.97461357519145,1.42356786510359,3.70368905913606,2.20981385512065,0.797076587920739,0.658906983863226
1.43204234086806,0.10423247426126,0.180797553970504,1.52133696108735,0.909717911768822,0.486042335952948,1.64717153276335,0.880985309947226,2.24451102898423,0.620907555404235,3.81902665414925,2.67110050216387,0.483751069867742,2.02754475357123,0.833501589579915,3.11962905580931,2.22896001901614,4.30085464946843,1.03546359007089,3.33337866854728,3.14327300530031,1.51316546955139,0.714000145826175,5.37416787396373,3.64841444429838,1.49481480200556,3.22520452260192,2.00697653515053,0.735791490270565,1.44026284995418
0.878706659110801,0.161991229713915,0.0740395220226938,0.981182597901811,0.885487144066108,1.56492737596283,1.55457166593871,1.00401005196447,2.41440333383973,1.06422526434949,3.38698643007475,2.44369675650043,0.13247893701329,2.05528973461633,1.01171918533829,2.80228942276816,1.93125542899298,4.38426777650397,1.54610408300731,3.12031866658932,3.20451600882731,1.522574600947,0.0152482295430243,5.84539296089402,3.92781958592788,1.02993709074611,3.8677327425891,1.76775552823879,1.22669017571742,0.905934901317098
1.09730229587485,0.465169924855353,0.0148461756222869,0.998221404022453,1.12614152004143,1.90097034253695,1.64917497622889,1.45940311052346,2.42428540827205,0.891708399499882,4.5303881426315,2.61618241824642,0.803698686853664,2.03775559527058,1.27680831665267,2.82953467832189,2.31361590546884,3.64590267574222,1.84882543973422,2.79183850000507,2.89058557972616,1.78973904028,0.174505249280667,5.24232639862831,3.99517452349008,1.05864849380124,2.57124532070987,1.48644953466497,0.992327376105742,0.826770412773865
1.25484369177195,0.591878486681378,0.327137175524919,0.964899046853703,1.02731055038735,1.22721665312816,1.49534507644957,1.18034763268204,2.11104533573663,0.939793835700287,3.20869290425707,2.7527008605697,0.8523476634224,1.68045952583552,1.28945341369406,2.8604966719733,1.64400782168918,3.89007863180738,1.52677032128353,3.23413276324646,3.25068435570142,1.74466144873953,0.0713876913768053,5.72367283168048,3.5251925210732,1.3659117491444,3.05822742284921,1.46699122157667,1.30908293007398,1.09208448219065
1.153295646512,0.712124280546371,0.0463524459497907,1.09542219036805,0.805548002626716,1.72332950331287,1.61539963155113,1.19923155214308,2.05729142704998,1.0747809360451,3.73507305446934,2.98395185997186,1.53008963839584,1.65622014952079,1.49825182566893,2.75982774648957,1.07446092128118,3.73222829809643,1.30447537373354,3.08384072195144,3.39599958111149,2.01535989666958,0.052419286189368,5.07058312947622,3.48562726131247,1.42001313266612,3.2505939541659,1.15411134099788,1.30201241365328,1.02930670803094
2.14842280084825,0.720249922444639,0.0215557384363102,1.28303548516392,1.05588759836085,1.36357326227279,1.58996640447853,0.926198163741995,1.49161729257683,1.21481631160807,2.89190996676029,2.66600112188341,0.987009429317608,1.86294216935857,1.34848410859124,3.37066593383964,0.962281542018039,3.34528975450876,1.65021229948482,3.17129190451012,2.89869916524727,1.72443242704968,0.730733747661601,5.68163724070215,3.48503069796606,1.23049196248552,3.48668055756272,1.71504200611803,0.818357498800523,0.908806975741489
1.89668338093116,1.83824915513357,0.089529941428317,1.3891690441368,1.36738957021549,1.1551847823823,1.76263185971187,0.773380826016962,1.63337843140273,1.51652029812734,2.5380469553048,3.02629056963995,0.615983606416255,1.81867001684397,1.50409754183232,3.21691334788945,0.824321458450674,3.59106349044688,2.1086873449775,3.36961439665444,3.19338553657511,1.47204893021686,0.635629716440505,5.3349397168092,3.96211163844806,0.91673701614425,2.95576676021029,1.56595595761469,1.27751482974856,0.992949930667643
1.34795058347212,1.96496859396116,0.604923149777615,0.622279647478293,1.03581015800084,1.68622365374179,1.45023495468618,1.10296839266669,1.31216157316988,1.47238113744152,3.27271432800349,3.08631413332448,1.2024311869447,1.91629544843863,1.85889783013868,3.15851554658748,0.9241451240598,3.84046038512813,1.74626616817127,3.49585960975012,2.92306795248047,1.47595429283466,0.558473139187169,4.01805988446561,3.4363154778434,1.34945831514346,3.27640033472325,2.21223492062377,1.58596027391944,0.668003147593923
1.38740013628531,2.01391026163768,0.72986266006411,0.839564694441769,1.43541918597099,1.34166425913634,1.47187511010512,1.05495612867139,1.34437549120679,1.22020227033825,3.19521746065273,3.35235606566094,0.872644651571024,1.84627576961897,2.09823273961026,3.01914317394807,0.890705868166422,3.53603281364018,2.00553862937026,3.30590211561932,2.9428816362018,1.24996669517454,0.405293905988614,4.13073657656461,4.26302991542316,1.34982834375266,3.19452190111638,1.85735897695494,0.993967751946999,0.77645638008372
0.976024651679166,0.492615844125227,0.604799335887069,0.326269697338273,1.02221717700505,1.71249065858335,1.78914911470413,1.1133120770613,1.47974106532377,1.39106061770408,3.41326371743588,3.25503522636563,0.890984244539592,1.85388712576708,2.29129177014668,3.15449442794649,0.73571120384441,3.2074976975189,1.75678657580235,3.29851214217684,2.86807344152765,0.885423768153073,0.446279272757634,3.98011554867086,4.2225500602428,0.952603432127283,3.17591907667843,1.61702141376559,0.259354211284781,0.332292976432029
0.95727664583722,1.6509462537328,0.873326053907412,0.690612828494883,1.4379188503834,1.72047540712417,1.4011120658889,0.938404166482835,1.31068185050617,1.56418966804395,3.5161972019548,3.22383196754233,0.41104788455866,1.64957531165374,2.11331718651764,3.00811499968553,0.648719540975484,3.630900174713,1.08602777913789,3.32817940619628,2.90346704527131,1.01385105775763,0.569726045146813,3.49205898159982,3.69075035545048,1.439724513308,3.14295072106081,1.79008116567019,0.0670295463959623,0.609120253643312
1.35448404403357,0.433352355890259,0.721979493844435,0.704026366194267,1.58732840889664,2.12013312151141,1.49338936926708,1.45980109727715,1.4342444880829,1.0028672568524,2.4041479656053,3.21607052900744,1.25993842988311,1.77589794991034,2.03047433884728,2.42854814659621,1.06457262635588,3.25848788077245,1.76999908994278,3.12639449197851,3.37132742882905,0.967848093248632,0.734767642915394,3.51153269532342,3.71429831466338,1.75938545669384,3.98820224395698,1.63300128542261,0.814813491340461,0.708170033391385
1.21349600180735,0.633393735315781,1.51353553524028,0.545068230512614,2.2935434935178,1.87192594653354,1.51806386968182,1.19441289862209,1.36052016412931,1.02185684993517,2.40895244133704,3.12900868281785,0.865075603188085,1.85781092968593,2.0289780416903,2.73555545643004,1.10601062830882,3.29356821635718,1.4675890338209,3.21635136301218,3.81990826552749,0.791381107316126,1.23946043894096,3.38134986559652,4.59182175365311,1.53473558460153,3.03642222253969,2.19632606799868,0.159320427239349,0.489976549339382
1.39652852730466,0.845282176451505,1.50293973079003,0.473999993808355,1.87258656213766,2.20651989869853,1.48172361733384,1.43575647162076,1.30727637385552,0.839869699032763,2.43433753600124,3.235248991286,1.60090229077817,1.90350710711934,2.14193300558458,2.52920675360093,0.984008142900116,3.189757537147,1.77420765330823,3.17005621675286,3.28776798800729,0.979949346238534,0.610074180358418,3.68993068319138,5.00366981334703,1.82119923134122,3.4644803498618,2.29498896631718,0.389683388136607,0.288144912319423
1.31965370186975,1.22279952578107,1.96574851165048,0.992498969949904,2.42054107877469,2.30561963960178,1.61995837179321,0.96505477123037,0.912274824511916,0.956022481238004,2.98327595465163,3.31077453645004,1.01335954690163,1.59109890645918,2.18583039860444,2.77812944096941,1.46143615874629,2.81776138483082,0.977011181346227,2.97843341768137,3.95226294486139,1.77451315533019,0.513809878477221,1.87449595388372,3.22060427525074,2.20720708916971,2.83467632559094,2.4259943484117,0.640950859063817,0.358939119639174
1.32576554669723,1.38329408984996,1.80259958795729,1.51083164425955,2.64105317696386,2.28538667760102,2.0340712593444,1.54626736177988,1.57691391043083,1.11091228873895,2.03896425543006,3.43790802120454,1.4085863419738,1.83264272286749,2.1746782736025,1.71416254595328,1.39716752622055,2.71855735965454,1.21488012903938,3.05443525258692,3.91322036944245,2.08074734261343,0.246027148349642,2.22097566576472,2.71107861686658,2.29639176757489,2.68313015390566,2.26671863699,0.131513203196386,0.523985160822203
0.594323097677381,1.01966062076492,1.86853913257211,0.99489659728695,2.78124608054715,2.28107490406414,2.00352534742268,1.17272095279811,1.42557805376835,0.816149235125546,2.09811178864755,3.77016524912667,1.08996107702012,2.02220141914017,2.09661097386528,2.04743065197116,1.87187452910413,2.91487529335192,1.32827913534646,3.24096285836247,4.44570433404949,1.91861994109233,0.95597543051053,2.16119025487551,3.47009191684501,1.91312054247174,3.21901618881649,2.09877211170551,0.137378114956908,0.607813922371216
1.1061182768573,1.29480996765,2.03855328497318,1.58244542137677,2.31081560787641,2.35940281796291,2.16413429700664,1.70324418052759,1.83789684427537,1.48844391276946,2.10503990328208,3.53023843784539,0.207387037832452,1.7073758875956,2.12241915866576,1.82800512243379,1.1965014401724,2.43117268278364,1.47225736574326,2.95491846348663,3.47296172837544,2.26220040769867,0.517068458515729,2.04155993299116,2.12093915463754,1.9172571011548,1.97086819261033,2.28104309728813,0.180142039752585,0.686801385128525
1.11930038115335,1.29863466681835,2.06806334629032,1.72154355561831,2.42470230482486,2.07012924079036,2.10192029267574,1.92647946320374,2.45301325286265,2.42137532401473,1.68744507207403,3.28575873101019,0.742168914221971,1.69355509935183,2.14742994119204,2.16413504922138,1.84397013782741,2.43582183830536,1.59700592746569,2.78602927558556,3.29358576380273,2.1127866906498,0.0718465056622309,2.09267883805459,3.36332597070189,1.66421979866717,2.18266646903113,2.24424076271442,0.400331704748762,0.627778039724602
0.91561908707397,1.43711748228782,2.01964702279878,1.63865993277824,2.48863879310305,1.95887168291816,1.9617116992121,1.77395460702556,2.36874797783253,2.5210115966513,1.73633898030823,3.27394450949168,1.23435977219031,1.53203474986648,2.16014923489279,2.06217056122408,1.51730346592634,2.51383224282564,1.63316138219752,2.78399706788293,3.48444277005477,1.63123810151854,0.210270118414802,2.29034465568278,2.66977243946844,1.57810348501,1.96122481504327,2.33219608096178,0.0896228077598351,0.7442751526224
0.396819686677823,0.268707237001284,1.95267698706679,1.39652561595344,2.11355329033484,2.65488888386488,2.35156200133904,1.73255744926447,2.44432648603676,2.08842647228256,1.33704385156536,3.71599246353825,1.19448165326618,2.4838512241743,2.27869761882899,1.71354397059458,2.31394175677008,2.2397396216676,2.10109687038317,2.91352872836114,3.78949906479639,2.11856981086094,0.190236807937967,1.73896421178392,2.54208356406371,2.05425340331413,2.4182104824114,1.71264666886844,0.107473589369881,0.774456852539341
0.426536399609786,0.270515059071025,1.76744770509219,1.68751501259984,2.13728981403071,2.97155601895344,2.27107629555236,1.56720260024294,2.1682557909078,1.67908349391389,1.36632582940265,3.65865391060161,0.43012876857939,2.13022857009452,2.14616142922207,1.58838275383701,2.12034018293894,2.2878029251736,1.83088547975362,2.8495950618848,3.3868447847094,2.0786423532684,0.0598736567754972,1.82156316798682,2.22418920838804,1.99330784444876,2.23779807056382,2.18893399620746,0.033454754804184,0.839084486386101
0.379035121933251,0.870736690096279,2.04761189677041,1.91472710466598,2.46732295681468,3.25035651223077,2.23844009321838,1.8807774989579,1.87928902576918,1.91913752059711,1.5180780648375,3.24202633976487,1.6638093786671,2.27067058428546,2.32832979610104,1.38193965090854,1.28266666284232,2.49904579881544,1.18386187700362,2.87383519835512,2.67792643315625,2.29962101340588,0.084581917773777,2.25161010373104,2.12623722878031,1.83022656091885,1.94885286580519,1.87132824241571,0.28067054882026,1.19773429997196
1.17006211883993,0.479731090520116,1.16077789777641,2.04502196059613,2.24436940666797,3.43438335944915,2.56249577671623,1.88495412256244,2.19536199472254,2.02829963280265,1.28522842474014,3.24375686624302,0.907055343088592,2.12186193214276,2.49206080944688,1.60029291965088,1.55970235229299,2.5805513505295,1.5587242990552,2.88274306228392,2.7419175064764,2.528050345727,0.0202683508133385,2.35504101238871,2.25047347721389,1.14700212645542,2.53000563522236,2.18575886975339,0.117581164504967,1.20100335971146
0.974860164960612,0.677717117618727,1.93371069225999,2.12557706090235,1.72431000015558,3.07203177986549,2.51762046420079,1.98638817478143,1.84071196077368,2.16755730316839,1.02752632408308,3.11580948212538,1.56213453778672,2.09135548423184,2.46696340552072,1.20366366323991,1.40141145646468,2.42403306906696,1.20301013518567,2.85125427396981,2.98913101073874,2.29618236699526,0.35420084916281,2.27508441124352,1.81065085192204,1.81040698634165,2.30746135185273,1.86321184814215,0.111161573611598,1.39642915290595
0.328647281711468,0.532865368695108,1.39319667439046,2.20505993890117,1.26683150080048,2.93731160310662,2.37716722347305,1.95115297525809,1.27014022761762,1.63862477869813,1.37591894373996,3.51652051751569,0.782102205488476,2.43199653719964,2.4289526447739,1.1889625272656,1.724508358541,2.14129815417718,1.52420929987622,3.19978569421086,2.60198212447069,2.11640031223839,0.0619655064674413,1.55790040899319,2.56858543111928,1.26461194589247,1.6023286786816,1.94445487391872,0.106091362050009,1.29846921906517
0.0543578796251677,0.665465097997793,1.5525536195412,2.53870849018992,1.44964054311233,3.18302953298064,2.60441319767807,2.36292824713572,1.37994521809716,1.56682600224089,1.28487140138274,2.97247522644172,0.448345053399207,2.5299425069386,2.21379216973584,1.12973537432127,1.36620369542375,2.24530795517583,1.45647871564514,2.71103114036339,2.42364172666374,2.37673411814401,0.312142737762063,1.73784742967819,2.27931631860693,1.1397630898429,2.69337405985955,1.63200505049629,0.0547193824946564,1.87037017112782
0.372568163110735,0.278806362193936,1.28968607280225,2.16007319529155,1.54908803885231,2.65192055809279,2.56340054000753,2.09832274814708,1.33355253792118,1.73538527022476,0.924458731087851,3.3389280697338,0.923579187489999,2.63008557394621,2.21686835480921,1.27816618767998,1.20414067261944,1.91370449545269,1.86210973126972,3.01046471631142,2.17777427358723,1.88739917606284,0.153749624536209,1.85305034139498,2.2356156813377,1.14338500878267,1.79088933664213,2.350557618179,0.387892571717851,1.49361565220535
0.0788410986922114,0.230521787770731,1.61202581476011,2.16486901652558,1.5762624018785,2.930599912969,2.55547251597782,2.47747985773108,1.09069743683337,1.509327843969,0.867810137099243,3.3299712940116,0.441780384611852,2.14326897016272,1.94470325407008,0.866032021873324,1.28647469996879,1.90891811721406,1.22546184056911,2.90971612515461,1.83761848432299,1.9955546781503,0.658850058514687,1.66368422580346,3.08888992481419,1.26131676095474,0.999865274545987,2.16981727912603,0.35039351744532,2.29605114896062
1.19816778300622,0.248688580012727,0.871440700126277,1.86483972444074,1.31065861911274,3.55322121688747,2.5146599077648,3.04554470700785,1.6541869220274,1.78366231404749,1.3791909394655,3.83785788737707,0.557749962313864,2.1285219061296,1.6767408519074,1.02946686091025,1.35830603742326,1.9285040907945,1.09278885924761,2.95905855852781,2.26885254658763,2.44622939161857,0.212974976307677,1.16475360086513,3.64619891900093,1.23280575956147,1.1986954221353,2.0445221927395,0.0574814772943481,1.77635247452395
0.168286022648517,0.386721918950001,1.04488883080894,1.7214337059616,1.40381349973267,3.07557575891481,2.58168511801023,3.27267397626192,1.37124613410879,1.60495975860994,1.09793675620711,3.85483540141296,0.791632656924211,2.08547998188383,1.82017499325539,1.11434863766459,1.11158722118289,2.13011864234242,1.10906302699159,3.13850868994501,2.20156566770182,2.28745084851621,0.149882908269498,1.74096031524626,2.8418311707731,1.5216836407853,1.67055331374622,2.04619236149829,0.477814659145874,1.46914120641365
0.242416613187071,0.396316320691891,0.692807752874994,1.84831589188606,1.54823181981411,3.26798658501096,2.57985081274067,3.19137429959681,1.0067520055122,1.29488452020011,1.30141709449457,3.52384349451471,0.772287287110958,1.86774238113295,2.23246788460061,0.937403618758396,1.03867797089303,2.04590245536336,1.22493775323341,2.85976146425768,2.31484385562407,2.42495461106661,0.113682233054001,1.38115209132016,2.73618335860345,1.3239699752971,1.19355520019656,2.36237772272387,0.346305496692143,1.44068841784068
0.707587653291226,0.0985302843016334,0.802389378119812,1.9614743758754,1.24694771427549,2.89372907754432,2.80378184788678,2.62877409584231,1.36011569869879,1.65007211596517,1.03115620298164,3.46976365661098,0.828099228354744,1.82851366872154,2.19149372859831,0.821231109909029,0.645265426982798,2.23647707699318,1.4861389676094,2.54536339593098,3.40079223945917,2.59037191555501,0.0953766810516143,0.739878161625467,2.26790749324638,1.69209914714668,1.41731029966258,2.42366701297671,0.237998806603275,1.78856098302925
0.401297077507004,0.316520437594659,0.10630578635365,1.73651589253219,0.935378268351842,3.03146205799392,2.29081774007042,2.22327643739262,2.13810939152298,1.70042105386755,1.2001451566525,3.53042741835093,0.490796135091353,1.87535027826144,3.1227533320164,1.19926588448558,0.876442030905984,2.71232872047201,1.52429784409356,2.97868849096984,3.0574314715572,2.02172682723957,0.48666463691097,0.895492361084343,1.8015327251207,1.50950808196211,1.65221336360662,2.65959249483635,0.0109439714023614,1.99295125086236
0.414463936027192,0.230618358354003,0.455429661056129,2.03008195999944,0.922421505147413,3.06728108557578,2.33461149701453,2.20406301554232,1.82933100357426,1.70003693228792,1.22623028616381,3.84414551946485,0.113392015079166,1.75022337764424,2.63993567680243,1.13911919850723,0.578027380180975,2.61038587587239,1.66365287981676,2.75329078655448,2.86008546592294,2.45237069554136,0.242506715567308,0.778331130872178,1.92479767091845,1.45029919304025,1.59138838649681,2.66319005134243,0.149220092134297,1.82486786832922
1.08669421122914,0.0517990486744613,0.441240433337515,2.17257827580539,1.50548092544279,3.06001690543346,2.21256076410374,2.08071601752988,1.75687106953582,1.74182493708834,1.38340674503867,3.95751844573749,0.135057397985154,2.20992544065783,2.66665321803615,0.849790749415382,0.505227563858129,2.69578131982758,1.34590905833152,2.83174627436654,3.78891876292213,2.2097695984255,0.150972415409746,0.672656382712955,1.61519656877381,1.20571390391293,2.12282898139828,2.88499848902608,0.019448112952766,1.83835748877059
0.368457398047052,0.0603739175649169,0.590986465210016,1.55952079541991,1.05553819922993,3.33902692360857,2.17037552075233,1.90290247574871,1.66680040878088,2.20575826889924,1.11874197868227,3.66162434008747,0.562621477791596,1.95767783437149,2.54955965431332,0.920827233852866,0.832410068401924,2.71701096686642,1.69173839639141,2.94445438014758,3.42811500198139,2.8804328961384,0.029958986007893,0.511667793998739,1.53418311674378,1.22128111386392,1.72881815766244,2.84566199804902,0.0589414203515635,1.72210020995904
0.488812168870613,0.11931952794082,0.973242837771894,1.36521130692086,1.31598240059777,2.98303150747774,1.85911313217947,2.25767963653526,0.97043784565801,1.75878636103858,0.94088634021734,3.70779207762597,0.649749506825465,2.20498971162476,2.72386905436017,1.03219715427031,0.316549316615386,2.92844546333144,1.76783440727095,3.14280289040012,3.32843797737242,2.93776689468122,0.184012672414051,0.349147365841831,1.26910790801229,1.43062424038018,1.73551668660318,2.58902780451141,0.00804806351632078,1.55993014540598
0.944042867194054,0.0644298103995817,0.832744270296655,1.67600399212084,1.00326098216239,3.13075495536283,2.23584292115961,2.21938879169018,0.901838163145816,2.21784922212064,1.39737797189336,3.57988729833525,0.349690940695308,2.04064393882426,2.43730301215026,1.2767071589158,0.442251809501039,2.62442647745546,1.81845333856462,2.56064969683781,3.55871030821009,2.661978484016,0.27358578387533,0.370664619998264,1.74808716381996,1.21431070516446,1.76197577393706,2.28179817654349,0.113119433679382,1.66422665056538
0.64428046308406,0.244841495228092,0.702497020216839,1.61404044033184,1.41417864005869,3.41302505403288,1.99333466278539,1.93809747924161,0.754110748340537,2.06726008261135,1.01681536009306,3.75821807376828,0.291650252346725,2.23813728257525,2.57564992869803,1.13202132298214,0.471582436021212,2.34654129071182,2.12050648923057,2.72423343525019,2.97775875668338,2.67255859931286,0.316086251771488,0.457552339538284,1.47145487232695,1.2612642897636,1.70288177297479,2.28145332625098,0.28342965019589,1.51201021498878
0.692308085436123,1.02995864999465,0.159666978402189,1.74333796016351,1.21368312940141,3.95150864946563,2.03604714758314,1.94145358315209,0.907824650392813,2.15929501066216,1.26818404550861,3.62896430299692,0.427175346331333,2.09738906095931,3.11183834364337,0.854414013924114,0.93446445780204,2.0044083319056,1.74015582518746,2.65714009243801,3.4733421953847,1.9883510789829,0.0440178625905277,0.456808870108481,1.70856955004567,1.66133235417027,1.62534075090126,2.36561438646622,0.79047547578224,0.823698110687199
1.27088515446338,0.750341755528717,0.438870504864016,1.92503117205144,1.64353457032925,3.63543138953638,1.99069187898444,2.45463950535918,0.993333977214077,2.17228532525643,1.25521915086428,3.15839068306172,0.600234662488782,2.17014086706786,3.01602612764939,0.400248477957152,0.913732579277378,1.99824504084109,2.12834146614473,2.42484657968564,2.70192511410624,2.87602118032,0.388257285980494,0.546268884188298,1.98687023475264,1.43671463829907,1.27780748771126,1.95946271530222,0.377040366171198,1.02211640183302
0.527491314406157,1.2469512956892,0.0632651078456284,2.46258162128263,1.73615002682444,3.40572573150032,2.20648176629791,2.24583879395299,1.55247285751407,2.37114519749697,2.22152342706547,2.81896134989221,0.330219779050422,2.13170280809902,3.04052755671853,0.198335046288019,0.653934068456045,2.89493200985502,2.19018135514669,2.53596758271581,3.0292063427253,2.48734409968764,0.177941546065232,0.668498498523489,1.88407183917221,1.41657056802629,1.89686834995632,1.5284430244752,0.0713648415384387,1.80635384544471
0.957797699810324,1.22713613972677,0.0369689432842632,1.99985662373738,1.63575446103664,3.87219871295846,2.06461939636905,2.66562269265247,1.80737430840109,2.55959049167075,2.0690670476596,3.03830256214883,0.199731515239207,2.09540802648069,2.61653707714464,0.238808010340131,0.692579690035049,2.66500553965681,1.95194443512814,2.74333926261617,3.83198595139869,3.046809228277,0.0631260457409142,0.727037407937926,1.89766783126275,1.94726932437031,1.97144251351466,1.56541319525,0.137467495408307,1.39957363218571
1.17408290719711,1.42792389184458,0.174460887068761,1.77566836044406,1.68719510215093,3.87553598973353,2.22660260156297,2.90068553886999,1.80545487630747,2.84125574576412,1.89662449417143,2.7918655776333,0.124776089913237,2.07662628035656,2.92502134315771,0.059920111766517,0.939302003142034,2.67590775656532,2.16742765224615,2.44056635822945,3.69190715800266,3.11361714715896,0.191464821468205,0.784513446480587,1.67520185337476,1.84412539977184,1.82510847503823,1.39269882634384,0.0409001959621261,1.48543430896993
0.952188787998469,1.12710997509699,0.217104428232717,2.03608546316774,1.64812878325253,4.26762308405321,2.22882433822925,2.51765654166486,2.18662812815562,2.16344740573862,1.60121450512103,2.38410677886678,0.263934380192793,2.10438077807071,2.7693645499453,0.0778634488511725,0.777876068455314,2.45608296535303,1.95848163235116,2.59042527868386,3.42550504198492,3.9474263607942,0.0755224469316153,0.456963267696055,1.74162180170082,1.70603977167284,1.96134859693622,1.44111385925923,0.187050041665034,0.868142763491411
0.883576082940668,1.23274474364257,0.17845876449836,1.75061432227157,1.76924285587546,5.20714455562019,2.11874992028057,2.65706870292098,2.28325738183032,2.23424819116238,1.38642783428645,2.41276881177739,0.230972807158403,2.31613863706502,2.71782286880497,0.104979147131917,1.06833581067924,2.80323192518049,1.86937095444833,2.61503485050961,3.36337517822874,3.23494356727063,0.318089421861162,0.570630498969945,1.68574788710496,1.86803304806784,2.214870035434,1.10267084989668,0.219222021220156,1.04375566705244
0.43067376631141,0.947565191042758,0.334122401986883,1.72560590702396,1.68983471093003,4.78339807353708,2.02025897542199,2.60919124750306,2.18772141510854,1.73976661388262,1.60372728491488,2.60293966390738,0.121278387527872,2.15577212023547,2.882302589531,0.00160761085698069,0.829647257394241,2.71976048554743,1.59319034619937,2.75408877654505,3.50024425586449,3.56878099100771,0.640276570319158,0.671334928761615,1.80157530751099,1.98871752248509,1.8991311363492,1.31054004429919,0.269814409735993,0.705081140474555
0.54206948897821,0.490761071499711,0.149979186908505,1.67756049032178,1.7657148281886,4.56068098561302,2.01765827985021,2.36791446691058,2.73189792404882,2.28149272182409,1.67355162021313,2.37040134741728,0.0666117788132356,1.84145603255431,3.55787719571585,0.229793881994583,0.895236697121787,2.62021696310791,1.6206676202685,2.37391433653984,2.52119213237925,3.66376570176988,0.348042144633862,0.607032300135861,1.43876661455131,1.9237323974086,1.85987738110172,1.39164857854146,0.217855873636387,1.1633861121366
0.559493933340958,0.527299922585109,0.226748212622689,1.7606952298258,1.70496864632976,3.99463818232607,2.12540689558561,2.58380051776253,2.89589582920925,2.38522310868398,1.86908158428398,2.52720583142439,0.0318307954181878,1.82523538066481,3.37844531934008,0.295079087587112,0.903985185510941,2.62894891566633,1.617080497603,2.52638008897658,2.47607304318865,3.33553906889647,0.635232411927378,0.745639881720283,1.56961780086372,1.95951906434403,1.67613331405058,1.44195042784282,0.292013028300727,1.30621450120324
0.571149004233157,0.411094280638021,0.0103323745107331,1.68614289766102,1.68175772086833,4.20680523731943,2.1630452505477,2.7559603115054,2.64986840222675,2.37481092331847,1.82267442312302,2.39266179056906,0.126578518298146,2.01962798265148,3.36630470698329,0.212821265023268,0.891546185208095,2.70465030877584,1.58603724004506,2.44202593575782,2.58716344783236,3.26963512826782,0.560773257426663,0.857328329907797,1.29324601765546,2.09862960869079,1.5292892029876,1.20586979745716,0.357715748599081,1.4301459055076
0.892239686774825,1.57480959283025,0.737119697481617,1.38076797847991,1.40140562140417,5.42577724077015,2.12217492870508,2.95423046420588,2.36688581225213,2.22891775136547,1.34481497642713,2.57672193474945,1.01556656561826,1.87131397445122,2.72201021778549,0.4576868639835,1.3836040218367,2.14816334587226,1.81755472343399,2.10299469252736,2.4171694756592,3.17975339760602,0.879909000723475,1.50111700181204,1.55114770950671,1.3837209883306,2.61096441644055,1.42713617482939,0.850293204252725,1.76045196788285
0.198899834372118,1.18879121388091,0.719580815374483,1.85903906852905,1.73231545227081,5.00223554327263,2.29818673136104,2.72294630230337,3.20811855558334,2.09195787813666,1.60374834550144,2.32449178857263,1.08724376938371,2.00187550913092,2.4183446643517,0.0635685638731382,0.448603418826327,2.41791417041017,1.73931875746022,2.18005827169006,2.89603715604111,3.34056922351799,1.28575013497115,1.13268026919421,1.65455436720021,1.27639028660687,2.43978294405154,1.32096080512888,1.24709843016422,1.92609863244109
0.0744684551344355,1.17478228831895,0.218373197281452,1.70803469664891,1.36062387537133,5.62452850745831,2.24039515000191,2.57711876880295,3.71187317482884,2.24739162370372,2.399294206862,2.3533409002667,0.870638454238496,1.9443831301034,2.22162781004285,0.0240946220849338,0.362943776913537,2.51479596584444,1.44439216440863,2.03002144060575,3.04951705021438,3.11718778136221,1.4137037458506,1.50643284640715,1.46343442046638,1.12924795008108,2.47315418250143,0.91037314346884,1.23251025723382,2.13952727010387
0.183332092082243,1.4206522138242,0.152825237625768,1.86408900697342,1.41174590352946,5.11992418589374,2.3387399899303,2.77537774114459,3.70264901000945,2.26322360084365,2.42830528532201,2.5575823282626,0.63255369453953,2.26178030264708,2.50213665910717,0.133501447601943,0.354813296546701,2.43987321639828,1.06371740721478,2.22226156711091,3.11317961856704,3.37370126561809,1.20543537867131,1.38278348182974,1.40898375928719,1.39040740599297,2.74672673325397,1.0427938284967,1.47112653785488,1.84801118337307
0.0708041175730328,1.70762119167093,0.164201648588719,2.29316252766501,0.993422461651324,5.37634888903025,2.54032095067704,2.63974216745198,3.19344033034691,2.18107042264461,2.59001824805959,2.49519448295297,0.843633152942209,2.02706669762421,2.29156291180424,0.460065228117347,0.520776538539004,2.69431576053702,1.11341497499758,2.17385060231352,3.24988908219246,2.79383729188293,0.791361811467302,1.73319943012816,1.37752683338785,0.913834304868067,2.83349131380584,1.05843757680181,1.17019375152191,2.023353736616
0.837610237106582,1.79380509397582,0.392904868007602,1.94563907071098,0.572563766131829,4.7109070138813,2.36796888446557,2.52479067272363,3.32073944093837,2.42284901433833,2.78966468096589,2.75000640460338,0.835646290678254,1.82187852127983,2.09193652834773,0.0115662692981478,0.908566198046119,2.46242229788748,1.05597783551628,2.11219536644457,3.32864444296002,4.08039073502851,1.10174940129622,1.65595135455545,0.951282540299558,1.03297767191658,2.86607751318046,1.03800582295743,0.690424504588882,1.42213132922228
1.03260402580518,1.48901241569682,0.225547769490123,2.15853089413196,0.606893851710617,4.83850504097938,2.39820269495702,2.50255787970076,3.14905383443219,3.33638159906984,2.70985566467021,2.75888272322768,0.19298555373366,1.84840426091214,2.0257157099213,0.0276910506134893,1.04261688898223,2.86203780482063,1.22220951505909,2.21609079372031,3.52825419721645,4.18059014550725,1.00711582987611,1.80845633805796,0.648726024023094,1.14266192897445,2.81415095812781,1.06788053436292,0.737796062177522,1.61799457883009
1.01004194654286,1.82703165365236,0.260845532264437,2.09010494209767,0.740680632751197,4.16295134445614,2.25122634069542,2.64489045029511,2.95962384268356,2.44495057086164,2.79304057426853,2.5511858831187,0.549833666151753,2.13689054871597,1.96584977307457,0.229935233607821,1.00064951767189,2.37619424207948,1.25115077826399,2.24799849886754,3.21844811551166,4.66519445169041,0.759238956729032,1.86386902473389,0.980520711422227,0.980173055109559,2.48916483386041,1.30456812342878,0.493616783479755,1.63311820360106
0.868008480316357,1.23711476345672,0.286590935623049,2.32650012368595,0.958438426541141,4.03384547821755,2.21843206017297,2.43921682416993,3.01330600039638,2.60518065709698,3.06751804138861,2.7190288870203,0.615726147375913,2.05597055294213,2.02737275622131,0.199662419254696,0.96862616165551,2.26046581778159,1.13884390894897,2.26124861177423,3.21549739171811,4.88513934886461,1.00773017122723,1.699614292645,0.975968941358979,1.04173387802978,2.25429849414681,1.55272139191507,0.357924040944992,1.55696726186505
0.649418092725545,1.18604072104911,0.124666542517794,2.09517817305629,0.953332682345586,3.40308116997561,2.59925870735689,3.0442959205701,3.12679578146036,1.44609821392563,2.78360831159256,2.53699723628137,0.59666300279954,2.0345131091196,2.04757816429203,0.183525374678285,1.33730450303029,2.48574221919576,0.949105560591011,2.13141987150006,2.87531281174268,3.9924258623816,0.658296458648094,1.64244916487317,0.619426156182914,0.778206390513467,2.79225632600775,1.35561150587351,0.57223882274575,1.30818310711707
0.584605839893457,1.11648681455897,0.15265611390967,2.09476845810975,0.618455485058782,3.58099772116635,2.6878597724747,3.08513238786244,3.09871024117019,1.47913436891965,3.07047245249443,2.43342585793516,0.594371327586898,1.96486311963137,2.15897320114166,0.326690156411577,1.30593282256171,2.18518388272265,0.945878356118556,1.95992299961169,2.52101815838158,4.1839133309657,0.603290527649246,1.48452477654225,0.608979581604889,0.566284929703646,2.93757543644099,1.49107222099955,0.472208919639805,0.967933664955577
1.0186334903312,0.611258573627204,0.25915108804441,2.39634407138244,0.367967356276282,3.47226112117574,2.45005770279223,3.46107348491331,2.69017302488553,1.53562136417766,2.89367466373992,2.55855225800938,0.628294427477388,2.10868802692139,1.70666806131521,0.0159696835436944,1.1347918030303,1.97125505762524,0.448562676568287,2.14856260368246,2.11666291841882,4.61748857306096,0.122262720194699,1.89069662881038,0.769725734774864,0.227208337152659,3.10153921145397,1.43680196043389,0.496635569093801,0.524312843583223
0.244564355972907,1.04319876961802,0.572890300787423,2.07687721210186,0.70965592177975,3.65330314016513,2.22495659389197,2.36258565120173,1.81388757997087,1.96823560290652,3.20277382938989,2.54979097645732,0.331756142352777,2.35419176276362,2.01637453945742,0.205892084257986,0.827015597181583,2.14411341483018,1.36213763930519,2.19518413890658,2.20445292956553,5.4638747490038,0.545849751297341,1.76588279465445,0.99232673080915,0.137670616020847,3.08371652005021,1.74587924365169,0.783129729056531,0.460652285095676
0.441684632698311,0.422384883565606,0.722624541176292,2.68332611677101,0.949907614101574,3.55603590343581,2.24859566721749,2.48891163003017,1.67235094764553,2.43819445958985,3.0578996916785,2.06784461517561,0.00608050925035471,1.91507065530912,2.09613889457868,0.296989407416622,1.15308780687025,2.0464746768959,1.49853598827265,2.00716920539352,2.38315814596083,3.63082327615564,0.910854912508848,1.88307431683551,0.68995941244476,0.127635621945645,2.55663295469057,1.52651055732669,0.840278986815643,0.370798727057193
0.22018624721048,0.154093067024482,0.46623450294007,2.68882394658812,0.919729346607799,3.40425237909247,2.42046008574385,2.43056438574617,1.51111762329852,2.59444241504561,2.79799206508153,2.16953348863881,0.307302173281567,2.08285362865195,1.93872753386888,0.360838806896234,0.986523461295671,2.12630908180046,1.44109244928346,1.90054014904896,2.38159200240855,3.16878964211436,0.746001848783239,1.81221400667022,1.17835557654389,0.35003996251615,2.52894593163593,1.67085963434111,0.599737752819385,0.37150250741298
0.390922770142299,0.391182112091,0.541633695556668,2.22439331152388,1.30302389069695,3.78489642162711,2.24750372797623,2.4226920585475,1.19867117852486,2.2811290314715,3.31164187230892,2.01150871541986,0.191224280760233,2.04390184654405,2.20899384343765,0.474067944107349,1.1795021054596,2.12114093493225,1.32788159637261,2.05076232469009,2.5234894400434,3.44739853763661,0.754857236011746,1.91924481320612,0.638668276026367,0.164352999120823,2.74975569174409,1.42072532469677,0.719761836447385,0.505923926064171
0.0833747263016121,0.324597241684385,0.471612519419483,2.67068004995873,0.931302247641059,3.54530111120338,2.4793305463102,2.64259626442642,0.961871967270323,2.26880423594227,3.53172801619881,1.8419149106924,0.313853302972619,2.0677962878248,1.99001891769182,0.688185354653051,1.14387268374682,2.29225354540908,1.41186522510558,2.0335422889723,2.35268163147896,3.743346284766,1.27255706376503,1.80418472909856,0.93231702545378,0.151576886658096,2.44112121260831,1.64665951342356,0.592865889673178,0.548714665004212
0.280279087544984,0.311001605280675,0.587090305718617,2.36240213536744,0.836753304308706,3.23182590130951,2.40678970928749,2.49792208003645,1.11996918861534,2.49716555687583,3.8112409708221,1.42719587156029,0.389645485650761,1.93231824642389,2.06594302405822,0.274235750673732,1.06620576929288,2.57560393177583,1.17094946555591,1.94636190032108,2.07788806385511,3.62826444037871,0.884482428453538,2.04658517856649,0.698970405641672,0.369808529792575,2.53416251156853,1.88757476760968,0.335263751518791,1.34859437667033
0.639797903921576,0.43257811063722,0.456898676387813,2.29699637748179,1.07814628159586,3.17220378224581,2.38581539633118,2.70061205212969,1.02086693207857,2.00350204250959,4.50214881854373,1.63522979368628,0.539791820187357,1.97073108155207,2.03276008559278,0.298645978194964,0.768710628409066,3.08041989831474,1.22320095609926,2.06706722661028,1.80214128233593,3.31854679024032,1.28181819080869,2.03150968343019,0.877082806926632,0.120941889725342,2.69804003772708,1.67738225912794,0.625557462743485,1.00683253779514
0.687617954307518,0.554321093434372,0.100218582756587,1.13619556687877,0.534377109594116,2.44305023728228,1.17342738489742,1.55835956974116,2.10180056943847,2.11398361430803,4.31671520119105,2.48120127814479,0.922593893455257,3.16025322555458,2.05865675017025,0.0786422396069898,1.09801194449055,3.03898992178412,1.68405199857252,3.2731870160305,3.63274535579747,1.94147610775226,0.0336008810985552,1.63386791858353,0.027323214473669,0.273009470257937,3.98854258906019,2.64109065875149,0.359372040733633,0.286462557930866
0.301932325806186,0.538204930891951,0.405278925873416,1.48406569069096,0.82447720554598,2.69314774756861,1.47351616534399,1.34628043903295,2.03507260015453,2.24412897263661,5.42858205839318,2.72288501783074,1.0687464885844,2.39073280927357,1.62889197751556,0.163759548065493,0.583313639504513,3.35010370764732,2.06431958203365,2.7606392103879,3.64093419527675,2.80159120418647,0.121233529019018,1.67545226091177,0.10115793297183,0.26121842545349,3.77646076159564,3.27248631583075,0.172986257071298,0.200041089454052
0.684981130978004,0.239563533813202,0.391687703968818,1.28088679726699,1.00952614890744,2.7126990256336,1.46624763837015,1.56275244763807,2.16982375530052,2.11430669149783,5.52234962317203,2.59387321531234,0.286966276281392,2.40430162772918,1.57161263761574,0.153843768168931,0.735198690717094,3.36761722837455,2.21716103104798,2.94082918287513,3.5961371833849,2.20971572446474,0.12686500025574,2.00954817171055,0.162936514613787,0.583841670435197,3.91576977931326,3.11760533049933,0.0874666555058782,0.259472536478191
0.258022490879829,0.145448578678507,0.208260681202366,1.53458360560607,1.31565916736184,3.39486130015852,1.44272449371929,1.31572866873376,1.80794187147335,1.90654005124338,5.06450652966648,2.86062144719421,0.366661887375093,2.30073324230133,1.67535788030112,0.355452303420571,0.473822030467977,3.59017446710886,2.5318251254624,2.77532559355778,3.01187966284043,2.19187179625364,0.568662046081973,1.95840304527579,0.255314309558634,0.830764520217658,4.02039100387521,3.36181183131196,0.167144818710581,0.348803487146486
1.04500807710294,0.264841163183288,0.256580322360008,1.54167757211001,1.03806462137885,3.03030774245739,1.64547966803745,1.67070566642001,1.8413936930461,1.49426347557763,4.93460183819227,2.56027560270633,0.42563514321625,2.32331355146551,1.91345527852848,0.333425933257252,0.858566438145792,2.89852692912014,1.90051734650167,2.79964554036424,3.1491697873596,2.37977009933778,0.0919367718965728,1.92028293921396,0.0292372312820643,0.653719148130929,4.0622477398917,3.04594160227947,0.0860721161379733,0.25262506225486
0.452941662830193,0.169295718047746,0.218635254871503,1.4247395172871,1.10365184080398,3.25786463699665,1.40457465988433,1.82398739627616,1.70031336570841,1.64183279684608,5.68875623516593,2.71487593221312,0.640017396531963,3.07123353572473,2.06834684774602,0.280936491757047,0.700199896497936,3.25292112257326,0.936823995103282,3.14231420483027,3.27998674531078,2.06323238225317,0.234679772208962,1.68510187616137,0.0724104453808864,0.582017998366886,3.67590764503684,2.96519157109503,0.00163803986438669,0.224353273237046
0.745998789792621,0.713745457399284,0.385330569194669,1.50621242263858,1.16840851155818,3.04649507389519,1.33088576209549,1.45886422255281,1.33823044608174,1.49970178858396,4.8614103815924,2.79184510490441,0.319284436889246,2.64275994517527,2.2658554182508,0.170360197230315,1.23389914536597,3.39584882278236,2.32990693691636,2.96495293883447,3.58344458034242,2.40462322907568,0.454564057036792,1.72037125438862,0.286029980645365,0.881702401515949,4.06073455192355,2.81824586481236,0.336261430897214,0.16927850707076
0.344871983413411,0.380986326997623,0.759377957757896,2.00142925653541,1.21245166785634,3.14427482695849,1.56845795195874,1.31717006599931,1.38413332032567,0.61630492408216,5.3291320862289,2.38282052560254,0.4889469415056,2.73798497934084,2.5541182728786,0.204248843903304,0.416844009408192,3.12874228848742,2.04120853759372,2.83488354446237,3.30436661965858,2.26984100968099,0.541919860889071,2.08036923504826,0.395296711676077,0.614938470824815,4.27640713683622,2.77927626619476,0.135739677855991,0.4383678072241
1.09141143678225,0.190867376938314,0.632955224514115,1.71760710155254,1.3212348469879,3.36738893195478,1.39967344265978,0.990469244264212,1.30908917592316,0.990370298789253,5.33050020112901,2.67917779201875,0.574985638786836,3.02167601727162,2.551853710191,0.349434614104988,0.817469522751976,3.59067088903477,2.55644065184304,3.12340881441564,3.50812736150236,2.44381430942,0.373702434818781,2.01967754610741,0.274380511838875,0.479903832237343,4.29862437886057,2.93156116009593,0.306038586806749,0.603930791156409
0.423070302353942,0.198682922170437,0.491825928412891,1.80444900834351,1.44886587471482,3.85210991369167,1.49826045193046,1.19737566221829,1.5927215822672,1.33652207543406,4.77485749255753,2.29035207286527,1.14142970648556,3.06838706527328,2.67383877159009,0.600842515057339,0.316584211199885,3.68658898540626,2.61470471201903,3.02093336676832,3.26531051821566,2.40850547905313,0.165697817302911,1.99850660041411,0.0175998486632528,0.504436225585221,3.65531317166804,3.21731614679665,0.0366943685171709,0.572356541551411
0.491916052093038,0.249478591033378,0.0388889714242722,2.07978156062876,1.41770492155524,3.44957939724691,1.48667860214946,0.794302225911371,1.44799083677623,1.25456142308184,5.11811650610685,2.64503521737259,0.573415781476947,3.06337412750637,3.03107450966639,0.856366075060787,0.217613612970209,3.08317780681933,2.77942724369762,3.04393519403871,3.78543556998202,2.37752805838142,0.561813179754696,1.5280826528185,0.855383671036045,0.578209126073697,3.84056509213469,2.57621653098618,0.00500602136225439,1.94926668117748
0.327695366480184,0.406918396187897,0.737396803039746,1.87801408151193,1.38227685059161,3.51869309332316,1.34091224083991,0.633197157387215,1.19554123323258,0.771949924999654,5.40669470217041,2.74132826474504,0.121506495104963,3.3558662021728,2.28455762701541,0.0184661283515108,0.0238183206965967,2.6139207100092,3.17364926860095,3.02680331045591,2.78057168316658,1.89513990363461,0.148820178854703,1.82851009656643,0.690847325107048,0.599641019801156,4.15598961865857,3.09716924216808,0.574743681771848,1.87968101894139
1.34400714586176,0.695180142907674,0.597220699667955,1.7619605237019,1.03993376181468,3.22777145373834,1.48652448840454,0.75831833830857,1.13231768638939,0.772267537716394,4.76016823051922,2.46162245687403,0.334971523758029,3.26817870662755,2.0851234798125,0.0987653951135047,0.644608413585868,2.42820046747479,2.70667174632262,3.13339267658061,2.75924233957095,2.09617921630687,0.00740261964047104,1.62250462968295,0.846536087664914,0.4104201842927,4.75566136089257,2.72683836835706,0.513306843393787,2.14930808227824
0.871639689750054,0.198472881689301,0.679108645489534,1.87967602118621,1.32069593370932,2.73714170779087,1.53426006190205,0.959087732802052,0.856265278987101,0.82964448384696,5.40282135584072,2.40828903060082,0.375500699870558,2.99415081847505,2.3621414974294,0.0625718983384174,0.0094081442299741,2.65985364236789,3.35224071111306,2.95263770733828,3.37236804916164,2.43347027194951,0.323057239633088,1.85625749883846,0.6515770530885,0.835718257745937,5.38792753201154,3.23328694690097,0.692035734410458,1.45776252514868
0.31682568897782,0.440555104463023,0.877013048179836,2.71551807563199,1.79426378951038,3.3041285067516,2.13284228365843,0.954343580152468,1.53665654017932,1.59116763392561,6.52151899529539,1.89848395770282,0.679545343194877,2.80855318634296,3.05701696800567,1.46948445679692,0.234635571369237,2.61994026004059,3.44915524718928,2.88226951041021,2.4156764884032,1.92004882399217,0.435190006336293,2.41222227533338,0.483583544635527,0.626891623950712,3.16657477562926,2.39862006390099,1.19315798216986,1.62579962086309
0.111065106579564,2.01864909037703,1.20121919149235,1.74520174060043,1.5186503112183,3.35447242822384,1.52202026737525,0.926368141318587,1.15096812565262,1.33403559499113,6.32585607980024,2.50984114686509,2.12943685831723,3.08829884794589,2.93858866155505,0.962217266155891,0.478637268003766,3.46004430010475,3.52624848532496,3.14699698140025,1.72687931900479,2.02244641405079,1.30603746520182,1.77504067144362,0.485233461423382,0.620921124106912,3.17132862547651,3.47943766009285,0.757671466245026,1.14056954654166
0.0147834612900521,1.62228991266767,0.885740826313472,1.65290422625494,1.30250164585088,3.45526752934793,1.32897180812323,0.769145729653387,1.18625489623189,1.29878955294667,6.8134540931697,2.63922773813707,2.32603813483022,3.20681254136866,3.112231378502,0.710482852303471,0.594336957931165,3.18167639902941,3.32502286387514,3.19809661356461,1.78215418146832,1.98190566560495,2.01209801514218,1.80243019704501,0.0281298001855766,1.07951335546913,2.17394813290782,3.44318237474989,0.689952005454058,1.0758101470603
0.0344215586189905,2.86410347455101,1.94475269495741,2.71657977036587,2.40493566740527,3.74363514870254,2.04686130202076,0.702252050666975,1.63748941512309,1.99218375626606,3.77727577541451,2.18507212984188,1.54245242320798,2.76479190609547,1.86382932329397,0.611525831045767,0.0669069502165445,2.99429075529402,3.39044071717129,2.67369373895579,2.60104909475373,1.55847748690195,1.22884040584441,2.0137335567979,0.235317810085693,1.11715612990978,2.48866060084662,3.57037046125734,1.38101846540948,1.60276146843502
0.0841197733312523,2.89007725669346,2.57101289903256,2.30322408597594,2.13125832041277,3.77113573176818,1.69686287704411,1.04708180280634,2.26844356442138,2.14931600945279,3.64119610615767,2.18446829790004,1.83802065446091,2.90579550821301,2.28440290434697,0.0679619960648856,0.18641259200274,2.4712500717311,2.82577501511096,2.60962379634642,1.57982408386202,0.594811244771067,1.13831160682703,1.50314184917611,0.383106791187975,1.11435491114696,2.86518256229982,3.21566045489459,2.08976579992331,2.5031469620114
0.00906867802141616,2.41949349599189,2.082799279245,2.05058302321881,1.84485977813542,4.97837490626163,1.70829238809842,1.1821911219294,2.40686420087175,1.52338173499994,3.91008515009997,2.0918372393808,0.868883302242885,2.85305087650535,1.89102826159214,0.408412463386948,0.316622681929587,2.68137697637986,3.08599170612934,2.38095499328084,1.34816051281495,0.090797623623989,1.43540892792687,1.29507584273428,0.0734026092712747,1.18601875060538,2.99554567283695,4.28990711165528,1.75044222521023,2.45822794809182
0.370608688269667,2.30111524904039,2.30799154591391,2.50200892487178,1.34082046318108,3.86374333404731,1.5572339369593,0.423576598385564,2.18577803070464,1.75416304588504,3.96768802865529,2.05917157744581,0.498062352895786,3.2349023572505,1.67398833031297,0.545842436218263,0.159049709511345,3.17481199050314,2.55834231973355,2.91679136305342,1.58716948593389,0.9982975463781,0.742562691338497,1.73311343170359,0.278549276544835,0.811883125502542,2.64044163524347,3.3215421900171,1.49675163483177,2.2387769528742
0.192882015937435,1.57872964739346,2.34705045397196,2.40937197413472,2.16510600607048,4.3022246216706,1.38194050840402,0.162114260258646,2.45385292899968,1.9738302451537,2.98025623729869,1.63864168082661,1.48063489920728,3.16323504745872,1.79026248856511,0.488581347502931,0.234226854200081,3.4561159159292,3.10124142041353,2.827506543029,0.890459621597081,0.622402964686927,0.992313077981276,1.38823808196491,0.0703679013110051,0.279701058119227,2.89236847477443,3.67253729658655,1.7316953822668,1.96218969761596
0.231739956847785,2.35807368125462,2.59585405009109,2.58990061164372,1.80152288570271,3.63829455401814,1.43174758779586,0.215650730943877,2.37115527955669,1.68436168772914,2.96291779285683,1.74652550178038,1.39108678737297,2.81863842007749,1.72180244022875,0.175617287651377,0.421014495473947,3.47685266915666,3.01023112641978,2.31859382695525,1.28657369840402,0.640766270780385,0.584926328995579,1.59429581366481,0.334757497718782,0.4134303498258,2.93907273357096,3.8978966151329,1.73567875976458,2.01736311997117
0.0187948074133477,3.02166202720817,2.61166255862225,3.01083258799368,1.45553107803742,3.36237283651382,1.85724720845401,0.0651182161591743,1.90239094683741,1.15606950505341,3.51579165580779,1.2990891241788,1.64667566288663,2.4633671816844,1.92374272004446,0.235982305507165,0.230943617765566,3.21208753862189,3.25443075381095,2.24999112118593,1.54969338310347,0.666290760356465,0.61108531670404,1.80787103599883,0.102140882988725,0.0190157580972,2.5814712206346,2.83648667057527,0.932222108708827,2.62737313063513
0.0165792370018105,2.85220310451776,2.96670355764524,3.23163736781311,1.16155607321113,2.57216442646234,2.05637162287526,0.190324400514039,1.22251946513016,1.34520786818471,4.20687434544229,1.36679387134255,1.67446137388431,2.5862334668505,0.983893865797884,0.204331567871897,0.333395530592745,3.9297233347418,2.77187933338488,2.21858956622885,1.39625549602474,0.613913127348454,0.34441156333023,1.51953647739327,0.858443336250251,0.16686338856209,2.60787409741608,3.66302960712356,1.15532189251674,1.8631756768718
0.0150127266381446,3.45580310654484,1.86602958006631,3.06693302468957,1.13588902490546,3.59995579047701,1.73775767312733,0.119452714828127,1.36882918733906,1.78458191240689,3.61019777365254,0.87357142193181,1.76742026157175,3.1645402940968,2.02322264700413,0.565844569281271,0.243791217117372,3.6568252143632,2.68076078479271,1.94411636061995,1.38843083841729,0.693585792405962,0.225567066667319,1.40157785007658,0.429940011251618,0.434542901043266,2.6044406285164,3.45079056577482,1.08632546192568,1.71250114454046
0.0150046537158702,3.05260134123417,2.86925893392223,3.40938270877741,1.46303965248906,2.37998264165236,2.059736014239,0.183549859996198,1.57904296019166,1.36203213347102,4.0626159309052,1.01461547249636,1.37454816845378,3.07765520953994,1.17884663857215,0.285647050576992,0.0168653975048104,4.2974366177692,2.89708657767993,2.30525072725995,1.1263437770166,0.273284836365815,0.252305271004537,1.87693312886728,0.289625514761551,0.129939643204082,3.16891174379057,4.2672203697491,1.42980810268313,1.21549582528132
0.161861855522094,1.94267860313291,2.10685156688092,2.92830514738662,1.8862196413364,2.69458771518861,1.78638485083045,0.397866125887521,1.96708816666442,1.48903970482428,2.80352022670817,1.02401775196909,2.15507566947693,2.88555691635955,1.70164225180046,0.305805347980377,0.0514221434222925,3.40199586630884,3.45740438167899,2.34611950088253,0.868311555975874,0.247100592495852,0.227508804364902,1.82643319111299,0.799556982417683,0.0782295221879361,3.56777260830839,4.76324349965261,0.659710191548099,1.06786274108245
0.155835819306603,3.46974831549126,2.45745970660299,3.24040265516609,1.89972246061266,2.70138145318048,1.85291196122848,0.554056198573606,1.14816473397757,1.73354487274827,3.88554552888154,0.621098542046961,2.32731623390042,2.28919014882659,1.93039490908766,0.929458265134005,0.041697188377008,2.60732521643561,2.79945148129365,1.5520476000902,0.622891076350379,0.67328203842641,2.05801247157535,1.31154031412178,0.18674088308046,0.189060320890772,3.27694153394579,4.44913887177338,1.55152382426452,1.52420558728325
0.0817493033002786,2.79255548084693,1.92035344734018,3.95439462006534,1.50578601509271,2.50232528389351,2.37612233019133,0.473522923750591,1.22201308554361,1.57835542199851,3.34367788399979,0.45856162470902,2.96834991549285,2.59752361266781,1.51457183126221,0.561535667046669,0.162195695953147,3.48140457125346,3.25242851369368,1.83686988859712,0.498578280814626,0.153850940720792,1.37593154903196,1.24333470896894,0.398138266469606,0.638469034824077,3.07609079829862,3.98741567946708,0.986794373599811,1.43596474287569
0.131157965342825,2.02302767364989,2.40771428539506,3.5545456943598,2.10079498787292,2.60110518332546,2.31675921735597,0.393590197606349,0.936855424308103,1.52726491782656,3.50275793855476,0.189656264452653,1.58745603905182,2.30722917201976,1.25319267039472,0.308286401650277,0.215483686243655,3.62182145488231,3.23974921810273,1.82472105498818,0.692209423966861,0.493740952070565,1.50544171712949,1.23683432215216,0.280682811502602,0.545788641957321,3.38917739097446,5.37036469364193,0.942906591328705,1.44057268568474
0.0495039508409163,2.59935259394056,2.23788394769599,3.9121547373453,1.93192388498735,2.52488756106314,2.58141174605532,0.0922986733663145,0.749260315847433,2.07221569962683,3.38260674018514,0.676686203124857,2.59197472758636,2.82412046759878,1.83565639549039,0.701215463338216,0.312604106781229,2.98277097219519,2.96794396906651,2.03825757785062,0.685832631044817,0.0683247091830886,1.7807057070857,1.32573823150611,0.200583632749861,1.05438578294219,2.99731794320754,4.28538451619374,0.785775696375856,1.53893054401809
0.108216330874205,2.72210498096062,2.62149247043834,3.6742680681824,1.95125478229114,2.96431996731663,2.3211129229055,0.0530238775269568,1.17948274006327,1.49186122084058,3.53228415118604,0.493646575685069,2.27090181954908,2.19474654182799,1.37054258184426,0.654346832123107,0.127719294590404,3.16508062448027,3.90581909295238,1.67018266631944,0.529424748998641,0.439313867569459,1.54337557949678,0.81801716990403,0.784968534789894,0.232943574574507,2.62204763512151,4.82299938554293,0.6259588711419,1.55206647447454
0.221589218998393,3.25118197157115,2.25775495402899,3.98974258987002,2.18607555212649,3.4330492175393,2.10595503970387,0.568730048959533,0.964605419088893,1.8023828489813,2.94162337865443,0.4983567252154,2.77941661312965,2.6661597467189,1.54175078939993,0.841277089560253,0.298715807147303,2.72989551175338,3.12282967528166,1.73027766628526,0.342563163842003,0.486789557487575,1.22713282200113,0.761836076592454,0.660453501836271,0.160344755400392,2.35317228660118,3.91110990513159,0.517402334417883,1.48149537845857
0.258509942973617,2.29242511583994,1.23111233341438,3.98200961282893,2.1282359208415,2.06637118206511,2.51986232124818,0.16335991240388,0.835329525188748,2.05531760963085,2.59833147042082,0.258920236661317,3.27458725097406,3.02976805069148,1.03413033656269,0.528291323327049,0.516568369507324,3.38977827252567,3.33616515914554,2.32390029010643,0.584473909519741,0.214904560784853,1.24466115524864,1.08535604139365,0.7889806263981,0.316651079548513,2.25850881295361,4.05684773113754,0.974996140931529,2.94436298630467
0.349208261207451,2.02584072344749,1.59152916244208,4.03152597196211,1.85987140814863,3.21932022959533,2.18051375274552,0.389297362570423,0.794614742821657,2.20825082261014,2.75371728778603,0.542836590427076,2.39288974803783,2.53501853894938,1.26322008389888,0.641271583922935,0.0302319903464695,3.95776927259491,3.24668993850859,1.89626088556625,0.8591614915113,0.387507101727597,1.34584251593431,1.19784100459975,0.0610794889744904,0.585053160621116,2.77348989287707,4.13720899148997,0.983261842008319,2.8095741356329
0.666493173215573,2.56369944918924,1.35692260713612,3.64636174800591,2.27506751798213,2.30118037579678,2.15902019347675,0.0672234836780712,1.80918823024926,2.38575686974993,1.886053780412,0.555691049278061,2.93944213839805,2.51912777639894,1.5308464007975,1.24452754135241,0.808207757984315,3.68880040026643,3.88923896721386,1.88016448477333,0.491546249884817,0.642526021578793,0.908740466209637,1.29389125041872,0.388925165496461,0.329605241409302,2.16950043798494,4.34378571462948,1.01692312432609,2.7207000236989
0.685680552249852,2.77591153245313,1.34100514717082,3.57156997737334,2.1830808389253,1.68897692588365,2.47471454440954,0.0268339166455624,1.61787424223549,1.72274518498584,2.212379797439,0.18603356202958,2.09067535279251,3.01403940122974,1.16649339299702,1.13802363472336,0.22265446729711,3.8651740655918,3.74491935198261,1.83965046800791,0.242761934570519,0.318473211077512,1.05840142063504,0.863947773592005,0.360534108728057,0.307409731153554,2.21682012675992,4.20387940133393,0.746858196498779,2.29081516709404
0.320657246636994,2.96945360512851,1.29800773767758,2.90927158916891,2.42824004862197,2.81637925930238,2.24042978988806,0.00684993202730926,1.19472573944672,1.7638133696504,3.01874723283173,0.563298656149785,1.88475120960129,2.41611988603716,1.93370401226109,0.939640204896855,0.203192140238522,2.95674219391783,4.22298066571072,1.83927973819188,0.228674627553023,0.0271354863323343,1.14950810250116,0.766866645633658,0.277836909637263,0.83250520447854,2.15962260809671,3.86927731969033,0.561717195377781,2.41331723889276
0.42476352346444,3.23879774256461,1.79529836184933,3.11833490162295,2.51400760654746,2.07167552482412,2.25087177147233,0.0198955278802032,1.29240759391658,2.05262571069379,2.81022586122657,0.222454327803506,2.73835967206214,2.83345849556485,1.56224667738244,0.887497886379451,0.711117705404527,3.56516511615422,4.09173459553896,1.90382454873855,0.342925767425844,0.241726864119549,1.3079251616594,0.595731754666936,0.00262538406116546,0.585311982474215,1.83556945323395,4.34806249611751,0.772994327808893,2.22653439428614
0.438894467341934,3.78605981582941,1.08177190261871,2.9003046510468,2.23770428848903,1.8164571166784,2.06567868327473,0.343426615783455,1.50903265977906,2.2410116075142,2.33241490766921,0.0947658663794462,2.06494666923363,2.64132570945282,1.8698955545335,1.06447795829012,0.212805627600948,3.70265858832243,4.4078642565288,1.75437438590194,0.207280978394115,0.168870161469674,0.983023196519076,1.06948307951145,0.254827109214995,0.539288945648557,1.65364210163875,4.02196136199431,0.97209530095303,2.31473347449552
0.452842371935676,3.14140964005758,1.25752265385756,2.89742120870409,2.32241543459552,2.08470749167806,2.25300257969728,0.303597095330803,1.97153871118939,2.08832883980852,3.26990356712839,0.114247649093295,1.80429791536141,2.48389268962361,1.73487031714377,0.578037694966402,0.125731677749847,3.65807269354182,4.63908042543284,1.53401557627856,0.00982266189987568,0.335042494436912,0.931786639998309,0.708065307807877,0.389470032728748,0.746843510136441,2.0964667412505,4.37542958855328,1.14480650005664,2.18486625911923
0.22751364724476,3.28779007044725,1.37583599576836,3.05275739336173,1.48318803761219,2.29895476148601,2.55748203432639,0.350124585261405,1.57440740738248,2.30704024100106,3.25556543401207,0.247748728748941,1.81648514712314,2.50417573690789,1.61038654636577,0.298885459894959,0.452446196872127,4.47971062669256,4.00769866396286,1.92477107975672,0.194389162228769,0.0913333194851335,1.4671658208634,1.15677814558451,0.0897382386206493,0.482177736580923,1.9426915794603,3.69074206162042,1.01325463796247,2.0114626457716
0.175675518606256,3.25508507369228,2.54765331919826,2.77112619907674,1.79851499893672,1.9832137986923,2.0117290942226,0.130385749964407,1.73521103395807,3.156500068282,3.02812774079822,0.0877911370707282,2.21238297160242,2.9501033344805,2.03779919233807,0.179557649699046,0.726209494433714,4.35215866658584,3.43418408566222,1.66750522743075,0.226400909265084,0.532883432679488,1.52926447547928,1.03161716855509,0.138083981698704,0.0354922385980052,2.19433216097441,3.11115548697265,0.838207571832294,2.12222799195976
0.339531390337705,3.25356736057998,2.39870270061463,2.86016702441815,2.02033550222863,1.71081909920472,2.15906742408333,0.0110697853559119,1.00493307033867,2.62531360808061,2.4433363513358,0.42963744323721,2.41340946717276,2.69343740858061,1.57414422404142,0.379963703431934,0.941138715454422,3.94590392665819,3.75054064524256,1.96846318795022,0.105818846393851,0.157247641248254,1.72333055935072,1.34179433209524,0.0685935884388466,0.303156361098012,2.34220959838319,3.55633161218875,1.13650544459025,1.43232503907485
0.233537012666617,3.40151908861403,1.4454398816647,3.24918243479536,1.77091439411305,1.69404418438192,2.32913546481358,0.255056834787226,0.710458348519411,2.92795706030956,2.45291487284808,0.196655109998654,2.88170996403858,3.13404015143017,0.998975439925419,0.78741586117151,1.06916005014217,4.18833540115051,3.80629032723541,1.90993577911734,0.0558060576150805,0.12298915725373,1.45270635902274,1.33743159695101,0.0204419465103669,0.578863063988659,2.33177969506414,3.44680689142477,1.01841363061498,1.59806413387494
0.382418804189978,3.14766270312328,1.4643133270218,3.08921916924336,2.09373585421256,1.302466776714,2.25222048159219,0.273266698984126,0.789407694389554,2.64704281941893,2.16303781106165,0.316992588871163,2.27772204343842,2.7881056395726,1.52430663465872,0.992176833483529,1.07082013084934,3.33945724747978,4.06032121270037,1.650201170728,0.169805549872788,0.419245287535624,1.46185064632034,0.778051060116744,0.239648556343172,0.0309944815242078,2.65450464129983,3.73125446332016,1.28479605310575,2.06704301310559
0.451603898788674,3.37141944174446,2.55574167562822,3.12972166980053,2.07025643203598,1.58304427589732,2.20126249067822,0.125289512808858,0.643103669887224,3.03340432262891,3.02262250913985,0.249814233682256,2.94850855027724,2.86956201849144,1.45140939585991,1.06518339121443,0.958726827026669,4.09843133237278,3.71525108328055,2.11192309412994,0.839041389339663,0.4557638349157,1.30880930046519,1.08430506569368,0.0579906596445497,0.178076767646524,2.48265799114958,3.9266720765133,1.25787443584951,1.37020135616324
0.50554751436673,3.1328781122341,1.25191969222159,3.33625812406615,2.52865225269946,1.55065745776967,2.2239834734252,0.250898684416662,0.784833183812452,2.57515764719358,2.26560964513787,0.994525182948372,3.30470663795639,2.73387904174789,1.42306242315934,0.564321970069073,0.719450644076057,3.39577652776747,3.65330102142166,2.34704986066239,0.0121195664446865,0.0121879035982422,1.42598146823173,1.0271230746639,0.313568097950529,0.591967500873054,1.77298905412509,3.56752708146142,0.729392055374434,0.660942305076078
0.404359812153214,3.08563855089638,2.29454550661101,3.69344027789136,2.18160187639317,0.820081006043241,2.29325229405696,0.380471024755146,0.696507565975752,2.05200327868302,2.6368203974058,1.13423897279701,2.5120779480672,2.80886933291745,1.00067031075939,0.960475031968,0.239592739230043,3.29040224030754,4.25849376772519,2.55358333524926,0.0207407047881655,0.49488760264182,1.89008959030869,0.896647601519632,0.304296145838137,0.199052668253335,2.01096742683897,4.06989801461582,0.814141680695189,0.620407231471282
0.475970376674047,2.96714375338378,1.83984255092712,3.41651800627319,2.30817644599749,0.95506135412613,2.20035419641796,0.0378219604218479,0.944719150593171,2.23880236977241,1.99351335154795,0.883966933498851,3.08822647509642,2.82004651901692,0.987033216960494,0.807452738195426,0.59341591868866,4.10772836582738,3.9438524922064,2.43047100793034,0.279046083599535,0.358253251638852,1.56046794650599,1.01194373891602,0.0402241108697947,0.391021502904474,2.17315370413314,4.38381265859171,0.76659807012505,0.735960900099169
0.455662838149999,3.4943294811418,1.89881216242335,3.25677888817622,2.45785701530761,1.1198820675018,2.01652660997564,0.180133624786758,0.937121331462175,1.89371007580283,2.35908039295926,1.14506541921893,3.17692123317673,2.52526196706014,1.08177499063491,0.483965586228644,1.08464843290097,2.84351301590766,3.56454657790872,2.51051344032163,0.207192235439831,0.309227683224708,1.55598607187525,1.31533882162159,0.0951309290726746,0.527942495119335,2.15385052565147,3.40312239450828,0.490688772784225,0.743485016487359
0.415433039828124,3.47911879049393,1.75184047820948,3.33503877654438,2.34265198936496,0.442514819287272,2.35616132567833,0.371971441213733,0.594693415426255,1.81878110639208,2.33196379718355,1.41715230450035,2.7845068817337,2.46002908369759,1.04652958838504,0.813482427232195,1.24256272629028,2.05757873350857,4.34467549672441,2.71154264986125,0.205403950213956,0.286526352044144,1.6438991419406,0.617860691565653,0.256837002577185,0.398151940845897,2.23485480714607,3.61050249358368,0.874935335999755,0.617163593462353
0.305501956199146,3.49860582575228,2.08193099591704,3.5796880267419,2.20115089090727,0.444093707371108,2.48607827624041,0.140651648561365,0.522748101704324,1.67488464107613,2.10504581770345,1.46481843754191,2.46718360614752,2.38891582527249,1.40420051175568,1.09162207724615,0.981698823832219,2.057134154669,4.50768176070654,2.41664792147817,0.197738217076937,0.544441618264712,1.74389776106054,0.737100498460029,0.659981766228553,0.520037045684979,2.18459967072446,3.40379753017604,0.845356046817466,0.753732692264839
0.34600252201211,3.59648941746737,2.13457016552668,3.74326884444109,2.33176077026301,0.541329129266189,2.28728474545512,0.0400013366540928,0.436294845930489,2.01800869495811,1.59552771720762,1.51993591985769,2.50733328168821,2.79836723133267,1.69331605145894,1.14610693648286,0.918105113631362,1.80729978407748,3.79138782572725,2.50568544954923,0.0686096650211047,0.301125866128684,2.02568859933405,0.726571821772995,0.6950988250223,0.313710646434139,2.56129821364247,3.51310576118915,0.60890464001227,0.861119702739196
0.330852240480148,2.92548448484116,2.20746423812782,3.62591053848287,2.44448316022229,0.322824235466305,2.60021054801627,0.126546546440984,0.382984996650591,1.95380048059161,1.63619483604096,1.80622571740514,2.09536997287897,2.7135470614679,1.54087965392405,1.07380674191771,0.639477414413404,1.75866384906075,3.83266218335295,2.50070480748683,0.506665710199032,0.714414656262,2.07506544463786,0.668033246860989,0.946523458327583,0.0448339449073134,2.64840139347838,4.15797600167175,0.667706645826947,0.788078360391902
0.232415649110169,3.26056432670286,2.27947547637793,3.77133925004919,2.46547523392163,0.550305949077353,2.10010436428418,0.26108934791425,0.709331424301349,2.15415515398251,1.48766047481596,1.5220376512582,2.38666538411855,3.01998022166728,1.29039049586039,1.05830407556616,0.851225773833677,1.74311703817835,3.80588344954154,2.71607450309411,0.0942871011231835,0.0506557980049226,2.13701742057437,0.970111613369209,0.735372345195661,0.184086824559847,2.37911566427983,3.29549668381359,0.476038508077966,0.46824755857671
0.224001222007485,3.08224063333227,2.32596822527131,4.24771312187347,2.36165873415195,0.525015068476424,2.19972953255196,0.278382316393233,0.626184910884483,2.14550522698685,2.12779437250056,1.74504430084595,2.52485192780427,2.99562183460313,0.678522901643028,0.956439978737917,0.488602456464354,2.23526184489028,3.86510533793083,2.72937730016693,0.000670868940600641,0.7496347216679,2.3848001613828,1.03101984231527,0.757784894018331,0.66768030098948,2.32600144246335,3.60537069024041,0.540914121979967,0.345197543653092
0.0948967510161517,2.91694959669108,3.07616582383201,3.63522361449207,3.1098790353277,0.886623041609269,2.1314682152958,0.0145430661211807,0.453695653309043,2.56043601487749,1.66087521817503,1.61649993488393,1.87200349774808,2.74452948788284,0.999804854338206,1.39561671206464,1.13562804796925,3.29186591223873,2.93930481557811,2.81615140080862,0.241646533764608,0.161305872881473,1.95864921792404,1.38005491689805,0.195384992282103,0.555988583914668,1.6527658421676,3.6736178130429,0.603652733054274,0.332996979580112
0.113737808003757,2.84812796866959,2.9074837253683,3.75401354483415,3.22404540046161,0.55291945595461,2.15612964502014,0.237791919093136,0.0581993824645829,2.49885803163959,1.62348383770942,1.51934000316875,2.31244088794776,2.62568158282482,1.16862892297574,1.64359941485793,1.00721670295247,3.16460520076174,3.11899719425065,2.60322418708867,0.404489850378725,0.0540704011798092,1.93927716423918,1.36461335439447,0.314849278913979,0.623436384429719,1.74911309546606,3.56382898233687,0.991038847524717,0.457329722176463
0.122135599330941,3.36114336722899,2.81897668042694,3.6439869376567,3.17064822361886,0.77342619651485,2.23468303439243,0.0635478442347897,0.615666338149816,2.4522243961166,1.72836666613887,1.70117827027694,2.2606951089003,2.85314342163342,1.15638419477305,1.01621360819301,1.03722297726474,3.5057914896864,2.7653444201788,2.64434491862783,0.489142145670451,0.224241386033476,1.80261216995416,1.43471393596939,1.03009742104126,0.101271848205338,1.55517746816255,3.26741245714922,0.323249670488693,0.499959382823043
0.294097609203174,3.40500827922945,2.85503586601527,3.77765246057188,3.19434954597448,0.520049477863968,2.16123845512675,0.00171566875865592,0.116702920973124,1.70121708252186,1.66669958450397,1.68473684910457,2.45784640354206,2.60051420742706,1.0949935214418,1.6418674269869,0.984995710795748,4.15186369029459,3.46485729077388,2.48952740217552,0.35781590009569,0.572180105540008,1.64208941387931,1.45212763222894,1.17624127031081,0.926253993580906,1.12748441684265,3.80306312244393,0.850184639626376,0.557041479415581
0.175227432289326,3.34940708023232,2.20088514577507,2.69033894314856,3.72011324523086,0.50865389800753,2.24339425384817,0.608917818241807,0.400846651320375,2.08663340427642,0.65174245278232,2.07515231884931,2.25726594696737,2.867015965298,0.519708917115996,0.883849317599861,0.865795424850783,3.14358959987475,4.21656988350247,2.87323602554997,0.400108708468448,0.568003207712544,1.55704692385901,1.36385184035792,1.86822319621278,0.631309087653155,1.81325203791665,3.21972083008877,0.701934853532425,0.752368515671333
0.394671102846768,3.16535102981862,2.30060107864813,3.04472789969611,3.84852746956643,0.393450717994944,2.29506745329292,0.480570425373537,0.477461715940746,2.33402098785928,0.97938530888229,2.0034313394439,2.12096421968897,2.65968141296377,0.718446374310351,1.09955863600335,0.99508681925902,2.95182687369466,3.97260459391035,2.86927503902404,0.430736583127289,0.745422640312598,1.46162142412907,1.35945670402654,1.66732888777334,0.815889135077009,1.97337800101236,3.51911538831797,0.468944532429747,0.708948590568587
0.714180631769954,2.16852078636984,2.10400772779901,4.0408815018436,1.99909246643762,1.15194723919727,3.03992720915162,0.589611912321157,1.85452926680377,2.58807973370185,0.0492656842149712,2.65612864223751,0.975225503731294,2.5900427326919,0.201932446369309,0.299600172107008,0.439647899965313,3.52325267557729,3.38717738281867,3.16782501673151,0.0906847536951251,1.92407654820998,0.245567220957944,0.701762005231361,0.79683750855201,0.41200317820129,1.83520127397379,3.64171303551306,0.493674353711077,0.0920358363053842
0.27967088095816,1.18684280427901,0.431200513454683,2.66185891615824,1.10386046528912,1.50899576396273,2.26215291486021,1.18788009154815,0.977014730069961,0.506040997220959,2.00282645365125,3.41696987145603,1.29861150395903,2.75238935880941,0.448437021603995,0.854579078346543,1.31978024785655,8.35768095598801,2.98472724999295,3.72869756251812,0.501453621372616,0.950804206176819,0.298834647654616,1.08455697633963,1.07752873715913,0.181030273740126,1.22909605093286,3.35766126434585,0.297579604631274,0.0640680240047115
0.701166614613793,2.8537256897132,1.12671670899371,2.44687519100416,0.987496424793561,0.604500316253617,2.05812840516956,1.21382427958726,0.765551440250954,0.567889250820861,2.36666254765362,2.73945360395921,2.48712344819163,2.43412819167298,1.11531931715989,1.23040003207343,0.772357373724108,4.86353141295,4.88084861854657,3.58549589458678,0.197951102124931,0.703391350051489,0.728212057431067,0.928659691481826,1.68941110701845,0.245420000726952,3.50593383946942,2.66148022029282,0.356870237332771,0.00463594761654382
0.0841639335418291,2.18882284789028,2.14515182537503,1.79740960175077,0.979699067217177,1.11459705311726,1.62656453880988,0.775932471381409,0.119519348725854,1.90643416716468,2.62297590151565,2.84129570738214,1.86210935565309,2.11224838214949,1.56972568876999,1.92092396050778,0.893221508339031,5.40548491628878,4.63884705805349,3.81733000127291,0.501817724171474,0.920028497902359,1.02387889386029,0.763333841833979,2.39425025311161,0.0578603360753126,3.42135682243988,1.43325677280647,0.191059883710049,0.268878604451567
0.0136021405400875,1.99314298840897,2.39897408940348,2.22477593304885,1.51642352135375,0.196142178022528,2.06660747874501,0.709853810701848,0.0621822581596111,2.02728914706906,2.33333549971726,2.63601681338353,1.96198745119372,2.35978245320125,1.83884658190894,1.76499519829412,1.2742320839861,4.10405365887178,4.65035128883454,3.77794767216324,0.284223777298858,1.18008487540529,0.9569271812914,0.743725457567617,2.17625888244065,0.182954491741768,4.04371857998809,1.44410295407456,0.651649187451721,0.164921419922627
0.118094050889265,0.769076938211516,1.99887825260413,2.30944427793146,0.985437783368773,0.28835907603102,2.03227838386454,1.40550048512696,0.555103130467417,2.3598057994047,2.36640420838201,2.34378370915021,2.78266865591707,2.12212439999205,1.10262678026739,1.59015857474374,0.0340952995616027,5.52784889337647,3.93426098087114,4.32478964699322,0.512757076101789,1.04152670770091,0.774797123631757,1.44524931401861,2.58875868763886,0.361486544504901,2.63201717798191,0.774728665683253,0.38631796745113,0.216508296314927
0.129228290920669,0.579420628812825,1.13756098477761,1.51428601527746,1.63440971096259,1.23444210942248,1.40950273563755,1.61620614038997,0.580122301272597,1.64237958357883,2.07597090257945,1.96871009064942,3.2194795385419,2.51374231472788,0.474860646170971,1.4284047886255,1.65564913409935,5.24373154775198,3.84606517706002,3.70601858066556,0.297473560921017,1.2806831465376,1.32470651777154,1.48211859178981,2.23737587175241,0.386494200663348,2.92067120333838,0.660875589899949,0.0412876378117228,0.225219451483363
0.425546720986969,1.52392992344275,1.11079165076117,1.40877933263939,1.29953138401306,1.41006112587247,1.43477117573503,1.14595158383913,1.11467617433061,1.90166166135242,2.75069527713973,2.54745348198095,2.71888328079788,2.69884085265966,0.685941010639916,1.09532019297002,0.897283520450737,5.54368740271799,3.60252490007867,3.55438416561454,0.605321843814052,1.32403543808279,1.3772577385941,0.820572473157599,2.58138843340825,0.651268041931446,4.10561734465883,0.64122056895966,0.209834764449534,0.199734275788248
0.841103668579208,0.711425847380068,1.38324146459433,1.31172800100858,1.35422830434178,1.94003756482253,1.07591890552062,1.04944788911701,1.43911958793227,1.05094339497098,1.72593674976428,2.68109935838185,3.10918544216627,2.72160669715928,0.473914585164425,1.98474579693033,0.840946153201528,5.39432282548156,3.42344818761584,3.6047722113391,0.730010646361973,1.0680277275254,1.55123419605401,1.69366827822077,3.18633535173354,0.703165946176305,3.11090839080374,0.0997726976696801,0.301670140581515,0.485972037428911
1.3039206309857,0.830946653884192,1.51114014205262,1.14678344694162,1.54262845010373,2.0519693257957,1.06071207299541,1.18929152586335,0.80288862284887,1.02304252387071,2.2635319977356,2.54068243383562,2.49716784113992,2.20550977587722,0.324303628584353,1.56448652826287,0.957840012472057,5.81073724529125,3.66477197267059,3.47387651469264,0.308768159656429,0.98823586294806,1.30183078330843,1.34508893180848,2.95928451610421,0.933143935139929,2.71957155906129,0.272299830930417,0.247069164212978,0.751233210750918
1.32495811726892,1.19669616171195,1.713513314217,1.17033464698097,1.16125643343209,2.03480295955399,1.0602206677022,1.27580283305239,0.560246495476585,1.49792081310824,2.2272749137149,2.89841183433191,2.94457708166805,2.09398236537909,0.75274401326192,1.59018642060053,1.37178713924875,5.56122429615744,3.60120779092156,3.42711862204351,1.04981252519534,0.356923214260792,1.64353426549207,1.50490685194529,2.86292793672938,0.815115373407029,1.9969100489517,0.115311528370047,0.0916119342889107,0.492890057371006
1.13077065311323,1.28350063762815,1.58765514482867,1.34477416393677,1.4156537047638,1.79700891507511,1.05350715625583,1.37369805057738,0.230483796828993,2.10852838485518,2.2522927628838,3.11147226173789,2.91568574614156,2.1984547721847,0.875985301158747,1.43317940249833,1.00669529709387,4.79219472447401,3.69801718184176,3.66435705405802,1.11602337675388,0.469498805317752,1.39165910254301,1.38571169209765,2.46145927243416,1.1042976364039,1.77481000479876,0.483429815053676,0.255529675094784,0.536954493250973
1.02532455295972,1.44451274760485,1.74325383356039,1.53465357142204,1.35664557271561,1.63735055494739,1.24528441869951,1.45482898467848,0.658815953484412,2.12515107803655,2.25422082750484,3.36971877216627,2.45435157871147,2.12559170896921,0.920417796797341,1.64121785287902,0.778138496150023,4.6574145133629,3.50632476611278,3.80308694179063,0.818056400005034,0.152257713868743,1.4274714197856,1.72335321116828,2.17289680918698,0.730824331084274,3.14989085546119,0.139968562083239,0.464138625594397,0.106401142184172
0.428364994265392,1.84180748615898,1.49716258403735,1.60812758056097,1.58620704733983,2.03056620783147,1.16452495647328,1.83866512075073,0.286921516817113,1.88454834443948,2.62965922231903,2.67541758491478,3.00468492101408,1.74662554976106,1.38047903345614,1.38324919547349,1.73221416929493,4.14337625219486,3.33017519809424,3.09960470311157,0.568234993848053,0.120311609274049,1.00868216287335,1.19417207631621,1.4605211490246,0.804944140183889,2.89126972058286,1.23371138013161,0.301587389167098,0.511067531623146
0.304044699400342,2.00985893576368,1.61207985041172,1.39591583807961,1.27441703348976,2.10624457352967,1.03038736312769,2.02840537049203,0.227843895843239,1.76621358366273,2.19689535581741,2.54843319890447,3.23830591927768,2.1176674442978,1.55326704085494,1.51334831248958,0.991283906901124,4.28419859370802,3.69866496357663,3.46316209541832,0.296115394333904,0.304432916299732,1.08035842300315,0.91529626859716,1.5214731411345,0.537708545365396,2.74303028294933,0.832212989417128,0.174677577098688,0.994269353603995
0.17951173575262,1.85142309341951,1.41897581595833,1.16870746688368,1.44714809359017,2.30872396216272,0.881033777457156,2.5913145260143,0.18332553691706,1.6213324834127,1.53885109382977,2.86902216684372,3.12710791240891,2.34963787814025,1.58386826058754,1.18664780301238,1.61096191575557,4.02194770486995,3.78087104123736,3.67111555956209,0.752926479877743,0.0833542152002055,0.300930429131746,1.01796719291199,1.73597048666269,0.565461642755704,3.1662659977813,0.980795598718739,0.448158446797459,1.15260374243104
0.0905819823547399,1.85366040701132,2.032491864123,1.45530629117257,1.44854949652143,2.14952825739109,1.06653178708154,2.32871881376172,0.141622219921146,1.80980525896731,1.60972403238359,3.02418443441064,2.79515447455346,2.15966223366674,1.34141795329882,0.938454995041122,1.60677559669073,4.19568141867232,3.47841633821936,3.60733824292245,0.67314601184806,0.0512090397611855,0.682828630705455,1.42353193643243,1.73066930696634,0.499619985589336,3.22408444136315,1.0898528206629,0.26992127784948,1.33513524904033
0.381621197243657,2.03036004404,2.11414196572016,1.72740370899211,1.51176528403762,1.80239340435267,1.31560430831984,2.21253929447895,0.49648597368443,1.47720664413494,1.48704866859146,3.09693118355806,3.26216980642003,1.71016754478652,1.59691445391992,0.745446099333676,1.54124739862043,4.155993029455,3.54576755942276,3.63217691316992,0.489586922596452,0.170917599758825,0.312225423435877,1.81569484179517,2.00735381871207,0.592681243762865,3.30628561906492,1.56381276248308,0.191053262441503,1.27515847892636
0.547052337566902,2.0518719210605,1.53189175677163,2.0069709963035,1.33885204891963,2.17765941286996,1.28586412491574,1.77730948116141,0.221373949927428,1.35702564962348,1.96400814194967,3.28270075709033,3.13817062410353,1.47698983218418,1.52919433484089,0.773263916357212,1.81378847728648,3.98666658562341,3.71320684110604,3.50356424825597,0.602929987133195,0.171780015278587,0.456283495398121,1.69417397733465,2.25575040322441,0.678171486518391,2.98137282984216,1.34655690642195,0.262577430992148,1.38614757637607
0.606880661628056,1.94246803852563,1.51160339904219,1.63320642870882,1.35293543443403,2.1183844865011,1.32022825991921,1.64850874254169,0.0378502511985712,1.54674678656088,1.35439576021563,3.5601918402223,3.31118970337562,1.50627056871608,1.44756949757037,0.420514432504606,2.04996552758098,3.84370841303868,3.42430914730408,3.56207621095187,0.830481891010592,0.612955699966666,0.70704418068346,1.54165179216159,1.87700134148364,0.729933789184024,3.10350000891214,1.08170564676877,0.134764422194246,1.78331602131423
0.841295731059611,2.32504500241778,1.60554244223134,2.2519079308393,1.76746804518792,2.45262167350167,1.60567085417892,1.89553353646542,0.00743073600983797,1.67218053890276,1.15078644639812,3.36065148693012,3.73490747272644,1.58670795249378,1.03391607180452,0.325880483001596,2.2369883933705,2.60574270851911,2.78435043188507,3.23761840903222,1.51368440608267,0.0676350966426032,0.512027557341755,1.92306168731487,2.24646775842161,1.20522003355145,2.93544917776513,1.27186696144706,0.248818814610662,2.35009304345487
1.2487175188045,2.51421748940822,1.60188534896871,2.27585456696568,1.50198107982838,2.24413864336529,1.62400570642054,1.7375057414932,0.00987217796641818,1.66522145931693,1.31982330948203,3.06233950908146,4.02987749379869,1.43311972300933,1.12896885091043,0.529758068685608,1.68791611572487,2.42312603989864,3.14063287349725,3.28588657098691,1.59866514863934,0.268063775843631,0.952046517777485,1.79611235430266,1.93831896753176,0.997490411939135,2.60703267453453,1.33614936288845,0.573619528715707,2.11297204201356
0.571243555261365,1.6764638205384,1.50472381968675,2.07846745278512,1.86026298380669,3.25111921810548,1.62967059813097,1.9121322200968,0.0473549099179857,1.7401486325803,1.3371207988745,3.2972084920958,3.44378917149208,1.37320155723798,0.883846624117936,0.790728537870276,1.3890319459396,3.31650987968284,3.25003436700425,3.15040173730439,1.3746624362786,0.855574680538593,0.881351091906327,2.21653664167859,1.752764048934,0.505050856981257,2.86229618952684,1.3473776111031,0.00553404446526823,1.75320522809327
0.303805335177711,1.88118196371573,1.42799444992552,1.90510760008727,1.81886093644811,2.84535711542129,1.56521361876488,2.38990630200971,0.144117085711347,1.77760885088293,1.28280070384181,3.24311476053366,3.36044307909568,1.49873087349854,0.525819224639916,1.08003390297943,1.80797166720995,3.04206422269201,3.28027138138203,3.19411250936365,0.928852841252509,0.752599399501586,0.606283128884353,2.09541199905551,1.5058424048993,0.610039328169611,3.26196065622864,1.05815237278067,0.171214561002753,1.56744208242871
0.296306128050386,2.08327036752939,1.36853140617395,2.46292877258272,2.07617075581989,2.18858133573915,1.92306375357056,2.39409086015134,0.0733398028968815,1.63825975178363,1.05673272773553,3.30912703955781,3.07965674960579,1.46639922978023,0.236443317211218,0.595237393978325,1.18102045122933,3.23363803136012,3.20939686431012,3.0294745517099,1.32529171222935,0.891167527229591,0.455030791691374,1.95955018405586,1.53795590367943,0.920525583286062,3.59844393550198,0.808750050203731,0.478733883560806,1.56067290563382
0.14833068989411,2.30376631921086,1.1625230667008,2.48293271898302,1.6339436932199,2.71044204709022,1.7672904337109,2.25581285978372,0.760202782079368,1.64301943661659,1.18270546629911,3.50514904050369,3.43967851219125,2.06516537581796,0.143241032680876,0.962134862954981,1.62884163228799,3.1116934504877,2.43615713347118,3.42723354967608,1.55489632250605,1.61006712485839,0.465916091637639,2.11160086032173,1.64495283098448,0.609426824307866,2.6461596790509,1.24373725610452,0.13226189510853,0.928380763700186
0.173421711181587,1.97629226983344,0.772794233497473,2.17563564851363,1.5346920091269,2.80756504330357,1.37483527737488,1.82935973404014,0.81152475471262,1.06419664260262,1.07894609190831,4.08494564058115,3.0905742283221,1.98302202472624,0.71579802245806,1.3922188503813,2.0894975335995,2.87628267905884,3.42844135336215,3.80314986036058,2.41383758970953,2.07993907164306,1.28428256388163,1.4638345644045,1.5229041466169,0.931381881569184,2.71756971167594,0.523929774922007,0.00516438876211873,1.15685529712048
0.249746358091277,2.39348370099143,1.4296476095058,2.41991499581383,1.65346029532436,2.7247168131115,1.31560537991587,1.4447488074377,1.43683152281119,0.921036098874451,0.913982041717874,3.82485425561901,3.8965636412998,2.0667188201721,0.577665481385248,1.70077954857678,1.99447559840843,2.77959943800777,3.42260586859503,3.36387042904235,2.01609472263815,2.04863775897514,1.20109934842239,2.15106300609146,1.47350552210281,1.06049358958346,2.74138967738843,0.948356533646978,0.236178693471627,1.22665219278408
0.0258103618135185,2.20209635637581,1.81339745922769,2.53644558859699,1.77516606663994,2.89577532767288,1.66781214810232,2.03112063144414,0.376732506639018,0.913876000659769,0.984583934881479,3.39136944554937,2.98082876082261,1.88191471958068,0.426743624190633,0.992383274671901,2.00659401391148,2.11578925304064,3.48515026526693,3.32752295784981,2.09285840472614,2.72003692882955,1.68738491774057,1.69182828726796,1.58578833493566,0.567908286049459,2.61195633532304,1.09153039039641,0.406796266766382,0.609645217680392
0.283235308721116,2.01314174730159,1.5755877956301,2.57148561005555,2.06379692328461,2.81898081194534,1.51100610008992,1.76253432423793,0.295518463683032,1.04583034227521,0.944956700416156,3.36124138581336,3.13021706579427,2.09585013044866,0.654893791888057,1.12533521930567,2.57965546496645,2.36614919539107,3.75583198418153,3.46255329484065,1.7615552551777,2.01700670719302,1.12823006522688,1.58630003655115,1.67811194000206,0.67860069182902,2.75283183536558,1.08864649861169,0.353768507798773,0.534734521936896
0.143207608718153,2.11406392523271,1.64828717961874,2.69372272361658,1.75155489854584,2.91837604386037,1.61660565417289,1.83267264497952,0.258252723717877,1.13566969753308,1.05240052050549,3.23547584466724,2.4493964405721,2.10878809450022,0.658142903849935,0.986505395773946,2.04599652480013,2.15350751432438,3.72948153247874,3.35172343130235,2.36144566798038,1.71374100551124,1.13637959400863,1.48846633105216,1.47734717661556,0.698193038110323,1.86364769401999,1.00638832383436,0.314525654083143,0.693680791584424
0.389839682700234,2.12504726229677,1.97825751959618,2.58914570633202,1.90163330398129,2.8667223138359,1.6522254702076,1.91033523215561,0.676728259652772,1.01164075127466,0.75562628574533,3.18748559164568,2.95351412883753,2.14377506413364,0.639075616236052,1.79580112930761,2.9984780601235,2.31051170077703,3.60436168336054,3.27991670177971,1.72497588108724,1.56666051836304,1.37907102348805,1.75650007160795,1.44902164126374,0.7617573947947,2.64745077151573,1.24639460897468,0.495064088916351,0.552870036080476
1.13642870565064,2.23182817604369,1.67692183128815,2.18892947201014,1.50451517867373,2.98233596169989,1.60890621977497,2.07479958820485,0.0275905668313,2.07369501236856,0.578317496771202,2.64533048859764,2.74829579831601,1.83768271485551,0.35247864578095,1.12290957579991,3.70478920044493,2.68157021195307,3.18456228763229,2.98286229814963,2.10177027960687,1.40953426648422,1.36469927960558,0.789007163894529,1.38114318011069,0.876157516403709,3.74351604340794,1.40181492986248,0.770084302299823,0.514649785943379
0.0795115596580218,2.04064384027277,2.38801989764831,1.88681633179535,2.00854294451257,2.37161263882389,1.51043334474795,1.7657530364695,0.391304063758807,1.52102672406682,0.177707208853317,1.82689036249757,1.32022710433029,2.14783102432702,1.11967160344697,1.35232636317673,2.20543069063446,2.55866329790977,2.9620954929754,2.79169644513189,2.69181641391894,2.76275626419999,1.78824716253923,1.57210931136587,1.67444178098523,1.20646219269346,1.7880782385934,0.623046374334537,0.133515219117667,0.525051272004728
0.118960952878883,2.22457690357089,2.11883408688369,1.95165240040583,1.90979543134678,2.67748287744064,1.49041549552536,1.86212738781757,0.685217869659629,1.6165698534048,0.0857744179918611,1.53539297797365,1.25542775338573,2.14767323058616,0.69139719306354,0.812768330572618,2.98190000890412,2.99185644724854,2.740203212487,2.77424339131978,3.1426719297658,3.10270146546151,1.85960094641006,1.81140271346161,1.95918142255627,1.20497902238519,2.70804386253292,0.278243650544109,0.10208661031023,0.263613299660564
0.149909887127732,2.18546244607192,2.20597396197452,1.94484674829227,1.85829105837804,2.7913440013407,1.50720592959898,1.72905027851943,0.829210462134924,1.27421982268384,0.150833789170946,1.57365622423582,1.05196458552247,1.91590213556577,0.726440427163697,0.790425072486061,2.82447529812321,3.32193128492323,2.60944186788766,2.55305467423659,3.77152685010221,2.97531634211794,1.61458682717678,1.98542459393775,1.74333793988371,2.09745202223718,1.79004227326247,0.33564015312482,0.239299995724428,0.410165389552092
0.269864572505697,2.71339199943709,1.99643236048282,1.87886958367432,1.77689468352968,2.92897383529679,1.26595835894991,1.62362251425253,0.968039163960987,1.19142305811557,0.201799008703523,1.77197500662332,0.963516193550325,2.24933195547815,0.793253564814253,0.729826618772669,3.09775197523578,3.53055158075764,2.90974809158926,2.91039335579562,3.07850943685683,3.21371848233725,2.01428012716691,1.92976169143279,1.68725550264849,1.14079022281413,2.27209414508805,0.44609568156403,0.108646592291863,0.34865721623855
0.0520179344672859,2.75869165776812,2.40135050530449,1.72206688905881,2.33234527854077,3.03029020053993,1.00925021993906,1.26344588329487,0.960620926956434,1.08276654257126,0.298071162540856,1.92336334984806,1.36914969659053,2.02493707192243,0.633799374795405,0.567794710003753,1.89828846567366,3.12573329183902,2.65592562698935,2.59225194127409,3.13757794673199,3.08218116984364,1.65243934411825,2.09985653662143,1.54582749482579,0.847361070004133,1.82648634262339,0.5006866151358,0.356266640028715,0.661456499439867
0.541624733678495,2.76851675333072,2.53265699062984,1.9409797121572,2.38758951820697,3.01669149000617,1.22098496741875,1.4104479719347,1.44487576909331,0.944830060860002,0.0494926815696837,1.82035627513208,1.50965418304275,1.80653272658061,0.654541008512492,0.616577566054586,1.53951617277396,3.34717282899654,3.1205681323674,2.39092698522277,3.10977005933251,3.29676143056574,1.85885148265075,1.92297622526093,1.67273906291885,1.12418040255875,1.94529068699158,0.334899697163399,0.504963764520536,0.705171180104099
0.771717133325376,2.85019820139053,2.61118056389506,1.98189500961689,2.05660076871396,3.49066061366333,1.18262001539284,1.62997859982475,1.55998264373888,0.426361264333624,0.413326503054775,1.7198104172748,2.04127733112073,1.61484421927325,0.922411955634761,0.399900984742374,1.5263273401113,2.65713755476016,2.96724126100456,2.56079641583459,3.45456780923281,3.65074121336508,1.80801002279823,1.57196984948832,1.85010636652909,0.802764247169174,2.87788102315752,0.430666047239532,0.485839358815545,0.418683093052815
0.69005907125377,3.49821925904486,2.42148233265668,2.01124493868488,1.8869671566833,4.33836227458868,1.06469444486566,1.64622717849178,1.39260243240505,0.933404992998034,0.811694134328276,2.38260573947896,1.91138929492275,1.06043325788999,0.764802122172271,0.367373394150125,0.774558930309684,2.97444250529572,2.76812732835378,2.44565492318568,3.33984021267964,3.53177706502073,1.83884534097067,1.40898337178525,1.94307349978791,0.554553562915969,2.84255631234147,0.454278421601521,0.931158915059111,0.276401695179771
0.396455011026367,2.83149471136229,2.01952192168024,1.32310012990503,1.37832709900832,4.01280419176365,0.897316819299683,1.9133005663883,1.28882706394182,0.106356738447901,1.31743720277288,2.85672827477867,2.30576296625471,1.57451506566245,1.38896930185173,0.773991750412363,0.294792920823226,3.2634017617788,2.6704478552397,3.0101994447021,2.78709984432421,3.03834233825057,1.58956953964525,0.563566914962747,1.92536427681251,0.622708628770297,3.38435750521979,0.965902567582738,1.21738248959338,0.735285574109444
0.918576733050825,2.94076067143427,1.74222796538197,1.94897453731546,1.31470645952515,4.18503835715093,1.0709189763832,2.03809394975386,1.28575136881375,0.672520557416013,1.20646199362129,2.82411365026809,1.61701438812868,1.28992059508254,1.55151335092853,1.29798561489453,0.100828613611401,3.71798638663128,2.2603178587271,2.73336817770218,2.72896533178097,3.60897607696654,1.45268528227117,0.865732853371738,0.918117815938537,0.0327881156456458,3.09881349477089,0.892915203707755,1.05989422494521,0.605506588612735
0.802649121743608,3.01654297858171,2.02106312261012,1.56415251438352,1.28138677289036,4.94476979101489,0.974612249729823,2.21673186108518,1.84943606544552,0.829430190230247,1.67596149845539,2.89165204518843,1.61034198310843,1.25515543610403,1.70474325450401,1.35673352253782,0.452277543224581,3.99660374061074,2.5929409677454,2.59001507353943,3.45786970818815,4.08669320590751,1.25145320655262,0.587739124127748,1.87233613488689,0.0169511096805632,3.94999761565728,1.22107763405563,1.14201767576641,0.517221090715051
0.820819517914053,2.70602155584212,1.7262998269181,1.85743290064771,1.2955499962831,4.80537723783335,0.824813366194736,2.02062285084271,1.19209832835835,0.877985423907107,1.23561610134114,2.5135940493143,2.19187364578549,1.07378678403119,2.14195608211331,1.14623469693241,0.588403626510825,2.70198676809925,2.53707011366918,2.57978679558011,2.87853364171732,3.3295342318092,0.723509741688517,0.550448306383016,1.2557172965264,0.104648228172172,4.10417555533534,1.14386228914471,1.4386935950217,0.0987411416800136
1.29169900631286,2.741082721359,2.26184244261852,1.54462611857076,1.11541273981784,5.06581094030564,0.837661360311787,2.45389369066132,0.775013136110423,1.09099546277576,1.04403927173103,2.88851089606375,2.37532704684003,0.732770665882871,1.92688369435805,1.30680800471783,0.392850554357915,2.65159559878061,2.27621280644542,2.50521558502968,3.44042979030709,3.23827811648405,0.753393596736297,0.208683007407133,1.79303940314141,0.139574373220824,4.13965012262959,1.38376774372461,1.69551511342684,0.400355493893617
1.17818788644191,3.82613852969668,1.82243615184372,1.95706435290211,1.30010741207857,5.37842785365479,1.02769558646122,2.35103781545406,0.63590867850896,0.845123216745006,1.78286971277707,2.85949239542626,2.3264308353091,1.50471030309082,1.77172951791932,0.2802448987991,0.491131073859395,2.17817392385853,1.05803294045225,2.78799304137031,2.30539496497162,3.76688228474767,0.800573848617281,0.24356922266974,0.434196820934832,0.634642864322418,4.08925534507977,0.401636132668351,0.827001579931608,2.06968047807462
1.30634869176937,3.89759219514805,1.93428122902916,2.11369870716423,0.982063370261668,6.19961686550199,0.969613190454223,2.68075076661845,0.0771756496030451,0.672398257004398,1.79821867063635,2.81422154185184,1.99613611028378,1.33694477136276,1.40596695736071,0.295978424732118,0.474695635168908,2.47063953813269,1.1000583053935,2.80314350636532,2.67817044987817,4.36723827962479,1.03858568593669,0.207684498599077,0.512289998191037,0.529330669911693,4.92435280121807,0.0335303071277417,1.40030005460768,1.80394901511226
1.15084116648684,3.57740539395866,1.91908693467646,2.26558597193272,0.975602275543489,6.62123210613343,1.27842407726832,2.60338406405009,0.200917331858419,0.00295326332952219,1.0242714969608,2.69863731615771,3.00477723678832,1.68618135797172,1.62439706594965,0.812983910757125,0.598175949399316,1.84199003917845,1.40587527136784,2.63325189169756,2.91186757601382,4.26098848802507,1.61500930745253,0.225497695776154,1.00136144650769,0.323800427726084,5.14158722834153,0.149200830915438,0.960474835007093,1.56794097880513
1.19561053060197,2.64846052539538,2.20281036581346,2.7364314404845,1.336871019256,6.90203948101334,1.94797343176058,3.11400173856471,0.139452943573323,0.491232829213007,1.31955716406111,2.36805573363928,2.91796686951536,1.37390816301496,1.5964550645527,0.360223019611467,0.284096247819565,1.50854761391751,0.970640305880763,2.25746585585545,2.52628720831407,4.42867745446131,1.50217148792662,0.40736951035676,0.571659517145986,0.215780840414489,4.29359984246899,0.0896067249295226,1.06203489794545,1.28215889977176
2.01145265282752,1.0872483144634,3.0153310768065,2.3356592429589,1.14795388327359,6.17787084377912,1.36124587773891,2.06346832851869,1.19177951380951,0.191896334556399,2.17973969853243,2.70297483458613,2.25881488943573,1.42700560864825,1.64661015862594,0.756788698739888,0.516836890855002,2.25568356229893,0.887018116823341,2.53061965743309,3.58130639406852,3.70438322789927,1.07062269760281,0.589043425726774,0.828248419735529,0.493608878157974,4.27431236039837,0.703349871471675,1.05851322158692,1.47834587079828
1.65515554686208,1.33737784196942,2.45624936881681,2.03171559046851,0.625027581496046,6.40360975856565,0.850125827909773,1.85957909702717,0.559096432228417,0.338804538330109,2.30477956225746,3.00040774991808,1.87435092787039,1.39502955014612,1.69580987210027,0.757489459203189,0.132994920556121,1.91837468419196,0.392066729156512,2.85257607249212,3.18270240086968,3.76445033021885,0.759280200678779,0.146066782674969,0.713527872307191,0.795340139253198,3.54628046579789,0.132571272877335,1.14234234759087,1.38779117083595
1.83953950691474,1.15334047607417,2.2937679957424,2.13949968444596,0.724482212382309,6.12296168684482,1.31267183502433,1.91244374761815,0.474765218555553,0.219390862445716,2.56839607329244,2.89544663141219,2.47032890391399,1.63265621632164,1.60774688787011,0.784326001078239,0.302622213962248,1.695023740056,0.605619921836432,2.83354274811817,2.98624711854214,3.78977603884458,0.836244020215629,0.0994085304251419,0.969925536942891,0.396973273676017,3.69351364216341,0.449785966019806,1.15905627353868,1.55390995857711
1.92633417878997,1.32747513954238,2.37845553358851,2.27848963676929,0.556854308088378,5.77891127632146,1.17361108506883,2.20416839164211,0.633663197263244,0.185468398302431,2.65986180152477,3.2256850824625,2.1424543373731,1.32690378244763,1.82048140828912,1.17826997663753,0.413858960056227,2.21140306739339,0.600377555005135,2.80618839676149,3.1860793040371,3.82062756242125,0.959610990802703,0.47964469870155,0.814850969767027,0.489858834306639,4.23487496177945,0.313427514478137,0.508542659286318,1.30123220184787
2.16661740401786,1.15700802468668,2.44310619546347,2.62664784887212,0.77518400564492,5.7116528677733,1.47680617372229,1.82777384912844,0.644743092632041,0.434124034914354,3.38560050465393,3.17717890465389,2.31755578714201,1.30451021974896,1.69822768567204,1.25145733784103,1.09441779209904,2.3288292249027,0.849186635914923,2.71672978542909,3.11402467115937,3.71436582970945,0.572937554038307,0.0157371190927105,0.69569348903481,0.787712412844028,4.03721705049662,0.590531160950422,0.602313571265501,1.49943566667054
2.12687265881524,0.690880636145391,2.017161680568,2.04181168719237,0.340589244568113,5.13842766912081,1.02413727537202,1.64765926939192,0.67011362243681,0.51629762278812,2.729741903534,3.56913034065758,1.83148611865148,1.56382346046271,2.11823943353666,1.23855405735679,1.03274642911352,2.4577131298289,0.628248321549346,2.98176544802731,3.28880393262393,3.76653047640652,0.970664964992438,0.549352487545162,0.940084582006403,0.691924084884341,4.25385319178594,0.429280882288988,0.537887474051555,1.06273293112977
1.8385637791468,1.00589028294183,1.87932844763333,2.22603574739178,0.448668439672557,4.50463482883409,1.41697772920528,1.95640400172466,0.536945115141157,0.350025462393373,2.24937592806848,3.31717873301824,2.83665056383444,1.42795005181957,2.13627618759542,1.25162536081616,0.779420901342172,2.20005266270114,1.06043008676105,2.62176121525479,2.98369599077393,3.54979476038857,0.663553511012221,0.0777850275555901,0.934877204987366,0.432459334591308,3.96558979466508,0.554369004812276,0.506562970551792,0.835974079255369
1.88399979499104,1.19253602754038,1.85937821481251,1.83409176855811,0.314440882872155,5.49352599168914,1.19925711931938,1.67205265864034,0.250890032518728,0.525028660826514,2.88024766596716,3.3317059294675,2.10371179020277,1.73105375226553,1.83113770482398,0.917019958098536,1.11386748229916,1.98144317764366,1.03136875395656,2.91120694070586,3.68801317717102,2.89062185943076,0.606215557750508,0.0464575394214423,1.37267703385743,0.33317774685158,3.58101622738247,0.370370055655227,0.0596794539951846,0.863557053297336
2.21922163307874,0.961239516294378,1.73578039500757,1.87997308223025,0.252842119879295,5.41248916327241,1.3619963163756,2.12628769957164,0.33193665380884,0.237883857805943,2.57306579222284,3.56903929006638,2.72680644081826,2.0131480574584,2.23019902819997,0.920045206538706,0.965990643756741,2.33662897031906,0.763502599652899,3.04283733815594,3.54123169068875,2.41162869208193,0.804177314036104,0.29922665073886,1.64841586208051,0.265968799615852,4.44251632320178,0.387576593890394,0.450315489978833,0.615981004599268
1.72033136165805,0.694346319128479,1.86370337499942,1.7305918304651,0.00328382423284548,5.04251046728492,1.1441215871436,1.68994699850068,0.573980156085982,0.333182927276953,2.85626318544876,3.53391126292439,1.59137621734305,1.81812122785882,1.90998148774988,0.807426000365892,1.26118822320149,2.20513013558326,0.564002293108893,2.9433456518247,3.46140806956102,2.40584242048232,0.0970204616430267,0.0276800744710691,2.23973356614568,0.732721923924969,3.6175434188096,0.678308603280764,0.181537691700574,0.307108855702146
1.60689585994525,1.14461311819961,1.54563784093733,1.5585360844216,0.0709365265421292,5.26976286684602,1.25898454177428,1.89993187069128,0.620739564415542,0.248633079271115,3.68747805093963,3.40019071261853,0.53639622362318,1.86337330609235,1.87620758278923,0.428662020307752,1.44685529615772,2.02205051533773,0.975630048034733,2.87590971055134,3.58006908490975,2.74877138797982,0.572871970724156,0.233451834660286,1.95107635320786,0.563974455815001,3.45272389254911,0.788459455231974,0.034629430460525,0.151139505321867
1.24129424814842,1.76264036782895,1.03208156910203,1.86816693502208,0.282036838346296,4.04691777461356,1.65835022989874,1.73399838062802,0.522829513308818,0.136151492935852,3.1845489736287,4.31276757946361,1.81330481128156,1.73782486177791,1.78605436320197,0.342255046523257,2.13756596254245,1.83037020617349,0.830242711128079,3.44688316611455,3.23772743508267,2.34481432623694,0.0213008543215809,0.331491172029132,2.17553538509511,0.389212423123058,3.13239219321216,0.56868692675201,0.24498413188252,0.428049983172788
1.37596638261894,1.61749595753874,1.45071123304639,1.52825452638132,0.389025672041539,4.93088969969046,1.55115978102945,2.32826904364847,0.696067333555679,0.154587441990607,2.55638746211798,3.73259701518276,1.78517548601341,1.72720596103565,1.68948760884519,0.645074040644883,1.5368396969938,1.91928315743409,0.897456491377232,2.97810579048964,3.80403657696565,2.29300866680608,0.431395829164483,0.249727335886926,2.72449555937094,0.086574409153249,3.25477012176558,0.51824688622523,0.0530718642273326,0.386121757224638
1.20894249496375,1.74302646476169,1.48658194902601,1.53054615593975,0.508696641754701,4.43107681466067,1.40812440084066,2.42422227870923,1.14220103750031,0.0855481651109591,3.73438552641246,3.81605755766698,0.301364724541969,1.89045153567988,1.71074499942352,0.783317698936492,1.39526123078579,1.79047906329578,0.0130323711185983,3.37589682301524,3.23041232013018,1.65913649768064,0.211135657993943,1.05233971207944,2.57063475130302,0.6122515202365,3.05759171335176,0.544139743404488,0.456056579093412,0.885749324821515
0.994385080573888,2.38222466055604,1.67864658050082,1.61160248164566,0.507339015590007,4.32212224236853,1.52945579492067,2.33820589087299,1.42456381971211,0.330722619729987,3.67619967986023,3.50597692233735,0.441068017039519,1.9783366437249,1.96775721369948,1.17975803870835,1.57790906347293,1.72648473735971,0.376069065500215,3.45446086947144,3.00759786816681,1.29834565870574,0.229909423602349,0.931707830965087,2.3271248923145,0.51678899983044,3.06756221899757,0.436560259331709,0.328980200257633,1.32194145532052
0.739067351523415,1.42115692465689,1.39321433711101,1.40023491545011,0.401992526557147,3.99980311806262,1.40505577090029,2.56640539166372,1.13454886888352,0.674022902638414,4.52388216926325,3.29965839333656,1.15650795995304,2.16183453952661,2.00200381025665,1.38255457247485,1.49415374509154,1.8441389993242,0.318438897288872,3.2394598842632,3.09606729608004,1.13716272028176,0.245770718891234,0.702949210472446,2.0190802106954,1.07923801121854,3.05417337472137,0.702544121035561,0.543677072257206,2.48125766314074
0.950754750625363,1.40679916714336,1.83944300169775,1.49993841105034,0.398372092786605,3.81845852595817,1.61511519887189,3.29868522077597,0.0897749840953493,0.929214021854799,4.0073882380043,2.90813612718211,0.159863683132745,2.27875993342374,1.5173353360657,2.04613864481277,1.60128008056212,1.61850926553864,0.363420911238851,3.18661096624776,3.56961873372031,0.684391879475479,0.443072674125178,0.306191220503685,1.78761173415334,0.968980033027632,3.40883660564405,0.880483509614761,0.549431697228665,1.87225782878229
1.02255268005585,1.37700160476459,1.14950375514388,1.59315008645208,0.361372854420583,5.36363673636284,1.54729564304688,3.12441498849896,0.453016773594117,0.861717956046097,4.19462327885668,2.8468249123077,0.251247288377951,2.07844331586537,2.18718885509072,2.18410296741285,1.66131774864168,1.14281195292098,0.612731834219859,3.13380511391215,3.47118318317133,0.898785589239495,0.196398722817842,0.457808613391867,2.23012942705494,0.763219642845214,3.28920386532747,0.461843079180153,0.170225900524505,1.7727234969161
1.26058486473553,1.32700157675452,1.17403774768779,2.10877021106975,0.407635937229603,3.94603493707384,1.9237847845007,3.04395462952239,0.262982170910759,0.770691134517396,4.94371957491671,2.82994195629686,0.216979733445243,1.67593114280141,2.02231142967631,2.42393332658412,2.13200511266157,1.0246797152959,0.759003243076388,3.00866054313714,3.72100591374718,0.732092868864999,0.338262583282537,0.0812528974463804,1.74320816484251,1.14381509818645,3.70998472486618,0.606401853014432,0.472235149512259,1.98709002712783
1.30382498137432,1.15427633996255,1.66307580995053,2.39201151518735,0.463274964433565,3.45012032275948,1.96395789247096,3.17379224491608,0.1421221176043,0.827057518745278,5.11393602840345,3.35716558129919,0.0876631018439816,2.02774066335024,1.75784230134598,2.20797199662832,2.37129141786548,0.917865579787462,0.715003114845786,3.08233356226779,3.73888578495234,0.238682423743651,0.0583927555359668,0.341557127523332,1.97029055022045,1.41822213467707,2.97178307711531,0.927245635162408,0.71028865045562,1.99265307323494
1.10138678588616,1.87745997916016,2.14271956167568,2.41450912981516,1.09359468641074,4.48341605459461,2.01618044433311,2.58210725540649,0.165989429690367,0.775315576647411,6.15925932920337,3.01527588220082,0.199994568466851,1.7809368619668,2.50657325630051,3.1137247447741,2.45821457376646,0.582495507930401,0.958364491624196,2.99562849825652,4.11662183725873,0.468352077114358,0.433974472622279,0.116177924082574,1.70225958394717,1.48791671179242,2.84168757751597,0.791256666501348,0.797382084992811,1.79249808499373
0.667565046203997,1.64111660224993,2.34545452255308,2.1613958863407,0.95152981475855,4.37052606051726,1.84141030766115,2.35043060288916,0.0520819732952717,0.82189262152208,4.78308524700165,3.61136387081689,0.0482933279609898,2.02509767679225,2.65727847682496,2.77213181368353,2.6664774251392,0.572776063691244,0.401774675660821,3.0652528084021,4.92291877729835,0.177766070491427,0.194475275180072,0.234892290675193,1.3814609617831,2.25980751055334,2.61775002298413,0.525631742732011,0.643256844284175,2.41555467469414
0.838781272106363,1.84279459547157,2.06586591038702,2.00372794783939,0.810829945260651,4.77465212144135,1.66304205352276,2.58320048690215,0.382447627011172,0.631662886875019,4.56324041385387,3.537972951597,0.123435355794723,2.06890860234822,2.59902174821122,2.68643772923262,2.40681705046675,0.663221441987298,0.621668344899072,3.00922832122176,5.82643879992297,0.266261875176226,0.354778327983533,0.0965326578655651,1.23678503212584,1.88513689229034,2.86147460499282,0.173553955804859,0.289750041004643,2.04865135186206
1.29905411598462,1.57338253233539,2.1672978900091,2.16017224050774,0.933811022474278,3.71253860923143,1.67986448698784,1.91748645934534,0.0702921072553215,0.80051538821876,4.564471535843,3.51928495933432,0.100148470476177,2.13022791110974,2.63197941613185,2.84522263803337,2.4402897579165,0.592535708225964,0.506189777328343,2.92085391499769,5.17623138136934,0.192052737155223,0.0983214074324576,0.243360865496781,1.1936891411111,2.02646437652751,2.60702822713894,0.112612978927348,0.416518156888449,2.38062090504949
1.41149838559994,1.63629628142846,2.76589674120972,2.17636966612768,1.38156051441291,3.68026715275605,1.94997595149801,2.25520048243628,0.0740733538250685,0.893191607321819,4.4515016816581,3.61588072934196,0.0471330393013325,1.83161467299976,1.81404374165268,2.18248944611272,2.25495611788118,1.11725243885649,0.0538787014544741,3.53968128590432,4.80810745121974,0.152138678315779,0.459748756483328,0.443611256069625,1.32374392889594,2.15363892354701,2.7311924263209,0.563605420462819,0.534650437080066,2.25880336285262
1.38959308908392,1.4332189252513,2.07657027383754,1.99019602040338,1.0638313031586,3.65021845925364,1.80361431400849,2.49903981181555,0.246923609800114,0.87938180600212,4.67615350375718,3.58890140052596,0.948246998733585,1.64917687271006,2.4728484021578,2.63702237833761,2.28535797139967,1.308313314724,0.0893385917779636,3.00971309909247,5.11636097938596,0.0530793403665788,0.386184632369787,0.290630501288282,1.16678559970689,1.87126924677376,2.84080769809851,0.173602182576891,0.77766740333421,2.14913453908862
1.32368012224848,1.36024370207355,2.45647159761288,2.03208418750967,1.0797436111041,3.1049431332367,1.70801193833952,2.22976515226701,0.0923135512671427,0.705186640090541,4.36713993639098,3.64425313928978,0.0539321927159751,1.58917184618126,2.70745584575656,2.23295050852758,2.12994028495426,0.768461883100077,0.0110075795707928,3.42148656487899,4.87070982323073,0.0779339256666986,0.246641894419739,0.300046348861601,0.884094111895368,2.07159307714116,3.01364108529816,0.243414326726291,0.391365597630017,2.17378929621423
1.12363241086638,0.92493911001593,1.54325274780291,1.90931881194254,0.838636493753763,3.97548425122662,1.9578059996683,2.03583149344187,0.11520061706713,0.401576096869287,6.09629320059792,3.64625185665445,0.40600015035512,1.70557954442772,2.58333866875531,2.51543858357122,2.48476035613956,0.670064866807034,0.031040383842282,3.07715683594263,5.18743100455848,0.691010108445536,0.135587734080371,0.742968317304466,1.02027949889083,2.13515558185573,2.76426690998,0.603602990486139,0.889659685439268,2.13728952310609
1.35500264806068,0.853801422709878,1.70093819971261,1.83369740800604,1.87970815508485,3.10916408794011,1.9722268995525,1.97077077122992,0.0427509302763565,0.536249450615601,5.20815280836117,3.91706429318506,0.018307206673191,1.77794509627601,2.51585606217132,2.41440864963803,2.51543703386011,0.131842211942,0.147551657318462,3.28381347890847,4.27413518131734,0.731503637528743,0.0236587522787406,0.895616594522087,0.518490310489448,2.71994102246645,2.62467229508992,0.394256519008647,0.699446690959847,2.22655624035146
0.967869935400996,0.829266926010716,1.62941129101778,2.0040582199547,0.905368473592503,3.23867261124424,1.92335517838921,2.01607970028782,0.0355306620818112,0.521515894442173,4.93899098733565,3.69395244232138,0.042241672719307,1.70646367765667,2.77364371994457,2.4824185492795,2.54699671897245,0.487796915379369,0.191424126447614,3.08733699617991,4.70268489264521,0.892375205574266,0.0281704228568276,0.894001945438584,0.976135269802978,1.98779034018972,2.57401333860014,0.487894099195189,1.10153721759463,2.29274360466481
1.46150519955632,1.1864497382028,1.7259184859641,1.8377888202309,1.28951174675287,2.91163324714686,1.8902757263829,2.27507042344735,0.134116439416908,0.77259393321295,5.3662891949336,3.57997856667474,0.0142110900855121,1.48270424683797,2.54221365434086,2.11441759600667,2.86669524933675,0.63786110699774,0.0875311512953955,3.40905109334176,4.42419368947131,1.11748815140097,0.200984483725687,0.985554046748667,1.0039426709245,2.4273571302847,2.68065107043375,0.131457057910271,1.5731547986485,2.25378052666605
1.36085577169129,1.3063633329072,1.62262446058319,2.09175793812179,0.899103252643716,4.45801903521779,1.98194655521718,1.96920679691225,0.0692455759092627,0.86764291431382,5.70726212193553,3.43640440550982,0.0469619184482966,1.88318926294716,2.90454679571972,2.10669805343449,2.75778809817464,0.524364567760116,0.323821710589319,3.03226541732981,4.47068408446223,0.83983082955272,0.0291418531619713,0.892118637625122,1.06724315648542,2.08624324200312,2.61209117333725,0.404584214747622,0.997323053168483,2.17529139071072
1.14430673368886,1.09255528504644,2.34737285118143,2.45266772677019,0.9217875146797,4.09890752275404,2.30397507726871,1.9822028894385,0.327847220518985,0.992972766024784,6.21573016106136,3.15095717917477,0.0507322667949115,1.8375889675744,2.68417681396275,2.18067669488856,2.6669239267456,0.623646839360702,0.27366200581593,3.35539473394623,4.0330724712742,0.628360189081106,0.0251216562264224,1.05446652080447,1.25222298378683,2.22380184792439,2.80534158153223,0.0343894515677073,0.973426862325286,2.21535757931212
1.01182667139487,1.1595771310828,1.99684284760977,2.18975335717553,1.23980393972604,3.13256165435147,2.09077634822668,2.01475588431077,0.0545988588006701,1.29247159291327,6.27684790201026,3.58500740586349,0.00359297138935003,1.92606220127524,2.87229604122639,2.19524491781345,2.63191190612264,0.247424401359433,0.309178390729731,3.36254786516197,3.64175244312011,1.12705743142748,0.253870673751865,1.23659919811962,1.40753968208607,1.62190119831331,2.68150963655493,0.0720883428912898,1.16077119872556,2.39332852426791
0.882408396528187,0.40254413336312,1.86463161962221,2.27435838361929,1.73005029061417,3.18576410510933,2.09528684850125,2.75229356420059,0.186506275228229,1.06199172856415,6.45121173158073,3.56379250387777,0.492785996804317,1.38816345456263,2.88056620063336,2.93467707051058,2.30160336444787,0.980610059696222,0.484983457832075,2.83314978280923,4.34986500013053,0.653510677403867,0.159191637586143,0.509812079501991,1.77338499745345,2.09215431383092,3.70142284955704,0.349661959393672,0.639883602346763,2.85799411340414
0.708309906401038,0.000555772001122215,1.59085433512658,2.27075342032357,1.10132248012841,3.49467117301282,2.39313992441819,2.34969962791823,0.339252282695385,1.03521902738465,6.38201099952604,3.51696296010032,1.15976771980664,1.98754857863089,2.75288055903079,2.04197792270485,1.6951677257469,0.884766513727044,0.524145995653885,3.23607102926491,4.59802376170684,0.671252265974995,0.288167763714034,1.01846591510682,1.74900632701235,3.05425278111935,3.16705133308513,0.423287485126614,0.10231635377289,3.48371494253841
1.05922313136998,0.121949970072155,2.07651165455381,2.5762394052084,1.43007603638479,2.99505549174609,2.55831475201676,2.94727989876026,0.202091089012355,0.892351684693548,7.13810261870007,3.45233000651594,0.658368345885272,1.8469939247015,2.41431226752582,1.87853748044593,2.10798245004132,1.3769027874923,0.533701846650639,3.36204511646197,4.29372929854261,0.525876920778788,0.39128348647321,1.43110295848733,1.54840102262934,2.79153558071207,3.04500755940116,0.568136042618986,0.081026118267133,3.00191088555272
0.608709490764022,0.848420795499517,1.86229612180832,2.33829859055156,1.22144952069902,3.15442515556881,2.47836851616445,2.96422337197165,0.42423320019962,0.592242291222076,6.07109015780495,2.84456740745666,0.489923502310575,1.74071683388843,3.05374966677414,1.7596289488288,1.82136603543198,1.66117159918652,1.05118109446622,3.20901818506336,4.57577606496592,0.187858879971847,0.41011227898109,0.726310745636818,1.57954895515147,3.53300789006106,3.76199677057363,0.982373684918617,0.166648779827216,2.20908569203616
1.33338757623991,0.7960748750243,1.6185381992558,1.20929940007914,1.72252385555262,2.176806005075,2.67454152297404,3.85191582497954,0.0477190649199134,0.607137647617188,5.7485368730154,3.52017095816396,0.172360757934367,1.79917152416856,3.23660168309715,1.73336270095395,1.79560531621288,1.2128962007689,0.654629589858016,3.20807428264711,4.66048566958288,0.307588399596839,0.0958545818770911,0.693369994826491,1.47653435402297,4.81324524254076,4.02631798754014,1.57365929765039,0.405227573734044,2.1448444933152
1.69111527656678,1.09101761347323,1.98629194696588,0.864181789472413,1.35673113443735,2.35143308099085,2.56803083292565,3.99478897597536,0.276745520849893,0.0903543088538241,5.36000545371949,3.42623393334723,0.0429612156173678,2.0195707841507,3.24247124334876,1.62985283022206,1.63335995090938,0.703755217772845,0.957857761862092,2.89391082681009,4.52534476262949,0.189059608966644,0.153643594737201,1.15958093448745,1.50905422610754,4.64940621704843,3.95467858375189,0.923955862113255,0.178329610817231,2.32594645509232
1.62226419655209,1.05496721279285,1.39135783625945,1.00901165244007,1.27452633654521,1.95832846233089,2.88247388312667,4.0991695075255,0.577558140768177,0.102426245928215,5.24712737536269,3.00824567047228,0.0268277635069698,1.66119936181108,3.22187274028437,1.96668703273603,1.48089270548786,1.20700583414217,0.847809148198065,2.78692764085078,4.60324754716663,0.287931950412068,0.355476017061709,0.60604303165712,0.946627784138378,4.53610384580662,4.29034914282032,1.07041230471703,0.304923642887638,2.32015051365079
1.30899644189272,1.87673784177403,1.25875855781625,1.05397337557974,0.899967063358069,2.14017601398005,2.75740689670739,3.20325481137727,0.345515064511053,0.9670574937241,5.8863912767041,2.63275667011952,0.443565723316819,2.36230261695005,3.13225478278686,1.97706338240297,1.35543807840545,1.41905809703096,1.42719346309371,2.78103981493303,3.63615528714751,0.053893698323087,0.695700998076074,1.09836943270241,1.36382371109932,3.36868257385901,3.5730122816119,0.48383138277361,0.430246955961245,3.61193555486649
1.95902807886824,2.29204605435017,1.14076827322766,1.19859807651645,0.897424459640971,2.93874713357452,2.52077874337438,3.34977704117177,0.0944840596273067,0.75548709525026,5.42124533562167,2.36477034815683,0.259941373533249,2.5321994987747,2.39939045342235,2.41463364888562,2.47681641588147,0.458904270811828,1.53162953441062,2.92323665216429,5.11881803419318,0.529955015177094,0.922173518272788,1.00429869096864,1.49532989720446,2.53945802022961,2.20560991746611,0.534157307030861,0.743505468265229,2.76942188740596
1.52593168812369,1.73042363721801,1.3490985198002,1.15004495010718,1.12908779579073,3.31347666928344,2.65215305480764,4.09948943784718,0.136659990007492,1.03377540482554,5.38399225735916,2.35659949290635,0.476865485554934,2.55391015706596,2.45048106974927,1.94587368618543,3.09558053984603,1.15159105353918,1.66439946289717,2.81978155321827,4.66572162580509,0.415625014092881,1.16261984654467,1.05832701784459,1.33268146446422,2.40597622266885,2.44109788326466,0.222634390930417,0.448702409788104,2.62051665710742
1.76042279097766,2.02160859782847,1.56965307893079,1.51410080314278,1.24279622295998,2.809453572484,2.58473996243049,3.87684690115333,0.190662387686621,1.16892728287705,5.91414727402085,2.01769284972289,0.463104136394398,2.33852430193621,2.16860311311619,2.29578605016355,3.27394092986602,1.92347575657749,1.96294654143577,2.773359828907,3.67510374943293,0.92114574418009,2.11221898934612,1.259112825772,1.32784856574971,3.57087604301084,1.88658002439674,0.35309030728357,0.250093311035637,1.44269563003367
1.70836546127028,2.02656977447683,1.14572548578161,1.29987496844959,1.40390156797469,1.98823080791053,2.37738202596796,4.37721012813722,0.0824785586346927,1.085921504344,5.74287248401769,2.31767937226939,0.2505633348412,2.15411699350626,2.38362637944977,2.80195366818323,2.75011155123845,1.9683566744272,1.45147923100255,2.51552047904023,4.47581192874138,0.907572131717043,1.97439046085185,1.00595885800185,1.37600562838288,3.02596752430649,1.85998264605722,0.388232888037397,0.451234399319774,2.4648730117894
1.66657151435623,2.40914896654854,1.38960749231881,1.03683479964888,1.94611343136459,2.32124368258085,2.61241220846701,3.78927664667157,0.321260783929464,0.703888545920435,4.98552370542119,2.29952058711741,0.473979367062291,2.36694066578917,2.14621423622226,2.1590100982932,3.96235997298406,1.92880055243672,2.00228755356332,2.77454580014404,4.44117336433519,0.246960704202928,2.65784073096286,1.17970404002362,1.03412371607878,3.31201867622381,2.27931891912005,0.275241558118478,0.327680025508758,1.64739441026374
2.06183096385178,2.49862496477044,1.38581546894245,0.899453247566145,1.33961823993678,2.69647094878274,2.6717408863512,4.82402319721505,0.0522255735845436,0.562963775469511,5.51474918255582,1.96853172200879,0.375415887801189,2.3081993287975,2.04357954587788,2.29234306050643,3.99159553660979,2.00365143580035,1.6069306273084,2.89179256569873,3.46361010007062,0.617145750756938,2.18387713300183,0.937124439008721,1.13805259195331,3.52101844322116,2.32000901535998,0.599087648710103,0.59303652670062,2.04311567059428
2.25737382102692,3.56663804045396,1.38938349425303,1.27072222199879,2.23039769293952,2.0934647378837,2.62190592188629,3.88585217909382,0.322288518385705,0.648004672940992,5.0597556519585,2.06030135081743,0.589991360677423,2.56828817401291,2.15830871841864,1.93059112425335,4.53146309630549,1.86653131238631,1.62615765586146,3.03509291057041,3.48614553412448,0.853945960212542,1.95145225154681,0.7835081085935,0.832474611013701,3.68931548821572,2.0848687799365,0.448873188380388,0.69797136218136,1.83640794695462
2.36364323346096,3.47947569387102,1.6534515149742,0.96320669875718,1.62240978355789,2.6699312092563,2.58206329290425,4.83929152110751,0.695776785235762,0.135689708767193,4.57566776448948,1.60303691679382,0.565810808051678,2.55817747467891,2.0422682821341,1.6298852471797,3.10608707223049,1.74014551712533,1.97547065372063,2.65726333947154,3.08327645678906,0.815673844251639,1.71760553385594,1.16634845564548,0.772649620211148,3.44708039894987,1.91652919222011,0.796686339206079,0.131027644268015,1.56579420567831
2.28640901149532,2.76142778233738,1.31085862571671,1.19457190366664,2.08182956734404,2.36165279953152,2.77511928696543,3.78214758400593,0.596542810025269,0.0456986324257298,4.57157749329535,1.54939293387912,0.316751245160538,2.4231525471058,1.70778019513089,1.65173849419598,2.78713275903307,1.8678619634201,2.04315163733787,2.41140402906065,2.81596591898198,0.935478529511136,1.57478527372542,1.14776920615733,0.839444373335806,2.52995068810534,1.51217559354119,1.74033765769091,0.580840848180961,1.60757120628972
2.58985174507464,3.12375755988469,1.90774916271803,0.949725487238707,1.56057495100426,2.52797674906965,2.78204146603409,3.44005149247469,0.813524577656268,0.152843528987307,4.28204762758641,1.49689282848749,0.165466679903309,2.77361991966016,1.78697928092896,1.51418357400979,2.40449157451376,1.68938935060476,1.35492574256507,3.12515241892883,3.00073735940357,0.785168317488304,1.40246706227761,1.40003474987622,1.01246081385108,2.81557402816404,1.84976520873301,1.32996167082309,0.318724624920214,1.39455006432905
4.03593263926137,2.55930503473633,1.35814856780879,1.0663007435986,1.93961538987457,2.52656580031097,3.29995917392915,3.26309703709869,0.00436389815231242,0.0332687112736632,3.42919590578561,1.77763485669096,0.572549546607089,2.18092054713292,1.65130479641833,1.88996552090558,3.22545149086529,1.68903855167543,2.25354769371291,2.55475706918478,3.35585692537301,0.0678125323077985,2.38345178752506,1.18432677829131,1.61758864233279,2.76134797818594,1.27047912785911,0.284513911213457,0.948351858401165,1.58972905441307
2.68675591956125,2.86696049080645,1.97777908073544,1.73773059127295,2.21802328821958,2.07164306898406,3.33916125537495,3.04588535924243,0.994737648941315,0.096839661333763,3.33852028998998,1.03768431985311,0.188539700123275,1.87204411437165,1.69764533282709,2.61699204366264,1.87610997291261,1.00051862157199,1.9509171219709,1.97137319476151,4.07491314389833,0.185011945828359,1.61367434313586,1.04827289936261,1.14198817979256,2.67996217385683,1.58412286077313,0.456578350797941,0.677319345050625,1.80541476381927
3.35968168974115,2.85096816572973,1.91749029307904,1.23334652993189,2.42890698843154,2.56100473367182,3.05389675187019,3.42304971531328,1.06178766156781,0.00934493590920362,3.93055726372353,1.22840440343607,0.106879027283967,1.77496864305323,1.64160344186365,2.49531833273749,1.30001045304522,0.842323907916559,1.23657694228965,2.21704258110167,3.85414857465348,0.476205122097827,1.79083717256842,1.03271833279922,0.661456089008258,2.68294455136453,1.64428314400952,0.429291352716301,0.292633845882518,1.94972431720666
3.28552280281826,3.38179540280334,2.08918627385113,1.74807171890088,2.0500479569527,2.19927934494427,2.89476469276043,3.54571551569114,1.37928389878581,0.0305207178176656,3.90984665175582,1.46413203023552,0.151471734215493,1.90394431098766,1.94113023114808,3.03945774615636,1.6710668204849,0.799679139582532,1.50653399280638,1.96159221232883,3.83174641151693,0.409499768222576,1.75467474744076,0.891123291437127,0.667033164661015,2.49684681503054,2.14886696651108,0.307273503620377,0.438724196947779,2.16863983822597
2.86773787667621,3.39475157594379,1.96366130354681,1.52203924118037,1.80949040661129,2.19585179824609,3.29579331428778,3.56022817027434,1.48745088410271,0.032949741794286,3.90946795753574,1.31849972850142,0.309258834250558,1.87397445422532,1.53047307481411,2.7281908119157,1.56201290163299,0.677028121973238,1.81667195869318,2.13575694734533,3.72005924134054,0.615487181733236,2.08556137952194,0.513667387455938,0.887594277334893,2.53084633416324,2.28550468993879,1.01053282694826,0.624536084277807,1.92225386986116
2.69094008288568,3.4425463275299,2.33479102881709,1.05436651430748,1.93979827692746,2.01053167005802,3.3224486994134,3.62372769828377,1.40695596748901,0.227676808449254,4.36548653485393,1.27842406026211,0.000313944948202451,1.68247012934595,1.70880890577163,2.77547283537048,1.30463882213627,0.469107780160207,1.61699279705277,2.10019029445437,3.2890551178101,0.492619381201261,2.13083410476335,0.518719960769176,0.726982812321359,2.39734895983355,1.84225173064571,0.873703840433603,0.596239870564644,1.94546536342314
3.89126163513637,2.86732109782658,2.30341239668608,1.47201576555623,2.27778015995528,2.73711673847131,3.51255279430652,3.30025708249564,1.37807073868124,0.0526173253172745,3.54085543882979,1.25245174805104,0.146179603672835,1.34428694409096,1.55958535262724,3.42607546824037,1.19617564447342,0.796353665771822,2.01950705085668,1.60876877202229,3.24833208086684,0.117565979060949,1.47807177977088,0.844375560869787,0.548273090743857,1.88263119065086,2.09853975277852,1.12627260271994,0.358784457811486,1.58802997895567
3.44320692975263,3.34761840394407,2.46538636107157,1.18752223914428,2.08957155575339,2.70715461383509,2.40731410521457,1.47228835202848,0.369261252688385,0.866760632820132,5.11325246581965,1.32923728602141,0.314461441447166,1.70279324757826,1.68731333608321,3.19336536728915,1.05280931367888,1.63100301756982,2.57212298159513,1.62782587213307,2.74230255971571,0.582484101014553,2.83687922569608,0.423927555216721,1.159058485199,1.7408890848826,1.91704693620086,0.630525106622297,0.351306153569364,1.41287639384911
3.08318778100322,3.19638759342121,2.82017997604463,1.04084271129981,1.66468202432963,3.74260300846267,2.54657676558975,1.43829429955437,0.483511760560899,0.719716312531419,5.51532275222839,1.36630995446014,0.390212651993549,1.93333023572122,1.39684517407801,3.04529715809415,1.23523126178292,1.68379239487548,2.3536284793322,1.91079248161378,3.00139614754792,0.82800048136179,2.19897768841714,0.484000023327938,0.682707283209247,1.55418082389669,2.2135366989265,0.340464056043623,0.609252742166144,1.51725040351607
3.50281036720632,3.17946546107879,2.56793276322906,1.20941574529662,2.29905089577285,3.67966939538323,2.3474745962045,1.06429221419974,0.0332633684899702,0.718729366812296,4.98452084395482,1.39087828509407,0.486843642026968,1.75204068916231,1.8186364929702,3.13736269083817,1.14568314874916,1.69471787794916,2.3978808564793,1.79054055150542,2.89215875897054,0.792127189988611,1.97036177468604,0.713288217165891,0.183494399196126,1.97856511506588,2.23530811675462,0.523741990845379,0.386534157004891,1.53126734786766
3.808232791798,2.99447395020294,2.533613970956,1.24947805955428,2.66185194945641,4.3340907588254,2.45442592600767,1.10912014033446,0.182985890617703,1.02523477985168,4.60430756367092,1.56473650533965,0.534185630958545,1.47262614061136,1.7856430427998,2.754513177992,1.05799941948477,1.56343459633169,2.69189127003761,1.60560109004155,2.27480915151394,1.59943610810774,2.03295741852491,0.387311043742473,0.203264146747766,1.71970731378637,2.31264884075503,0.611551306953034,0.254472652861333,1.59753855695805
3.69010205629109,2.7715000183734,2.62232226845865,0.855822329173297,2.47421513806265,4.1029068258026,2.70543062587839,1.384593604459,0.346469981907765,1.03681810540665,4.55804496594508,1.67567399855588,0.39995358756197,1.55573333758294,1.91685458920888,2.35135591593376,1.98304341081306,1.95401781367683,3.11479034218528,1.42244844611635,2.46666833219566,0.755253938380747,1.78135569599613,0.425879685501467,0.612334188948553,1.95917501616529,2.02408933293089,0.637564984297799,0.0738474542468809,1.38773308699893
3.41613145561902,3.02388458246614,3.05363067555462,1.02581472081116,2.51246049475933,4.82080153524755,2.47311551821779,0.456265391081032,1.04259688888705,1.28013876203456,3.94182396458152,1.62074004318793,0.12282298359679,1.30660137127035,1.66079974374193,2.56531779718806,1.33320079357819,2.16906584451159,2.90391153086456,1.40036185592529,2.75362752353653,0.447083935197683,1.54841455781826,0.327250115480863,0.768583620166803,2.17664023574806,2.32183654651478,0.9396475829365,0.822586982841538,1.65032505502527
3.96961262432379,3.8570991189947,2.95969451141571,1.44373731613783,3.4469600769381,3.48209514793554,2.31952447906556,0.215604268278467,0.532393713424747,1.67338667570236,4.46679064236673,1.34890005629355,0.269580206542578,1.2781395025697,1.53419111710453,2.51619458847613,1.33059377242277,3.20455309691468,2.7113275973961,1.44705863406853,3.33901252006968,0.792756400517262,1.48175349374722,0.0952981133959639,0.817758679807821,2.15802421831167,2.45531641417249,0.599079096937885,0.613204105531038,1.90614723355604
3.72885823808885,2.61369197972843,2.95096061135461,1.40142668822365,3.04307870283361,4.31403178190443,2.67439435365413,0.503317278797822,0.443805695016839,1.38375416545728,3.60174592432889,1.4824906430363,0.29642165109441,1.45330152299525,1.61176478458709,1.96546661223416,0.805851190381767,2.75451215463324,3.00791383918041,1.64648233268981,3.13580345922755,0.575620434257494,0.993769891047887,0.115196649984013,1.22881642524279,1.94051582867781,2.10205829096056,0.752727299699594,0.411452849118427,1.68463396218305
3.78544028086135,2.73705425239106,2.58536810986656,1.32394606561431,3.58094846441055,4.94171619887844,2.5222828843716,0.299452362073307,0.0997077329200832,1.24864489228204,4.41056793278334,1.23666067601005,0.162408717644649,1.36478381190936,2.32334358001083,1.44231458287527,0.909244930250467,2.34920678471822,2.77870552244616,1.42307601803809,3.08691016930609,1.11902229855593,0.705945380141484,0.264036159049747,1.11713949461183,2.16180245450543,2.54264319940741,0.579762519205144,0.66608901454044,1.83432220560915
3.61192274055506,2.69365139388063,2.7424775964541,1.68008197797475,3.13055924563349,4.55928273387323,2.16815563743533,0.0188131402021732,0.429249232852153,1.04188853670381,4.36045610795945,1.08804485499137,0.679766717611073,1.5400619368039,1.93186648313163,1.59628356541809,0.701567767158421,3.17003547994488,2.6218562797405,1.62358623800507,2.66487543239582,0.452513184221641,0.797162993892092,0.402919226620251,1.7366874272851,1.6640815139184,2.63337636098411,1.11223771881199,0.0498496871142081,1.72388859154506
4.06905896573245,2.21654159527892,2.70509733722332,1.93179899236907,3.14690104647508,3.52413912906484,2.58309481144816,0.834296892528915,0.416540271561843,0.770560948375291,4.49518038943001,0.625307523591423,1.2098634976508,2.12185848992888,1.94848673500603,1.72413084012432,1.09640850893864,2.7200944557593,3.37612896130294,1.49768611487625,1.66526560320525,0.759780069644361,1.19023214935619,0.600467153011587,1.12133195870793,0.770955433664886,3.39525302544346,1.4665185414124,0.0265034460211448,1.06356415182563
4.27183110382582,2.97774630255628,3.64228932842281,1.8800867098874,3.29473541519748,3.83993983122611,2.78907979417285,0.062096282348987,0.648683619821692,1.14894078658931,4.7246063779025,0.492094636251251,1.06994451961918,1.81404989074284,2.36182975337837,1.87467060700999,1.21716818645478,2.81841021211785,3.62943185147165,1.46835453603597,1.27767101231207,0.655002246775856,2.33006303396219,0.599860594171869,1.52412341884465,0.19718386892735,3.27309544633567,1.76642814297989,0.153123423210885,1.64202070044805
4.01156698820583,2.15328159992788,2.89360111856504,1.7402811770938,3.35837686861151,4.67711500218582,2.89277657296149,0.621438075136272,0.932464952452043,0.806625672014764,3.99401865823509,0.206548973377527,1.26178424918624,1.57431422129691,2.12698329741104,1.76924906871125,1.16398813427656,2.80313768908407,3.64147408531913,1.26296461441128,1.43224649023213,0.446385913994344,1.93700123906237,0.555096224415393,1.72858010435075,0.417173658668591,3.22197540517738,1.59477973394074,0.196861136176688,1.29379335952121
3.93620267835865,2.46534408538753,3.55759529971024,1.99116140914097,2.89827131136195,5.16856883583419,2.39999895136841,0.170438881745939,0.668133148667672,1.2810207984671,4.60011211321009,0.188386449919466,1.11110177348614,2.08901510827194,2.4511507825181,1.90698071299262,1.21979185507217,2.6962042947882,4.29067150871643,1.23473799071802,1.36252292593116,0.406707122056037,1.70719125438997,0.657977476541039,1.27051069580528,0.0389384784721895,3.52094612695443,1.52722337272014,0.163359709161474,1.58676150172003
4.10348363595512,2.50921067386703,3.04297586794158,1.76514302414219,2.92619255216272,5.64766859962598,2.67235693485317,0.174421509819485,1.06387763269798,1.17001516893376,4.63661323622038,0.0172296967342406,1.28238203434747,1.7470983656299,2.16466188128802,1.78457306418878,1.03512697837036,3.37828569557744,3.64630407521674,1.33355921011338,1.36735710634912,0.301482553474961,1.93473924492733,0.271325087701231,1.636555445894,0.36800629974962,3.13656799899941,1.53391262468407,0.377542808077492,1.76341567744258
3.93982032386862,3.11110304459289,3.57503783799184,2.02182391850284,2.91033144294107,4.59141052383732,2.47031619844502,0.149499331716579,1.11071416157706,0.961166800108196,4.29998392229462,0.573796830855025,1.42914660494128,1.70452045614128,2.42540897911165,2.02358103499295,1.29714959602942,3.39371541544387,4.18524392713052,0.934201219164969,1.26805337808721,0.699106481006425,1.80813262128904,0.481205593781236,1.79954285782913,0.48352212714332,3.5666859300818,1.00399173753469,0.231179919570267,1.78459972640014
4.55872465955727,3.19568938234875,3.32954266451605,2.16130826602531,2.92892353623076,4.12177385354075,2.2936476996401,0.495837793589462,0.540629657014569,0.706147545212813,3.43583029898365,0.29022601870117,1.12038073058789,1.66480181844153,2.45973219059428,2.02100348068315,1.09882122018529,2.67076652093123,4.28596692358342,1.19234656154848,1.72576982757526,0.901146921116427,2.27351937616932,0.374578981528851,1.43829947963784,0.428637846649629,3.17389402679793,1.75051065553469,0.0750393939132351,1.92581715154796
